,ARS_por_USD
1997-01-02,1.0
1997-01-03,1.0
1997-01-06,1.0
1997-01-07,1.0
1997-01-08,1.0
1997-01-09,1.0
1997-01-10,1.0
1997-01-13,1.0
1997-01-14,1.0
1997-01-15,1.0
1997-01-16,1.0
1997-01-17,1.0
1997-01-20,1.0
1997-01-21,1.0
1997-01-22,1.0
1997-01-23,1.0
1997-01-24,1.0
1997-01-27,1.0
1997-01-28,1.0
1997-01-29,1.0
1997-01-30,1.0
1997-01-31,1.0
1997-02-03,1.0
1997-02-04,1.0
1997-02-05,1.0
1997-02-06,1.0
1997-02-07,1.0
1997-02-10,1.0
1997-02-11,1.0
1997-02-12,1.0
1997-02-13,1.0
1997-02-14,1.0
1997-02-17,1.0
1997-02-18,1.0
1997-02-19,1.0
1997-02-20,1.0
1997-02-21,1.0
1997-02-24,1.0
1997-02-25,1.0
1997-02-26,1.0
1997-02-27,1.0
1997-02-28,1.0
1997-03-03,1.0
1997-03-04,1.0
1997-03-05,1.0
1997-03-06,1.0
1997-03-07,1.0
1997-03-10,1.0
1997-03-11,1.0
1997-03-12,1.0
1997-03-13,1.0
1997-03-14,1.0
1997-03-17,1.0
1997-03-18,1.0
1997-03-19,1.0
1997-03-20,1.0
1997-03-21,1.0
1997-03-24,1.0
1997-03-25,1.0
1997-03-26,1.0
1997-03-31,1.0
1997-04-01,1.0
1997-04-02,1.0
1997-04-03,1.0
1997-04-04,1.0
1997-04-07,1.0
1997-04-08,1.0
1997-04-09,1.0
1997-04-10,1.0
1997-04-11,1.0
1997-04-14,1.0
1997-04-15,1.0
1997-04-16,1.0
1997-04-17,1.0
1997-04-18,1.0
1997-04-21,1.0
1997-04-22,1.0
1997-04-23,1.0
1997-04-24,1.0
1997-04-25,1.0
1997-04-28,1.0
1997-04-29,1.0
1997-04-30,1.0
1997-05-02,1.0
1997-05-05,1.0
1997-05-06,1.0
1997-05-07,1.0
1997-05-08,1.0
1997-05-09,1.0
1997-05-12,1.0
1997-05-13,1.0
1997-05-14,1.0
1997-05-15,1.0
1997-05-16,1.0
1997-05-19,1.0
1997-05-20,1.0
1997-05-21,1.0
1997-05-22,1.0
1997-05-23,1.0
1997-05-26,1.0
1997-05-27,1.0
1997-05-28,1.0
1997-05-29,1.0
1997-05-30,1.0
1997-06-02,1.0
1997-06-03,1.0
1997-06-04,1.0
1997-06-05,1.0
1997-06-06,1.0
1997-06-10,1.0
1997-06-11,1.0
1997-06-12,1.0
1997-06-13,1.0
1997-06-17,1.0
1997-06-18,1.0
1997-06-19,1.0
1997-06-20,1.0
1997-06-23,1.0
1997-06-24,1.0
1997-06-25,1.0
1997-06-26,1.0
1997-06-27,1.0
1997-06-30,1.0
1997-07-01,1.0
1997-07-02,1.0
1997-07-03,1.0
1997-07-04,1.0
1997-07-07,1.0
1997-07-08,1.0
1997-07-10,1.0
1997-07-11,1.0
1997-07-14,1.0
1997-07-15,1.0
1997-07-16,1.0
1997-07-17,1.0
1997-07-18,1.0
1997-07-21,1.0
1997-07-22,1.0
1997-07-23,1.0
1997-07-24,1.0
1997-07-25,1.0
1997-07-28,1.0
1997-07-29,1.0
1997-07-30,1.0
1997-07-31,1.0
1997-08-01,1.0
1997-08-04,1.0
1997-08-05,1.0
1997-08-06,1.0
1997-08-07,1.0
1997-08-08,1.0
1997-08-11,1.0
1997-08-12,1.0
1997-08-13,1.0
1997-08-14,1.0
1997-08-15,1.0
1997-08-19,1.0
1997-08-20,1.0
1997-08-21,1.0
1997-08-22,1.0
1997-08-25,1.0
1997-08-26,1.0
1997-08-27,1.0
1997-08-28,1.0
1997-08-29,1.0
1997-09-01,1.0
1997-09-02,1.0
1997-09-03,1.0
1997-09-04,1.0
1997-09-05,1.0
1997-09-08,1.0
1997-09-09,1.0
1997-09-10,1.0
1997-09-11,1.0
1997-09-12,1.0
1997-09-15,1.0
1997-09-16,1.0
1997-09-17,1.0
1997-09-18,1.0
1997-09-19,1.0
1997-09-22,1.0
1997-09-23,1.0
1997-09-24,1.0
1997-09-25,1.0
1997-09-26,1.0
1997-09-29,1.0
1997-09-30,1.0
1997-10-01,1.0
1997-10-02,1.0
1997-10-03,1.0
1997-10-06,1.0
1997-10-07,1.0
1997-10-08,1.0
1997-10-09,1.0
1997-10-10,1.0
1997-10-13,1.0
1997-10-14,1.0
1997-10-15,1.0
1997-10-16,1.0
1997-10-17,1.0
1997-10-20,1.0
1997-10-21,1.0
1997-10-22,1.0
1997-10-23,1.0
1997-10-24,1.0
1997-10-27,1.0
1997-10-28,1.0
1997-10-29,1.0
1997-10-30,1.0
1997-10-31,1.0
1997-11-03,1.0
1997-11-04,1.0
1997-11-05,1.0
1997-11-06,1.0
1997-11-07,1.0
1997-11-10,1.0
1997-11-11,1.0
1997-11-12,1.0
1997-11-13,1.0
1997-11-14,1.0
1997-11-17,1.0
1997-11-18,1.0
1997-11-19,1.0
1997-11-21,1.0
1997-11-24,1.0
1997-11-25,1.0
1997-11-26,1.0
1997-11-27,1.0
1997-11-28,1.0
1997-12-01,1.0
1997-12-02,1.0
1997-12-03,1.0
1997-12-04,1.0
1997-12-05,1.0
1997-12-09,1.0
1997-12-10,1.0
1997-12-11,1.0
1997-12-12,1.0
1997-12-15,1.0
1997-12-16,1.0
1997-12-17,1.0
1997-12-18,1.0
1997-12-19,1.0
1997-12-22,1.0
1997-12-23,1.0
1997-12-24,1.0
1997-12-26,1.0
1997-12-29,1.0
1997-12-30,1.0
1998-01-02,1.0
1998-01-05,1.0
1998-01-06,1.0
1998-01-07,1.0
1998-01-08,1.0
1998-01-09,1.0
1998-01-12,1.0
1998-01-13,1.0
1998-01-14,1.0
1998-01-15,1.0
1998-01-16,1.0
1998-01-19,1.0
1998-01-20,1.0
1998-01-21,1.0
1998-01-22,1.0
1998-01-23,1.0
1998-01-26,1.0
1998-01-27,1.0
1998-01-28,1.0
1998-01-29,1.0
1998-01-30,1.0
1998-02-02,1.0
1998-02-03,1.0
1998-02-04,1.0
1998-02-05,1.0
1998-02-06,1.0
1998-02-09,1.0
1998-02-10,1.0
1998-02-11,1.0
1998-02-12,1.0
1998-02-13,1.0
1998-02-16,1.0
1998-02-17,1.0
1998-02-18,1.0
1998-02-19,1.0
1998-02-20,1.0
1998-02-23,1.0
1998-02-24,1.0
1998-02-25,1.0
1998-02-26,1.0
1998-02-27,1.0
1998-03-02,1.0
1998-03-03,1.0
1998-03-04,1.0
1998-03-05,1.0
1998-03-06,1.0
1998-03-09,1.0
1998-03-10,1.0
1998-03-11,1.0
1998-03-12,1.0
1998-03-13,1.0
1998-03-16,1.0
1998-03-17,1.0
1998-03-18,1.0
1998-03-19,1.0
1998-03-20,1.0
1998-03-23,1.0
1998-03-24,1.0
1998-03-25,1.0
1998-03-26,1.0
1998-03-27,1.0
1998-03-30,1.0
1998-03-31,1.0
1998-04-01,1.0
1998-04-02,1.0
1998-04-03,1.0
1998-04-06,1.0
1998-04-07,1.0
1998-04-08,1.0
1998-04-13,1.0
1998-04-14,1.0
1998-04-15,1.0
1998-04-16,1.0
1998-04-17,1.0
1998-04-20,1.0
1998-04-21,1.0
1998-04-22,1.0
1998-04-23,1.0
1998-04-24,1.0
1998-04-27,1.0
1998-04-28,1.0
1998-04-29,1.0
1998-04-30,1.0
1998-05-04,1.0
1998-05-05,1.0
1998-05-06,1.0
1998-05-07,1.0
1998-05-08,1.0
1998-05-11,1.0
1998-05-12,1.0
1998-05-13,1.0
1998-05-14,1.0
1998-05-15,1.0
1998-05-18,1.0
1998-05-19,1.0
1998-05-20,1.0
1998-05-21,1.0
1998-05-22,1.0
1998-05-26,1.0
1998-05-27,1.0
1998-05-28,1.0
1998-05-29,1.0
1998-06-01,1.0
1998-06-02,1.0
1998-06-03,1.0
1998-06-04,1.0
1998-06-05,1.0
1998-06-09,1.0
1998-06-10,1.0
1998-06-11,1.0
1998-06-12,1.0
1998-06-16,1.0
1998-06-17,1.0
1998-06-18,1.0
1998-06-19,1.0
1998-06-22,1.0
1998-06-23,1.0
1998-06-24,1.0
1998-06-25,1.0
1998-06-26,1.0
1998-06-29,1.0
1998-06-30,1.0
1998-07-01,1.0
1998-07-02,1.0
1998-07-03,1.0
1998-07-06,1.0
1998-07-07,1.0
1998-07-08,1.0
1998-07-10,1.0
1998-07-13,1.0
1998-07-14,1.0
1998-07-15,1.0
1998-07-16,1.0
1998-07-17,1.0
1998-07-20,1.0
1998-07-21,1.0
1998-07-22,1.0
1998-07-23,1.0
1998-07-24,1.0
1998-07-27,1.0
1998-07-28,1.0
1998-07-29,1.0
1998-07-30,1.0
1998-07-31,1.0
1998-08-03,1.0
1998-08-04,1.0
1998-08-05,1.0
1998-08-06,1.0
1998-08-07,1.0
1998-08-10,1.0
1998-08-11,1.0
1998-08-12,1.0
1998-08-13,1.0
1998-08-14,1.0
1998-08-18,1.0
1998-08-19,1.0
1998-08-20,1.0
1998-08-21,1.0
1998-08-24,1.0
1998-08-25,1.0
1998-08-26,1.0
1998-08-27,1.0
1998-08-28,1.0
1998-08-31,1.0
1998-09-01,1.0
1998-09-02,1.0
1998-09-03,1.0
1998-09-04,1.0
1998-09-07,1.0
1998-09-08,1.0
1998-09-09,1.0
1998-09-10,1.0
1998-09-11,1.0
1998-09-14,1.0
1998-09-15,1.0
1998-09-16,1.0
1998-09-17,1.0
1998-09-18,1.0
1998-09-21,1.0
1998-09-22,1.0
1998-09-23,1.0
1998-09-24,1.0
1998-09-25,1.0
1998-09-28,1.0
1998-09-29,1.0
1998-09-30,1.0
1998-10-01,1.0
1998-10-02,1.0
1998-10-05,1.0
1998-10-06,1.0
1998-10-07,1.0
1998-10-08,1.0
1998-10-09,1.0
1998-10-13,1.0
1998-10-14,1.0
1998-10-15,1.0
1998-10-16,1.0
1998-10-19,1.0
1998-10-20,1.0
1998-10-21,1.0
1998-10-22,1.0
1998-10-23,1.0
1998-10-26,1.0
1998-10-27,1.0
1998-10-28,1.0
1998-10-29,1.0
1998-10-30,1.0
1998-11-02,1.0
1998-11-03,1.0
1998-11-04,1.0
1998-11-05,1.0
1998-11-06,1.0
1998-11-09,1.0
1998-11-10,1.0
1998-11-11,1.0
1998-11-12,1.0
1998-11-13,1.0
1998-11-16,1.0
1998-11-17,1.0
1998-11-18,1.0
1998-11-19,1.0
1998-11-20,1.0
1998-11-23,1.0
1998-11-24,1.0
1998-11-25,1.0
1998-11-26,1.0
1998-11-27,1.0
1998-11-30,1.0
1998-12-01,1.0
1998-12-02,1.0
1998-12-03,1.0
1998-12-04,1.0
1998-12-09,1.0
1998-12-10,1.0
1998-12-11,1.0
1998-12-14,1.0
1998-12-15,1.0
1998-12-16,1.0
1998-12-17,1.0
1998-12-18,1.0
1998-12-21,1.0
1998-12-22,1.0
1998-12-23,1.0
1998-12-24,1.0
1998-12-28,1.0
1998-12-29,1.0
1998-12-30,1.0
1999-01-04,1.0
1999-01-05,1.0
1999-01-06,1.0
1999-01-07,1.0
1999-01-08,1.0
1999-01-11,1.0
1999-01-12,1.0
1999-01-13,1.0
1999-01-14,1.0
1999-01-15,1.0
1999-01-18,1.0
1999-01-19,1.0
1999-01-20,1.0
1999-01-21,1.0
1999-01-22,1.0
1999-01-28,1.0
1999-02-01,1.0
1999-02-02,1.0
1999-02-03,1.0
1999-02-04,1.0
1999-02-05,1.0
1999-02-08,1.0
1999-02-09,1.0
1999-02-12,1.0
1999-02-16,1.0
1999-02-17,1.0
1999-02-18,1.0
1999-02-19,1.0
1999-02-22,1.0
1999-02-23,1.0
1999-02-26,1.0
1999-03-01,1.0
1999-03-02,1.0
1999-03-03,1.0
1999-03-04,1.0
1999-03-05,1.0
1999-03-08,1.0
1999-03-09,1.0
1999-03-10,1.0
1999-03-11,1.0
1999-03-12,1.0
1999-03-15,1.0
1999-03-16,1.0
1999-03-17,1.0
1999-03-18,1.0
1999-03-22,1.0
1999-03-23,1.0
1999-03-24,1.0
1999-03-25,1.0
1999-03-26,1.0
1999-03-29,1.0
1999-03-30,1.0
1999-03-31,1.0
1999-04-05,1.0
1999-04-06,1.0
1999-04-07,1.0
1999-04-08,1.0
1999-04-09,1.0
1999-04-12,1.0
1999-04-13,1.0
1999-04-14,1.0
1999-04-15,1.0
1999-04-16,1.0
1999-04-19,1.0
1999-04-20,1.0
1999-04-21,1.0
1999-04-23,1.0
1999-04-26,1.0
1999-04-27,1.0
1999-04-30,1.0
1999-05-03,1.0
1999-05-04,1.0
1999-05-05,1.0
1999-05-06,1.0
1999-05-07,1.0
1999-05-10,1.0
1999-05-11,1.0
1999-05-12,1.0
1999-05-14,1.0
1999-05-17,1.0
1999-05-18,1.0
1999-05-20,1.0
1999-05-28,1.0
1999-05-31,1.0
1999-06-01,1.0
1999-06-02,1.0
1999-06-03,1.0
1999-06-04,1.0
1999-06-07,1.0
1999-06-10,1.0
1999-06-11,1.0
1999-06-15,1.0
1999-06-17,1.0
1999-06-18,1.0
1999-06-22,1.0
1999-06-23,1.0
1999-06-24,1.0
1999-06-25,1.0
1999-06-28,1.0
1999-06-29,1.0
1999-06-30,1.0
1999-07-01,1.0
1999-07-02,1.0
1999-07-05,1.0
1999-07-06,1.0
1999-07-07,1.0
1999-07-12,1.0
1999-07-13,1.0
1999-07-19,1.0
1999-07-20,1.0
1999-07-21,1.0
1999-07-22,1.0
1999-07-23,1.0
1999-07-26,1.0
1999-07-27,1.0
1999-07-28,1.0
1999-07-29,1.0
1999-07-30,1.0
1999-08-02,1.0
1999-08-03,1.0
1999-08-04,1.0
1999-08-05,1.0
1999-08-06,1.0
1999-08-09,1.0
1999-08-10,1.0
1999-08-11,1.0
1999-08-12,1.0
1999-08-13,1.0
1999-08-17,1.0
1999-08-18,1.0
1999-08-19,1.0
1999-08-20,1.0
1999-08-23,1.0
1999-08-24,1.0
1999-08-25,1.0
1999-08-26,1.0
1999-08-27,1.0
1999-08-30,1.0
1999-08-31,1.0
1999-09-02,1.0
1999-09-03,1.0
1999-09-06,1.0
1999-09-07,1.0
1999-09-08,1.0
1999-09-09,1.0
1999-09-10,1.0
1999-09-13,1.0
1999-09-14,1.0
1999-09-15,1.0
1999-09-16,1.0
1999-09-17,1.0
1999-09-20,1.0
1999-09-21,1.0
1999-09-22,1.0
1999-09-24,1.0
1999-09-28,1.0
1999-09-29,1.0
1999-09-30,1.0
1999-10-01,1.0
1999-10-04,1.0
1999-10-05,1.0
1999-10-06,1.0
1999-10-07,1.0
1999-10-08,1.0
1999-10-12,1.0
1999-10-13,1.0
1999-10-14,1.0
1999-10-19,1.0
1999-10-20,1.0
1999-10-21,1.0
1999-10-22,1.0
1999-10-25,1.0
1999-10-26,1.0
1999-10-27,1.0
1999-10-28,1.0
1999-11-01,1.0
1999-11-02,1.0
1999-11-03,1.0
1999-11-04,1.0
1999-11-05,1.0
1999-11-08,1.0
1999-11-09,1.0
1999-11-10,1.0
1999-11-11,1.0
1999-11-12,1.0
1999-11-15,1.0
1999-11-16,1.0
1999-11-17,1.0
1999-11-18,1.0
1999-11-19,1.0
1999-11-22,1.0
1999-11-23,1.0
1999-11-24,1.0
1999-11-25,1.0
1999-11-26,1.0
1999-11-29,1.0
1999-11-30,1.0
1999-12-01,1.0
1999-12-02,1.0
1999-12-03,1.0
1999-12-06,1.0
1999-12-07,1.0
1999-12-09,1.0
1999-12-10,1.0
1999-12-13,1.0
1999-12-14,1.0
1999-12-15,1.0
1999-12-16,1.0
1999-12-17,1.0
1999-12-20,1.0
1999-12-21,1.0
1999-12-22,1.0
1999-12-23,1.0
1999-12-24,1.0
1999-12-27,1.0
1999-12-28,1.0
1999-12-29,1.0
1999-12-30,1.0
2000-01-03,1.0
2000-01-04,1.0
2000-01-05,1.0
2000-01-06,1.0
2000-01-07,1.0
2000-01-12,1.0
2000-01-13,1.0
2000-01-14,1.0
2000-01-17,1.0
2000-01-18,1.0
2000-01-20,1.0
2000-01-21,1.0
2000-01-24,1.0
2000-01-25,1.0
2000-01-26,1.0
2000-01-27,1.0
2000-01-28,1.0
2000-01-29,1.0
2000-02-01,1.0
2000-02-02,1.0
2000-02-03,1.0
2000-02-04,1.0
2000-02-07,1.0
2000-02-08,1.0
2000-02-09,1.0
2000-02-10,1.0
2000-02-11,1.0
2000-02-14,1.0
2000-02-15,1.0
2000-02-16,1.0
2000-02-17,1.0
2000-02-18,1.0
2000-02-21,1.0
2000-02-22,1.0
2000-02-23,1.0
2000-02-24,1.0
2000-02-25,1.0
2000-02-28,1.0
2000-02-29,1.0
2000-03-01,1.0
2000-03-02,1.0
2000-03-03,1.0
2000-03-06,1.0
2000-03-07,1.0
2000-03-08,1.0
2000-03-09,1.0
2000-03-10,1.0
2000-03-13,1.0
2000-03-14,1.0
2000-03-15,1.0
2000-03-16,1.0
2000-03-17,1.0
2000-03-20,1.0
2000-03-21,1.0
2000-03-22,1.0
2000-03-23,1.0
2000-03-24,1.0
2000-03-27,1.0
2000-03-28,1.0
2000-03-29,1.0
2000-03-30,1.0
2000-03-31,1.0
2000-04-03,1.0
2000-04-04,1.0
2000-04-05,1.0
2000-04-06,1.0
2000-04-07,1.0
2000-04-10,1.0
2000-04-11,1.0
2000-04-12,1.0
2000-04-13,1.0
2000-04-14,1.0
2000-04-17,1.0
2000-04-18,1.0
2000-04-19,1.0
2000-04-24,1.0
2000-04-25,1.0
2000-04-26,1.0
2000-04-27,1.0
2000-04-28,1.0
2000-05-02,1.0
2000-05-03,1.0
2000-05-04,1.0
2000-05-05,1.0
2000-05-08,1.0
2000-05-16,1.0
2000-05-17,1.0
2000-05-18,1.0
2000-05-19,1.0
2000-05-22,1.0
2000-05-23,1.0
2000-05-24,1.0
2000-05-26,1.0
2000-05-29,1.0
2000-05-30,1.0
2000-05-31,1.0
2000-06-01,1.0
2000-06-02,1.0
2000-06-05,1.0
2000-06-06,1.0
2000-06-07,1.0
2000-06-08,1.0
2000-06-09,1.0
2000-06-12,1.0
2000-06-13,1.0
2000-06-14,1.0
2000-06-15,1.0
2000-06-16,1.0
2000-06-20,1.0
2000-06-21,1.0
2000-06-22,1.0
2000-06-23,1.0
2000-06-26,1.0
2000-06-27,1.0
2000-06-28,1.0
2000-06-29,1.0
2000-06-30,1.0
2000-07-03,1.0
2000-07-04,1.0
2000-07-05,1.0
2000-07-06,1.0
2000-07-07,1.0
2000-07-10,1.0
2000-07-11,1.0
2000-07-12,1.0
2000-07-17,1.0
2000-07-18,1.0
2000-07-19,1.0
2000-07-20,1.0
2000-07-21,1.0
2000-07-24,1.0
2000-07-27,1.0
2000-07-28,1.0
2000-07-31,1.0
2000-08-01,1.0
2000-08-02,1.0
2000-08-03,1.0
2000-08-04,1.0
2000-08-07,1.0
2000-08-09,1.0
2000-08-10,1.0
2000-08-11,1.0
2000-08-14,1.0
2000-08-15,1.0
2000-08-16,1.0
2000-08-17,1.0
2000-08-18,1.0
2000-08-22,1.0
2000-08-23,1.0
2000-08-24,1.0
2000-08-25,1.0
2000-08-29,1.0
2000-08-30,1.0
2000-08-31,1.0
2000-09-01,1.0
2000-09-04,1.0
2000-09-05,1.0
2000-09-06,1.0
2000-09-07,1.0
2000-09-08,1.0
2000-09-11,1.0
2000-09-12,1.0
2000-09-13,1.0
2000-09-14,1.0
2000-09-15,1.0
2000-09-18,1.0
2000-09-19,1.0
2000-09-20,1.0
2000-09-21,1.0
2000-09-22,1.0
2000-09-25,1.0
2000-09-26,1.0
2000-09-27,1.0
2000-09-28,1.0
2000-09-29,1.0
2000-10-02,1.0
2000-10-03,1.0
2000-10-04,1.0
2000-10-05,1.0
2000-10-06,1.0
2000-10-09,1.0
2000-10-10,1.0
2000-10-11,1.0
2000-10-12,1.0
2000-10-13,1.0
2000-10-17,1.0
2000-10-18,1.0
2000-10-19,1.0
2000-10-20,1.0
2000-10-23,1.0
2000-10-24,1.0
2000-10-25,1.0
2000-10-26,1.0
2000-10-31,1.0
2000-11-01,1.0
2000-11-02,1.0
2000-11-03,1.0
2000-11-07,1.0
2000-11-08,1.0
2000-11-09,1.0
2000-11-10,1.0
2000-11-13,1.0
2000-11-14,1.0
2000-11-15,1.0
2000-11-16,1.0
2000-11-17,1.0
2000-11-20,1.0
2000-11-21,1.0
2000-11-22,1.0
2000-11-23,1.0
2000-11-27,1.0
2000-11-28,1.0
2000-11-29,1.0
2000-11-30,1.0
2000-12-01,1.0
2000-12-04,1.0
2000-12-05,1.0
2000-12-06,1.0
2000-12-07,1.0
2000-12-11,1.0
2000-12-12,1.0
2000-12-13,1.0
2000-12-19,1.0
2000-12-20,1.0
2000-12-21,1.0
2000-12-22,1.0
2000-12-26,1.0
2000-12-27,1.0
2000-12-28,1.0
2000-12-29,1.0
2001-01-02,1.0
2001-01-04,1.0
2001-01-05,1.0
2001-01-08,1.0
2001-01-09,1.0
2001-01-10,1.0
2001-01-11,1.0
2001-01-12,1.0
2001-01-15,1.0
2001-01-17,1.0
2001-01-24,1.0
2001-01-26,1.0
2001-01-29,1.0
2001-01-30,1.0
2001-01-31,1.0
2001-02-01,1.0
2001-02-05,1.0
2001-02-06,1.0
2001-02-07,1.0
2001-02-08,1.0
2001-02-09,1.0
2001-02-12,1.0
2001-02-13,1.0
2001-02-15,1.0
2001-02-16,1.0
2001-02-23,1.0
2001-02-26,1.0
2001-02-27,1.0
2001-02-28,1.0
2001-03-01,1.0
2001-03-02,1.0
2001-03-05,1.0
2001-03-06,1.0
2001-03-07,1.0
2001-03-08,1.0
2001-03-09,1.0
2001-03-12,1.0
2001-03-13,1.0
2001-03-14,1.0
2001-03-15,1.0
2001-03-16,1.0
2001-03-19,1.0
2001-03-20,1.0
2001-03-22,1.0
2001-03-23,1.0
2001-03-26,1.0
2001-03-27,1.0
2001-03-28,1.0
2001-03-30,1.0
2001-04-03,1.0
2001-04-04,1.0
2001-04-05,1.0
2001-04-06,1.0
2001-04-09,1.0
2001-04-10,1.0
2001-04-11,1.0
2001-04-16,1.0
2001-04-17,1.0
2001-04-18,1.0
2001-04-19,1.0
2001-04-20,1.0
2001-04-23,1.0
2001-04-24,1.0
2001-04-25,1.0
2001-04-26,1.0
2001-04-30,1.0
2001-05-02,1.0
2001-05-03,1.0
2001-05-04,1.0
2001-05-07,1.0
2001-05-08,1.0
2001-05-09,1.0
2001-05-10,1.0
2001-05-11,1.0
2001-05-16,1.0
2001-05-17,1.0
2001-05-18,1.0
2001-05-21,1.0
2001-05-22,1.0
2001-05-24,1.0
2001-05-28,1.0
2001-05-29,1.0
2001-05-30,1.0
2001-05-31,1.0
2001-06-01,1.0
2001-06-06,1.0
2001-06-07,1.0
2001-06-08,1.0
2001-06-12,1.0
2001-06-13,1.0
2001-06-14,1.0
2001-06-15,1.0
2001-06-19,1.0
2001-06-20,1.0
2001-06-21,1.0
2001-06-22,1.0
2001-06-25,1.0
2001-06-26,1.0
2001-06-27,1.0
2001-06-28,1.0
2001-06-29,1.0
2001-07-02,1.0
2001-07-03,1.0
2001-07-04,1.0
2001-07-05,1.0
2001-07-06,1.0
2001-07-10,1.0
2001-07-11,1.0
2001-07-12,1.0
2001-07-13,1.0
2001-07-16,1.0
2001-07-17,1.0
2001-07-18,1.0
2001-07-19,1.0
2001-07-20,1.0
2001-07-23,1.0
2001-07-24,1.0
2001-07-25,1.0
2001-07-26,1.0
2001-07-27,1.0
2001-07-30,1.0
2001-07-31,1.0
2001-08-01,1.0
2001-08-02,1.0
2001-08-03,1.0
2001-08-06,1.0
2001-08-07,1.0
2001-08-08,1.0
2001-08-09,1.0
2001-08-10,1.0
2001-08-13,1.0
2001-08-14,1.0
2001-08-15,1.0
2001-08-16,1.0
2001-08-17,1.0
2001-08-21,1.0
2001-08-22,1.0
2001-08-23,1.0
2001-08-24,1.0
2001-08-27,1.0
2001-08-28,1.0
2001-08-29,1.0
2001-08-30,1.0
2001-08-31,1.0
2001-09-03,1.0
2001-09-04,1.0
2001-09-05,1.0
2001-09-06,1.0
2001-09-07,1.0
2001-09-10,1.0
2001-09-12,1.0
2001-09-13,1.0
2001-09-14,1.0
2001-09-17,1.0
2001-09-18,1.0
2001-09-19,1.0
2001-09-21,1.0
2001-09-24,1.0
2001-09-25,1.0
2001-09-26,1.0
2001-09-27,1.0
2001-09-28,1.0
2001-10-01,1.0
2001-10-02,1.0
2001-10-03,1.0
2001-10-09,1.0
2001-10-10,1.0
2001-10-11,1.0
2001-10-12,1.0
2001-10-15,1.0
2001-10-16,1.0
2001-10-17,1.0
2001-10-18,1.0
2001-10-19,1.0
2001-10-24,1.0
2001-10-25,1.0
2001-10-26,1.0
2001-10-29,1.0
2001-10-30,1.0
2001-10-31,1.0
2001-11-01,1.0
2001-11-02,1.0
2001-11-05,1.0
2001-11-07,1.0
2001-11-08,1.0
2001-11-09,1.0
2001-11-12,1.0
2001-11-13,1.0
2001-11-15,1.0
2001-11-19,1.0
2001-11-20,1.0
2001-11-22,1.0
2001-11-23,1.0
2001-11-26,1.0
2001-11-27,1.0
2001-11-28,1.0
2001-11-29,1.0
2001-12-03,1.0
2001-12-04,1.0
2001-12-05,1.0
2001-12-06,1.0
2001-12-07,1.0
2001-12-10,1.0
2001-12-11,1.0
2001-12-12,1.0
2001-12-14,1.0
2001-12-18,1.0
2001-12-19,1.0
2001-12-20,1.0
2002-01-11,1.6
2002-01-14,1.6
2002-01-15,1.7
2002-01-16,1.9
2002-01-17,1.9
2002-01-18,1.95
2002-01-21,1.95
2002-01-22,1.95
2002-01-23,1.95
2002-01-24,1.95
2002-01-25,1.95
2002-01-28,2.07
2002-01-29,2.05
2002-01-30,2.05
2002-01-31,2.05
2002-02-01,2.05
2002-02-11,1.95
2002-02-12,1.85
2002-02-13,1.7
2002-02-14,1.8
2002-02-15,1.8
2002-02-18,2.0
2002-02-19,2.1
2002-02-20,2.1
2002-02-21,2.0
2002-02-22,2.1
2002-02-25,2.1
2002-02-26,2.1
2002-02-27,2.15
2002-02-28,2.15
2002-03-01,2.1
2002-03-04,2.05
2002-03-05,2.05
2002-03-06,2.15
2002-03-07,2.2
2002-03-08,2.25
2002-03-11,2.35
2002-03-12,2.4
2002-03-13,2.37
2002-03-14,2.37
2002-03-15,2.31
2002-03-18,2.38
2002-03-19,2.42
2002-03-20,2.48
2002-03-21,2.38
2002-03-22,2.95
2002-03-25,3.15
2002-03-26,2.9
2002-03-27,3.0
2002-04-02,2.95
2002-04-03,2.95
2002-04-04,2.68
2002-04-05,2.75
2002-04-08,2.75
2002-04-09,2.8
2002-04-10,2.8
2002-04-11,2.85
2002-04-12,2.9
2002-04-15,2.95
2002-04-16,2.8
2002-04-17,2.87
2002-04-18,3.1
2002-04-19,3.15
2002-04-29,2.95
2002-04-30,2.98
2002-05-02,3.1
2002-05-03,3.2
2002-05-06,3.2
2002-05-07,3.2
2002-05-08,3.2
2002-05-09,3.19
2002-05-10,3.25
2002-05-13,3.25
2002-05-14,3.25
2002-05-15,3.25
2002-05-16,3.25
2002-05-17,3.4
2002-05-20,3.55
2002-05-22,3.45
2002-05-23,3.4
2002-05-24,3.45
2002-05-27,3.5
2002-05-28,3.5
2002-05-29,3.6
2002-05-31,3.6
2002-06-03,3.62
2002-06-04,3.62
2002-06-05,3.65
2002-06-06,3.65
2002-06-10,3.5
2002-06-11,3.5
2002-06-12,3.5
2002-06-13,3.5
2002-06-14,3.57
2002-06-18,3.55
2002-06-19,3.56
2002-06-20,3.61
2002-06-21,3.73
2002-06-24,3.79
2002-06-25,3.9
2002-06-26,3.85
2002-06-27,3.8
2002-06-28,3.8
2002-07-01,3.79
2002-07-02,3.65
2002-07-03,3.59
2002-07-04,3.57
2002-07-05,3.6
2002-07-08,3.55
2002-07-10,3.56
2002-07-11,3.59
2002-07-12,3.6
2002-07-15,3.6
2002-07-16,3.57
2002-07-17,3.57
2002-07-18,3.56
2002-07-19,3.58
2002-07-22,3.62
2002-07-23,3.67
2002-07-24,3.64
2002-07-25,3.65
2002-07-26,3.66
2002-07-29,3.66
2002-07-30,3.68
2002-07-31,3.7
2002-08-01,3.61
2002-08-02,3.63
2002-08-05,3.64
2002-08-06,3.63
2002-08-07,3.64
2002-08-08,3.65
2002-08-09,3.64
2002-08-12,3.62
2002-08-13,3.63
2002-08-14,3.64
2002-08-15,3.64
2002-08-16,3.64
2002-08-20,3.63
2002-08-21,3.59
2002-08-22,3.59
2002-08-23,3.62
2002-08-26,3.63
2002-08-27,3.62
2002-08-28,3.61
2002-08-29,3.62
2002-08-30,3.63
2002-09-02,3.63
2002-09-03,3.64
2002-09-04,3.65
2002-09-05,3.63
2002-09-06,3.63
2002-09-09,3.63
2002-09-10,3.63
2002-09-11,3.62
2002-09-12,3.62
2002-09-13,3.63
2002-09-16,3.65
2002-09-17,3.63
2002-09-18,3.65
2002-09-19,3.67
2002-09-20,3.66
2002-09-23,3.67
2002-09-24,3.65
2002-09-25,3.67
2002-09-26,3.63
2002-09-27,3.75
2002-09-30,3.75
2002-10-01,3.74
2002-10-02,3.75
2002-10-03,3.75
2002-10-04,3.75
2002-10-07,3.75
2002-10-08,3.74
2002-10-09,3.72
2002-10-10,3.7
2002-10-11,3.7
2002-10-15,3.66
2002-10-16,3.6
2002-10-17,3.6
2002-10-18,3.7
2002-10-21,3.63
2002-10-22,3.62
2002-10-23,3.61
2002-10-24,3.61
2002-10-25,3.62
2002-10-28,3.6
2002-10-29,3.58
2002-10-30,3.55
2002-10-31,3.52
2002-11-01,3.52
2002-11-04,3.57
2002-11-05,3.54
2002-11-07,3.57
2002-11-08,3.56
2002-11-11,3.56
2002-11-12,3.53
2002-11-13,3.53
2002-11-14,3.56
2002-11-15,3.54
2002-11-18,3.53
2002-11-19,3.52
2002-11-20,3.52
2002-11-21,3.51
2002-11-22,3.5
2002-11-25,3.5
2002-11-26,3.48
2002-11-27,3.5
2002-11-29,3.64
2002-12-02,3.58
2002-12-03,3.54
2002-12-04,3.53
2002-12-05,3.53
2002-12-06,3.53
2002-12-09,3.53
2002-12-10,3.52
2002-12-11,3.51
2002-12-12,3.5
2002-12-13,3.52
2002-12-16,3.54
2002-12-17,3.54
2002-12-18,3.5
2002-12-19,3.47
2002-12-20,3.49
2002-12-23,3.47
2002-12-24,3.47
2002-12-26,3.4
2002-12-27,3.4
2002-12-30,3.38
2002-12-31,3.37
2003-01-02,3.35
2003-01-03,3.34
2003-01-06,3.33
2003-01-07,3.28
2003-01-08,3.3
2003-01-09,3.34
2003-01-10,3.35
2003-01-13,3.33
2003-01-14,3.25
2003-01-15,3.23
2003-01-16,3.26
2003-01-17,3.22
2003-01-20,3.19
2003-01-21,3.1
2003-01-22,3.1
2003-01-23,3.14
2003-01-24,3.14
2003-01-27,3.32
2003-01-28,3.32
2003-01-29,3.31
2003-01-30,3.25
2003-01-31,3.21
2003-02-03,3.18
2003-02-04,3.17
2003-02-05,3.16
2003-02-06,3.16
2003-02-07,3.15
2003-02-10,3.13
2003-02-11,3.11
2003-02-12,3.11
2003-02-13,3.14
2003-02-14,3.18
2003-02-17,3.16
2003-02-18,3.17
2003-02-19,3.19
2003-02-20,3.21
2003-02-21,3.21
2003-02-24,3.17
2003-02-25,3.16
2003-02-26,3.17
2003-02-27,3.19
2003-02-28,3.19
2003-03-03,3.21
2003-03-04,3.18
2003-03-05,3.17
2003-03-06,3.18
2003-03-07,3.16
2003-03-10,3.14
2003-03-11,3.13
2003-03-12,3.11
2003-03-13,3.12
2003-03-14,3.12
2003-03-17,3.1
2003-03-18,3.06
2003-03-19,3.01
2003-03-20,3.03
2003-03-21,3.02
2003-03-24,2.99
2003-03-25,2.94
2003-03-26,2.9
2003-03-27,2.88
2003-03-28,2.98
2003-04-01,2.96
2003-04-02,2.9
2003-04-03,2.9
2003-04-04,2.9
2003-04-07,2.9
2003-04-08,2.92
2003-04-09,2.92
2003-04-10,2.89
2003-04-11,2.9
2003-04-14,2.93
2003-04-15,2.95
2003-04-16,2.93
2003-04-21,2.89
2003-04-22,2.85
2003-04-23,2.84
2003-04-24,2.86
2003-04-25,2.86
2003-04-28,2.86
2003-04-29,2.85
2003-04-30,2.82
2003-05-02,2.79
2003-05-05,2.8
2003-05-06,2.8
2003-05-07,2.79
2003-05-08,2.762
2003-05-09,2.78
2003-05-12,2.77
2003-05-13,2.77
2003-05-14,2.8
2003-05-15,2.84
2003-05-16,2.94
2003-05-19,2.92
2003-05-20,2.88
2003-05-21,2.841
2003-05-22,2.875
2003-05-23,2.9
2003-05-26,2.87
2003-05-27,2.87
2003-05-28,2.88
2003-05-29,2.88
2003-05-30,2.85
2003-06-02,2.85
2003-06-03,2.83
2003-06-04,2.822
2003-06-05,2.83
2003-06-06,2.82
2003-06-09,2.815
2003-06-10,2.81
2003-06-11,2.822
2003-06-12,2.836
2003-06-13,2.82
2003-06-17,2.8
2003-06-18,2.795
2003-06-19,2.8
2003-06-20,2.805
2003-06-23,2.79
2003-06-24,2.77
2003-06-25,2.77
2003-06-26,2.79
2003-06-27,2.817
2003-06-30,2.8
2003-07-01,2.8
2003-07-02,2.8
2003-07-03,2.795
2003-07-04,2.795
2003-07-07,2.785
2003-07-08,2.775
2003-07-10,2.763
2003-07-11,2.76
2003-07-14,2.77
2003-07-15,2.77
2003-07-16,2.78
2003-07-17,2.79
2003-07-18,2.8
2003-07-21,2.8
2003-07-22,2.78
2003-07-23,2.78
2003-07-24,2.81
2003-07-25,2.82
2003-07-28,2.835
2003-07-29,2.845
2003-07-30,2.905
2003-07-31,2.92
2003-08-01,2.94
2003-08-04,2.955
2003-08-05,2.935
2003-08-06,2.925
2003-08-07,2.93
2003-08-08,2.928
2003-08-11,2.915
2003-08-12,2.9
2003-08-13,2.885
2003-08-14,2.895
2003-08-15,2.895
2003-08-19,2.893
2003-08-20,2.915
2003-08-21,2.95
2003-08-22,2.95
2003-08-25,2.925
2003-08-26,2.94
2003-08-27,2.96
2003-08-28,2.95
2003-08-29,2.956
2003-09-01,2.96
2003-09-02,2.98
2003-09-03,2.98
2003-09-04,2.956
2003-09-05,2.93
2003-09-08,2.94
2003-09-09,2.94
2003-09-10,2.933
2003-09-11,2.9
2003-09-12,2.9
2003-09-15,2.89
2003-09-16,2.894
2003-09-17,2.91
2003-09-18,2.91
2003-09-19,2.91
2003-09-22,2.905
2003-09-23,2.9
2003-09-24,2.89
2003-09-25,2.895
2003-09-26,2.905
2003-09-29,2.91
2003-09-30,2.915
2003-10-01,2.905
2003-10-02,2.904
2003-10-03,2.885
2003-10-06,2.863
2003-10-07,2.873
2003-10-08,2.857
2003-10-09,2.838
2003-10-10,2.838
2003-10-14,2.837
2003-10-15,2.84
2003-10-16,2.841
2003-10-17,2.845
2003-10-20,2.855
2003-10-21,2.85
2003-10-22,2.85
2003-10-23,2.846
2003-10-24,2.84
2003-10-27,2.84
2003-10-28,2.85
2003-10-29,2.855
2003-10-30,2.87
2003-10-31,2.865
2003-11-03,2.855
2003-11-04,2.855
2003-11-05,2.855
2003-11-07,2.847
2003-11-10,2.85
2003-11-11,2.86
2003-11-12,2.855
2003-11-13,2.865
2003-11-14,2.87
2003-11-17,2.865
2003-11-18,2.865
2003-11-19,2.875
2003-11-20,2.88
2003-11-21,2.89
2003-11-24,2.897
2003-11-25,2.92
2003-11-26,2.98
2003-11-27,2.965
2003-11-28,2.99
2003-12-01,2.98
2003-12-02,2.975
2003-12-03,2.97
2003-12-04,2.97
2003-12-05,2.965
2003-12-09,2.94
2003-12-10,2.94
2003-12-11,2.95
2003-12-12,2.957
2003-12-15,2.961
2003-12-16,2.967
2003-12-17,2.962
2003-12-18,2.969
2003-12-19,2.966
2003-12-22,2.96
2003-12-23,2.957
2003-12-24,2.96
2003-12-26,2.95
2003-12-29,2.942
2003-12-30,2.935
2003-12-31,2.93
2004-01-02,2.92
2004-01-05,2.88
2004-01-06,2.865
2004-01-07,2.887
2004-01-08,2.892
2004-01-09,2.89
2004-01-12,2.845
2004-01-13,2.865
2004-01-14,2.875
2004-01-15,2.865
2004-01-16,2.881
2004-01-19,2.885
2004-01-20,2.893
2004-01-21,2.91
2004-01-22,2.895
2004-01-23,2.91
2004-01-26,2.91
2004-01-27,2.912
2004-01-28,2.92
2004-01-29,2.952
2004-01-30,2.928
2004-02-02,2.925
2004-02-03,2.934
2004-02-04,2.943
2004-02-05,2.955
2004-02-06,2.955
2004-02-09,2.935
2004-02-10,2.935
2004-02-11,2.94
2004-02-12,2.929
2004-02-13,2.92
2004-02-16,2.918
2004-02-17,2.927
2004-02-18,2.936
2004-02-19,2.935
2004-02-20,2.93
2004-02-23,2.923
2004-02-24,2.917
2004-02-25,2.924
2004-02-26,2.928
2004-02-27,2.923
2004-03-01,2.92
2004-03-02,2.92
2004-03-03,2.91
2004-03-04,2.924
2004-03-05,2.929
2004-03-08,2.932
2004-03-09,2.908
2004-03-10,2.92
2004-03-11,2.913
2004-03-12,2.915
2004-03-15,2.906
2004-03-16,2.898
2004-03-17,2.886
2004-03-18,2.887
2004-03-19,2.875
2004-03-22,2.866
2004-03-23,2.873
2004-03-24,2.877
2004-03-25,2.876
2004-03-26,2.88
2004-03-29,2.871
2004-03-30,2.86
2004-03-31,2.86
2004-04-01,2.844
2004-04-02,2.85
2004-04-06,2.825
2004-04-07,2.803
2004-04-12,2.81
2004-04-13,2.815
2004-04-14,2.812
2004-04-15,2.818
2004-04-16,2.82
2004-04-19,2.827
2004-04-20,2.837
2004-04-21,2.853
2004-04-22,2.867
2004-04-23,2.855
2004-04-26,2.832
2004-04-27,2.837
2004-04-28,2.852
2004-04-29,2.858
2004-04-30,2.84
2004-05-03,2.85
2004-05-04,2.86
2004-05-05,2.866
2004-05-06,2.892
2004-05-07,2.92
2004-05-10,2.918
2004-05-11,2.907
2004-05-12,2.925
2004-05-13,2.923
2004-05-14,2.905
2004-05-17,2.91
2004-05-18,2.907
2004-05-19,2.907
2004-05-20,2.95
2004-05-21,2.953
2004-05-24,2.965
2004-05-26,2.962
2004-05-27,2.97
2004-05-28,2.967
2004-05-31,2.96
2004-06-01,2.96
2004-06-02,2.941
2004-06-03,2.968
2004-06-04,2.968
2004-06-07,2.971
2004-06-08,2.963
2004-06-09,2.96
2004-06-10,2.966
2004-06-11,2.969
2004-06-14,2.963
2004-06-15,2.952
2004-06-16,2.955
2004-06-17,2.96
2004-06-18,2.968
2004-06-22,2.96
2004-06-23,2.943
2004-06-24,2.947
2004-06-25,2.955
2004-06-28,2.965
2004-06-29,2.966
2004-06-30,2.958
2004-07-01,2.952
2004-07-02,2.95
2004-07-05,2.942
2004-07-06,2.94
2004-07-07,2.947
2004-07-08,2.958
2004-07-12,2.954
2004-07-13,2.948
2004-07-14,2.944
2004-07-15,2.944
2004-07-16,2.943
2004-07-19,2.948
2004-07-20,2.949
2004-07-21,2.953
2004-07-22,2.958
2004-07-23,2.967
2004-07-26,2.977
2004-07-27,2.974
2004-07-28,2.975
2004-07-29,2.976
2004-07-30,2.98
2004-08-02,2.987
2004-08-03,2.997
2004-08-04,3.026
2004-08-05,3.06
2004-08-06,3.06
2004-08-09,3.03
2004-08-10,3.017
2004-08-11,3.025
2004-08-12,3.012
2004-08-13,3.015
2004-08-17,3.012
2004-08-18,3.012
2004-08-19,3.008
2004-08-20,3.009
2004-08-23,3.009
2004-08-24,2.992
2004-08-25,2.991
2004-08-26,3.009
2004-08-27,3.008
2004-08-30,3.007
2004-08-31,2.997
2004-09-01,3.003
2004-09-02,3.002
2004-09-03,2.997
2004-09-06,2.992
2004-09-07,2.994
2004-09-08,3.0
2004-09-09,3.002
2004-09-10,3.011
2004-09-13,2.997
2004-09-14,2.988
2004-09-15,2.978
2004-09-16,2.99
2004-09-17,2.99
2004-09-20,2.996
2004-09-21,3.004
2004-09-22,2.995
2004-09-23,2.994
2004-09-24,2.996
2004-09-27,2.994
2004-09-28,2.988
2004-09-29,2.984
2004-09-30,2.981
2004-10-01,2.98
2004-10-04,2.968
2004-10-05,2.974
2004-10-06,2.971
2004-10-07,2.974
2004-10-08,2.968
2004-10-12,2.969
2004-10-13,2.972
2004-10-14,2.975
2004-10-15,2.965
2004-10-18,2.955
2004-10-19,2.962
2004-10-20,2.96
2004-10-21,2.958
2004-10-22,2.962
2004-10-25,2.968
2004-10-26,2.973
2004-10-27,2.972
2004-10-28,2.98
2004-10-29,2.97
2004-11-01,2.969
2004-11-02,2.957
2004-11-03,2.959
2004-11-04,2.961
2004-11-05,2.962
2004-11-08,2.974
2004-11-09,2.969
2004-11-10,2.97
2004-11-11,2.967
2004-11-12,2.96
2004-11-15,2.953
2004-11-16,2.952
2004-11-17,2.934
2004-11-18,2.94
2004-11-19,2.945
2004-11-22,2.95
2004-11-23,2.94
2004-11-24,2.942
2004-11-25,2.943
2004-11-26,2.941
2004-11-29,2.951
2004-11-30,2.945
2004-12-01,2.944
2004-12-02,2.96
2004-12-03,2.977
2004-12-06,2.985
2004-12-07,2.978
2004-12-09,2.976
2004-12-10,2.978
2004-12-13,2.974
2004-12-14,2.98
2004-12-15,2.976
2004-12-16,2.989
2004-12-17,2.979
2004-12-20,2.964
2004-12-21,2.967
2004-12-22,2.964
2004-12-23,2.954
2004-12-24,2.953
2004-12-27,2.961
2004-12-28,2.975
2004-12-29,2.979
2004-12-30,2.975
2004-12-31,2.979
2005-01-03,2.968
2005-01-04,2.962
2005-01-05,2.97
2005-01-06,2.966
2005-01-07,2.97
2005-01-10,2.968
2005-01-11,2.961
2005-01-12,2.945
2005-01-13,2.935
2005-01-14,2.938
2005-01-17,2.93
2005-01-18,2.937
2005-01-19,2.943
2005-01-20,2.945
2005-01-21,2.943
2005-01-24,2.933
2005-01-25,2.922
2005-01-26,2.922
2005-01-27,2.926
2005-01-28,2.927
2005-01-31,2.924
2005-02-01,2.925
2005-02-02,2.925
2005-02-03,2.922
2005-02-04,2.92
2005-02-07,2.919
2005-02-08,2.914
2005-02-09,2.909
2005-02-10,2.914
2005-02-11,2.911
2005-02-14,2.907
2005-02-15,2.904
2005-02-16,2.894
2005-02-17,2.905
2005-02-18,2.917
2005-02-21,2.913
2005-02-22,2.923
2005-02-23,2.935
2005-02-24,2.936
2005-02-25,2.938
2005-02-28,2.938
2005-03-01,2.948
2005-03-02,2.957
2005-03-03,2.952
2005-03-04,2.937
2005-03-07,2.93
2005-03-08,2.931
2005-03-09,2.932
2005-03-10,2.933
2005-03-11,2.917
2005-03-14,2.92
2005-03-15,2.919
2005-03-16,2.92
2005-03-17,2.918
2005-03-18,2.917
2005-03-21,2.917
2005-03-22,2.911
2005-03-23,2.914
2005-03-28,2.922
2005-03-29,2.921
2005-03-30,2.92
2005-03-31,2.917
2005-04-01,2.919
2005-04-04,2.919
2005-04-05,2.913
2005-04-06,2.903
2005-04-07,2.892
2005-04-08,2.896
2005-04-11,2.89
2005-04-12,2.89
2005-04-13,2.879
2005-04-14,2.89
2005-04-15,2.9
2005-04-18,2.902
2005-04-19,2.902
2005-04-20,2.9
2005-04-21,2.903
2005-04-22,2.9
2005-04-25,2.901
2005-04-26,2.897
2005-04-27,2.9
2005-04-28,2.909
2005-04-29,2.91
2005-05-02,2.9
2005-05-03,2.897
2005-05-04,2.896
2005-05-05,2.897
2005-05-06,2.899
2005-05-09,2.895
2005-05-10,2.893
2005-05-11,2.896
2005-05-12,2.894
2005-05-13,2.895
2005-05-16,2.884
2005-05-17,2.886
2005-05-18,2.886
2005-05-19,2.885
2005-05-20,2.887
2005-05-23,2.886
2005-05-24,2.886
2005-05-26,2.885
2005-05-27,2.885
2005-05-30,2.884
2005-05-31,2.883
2005-06-01,2.886
2005-06-02,2.885
2005-06-03,2.894
2005-06-06,2.895
2005-06-07,2.894
2005-06-08,2.896
2005-06-09,2.895
2005-06-10,2.892
2005-06-13,2.88
2005-06-14,2.873
2005-06-15,2.877
2005-06-16,2.874
2005-06-17,2.872
2005-06-21,2.869
2005-06-22,2.866
2005-06-23,2.872
2005-06-24,2.88
2005-06-27,2.889
2005-06-28,2.894
2005-06-29,2.895
2005-06-30,2.887
2005-07-01,2.886
2005-07-04,2.885
2005-07-05,2.886
2005-07-06,2.881
2005-07-07,2.878
2005-07-08,2.869
2005-07-11,2.868
2005-07-12,2.873
2005-07-13,2.869
2005-07-14,2.864
2005-07-15,2.863
2005-07-18,2.864
2005-07-19,2.862
2005-07-20,2.862
2005-07-21,2.861
2005-07-22,2.863
2005-07-25,2.862
2005-07-26,2.862
2005-07-27,2.865
2005-07-28,2.863
2005-07-29,2.861
2005-08-01,2.86
2005-08-02,2.859
2005-08-03,2.86
2005-08-04,2.863
2005-08-05,2.865
2005-08-08,2.869
2005-08-09,2.873
2005-08-10,2.875
2005-08-11,2.877
2005-08-12,2.883
2005-08-16,2.888
2005-08-17,2.893
2005-08-18,2.897
2005-08-19,2.907
2005-08-22,2.907
2005-08-23,2.908
2005-08-24,2.907
2005-08-25,2.907
2005-08-26,2.909
2005-08-29,2.913
2005-08-30,2.912
2005-08-31,2.911
2005-09-01,2.91
2005-09-02,2.91
2005-09-05,2.907
2005-09-06,2.907
2005-09-07,2.905
2005-09-08,2.904
2005-09-09,2.911
2005-09-12,2.917
2005-09-13,2.919
2005-09-14,2.919
2005-09-15,2.914
2005-09-16,2.911
2005-09-19,2.911
2005-09-20,2.914
2005-09-21,2.914
2005-09-22,2.912
2005-09-23,2.91
2005-09-26,2.91
2005-09-27,2.91
2005-09-28,2.915
2005-09-29,2.915
2005-09-30,2.91
2005-10-03,2.909
2005-10-04,2.914
2005-10-05,2.923
2005-10-06,2.935
2005-10-07,2.937
2005-10-11,2.954
2005-10-12,2.965
2005-10-13,2.984
2005-10-14,2.971
2005-10-17,2.969
2005-10-18,2.969
2005-10-19,2.973
2005-10-20,2.982
2005-10-21,2.982
2005-10-24,2.978
2005-10-25,2.988
2005-10-26,2.999
2005-10-27,3.018
2005-10-28,3.015
2005-10-31,3.002
2005-11-01,2.992
2005-11-02,2.986
2005-11-03,2.982
2005-11-04,2.982
2005-11-07,2.973
2005-11-08,2.963
2005-11-09,2.969
2005-11-10,2.97
2005-11-11,2.967
2005-11-14,2.965
2005-11-15,2.952
2005-11-16,2.95
2005-11-17,2.943
2005-11-18,2.943
2005-11-21,2.939
2005-11-22,2.945
2005-11-23,2.95
2005-11-24,2.956
2005-11-25,2.971
2005-11-28,2.99
2005-11-29,2.976
2005-11-30,2.966
2005-12-01,2.978
2005-12-02,2.981
2005-12-05,3.005
2005-12-06,2.997
2005-12-07,2.992
2005-12-09,3.009
2005-12-12,3.014
2005-12-13,3.004
2005-12-14,2.998
2005-12-15,3.015
2005-12-16,3.035
2005-12-19,3.025
2005-12-20,3.034
2005-12-21,3.033
2005-12-22,3.023
2005-12-23,3.023
2005-12-26,3.018
2005-12-27,3.035
2005-12-28,3.04
2005-12-29,3.03
2005-12-30,3.032
2006-01-02,3.03
2006-01-03,3.038
2006-01-04,3.039
2006-01-05,3.05
2006-01-06,3.06
2006-01-09,3.064
2006-01-10,3.057
2006-01-11,3.051
2006-01-12,3.039
2006-01-13,3.035
2006-01-16,3.035
2006-01-17,3.046
2006-01-18,3.049
2006-01-19,3.046
2006-01-20,3.038
2006-01-23,3.038
2006-01-24,3.037
2006-01-25,3.05
2006-01-26,3.057
2006-01-27,3.057
2006-01-30,3.061
2006-01-31,3.066
2006-02-01,3.068
2006-02-02,3.069
2006-02-03,3.067
2006-02-06,3.069
2006-02-07,3.074
2006-02-08,3.072
2006-02-09,3.066
2006-02-10,3.067
2006-02-13,3.069
2006-02-14,3.071
2006-02-15,3.071
2006-02-16,3.067
2006-02-17,3.068
2006-02-20,3.066
2006-02-21,3.07
2006-02-22,3.073
2006-02-23,3.074
2006-02-24,3.075
2006-02-27,3.075
2006-02-28,3.074
2006-03-01,3.068
2006-03-02,3.067
2006-03-03,3.073
2006-03-06,3.077
2006-03-07,3.08
2006-03-08,3.083
2006-03-09,3.083
2006-03-10,3.082
2006-03-13,3.08
2006-03-14,3.076
2006-03-15,3.072
2006-03-16,3.073
2006-03-17,3.073
2006-03-20,3.074
2006-03-21,3.074
2006-03-22,3.075
2006-03-23,3.079
2006-03-27,3.083
2006-03-28,3.082
2006-03-29,3.08
2006-03-30,3.081
2006-03-31,3.082
2006-04-03,3.085
2006-04-04,3.083
2006-04-05,3.08
2006-04-06,3.079
2006-04-07,3.081
2006-04-10,3.081
2006-04-11,3.077
2006-04-12,3.078
2006-04-17,3.076
2006-04-18,3.07
2006-04-19,3.068
2006-04-20,3.059
2006-04-21,3.059
2006-04-24,3.047
2006-04-25,3.041
2006-04-26,3.039
2006-04-27,3.044
2006-04-28,3.048
2006-05-02,3.045
2006-05-03,3.042
2006-05-04,3.041
2006-05-05,3.041
2006-05-08,3.04
2006-05-09,3.041
2006-05-10,3.04
2006-05-11,3.034
2006-05-12,3.036
2006-05-15,3.041
2006-05-16,3.042
2006-05-17,3.048
2006-05-18,3.054
2006-05-19,3.056
2006-05-22,3.072
2006-05-23,3.072
2006-05-24,3.082
2006-05-26,3.088
2006-05-29,3.077
2006-05-30,3.088
2006-05-31,3.085
2006-06-01,3.08
2006-06-02,3.079
2006-06-05,3.08
2006-06-06,3.083
2006-06-07,3.082
2006-06-08,3.083
2006-06-09,3.082
2006-06-12,3.081
2006-06-13,3.083
2006-06-14,3.079
2006-06-15,3.08
2006-06-16,3.079
2006-06-20,3.078
2006-06-21,3.075
2006-06-22,3.078
2006-06-23,3.081
2006-06-26,3.086
2006-06-27,3.09
2006-06-28,3.088
2006-06-29,3.088
2006-06-30,3.086
2006-07-03,3.085
2006-07-04,3.085
2006-07-05,3.087
2006-07-06,3.086
2006-07-07,3.086
2006-07-10,3.086
2006-07-11,3.084
2006-07-12,3.083
2006-07-13,3.084
2006-07-14,3.083
2006-07-17,3.082
2006-07-18,3.082
2006-07-19,3.079
2006-07-20,3.082
2006-07-21,3.082
2006-07-24,3.08
2006-07-25,3.078
2006-07-26,3.074
2006-07-27,3.077
2006-07-28,3.077
2006-07-31,3.072
2006-08-01,3.071
2006-08-02,3.071
2006-08-03,3.07
2006-08-04,3.069
2006-08-07,3.072
2006-08-08,3.072
2006-08-09,3.069
2006-08-10,3.069
2006-08-11,3.071
2006-08-14,3.075
2006-08-15,3.08
2006-08-16,3.074
2006-08-17,3.08
2006-08-18,3.082
2006-08-22,3.082
2006-08-23,3.086
2006-08-24,3.087
2006-08-25,3.092
2006-08-28,3.097
2006-08-29,3.095
2006-08-30,3.097
2006-08-31,3.097
2006-09-01,3.096
2006-09-04,3.094
2006-09-05,3.098
2006-09-06,3.103
2006-09-07,3.099
2006-09-08,3.101
2006-09-11,3.103
2006-09-12,3.107
2006-09-13,3.103
2006-09-14,3.1
2006-09-15,3.098
2006-09-18,3.098
2006-09-19,3.097
2006-09-20,3.098
2006-09-21,3.099
2006-09-22,3.099
2006-09-25,3.1
2006-09-26,3.102
2006-09-27,3.102
2006-09-28,3.104
2006-09-29,3.104
2006-10-02,3.103
2006-10-03,3.104
2006-10-04,3.105
2006-10-05,3.105
2006-10-06,3.106
2006-10-09,3.106
2006-10-10,3.107
2006-10-11,3.106
2006-10-12,3.104
2006-10-13,3.103
2006-10-17,3.1
2006-10-18,3.091
2006-10-19,3.089
2006-10-20,3.09
2006-10-23,3.09
2006-10-24,3.09
2006-10-25,3.093
2006-10-26,3.089
2006-10-27,3.094
2006-10-30,3.094
2006-10-31,3.089
2006-11-01,3.087
2006-11-02,3.083
2006-11-03,3.083
2006-11-07,3.077
2006-11-08,3.069
2006-11-09,3.068
2006-11-10,3.068
2006-11-13,3.076
2006-11-14,3.072
2006-11-15,3.068
2006-11-16,3.069
2006-11-17,3.074
2006-11-20,3.076
2006-11-21,3.08
2006-11-22,3.073
2006-11-23,3.071
2006-11-24,3.075
2006-11-27,3.078
2006-11-28,3.078
2006-11-29,3.074
2006-11-30,3.068
2006-12-01,3.062
2006-12-04,3.06
2006-12-05,3.055
2006-12-06,3.057
2006-12-07,3.058
2006-12-11,3.06
2006-12-12,3.054
2006-12-13,3.056
2006-12-14,3.058
2006-12-15,3.057
2006-12-18,3.057
2006-12-19,3.058
2006-12-20,3.052
2006-12-21,3.048
2006-12-22,3.06
2006-12-26,3.07
2006-12-27,3.076
2006-12-28,3.072
2006-12-29,3.062
2007-01-02,3.058
2007-01-03,3.059
2007-01-04,3.072
2007-01-05,3.078
2007-01-08,3.078
2007-01-09,3.083
2007-01-10,3.081
2007-01-11,3.08
2007-01-12,3.081
2007-01-15,3.079
2007-01-16,3.08
2007-01-17,3.079
2007-01-18,3.082
2007-01-19,3.086
2007-01-22,3.096
2007-01-23,3.098
2007-01-24,3.096
2007-01-25,3.098
2007-01-26,3.106
2007-01-29,3.108
2007-01-30,3.107
2007-01-31,3.107
2007-02-01,3.103
2007-02-02,3.099
2007-02-05,3.103
2007-02-06,3.102
2007-02-07,3.102
2007-02-08,3.105
2007-02-09,3.106
2007-02-12,3.104
2007-02-13,3.102
2007-02-14,3.098
2007-02-15,3.1
2007-02-16,3.105
2007-02-19,3.103
2007-02-20,3.104
2007-02-21,3.106
2007-02-22,3.104
2007-02-23,3.104
2007-02-26,3.103
2007-02-27,3.101
2007-02-28,3.1
2007-03-01,3.097
2007-03-02,3.085
2007-03-05,3.102
2007-03-06,3.103
2007-03-07,3.104
2007-03-08,3.105
2007-03-09,3.106
2007-03-12,3.103
2007-03-13,3.101
2007-03-14,3.098
2007-03-15,3.098
2007-03-16,3.101
2007-03-19,3.1
2007-03-20,3.099
2007-03-21,3.1
2007-03-22,3.099
2007-03-23,3.102
2007-03-26,3.104
2007-03-27,3.106
2007-03-28,3.104
2007-03-29,3.102
2007-03-30,3.1
2007-04-03,3.101
2007-04-04,3.1
2007-04-09,3.097
2007-04-10,3.094
2007-04-11,3.091
2007-04-12,3.085
2007-04-13,3.09
2007-04-16,3.087
2007-04-17,3.083
2007-04-18,3.085
2007-04-19,3.088
2007-04-20,3.088
2007-04-23,3.083
2007-04-24,3.083
2007-04-25,3.086
2007-04-26,3.088
2007-04-27,3.09
2007-04-30,3.09
2007-05-02,3.085
2007-05-03,3.084
2007-05-04,3.083
2007-05-07,3.08
2007-05-08,3.08
2007-05-09,3.079
2007-05-10,3.081
2007-05-11,3.08
2007-05-14,3.078
2007-05-15,3.076
2007-05-16,3.077
2007-05-17,3.075
2007-05-18,3.078
2007-05-21,3.075
2007-05-22,3.078
2007-05-23,3.083
2007-05-24,3.084
2007-05-28,3.083
2007-05-29,3.081
2007-05-30,3.08
2007-05-31,3.077
2007-06-01,3.074
2007-06-04,3.072
2007-06-05,3.077
2007-06-06,3.076
2007-06-07,3.077
2007-06-08,3.076
2007-06-11,3.075
2007-06-12,3.074
2007-06-13,3.074
2007-06-14,3.072
2007-06-15,3.077
2007-06-19,3.074
2007-06-20,3.079
2007-06-21,3.082
2007-06-22,3.082
2007-06-25,3.084
2007-06-26,3.088
2007-06-27,3.091
2007-06-28,3.09
2007-06-29,3.093
2007-07-02,3.091
2007-07-03,3.091
2007-07-04,3.092
2007-07-05,3.103
2007-07-06,3.105
2007-07-10,3.103
2007-07-11,3.101
2007-07-12,3.1
2007-07-13,3.1
2007-07-16,3.101
2007-07-17,3.101
2007-07-18,3.104
2007-07-19,3.104
2007-07-20,3.12
2007-07-23,3.126
2007-07-24,3.16
2007-07-25,3.18
2007-07-26,3.138
2007-07-27,3.118
2007-07-30,3.124
2007-07-31,3.121
2007-08-01,3.133
2007-08-02,3.138
2007-08-03,3.14
2007-08-06,3.14
2007-08-07,3.141
2007-08-08,3.133
2007-08-09,3.143
2007-08-10,3.148
2007-08-13,3.144
2007-08-14,3.147
2007-08-15,3.152
2007-08-16,3.16
2007-08-17,3.156
2007-08-21,3.16
2007-08-22,3.168
2007-08-23,3.178
2007-08-24,3.17
2007-08-27,3.17
2007-08-28,3.164
2007-08-29,3.165
2007-08-30,3.158
2007-08-31,3.156
2007-09-03,3.162
2007-09-04,3.165
2007-09-05,3.164
2007-09-06,3.164
2007-09-07,3.162
2007-09-10,3.159
2007-09-11,3.147
2007-09-12,3.137
2007-09-13,3.131
2007-09-14,3.137
2007-09-17,3.135
2007-09-18,3.136
2007-09-19,3.131
2007-09-20,3.138
2007-09-21,3.145
2007-09-24,3.145
2007-09-25,3.147
2007-09-26,3.148
2007-09-27,3.15
2007-09-28,3.15
2007-10-01,3.149
2007-10-02,3.148
2007-10-03,3.151
2007-10-04,3.155
2007-10-05,3.156
2007-10-08,3.159
2007-10-09,3.163
2007-10-10,3.156
2007-10-11,3.156
2007-10-12,3.157
2007-10-16,3.16
2007-10-17,3.161
2007-10-18,3.162
2007-10-19,3.163
2007-10-22,3.169
2007-10-23,3.173
2007-10-24,3.179
2007-10-25,3.179
2007-10-26,3.171
2007-10-29,3.157
2007-10-30,3.148
2007-10-31,3.142
2007-11-01,3.132
2007-11-02,3.129
2007-11-05,3.133
2007-11-07,3.126
2007-11-08,3.13
2007-11-09,3.129
2007-11-12,3.132
2007-11-13,3.135
2007-11-14,3.128
2007-11-15,3.124
2007-11-16,3.132
2007-11-19,3.13
2007-11-20,3.132
2007-11-21,3.139
2007-11-22,3.141
2007-11-23,3.143
2007-11-26,3.143
2007-11-27,3.15
2007-11-28,3.149
2007-11-29,3.148
2007-11-30,3.145
2007-12-03,3.139
2007-12-04,3.136
2007-12-05,3.132
2007-12-06,3.134
2007-12-07,3.138
2007-12-10,3.138
2007-12-11,3.139
2007-12-12,3.139
2007-12-13,3.142
2007-12-14,3.142
2007-12-17,3.14
2007-12-18,3.137
2007-12-19,3.132
2007-12-20,3.136
2007-12-21,3.141
2007-12-26,3.144
2007-12-27,3.149
2007-12-28,3.149
2007-12-31,3.149
2008-01-02,3.145
2008-01-03,3.141
2008-01-04,3.14
2008-01-07,3.136
2008-01-08,3.13
2008-01-09,3.129
2008-01-10,3.129
2008-01-11,3.128
2008-01-14,3.137
2008-01-15,3.141
2008-01-16,3.146
2008-01-17,3.15
2008-01-18,3.152
2008-01-21,3.158
2008-01-22,3.157
2008-01-23,3.158
2008-01-24,3.153
2008-01-25,3.15
2008-01-28,3.151
2008-01-29,3.152
2008-01-30,3.156
2008-01-31,3.158
2008-02-01,3.154
2008-02-04,3.158
2008-02-05,3.164
2008-02-06,3.169
2008-02-07,3.169
2008-02-08,3.169
2008-02-11,3.168
2008-02-12,3.162
2008-02-13,3.156
2008-02-14,3.156
2008-02-15,3.153
2008-02-18,3.153
2008-02-19,3.154
2008-02-20,3.151
2008-02-21,3.151
2008-02-22,3.157
2008-02-25,3.158
2008-02-26,3.159
2008-02-27,3.158
2008-02-28,3.157
2008-02-29,3.161
2008-03-03,3.159
2008-03-04,3.153
2008-03-05,3.152
2008-03-06,3.154
2008-03-07,3.156
2008-03-10,3.158
2008-03-11,3.152
2008-03-12,3.152
2008-03-13,3.148
2008-03-14,3.146
2008-03-17,3.148
2008-03-18,3.147
2008-03-19,3.157
2008-03-25,3.162
2008-03-26,3.169
2008-03-27,3.165
2008-03-28,3.162
2008-03-31,3.168
2008-04-01,3.17
2008-04-03,3.164
2008-04-04,3.163
2008-04-07,3.159
2008-04-08,3.159
2008-04-09,3.159
2008-04-10,3.156
2008-04-11,3.153
2008-04-14,3.154
2008-04-15,3.161
2008-04-16,3.166
2008-04-17,3.172
2008-04-18,3.17
2008-04-21,3.18
2008-04-22,3.182
2008-04-23,3.181
2008-04-24,3.184
2008-04-25,3.174
2008-04-28,3.172
2008-04-29,3.167
2008-04-30,3.164
2008-05-02,3.172
2008-05-05,3.174
2008-05-06,3.177
2008-05-07,3.184
2008-05-08,3.177
2008-05-09,3.177
2008-05-12,3.177
2008-05-13,3.165
2008-05-14,3.163
2008-05-15,3.161
2008-05-16,3.146
2008-05-19,3.149
2008-05-20,3.14
2008-05-21,3.133
2008-05-22,3.134
2008-05-23,3.134
2008-05-26,3.142
2008-05-27,3.128
2008-05-28,3.116
2008-05-29,3.111
2008-05-30,3.099
2008-06-02,3.087
2008-06-03,3.068
2008-06-04,3.074
2008-06-05,3.061
2008-06-06,3.068
2008-06-09,3.064
2008-06-10,3.065
2008-06-11,3.061
2008-06-12,3.053
2008-06-13,3.04
2008-06-17,3.035
2008-06-18,3.035
2008-06-19,3.036
2008-06-20,3.034
2008-06-23,3.019
2008-06-24,3.016
2008-06-25,3.018
2008-06-26,3.027
2008-06-27,3.026
2008-06-30,3.025
2008-07-01,3.022
2008-07-02,3.02
2008-07-03,3.028
2008-07-04,3.026
2008-07-07,3.017
2008-07-08,3.014
2008-07-10,3.018
2008-07-11,3.022
2008-07-14,3.024
2008-07-15,3.024
2008-07-16,3.028
2008-07-17,3.023
2008-07-18,3.023
2008-07-21,3.024
2008-07-22,3.023
2008-07-23,3.018
2008-07-24,3.017
2008-07-25,3.018
2008-07-28,3.02
2008-07-29,3.025
2008-07-30,3.026
2008-07-31,3.044
2008-08-01,3.042
2008-08-04,3.038
2008-08-05,3.042
2008-08-06,3.044
2008-08-07,3.047
2008-08-08,3.052
2008-08-11,3.033
2008-08-12,3.036
2008-08-13,3.03
2008-08-14,3.029
2008-08-15,3.03
2008-08-19,3.028
2008-08-20,3.028
2008-08-21,3.025
2008-08-22,3.025
2008-08-25,3.026
2008-08-26,3.026
2008-08-27,3.027
2008-08-28,3.027
2008-08-29,3.03
2008-09-01,3.028
2008-09-02,3.038
2008-09-03,3.037
2008-09-04,3.038
2008-09-05,3.04
2008-09-08,3.05
2008-09-09,3.057
2008-09-10,3.074
2008-09-11,3.08
2008-09-12,3.082
2008-09-15,3.087
2008-09-16,3.095
2008-09-17,3.105
2008-09-18,3.119
2008-09-19,3.115
2008-09-22,3.1
2008-09-23,3.099
2008-09-24,3.106
2008-09-25,3.113
2008-09-26,3.116
2008-09-29,3.118
2008-09-30,3.135
2008-10-01,3.134
2008-10-02,3.144
2008-10-03,3.162
2008-10-06,3.197
2008-10-07,3.215
2008-10-08,3.223
2008-10-09,3.231
2008-10-10,3.224
2008-10-14,3.192
2008-10-15,3.198
2008-10-16,3.205
2008-10-17,3.316
2008-10-20,3.222
2008-10-21,3.211
2008-10-22,3.223
2008-10-23,3.255
2008-10-24,3.278
2008-10-27,3.3
2008-10-28,3.368
2008-10-29,3.37
2008-10-30,3.385
2008-10-31,3.388
2008-11-03,3.387
2008-11-04,3.285
2008-11-05,3.31
2008-11-07,3.307
2008-11-10,3.3
2008-11-11,3.3
2008-11-12,3.305
2008-11-13,3.31
2008-11-14,3.314
2008-11-17,3.316
2008-11-18,3.321
2008-11-19,3.327
2008-11-20,3.329
2008-11-21,3.333
2008-11-24,3.336
2008-11-25,3.34
2008-11-26,3.348
2008-11-27,3.36
2008-11-28,3.373
2008-12-01,3.383
2008-12-02,3.396
2008-12-03,3.409
2008-12-04,3.443
2008-12-05,3.468
2008-12-09,3.435
2008-12-10,3.415
2008-12-11,3.41
2008-12-12,3.423
2008-12-15,3.42
2008-12-16,3.402
2008-12-17,3.402
2008-12-18,3.405
2008-12-19,3.416
2008-12-22,3.425
2008-12-23,3.434
2008-12-24,3.435
2008-12-26,3.44
2008-12-29,3.445
2008-12-30,3.452
2008-12-31,3.453
2009-01-02,3.458
2009-01-05,3.451
2009-01-06,3.453
2009-01-07,3.455
2009-01-08,3.45
2009-01-09,3.449
2009-01-12,3.449
2009-01-13,3.451
2009-01-14,3.451
2009-01-15,3.453
2009-01-16,3.456
2009-01-19,3.456
2009-01-20,3.46
2009-01-21,3.47
2009-01-22,3.475
2009-01-23,3.479
2009-01-26,3.481
2009-01-27,3.484
2009-01-28,3.488
2009-01-29,3.485
2009-01-30,3.488
2009-02-02,3.491
2009-02-03,3.5
2009-02-04,3.487
2009-02-05,3.486
2009-02-06,3.486
2009-02-09,3.487
2009-02-10,3.484
2009-02-11,3.49
2009-02-12,3.491
2009-02-13,3.496
2009-02-16,3.497
2009-02-17,3.504
2009-02-18,3.51
2009-02-19,3.534
2009-02-20,3.538
2009-02-23,3.548
2009-02-24,3.554
2009-02-25,3.555
2009-02-26,3.558
2009-02-27,3.567
2009-03-02,3.601
2009-03-03,3.611
2009-03-04,3.618
2009-03-05,3.622
2009-03-06,3.631
2009-03-09,3.637
2009-03-10,3.637
2009-03-11,3.642
2009-03-12,3.646
2009-03-13,3.65
2009-03-16,3.643
2009-03-17,3.648
2009-03-18,3.656
2009-03-19,3.649
2009-03-20,3.657
2009-03-23,3.689
2009-03-25,3.688
2009-03-26,3.694
2009-03-27,3.716
2009-03-30,3.717
2009-03-31,3.72
2009-04-01,3.712
2009-04-03,3.694
2009-04-06,3.674
2009-04-07,3.674
2009-04-08,3.677
2009-04-13,3.68
2009-04-14,3.678
2009-04-15,3.677
2009-04-16,3.679
2009-04-17,3.684
2009-04-20,3.689
2009-04-21,3.692
2009-04-22,3.696
2009-04-23,3.697
2009-04-24,3.697
2009-04-27,3.704
2009-04-28,3.716
2009-04-29,3.721
2009-04-30,3.714
2009-05-04,3.695
2009-05-05,3.699
2009-05-06,3.711
2009-05-07,3.721
2009-05-08,3.721
2009-05-11,3.72
2009-05-12,3.721
2009-05-13,3.725
2009-05-14,3.727
2009-05-15,3.728
2009-05-18,3.727
2009-05-19,3.728
2009-05-20,3.732
2009-05-21,3.736
2009-05-22,3.737
2009-05-26,3.739
2009-05-27,3.737
2009-05-28,3.744
2009-05-29,3.749
2009-06-01,3.745
2009-06-02,3.743
2009-06-03,3.744
2009-06-04,3.743
2009-06-05,3.757
2009-06-08,3.759
2009-06-09,3.76
2009-06-10,3.76
2009-06-11,3.76
2009-06-12,3.764
2009-06-16,3.766
2009-06-17,3.767
2009-06-18,3.768
2009-06-19,3.775
2009-06-22,3.781
2009-06-23,3.793
2009-06-24,3.792
2009-06-25,3.795
2009-06-26,3.798
2009-06-29,3.79
2009-06-30,3.797
2009-07-01,3.799
2009-07-02,3.801
2009-07-03,3.803
2009-07-06,3.803
2009-07-07,3.805
2009-07-08,3.808
2009-07-13,3.808
2009-07-14,3.806
2009-07-15,3.807
2009-07-16,3.807
2009-07-17,3.808
2009-07-20,3.808
2009-07-21,3.808
2009-07-22,3.808
2009-07-23,3.808
2009-07-24,3.809
2009-07-27,3.81
2009-07-28,3.815
2009-07-29,3.824
2009-07-30,3.829
2009-07-31,3.83
2009-08-03,3.826
2009-08-04,3.823
2009-08-05,3.825
2009-08-06,3.826
2009-08-07,3.827
2009-08-10,3.829
2009-08-11,3.831
2009-08-12,3.834
2009-08-13,3.837
2009-08-14,3.84
2009-08-18,3.846
2009-08-19,3.848
2009-08-20,3.849
2009-08-21,3.849
2009-08-24,3.85
2009-08-25,3.85
2009-08-26,3.848
2009-08-27,3.848
2009-08-28,3.85
2009-08-31,3.851
2009-09-01,3.845
2009-09-02,3.846
2009-09-03,3.846
2009-09-04,3.847
2009-09-07,3.849
2009-09-08,3.851
2009-09-09,3.854
2009-09-10,3.853
2009-09-11,3.854
2009-09-14,3.842
2009-09-15,3.831
2009-09-16,3.828
2009-09-17,3.832
2009-09-18,3.839
2009-09-21,3.836
2009-09-22,3.837
2009-09-23,3.837
2009-09-24,3.837
2009-09-25,3.838
2009-09-28,3.841
2009-09-29,3.843
2009-09-30,3.843
2009-10-01,3.844
2009-10-02,3.844
2009-10-05,3.84
2009-10-06,3.834
2009-10-07,3.834
2009-10-08,3.833
2009-10-09,3.829
2009-10-13,3.825
2009-10-14,3.822
2009-10-15,3.819
2009-10-16,3.821
2009-10-19,3.822
2009-10-20,3.821
2009-10-21,3.821
2009-10-22,3.822
2009-10-23,3.82
2009-10-26,3.82
2009-10-27,3.82
2009-10-28,3.82
2009-10-29,3.82
2009-10-30,3.819
2009-11-02,3.819
2009-11-03,3.818
2009-11-04,3.818
2009-11-05,3.817
2009-11-09,3.816
2009-11-10,3.815
2009-11-11,3.813
2009-11-12,3.814
2009-11-13,3.814
2009-11-16,3.815
2009-11-17,3.814
2009-11-18,3.81
2009-11-19,3.803
2009-11-20,3.8
2009-11-23,3.799
2009-11-24,3.802
2009-11-25,3.803
2009-11-26,3.806
2009-11-27,3.809
2009-11-30,3.811
2009-12-01,3.812
2009-12-02,3.811
2009-12-03,3.809
2009-12-04,3.807
2009-12-07,3.804
2009-12-09,3.799
2009-12-10,3.801
2009-12-11,3.803
2009-12-14,3.811
2009-12-15,3.811
2009-12-16,3.81
2009-12-17,3.82
2009-12-18,3.813
2009-12-21,3.808
2009-12-22,3.8
2009-12-23,3.795
2009-12-24,3.792
2009-12-28,3.799
2009-12-29,3.827
2009-12-30,3.8
2009-12-31,3.8
2010-01-04,3.798
2010-01-05,3.799
2010-01-06,3.81
2010-01-07,3.795
2010-01-08,3.798
2010-01-11,3.794
2010-01-12,3.794
2010-01-13,3.797
2010-01-14,3.797
2010-01-15,3.797
2010-01-18,3.799
2010-01-19,3.801
2010-01-20,3.804
2010-01-21,3.808
2010-01-22,3.807
2010-01-25,3.806
2010-01-26,3.814
2010-01-27,3.814
2010-01-28,3.819
2010-01-29,3.835
2010-02-01,3.836
2010-02-02,3.832
2010-02-03,3.834
2010-02-04,3.841
2010-02-05,3.84
2010-02-08,3.841
2010-02-09,3.843
2010-02-10,3.847
2010-02-11,3.85
2010-02-12,3.854
2010-02-15,3.86
2010-02-16,3.857
2010-02-17,3.856
2010-02-18,3.858
2010-02-19,3.858
2010-02-22,3.863
2010-02-23,3.86
2010-02-24,3.86
2010-02-25,3.859
2010-02-26,3.859
2010-03-01,3.857
2010-03-02,3.855
2010-03-03,3.855
2010-03-04,3.856
2010-03-05,3.859
2010-03-08,3.859
2010-03-09,3.862
2010-03-10,3.858
2010-03-11,3.859
2010-03-12,3.86
2010-03-15,3.863
2010-03-16,3.862
2010-03-17,3.862
2010-03-18,3.862
2010-03-19,3.864
2010-03-22,3.864
2010-03-23,3.865
2010-03-25,3.867
2010-03-26,3.867
2010-03-29,3.873
2010-03-30,3.875
2010-03-31,3.878
2010-04-05,3.879
2010-04-06,3.88
2010-04-07,3.876
2010-04-08,3.876
2010-04-09,3.876
2010-04-12,3.878
2010-04-13,3.879
2010-04-14,3.876
2010-04-15,3.872
2010-04-16,3.869
2010-04-19,3.87
2010-04-20,3.871
2010-04-21,3.871
2010-04-22,3.871
2010-04-23,3.872
2010-04-26,3.873
2010-04-27,3.878
2010-04-28,3.881
2010-04-29,3.883
2010-04-30,3.888
2010-05-03,3.888
2010-05-04,3.895
2010-05-05,3.895
2010-05-06,3.895
2010-05-07,3.895
2010-05-10,3.895
2010-05-11,3.896
2010-05-12,3.895
2010-05-13,3.895
2010-05-14,3.897
2010-05-17,3.903
2010-05-18,3.909
2010-05-19,3.906
2010-05-20,3.905
2010-05-21,3.906
2010-05-26,3.911
2010-05-27,3.912
2010-05-28,3.92
2010-05-31,3.929
2010-06-01,3.93
2010-06-02,3.925
2010-06-03,3.92
2010-06-04,3.924
2010-06-07,3.922
2010-06-08,3.916
2010-06-09,3.917
2010-06-10,3.919
2010-06-11,3.923
2010-06-14,3.926
2010-06-15,3.926
2010-06-16,3.926
2010-06-17,3.926
2010-06-18,3.926
2010-06-22,3.929
2010-06-23,3.927
2010-06-24,3.93
2010-06-25,3.932
2010-06-28,3.933
2010-06-29,3.932
2010-06-30,3.931
2010-07-01,3.933
2010-07-02,3.934
2010-07-05,3.935
2010-07-06,3.935
2010-07-07,3.936
2010-07-08,3.937
2010-07-12,3.936
2010-07-13,3.934
2010-07-14,3.934
2010-07-15,3.935
2010-07-16,3.934
2010-07-19,3.935
2010-07-20,3.934
2010-07-21,3.934
2010-07-22,3.932
2010-07-23,3.931
2010-07-26,3.932
2010-07-27,3.933
2010-07-28,3.935
2010-07-29,3.937
2010-07-30,3.94
2010-08-02,3.938
2010-08-03,3.934
2010-08-04,3.933
2010-08-05,3.933
2010-08-06,3.932
2010-08-09,3.932
2010-08-10,3.933
2010-08-11,3.934
2010-08-12,3.933
2010-08-13,3.933
2010-08-17,3.934
2010-08-18,3.936
2010-08-19,3.937
2010-08-20,3.938
2010-08-23,3.939
2010-08-24,3.942
2010-08-25,3.945
2010-08-26,3.944
2010-08-27,3.944
2010-08-30,3.95
2010-08-31,3.95
2010-09-01,3.95
2010-09-02,3.947
2010-09-03,3.945
2010-09-06,3.944
2010-09-07,3.947
2010-09-08,3.946
2010-09-09,3.945
2010-09-10,3.945
2010-09-13,3.948
2010-09-14,3.949
2010-09-15,3.95
2010-09-16,3.949
2010-09-17,3.951
2010-09-20,3.95
2010-09-21,3.951
2010-09-22,3.952
2010-09-23,3.953
2010-09-24,3.96
2010-09-27,3.971
2010-09-28,3.973
2010-09-29,3.964
2010-09-30,3.96
2010-10-01,3.961
2010-10-04,3.96
2010-10-05,3.958
2010-10-06,3.96
2010-10-07,3.958
2010-10-08,3.956
2010-10-12,3.955
2010-10-13,3.952
2010-10-14,3.948
2010-10-15,3.955
2010-10-18,3.954
2010-10-19,3.957
2010-10-20,3.958
2010-10-21,3.958
2010-10-22,3.956
2010-10-25,3.955
2010-10-26,3.958
2010-10-28,3.957
2010-10-29,3.957
2010-11-01,3.959
2010-11-02,3.958
2010-11-03,3.957
2010-11-04,3.959
2010-11-05,3.958
2010-11-08,3.963
2010-11-09,3.962
2010-11-10,3.961
2010-11-11,3.962
2010-11-12,3.965
2010-11-15,3.97
2010-11-16,3.973
2010-11-17,3.973
2010-11-18,3.973
2010-11-19,3.973
2010-11-23,3.973
2010-11-24,3.973
2010-11-25,3.975
2010-11-26,3.98
2010-11-29,3.985
2010-11-30,3.988
2010-12-01,3.983
2010-12-02,3.98
2010-12-03,3.978
2010-12-06,3.978
2010-12-07,3.978
2010-12-09,3.977
2010-12-10,3.975
2010-12-13,3.973
2010-12-14,3.974
2010-12-15,3.974
2010-12-16,3.975
2010-12-17,3.974
2010-12-20,3.974
2010-12-21,3.973
2010-12-22,3.972
2010-12-23,3.978
2010-12-27,3.984
2010-12-28,3.981
2010-12-29,3.978
2010-12-30,3.976
2010-12-31,3.976
2011-01-03,3.973
2011-01-04,3.973
2011-01-05,3.972
2011-01-06,3.972
2011-01-07,3.978
2011-01-10,3.978
2011-01-11,3.978
2011-01-12,3.976
2011-01-13,3.976
2011-01-14,3.978
2011-01-17,3.979
2011-01-18,3.983
2011-01-19,3.983
2011-01-20,3.983
2011-01-21,3.983
2011-01-24,3.985
2011-01-25,3.99
2011-01-26,3.99
2011-01-27,3.995
2011-01-28,4.001
2011-01-31,4.008
2011-02-01,4.009
2011-02-02,4.017
2011-02-03,4.015
2011-02-04,4.017
2011-02-07,4.019
2011-02-08,4.017
2011-02-09,4.017
2011-02-10,4.02
2011-02-11,4.022
2011-02-14,4.023
2011-02-15,4.025
2011-02-16,4.023
2011-02-17,4.024
2011-02-18,4.025
2011-02-21,4.028
2011-02-22,4.028
2011-02-23,4.029
2011-02-24,4.028
2011-02-25,4.029
2011-02-28,4.03
2011-03-01,4.031
2011-03-02,4.03
2011-03-03,4.029
2011-03-04,4.03
2011-03-09,4.033
2011-03-10,4.031
2011-03-11,4.028
2011-03-14,4.029
2011-03-15,4.034
2011-03-16,4.038
2011-03-17,4.039
2011-03-18,4.039
2011-03-21,4.041
2011-03-22,4.042
2011-03-23,4.042
2011-03-28,4.044
2011-03-29,4.047
2011-03-30,4.05
2011-03-31,4.054
2011-04-01,4.054
2011-04-04,4.052
2011-04-05,4.054
2011-04-06,4.054
2011-04-07,4.053
2011-04-08,4.05
2011-04-11,4.05
2011-04-12,4.055
2011-04-13,4.058
2011-04-14,4.067
2011-04-15,4.07
2011-04-18,4.074
2011-04-19,4.076
2011-04-20,4.079
2011-04-25,4.082
2011-04-26,4.082
2011-04-27,4.085
2011-04-28,4.08
2011-04-29,4.08
2011-05-02,4.079
2011-05-03,4.078
2011-05-04,4.079
2011-05-05,4.08
2011-05-06,4.081
2011-05-09,4.082
2011-05-10,4.082
2011-05-11,4.083
2011-05-12,4.082
2011-05-13,4.083
2011-05-16,4.084
2011-05-17,4.085
2011-05-18,4.086
2011-05-19,4.087
2011-05-20,4.086
2011-05-23,4.087
2011-05-24,4.086
2011-05-26,4.086
2011-05-27,4.086
2011-05-30,4.088
2011-05-31,4.09
2011-06-01,4.089
2011-06-02,4.09
2011-06-03,4.09
2011-06-06,4.092
2011-06-07,4.092
2011-06-08,4.092
2011-06-09,4.093
2011-06-10,4.092
2011-06-13,4.092
2011-06-14,4.093
2011-06-15,4.094
2011-06-16,4.094
2011-06-17,4.095
2011-06-21,4.098
2011-06-22,4.099
2011-06-23,4.099
2011-06-24,4.1
2011-06-27,4.102
2011-06-28,4.104
2011-06-29,4.11
2011-06-30,4.11
2011-07-01,4.11
2011-07-04,4.115
2011-07-05,4.116
2011-07-06,4.118
2011-07-07,4.121
2011-07-08,4.121
2011-07-11,4.122
2011-07-12,4.122
2011-07-13,4.122
2011-07-14,4.122
2011-07-15,4.122
2011-07-18,4.128
2011-07-19,4.136
2011-07-20,4.136
2011-07-21,4.139
2011-07-22,4.139
2011-07-25,4.135
2011-07-26,4.137
2011-07-27,4.138
2011-07-28,4.142
2011-07-29,4.145
2011-08-01,4.147
2011-08-02,4.148
2011-08-03,4.151
2011-08-04,4.153
2011-08-05,4.156
2011-08-08,4.154
2011-08-09,4.157
2011-08-10,4.157
2011-08-11,4.159
2011-08-12,4.158
2011-08-15,4.161
2011-08-16,4.163
2011-08-17,4.167
2011-08-18,4.173
2011-08-19,4.178
2011-08-23,4.184
2011-08-24,4.186
2011-08-25,4.185
2011-08-26,4.184
2011-08-29,4.188
2011-08-30,4.195
2011-08-31,4.2
2011-09-01,4.224
2011-09-02,4.202
2011-09-05,4.208
2011-09-06,4.208
2011-09-07,4.207
2011-09-08,4.202
2011-09-09,4.203
2011-09-12,4.204
2011-09-13,4.204
2011-09-14,4.204
2011-09-15,4.205
2011-09-16,4.205
2011-09-19,4.205
2011-09-20,4.19
2011-09-21,4.189
2011-09-22,4.2
2011-09-23,4.205
2011-09-26,4.205
2011-09-27,4.205
2011-09-28,4.205
2011-09-29,4.205
2011-09-30,4.205
2011-10-03,4.205
2011-10-04,4.205
2011-10-05,4.207
2011-10-06,4.21
2011-10-07,4.21
2011-10-11,4.211
2011-10-12,4.211
2011-10-13,4.213
2011-10-14,4.216
2011-10-17,4.21
2011-10-18,4.225
2011-10-19,4.235
2011-10-20,4.235
2011-10-21,4.235
2011-10-24,4.236
2011-10-25,4.236
2011-10-26,4.236
2011-10-27,4.236
2011-10-28,4.236
2011-10-31,4.236
2011-11-01,4.241
2011-11-02,4.25
2011-11-03,4.25
2011-11-04,4.256
2011-11-07,4.26
2011-11-08,4.26
2011-11-09,4.26
2011-11-10,4.263
2011-11-11,4.272
2011-11-14,4.275
2011-11-15,4.263
2011-11-16,4.257
2011-11-17,4.256
2011-11-18,4.257
2011-11-21,4.258
2011-11-22,4.259
2011-11-23,4.259
2011-11-24,4.263
2011-11-25,4.263
2011-11-29,4.275
2011-11-30,4.281
2011-12-01,4.282
2011-12-02,4.283
2011-12-05,4.286
2011-12-06,4.278
2011-12-07,4.278
2011-12-12,4.279
2011-12-13,4.279
2011-12-14,4.281
2011-12-15,4.284
2011-12-16,4.29
2011-12-19,4.29
2011-12-20,4.292
2011-12-21,4.292
2011-12-22,4.292
2011-12-23,4.292
2011-12-27,4.298
2011-12-28,4.298
2011-12-29,4.303
2011-12-30,4.304
2012-01-03,4.304
2012-01-04,4.306
2012-01-05,4.311
2012-01-06,4.317
2012-01-09,4.314
2012-01-10,4.313
2012-01-11,4.312
2012-01-12,4.312
2012-01-13,4.312
2012-01-16,4.317
2012-01-17,4.318
2012-01-18,4.32
2012-01-19,4.321
2012-01-20,4.323
2012-01-23,4.328
2012-01-24,4.334
2012-01-25,4.338
2012-01-26,4.336
2012-01-27,4.335
2012-01-30,4.335
2012-01-31,4.337
2012-02-01,4.334
2012-02-02,4.333
2012-02-03,4.333
2012-02-06,4.333
2012-02-07,4.338
2012-02-08,4.342
2012-02-09,4.346
2012-02-10,4.345
2012-02-13,4.346
2012-02-14,4.349
2012-02-15,4.351
2012-02-16,4.353
2012-02-17,4.354
2012-02-22,4.354
2012-02-23,4.354
2012-02-24,4.355
2012-02-28,4.356
2012-02-29,4.357
2012-03-01,4.346
2012-03-02,4.335
2012-03-05,4.335
2012-03-06,4.336
2012-03-07,4.337
2012-03-08,4.339
2012-03-09,4.343
2012-03-12,4.348
2012-03-13,4.353
2012-03-14,4.357
2012-03-15,4.352
2012-03-16,4.36
2012-03-19,4.363
2012-03-20,4.365
2012-03-21,4.367
2012-03-22,4.366
2012-03-23,4.369
2012-03-26,4.372
2012-03-27,4.373
2012-03-28,4.374
2012-03-29,4.377
2012-03-30,4.379
2012-04-03,4.382
2012-04-04,4.388
2012-04-09,4.384
2012-04-10,4.384
2012-04-11,4.39
2012-04-12,4.395
2012-04-13,4.394
2012-04-16,4.394
2012-04-17,4.397
2012-04-18,4.402
2012-04-19,4.404
2012-04-20,4.406
2012-04-23,4.406
2012-04-24,4.411
2012-04-25,4.414
2012-04-26,4.414
2012-04-27,4.417
2012-05-02,4.426
2012-05-03,4.428
2012-05-04,4.428
2012-05-07,4.437
2012-05-08,4.438
2012-05-09,4.44
2012-05-10,4.439
2012-05-11,4.44
2012-05-14,4.443
2012-05-15,4.442
2012-05-16,4.447
2012-05-17,4.451
2012-05-18,4.459
2012-05-21,4.465
2012-05-22,4.468
2012-05-23,4.469
2012-05-24,4.47
2012-05-28,4.474
2012-05-29,4.47
2012-05-30,4.471
2012-05-31,4.471
2012-06-01,4.471
2012-06-04,4.474
2012-06-05,4.484
2012-06-06,4.496
2012-06-07,4.484
2012-06-08,4.486
2012-06-11,4.49
2012-06-12,4.49
2012-06-13,4.492
2012-06-14,4.495
2012-06-15,4.496
2012-06-16,4.611
2012-06-18,4.5
2012-06-19,4.503
2012-06-21,4.508
2012-06-22,4.512
2012-06-25,4.514
2012-06-26,4.517
2012-06-27,4.518
2012-06-28,4.523
2012-06-29,4.527
2012-07-02,4.525
2012-07-03,4.525
2012-07-04,4.527
2012-07-05,4.53
2012-07-06,4.535
2012-07-10,4.538
2012-07-11,4.541
2012-07-12,4.546
2012-07-13,4.547
2012-07-16,4.547
2012-07-17,4.552
2012-07-18,4.557
2012-07-19,4.56
2012-07-20,4.564
2012-07-23,4.571
2012-07-24,4.573
2012-07-25,4.57
2012-07-26,4.574
2012-07-27,4.58
2012-07-30,4.58
2012-07-31,4.585
2012-08-01,4.587
2012-08-02,4.586
2012-08-03,4.589
2012-08-06,4.592
2012-08-07,4.595
2012-08-08,4.598
2012-08-09,4.6
2012-08-10,4.601
2012-08-13,4.605
2012-08-14,4.606
2012-08-15,4.608
2012-08-16,4.611
2012-08-17,4.616
2012-08-21,4.618
2012-08-22,4.616
2012-08-23,4.617
2012-08-24,4.625
2012-08-27,4.629
2012-08-28,4.629
2012-08-29,4.629
2012-08-30,4.633
2012-08-31,4.638
2012-09-03,4.643
2012-09-04,4.649
2012-09-05,4.652
2012-09-06,4.655
2012-09-07,4.661
2012-09-10,4.661
2012-09-11,4.66
2012-09-12,4.661
2012-09-13,4.665
2012-09-14,4.671
2012-09-17,4.674
2012-09-18,4.677
2012-09-19,4.681
2012-09-20,4.681
2012-09-21,4.686
2012-09-25,4.689
2012-09-26,4.69
2012-09-27,4.692
2012-09-28,4.697
2012-10-01,4.699
2012-10-02,4.7
2012-10-03,4.703
2012-10-04,4.706
2012-10-05,4.709
2012-10-09,4.713
2012-10-10,4.715
2012-10-11,4.72
2012-10-12,4.723
2012-10-15,4.727
2012-10-16,4.731
2012-10-17,4.732
2012-10-18,4.735
2012-10-19,4.738
2012-10-22,4.742
2012-10-23,4.743
2012-10-24,4.748
2012-10-25,4.752
2012-10-26,4.752
2012-10-29,4.757
2012-10-30,4.763
2012-10-31,4.766
2012-11-01,4.77
2012-11-02,4.769
2012-11-05,4.77
2012-11-07,4.77
2012-11-08,4.774
2012-11-09,4.778
2012-11-12,4.785
2012-11-13,4.783
2012-11-14,4.787
2012-11-15,4.794
2012-11-16,4.8
2012-11-19,4.805
2012-11-20,4.807
2012-11-21,4.816
2012-11-22,4.823
2012-11-23,4.818
2012-11-27,4.824
2012-11-28,4.83
2012-11-29,4.831
2012-11-30,4.838
2012-12-03,4.842
2012-12-04,4.847
2012-12-05,4.851
2012-12-06,4.858
2012-12-07,4.863
2012-12-10,4.863
2012-12-11,4.868
2012-12-12,4.872
2012-12-13,4.874
2012-12-14,4.878
2012-12-17,4.884
2012-12-18,4.889
2012-12-19,4.896
2012-12-20,4.9
2012-12-21,4.905
2012-12-26,4.91
2012-12-27,4.913
2012-12-28,4.914
2012-12-31,4.918
2013-01-02,4.925
2013-01-03,4.927
2013-01-04,4.926
2013-01-07,4.931
2013-01-08,4.932
2013-01-09,4.936
2013-01-10,4.939
2013-01-11,4.942
2013-01-14,4.951
2013-01-15,4.949
2013-01-16,4.948
2013-01-17,4.95
2013-01-18,4.951
2013-01-21,4.958
2013-01-22,4.957
2013-01-23,4.964
2013-01-24,4.963
2013-01-25,4.965
2013-01-28,4.971
2013-01-29,4.976
2013-01-30,4.978
2013-02-01,4.985
2013-02-04,4.983
2013-02-05,4.984
2013-02-06,4.987
2013-02-07,4.995
2013-02-08,4.996
2013-02-13,5.004
2013-02-14,5.004
2013-02-15,5.011
2013-02-18,5.022
2013-02-19,5.022
2013-02-21,5.029
2013-02-22,5.03
2013-02-25,5.034
2013-02-26,5.038
2013-02-27,5.04
2013-02-28,5.046
2013-03-01,5.049
2013-03-04,5.054
2013-03-05,5.057
2013-03-06,5.061
2013-03-07,5.063
2013-03-08,5.065
2013-03-11,5.075
2013-03-12,5.078
2013-03-13,5.08
2013-03-14,5.085
2013-03-15,5.092
2013-03-18,5.096
2013-03-19,5.096
2013-03-20,5.095
2013-03-21,5.103
2013-03-22,5.11
2013-03-25,5.116
2013-03-26,5.12
2013-03-27,5.122
2013-04-03,5.13
2013-04-04,5.134
2013-04-05,5.134
2013-04-08,5.133
2013-04-09,5.137
2013-04-10,5.14
2013-04-11,5.143
2013-04-12,5.149
2013-04-15,5.152
2013-04-16,5.155
2013-04-17,5.156
2013-04-18,5.159
2013-04-19,5.164
2013-04-22,5.167
2013-04-23,5.172
2013-04-24,5.175
2013-04-25,5.173
2013-04-26,5.178
2013-04-29,5.18
2013-04-30,5.187
2013-05-02,5.193
2013-05-03,5.199
2013-05-06,5.208
2013-05-07,5.21
2013-05-08,5.214
2013-05-09,5.221
2013-05-10,5.229
2013-05-13,5.233
2013-05-14,5.235
2013-05-15,5.233
2013-05-16,5.233
2013-05-17,5.236
2013-05-20,5.245
2013-05-21,5.248
2013-05-22,5.255
2013-05-23,5.263
2013-05-24,5.266
2013-05-27,5.27
2013-05-28,5.27
2013-05-29,5.276
2013-05-30,5.28
2013-05-31,5.284
2013-06-03,5.287
2013-06-04,5.289
2013-06-05,5.291
2013-06-06,5.301
2013-06-07,5.3
2013-06-10,5.305
2013-06-11,5.31
2013-06-12,5.318
2013-06-13,5.327
2013-06-14,5.33
2013-06-17,5.337
2013-06-18,5.341
2013-06-19,5.349
2013-06-24,5.362
2013-06-25,5.362
2013-06-26,5.37
2013-06-27,5.377
2013-06-28,5.388
2013-07-01,5.39
2013-07-02,5.394
2013-07-03,5.398
2013-07-04,5.403
2013-07-05,5.404
2013-07-08,5.408
2013-07-10,5.413
2013-07-11,5.419
2013-07-12,5.426
2013-07-15,5.429
2013-07-16,5.435
2013-07-17,5.44
2013-07-18,5.45
2013-07-19,5.462
2013-07-22,5.461
2013-07-23,5.462
2013-07-24,5.464
2013-07-25,5.48
2013-07-26,5.481
2013-07-29,5.495
2013-07-30,5.501
2013-07-31,5.505
2013-08-01,5.511
2013-08-02,5.515
2013-08-05,5.521
2013-08-06,5.528
2013-08-07,5.53
2013-08-08,5.54
2013-08-09,5.542
2013-08-12,5.552
2013-08-13,5.562
2013-08-14,5.568
2013-08-15,5.579
2013-08-16,5.591
2013-08-20,5.595
2013-08-21,5.603
2013-08-22,5.614
2013-08-23,5.624
2013-08-26,5.632
2013-08-27,5.643
2013-08-28,5.65
2013-08-29,5.661
2013-08-30,5.672
2013-09-03,5.69
2013-09-04,5.702
2013-09-05,5.699
2013-09-06,5.701
2013-09-09,5.704
2013-09-10,5.712
2013-09-11,5.721
2013-09-12,5.72
2013-09-13,5.725
2013-09-16,5.732
2013-09-17,5.742
2013-09-18,5.751
2013-09-19,5.758
2013-09-20,5.761
2013-09-23,5.771
2013-09-24,5.771
2013-09-25,5.771
2013-09-26,5.784
2013-09-27,5.79
2013-09-30,5.793
2013-10-01,5.8
2013-10-02,5.803
2013-10-03,5.812
2013-10-04,5.813
2013-10-07,5.821
2013-10-08,5.822
2013-10-09,5.823
2013-10-10,5.829
2013-10-11,5.832
2013-10-15,5.838
2013-10-16,5.841
2013-10-17,5.851
2013-10-18,5.854
2013-10-21,5.862
2013-10-22,5.863
2013-10-23,5.864
2013-10-24,5.87
2013-10-25,5.886
2013-10-28,5.892
2013-10-29,5.894
2013-10-30,5.907
2013-10-31,5.912
2013-11-01,5.931
2013-11-04,5.943
2013-11-05,5.955
2013-11-07,5.944
2013-11-08,5.964
2013-11-11,5.973
2013-11-12,5.976
2013-11-13,5.977
2013-11-14,5.989
2013-11-15,5.995
2013-11-18,6.004
2013-11-19,6.039
2013-11-20,6.046
2013-11-21,6.059
2013-11-22,6.082
2013-11-26,6.095
2013-11-27,6.11
2013-11-28,6.126
2013-11-29,6.141
2013-12-02,6.158
2013-12-03,6.179
2013-12-04,6.198
2013-12-05,6.226
2013-12-06,6.242
2013-12-09,6.249
2013-12-10,6.264
2013-12-11,6.277
2013-12-12,6.28
2013-12-13,6.289
2013-12-16,6.315
2013-12-17,6.332
2013-12-18,6.378
2013-12-19,6.397
2013-12-20,6.424
2013-12-23,6.44
2013-12-26,6.473
2013-12-27,6.491
2013-12-30,6.521
2013-12-31,6.521
2014-01-02,6.545
2014-01-03,6.555
2014-01-06,6.595
2014-01-07,6.598
2014-01-08,6.605
2014-01-09,6.626
2014-01-10,6.664
2014-01-13,6.695
2014-01-14,6.71
2014-01-15,6.755
2014-01-16,6.774
2014-01-17,6.797
2014-01-20,6.825
2014-01-21,6.885
2014-01-22,7.14
2014-01-23,7.75
2014-01-24,8.0
2014-01-27,8.01
2014-01-28,8.01
2014-01-29,8.005
2014-01-30,8.015
2014-01-31,8.01
2014-02-03,8.005
2014-02-04,8.006
2014-02-05,7.9
2014-02-06,7.88
2014-02-07,7.84
2014-02-10,7.82
2014-02-11,7.81
2014-02-12,7.805
2014-02-13,7.792
2014-02-14,7.761
2014-02-17,7.76
2014-02-18,7.769
2014-02-19,7.781
2014-02-20,7.816
2014-02-21,7.845
2014-02-24,7.855
2014-02-25,7.869
2014-02-26,7.881
2014-02-27,7.877
2014-02-28,7.874
2014-03-05,7.88
2014-03-06,7.871
2014-03-07,7.861
2014-03-10,7.861
2014-03-11,7.87
2014-03-12,7.877
2014-03-13,7.889
2014-03-14,7.9
2014-03-17,7.92
2014-03-18,7.956
2014-03-19,7.953
2014-03-20,7.965
2014-03-21,7.974
2014-03-25,8.005
2014-03-26,8.001
2014-03-27,8.0
2014-03-28,8.003
2014-03-31,8.002
2014-04-01,8.002
2014-04-03,8.0
2014-04-04,8.0
2014-04-07,8.001
2014-04-08,8.001
2014-04-09,8.0
2014-04-10,8.0
2014-04-11,8.0
2014-04-14,8.001
2014-04-15,8.0
2014-04-16,8.001
2014-04-21,8.0
2014-04-22,8.001
2014-04-23,8.0
2014-04-24,8.001
2014-04-25,8.0
2014-04-28,8.001
2014-04-29,8.002
2014-04-30,8.002
2014-05-05,8.001
2014-05-06,8.0
2014-05-07,8.001
2014-05-08,8.002
2014-05-09,8.005
2014-05-12,8.011
2014-05-13,8.021
2014-05-14,8.036
2014-05-15,8.054
2014-05-16,8.054
2014-05-19,8.057
2014-05-20,8.06
2014-05-21,8.062
2014-05-22,8.063
2014-05-23,8.064
2014-05-26,8.066
2014-05-27,8.071
2014-05-28,8.074
2014-05-29,8.075
2014-05-30,8.08
2014-06-02,8.085
2014-06-03,8.095
2014-06-04,8.106
2014-06-05,8.13
2014-06-06,8.13
2014-06-09,8.13
2014-06-10,8.13
2014-06-11,8.129
2014-06-12,8.129
2014-06-13,8.13
2014-06-16,8.129
2014-06-17,8.129
2014-06-18,8.13
2014-06-19,8.13
2014-06-23,8.13
2014-06-24,8.13
2014-06-25,8.132
2014-06-26,8.132
2014-06-27,8.132
2014-06-30,8.133
2014-07-01,8.135
2014-07-02,8.138
2014-07-03,8.138
2014-07-04,8.138
2014-07-07,8.14
2014-07-08,8.143
2014-07-10,8.146
2014-07-11,8.151
2014-07-14,8.15
2014-07-15,8.15
2014-07-16,8.154
2014-07-17,8.156
2014-07-18,8.16
2014-07-21,8.16
2014-07-22,8.166
2014-07-23,8.169
2014-07-24,8.175
2014-07-25,8.178
2014-07-28,8.184
2014-07-29,8.192
2014-07-30,8.201
2014-07-31,8.213
2014-08-01,8.236
2014-08-04,8.26
2014-08-05,8.268
2014-08-06,8.269
2014-08-07,8.269
2014-08-08,8.271
2014-08-11,8.27
2014-08-12,8.272
2014-08-13,8.273
2014-08-14,8.277
2014-08-15,8.281
2014-08-19,8.286
2014-08-20,8.323
2014-08-21,8.395
2014-08-22,8.405
2014-08-25,8.405
2014-08-26,8.406
2014-08-27,8.401
2014-08-28,8.405
2014-08-29,8.401
2014-09-01,8.407
2014-09-02,8.411
2014-09-03,8.411
2014-09-04,8.401
2014-09-05,8.415
2014-09-08,8.401
2014-09-09,8.4
2014-09-10,8.4
2014-09-11,8.401
2014-09-12,8.402
2014-09-15,8.402
2014-09-16,8.403
2014-09-17,8.417
2014-09-18,8.417
2014-09-19,8.422
2014-09-22,8.427
2014-09-23,8.42
2014-09-24,8.42
2014-09-25,8.424
2014-09-26,8.449
2014-09-29,8.471
2014-09-30,8.43
2014-10-01,8.45
2014-10-02,8.445
2014-10-03,8.45
2014-10-06,8.455
2014-10-07,8.455
2014-10-08,8.465
2014-10-09,8.47
2014-10-10,8.466
2014-10-14,8.473
2014-10-15,8.473
2014-10-16,8.474
2014-10-17,8.476
2014-10-20,8.488
2014-10-21,8.488
2014-10-22,8.489
2014-10-23,8.489
2014-10-24,8.492
2014-10-27,8.5
2014-10-28,8.502
2014-10-29,8.501
2014-10-30,8.5
2014-10-31,8.5
2014-11-03,8.508
2014-11-04,8.508
2014-11-05,8.508
2014-11-07,8.51
2014-11-10,8.509
2014-11-11,8.51
2014-11-12,8.51
2014-11-13,8.51
2014-11-14,8.511
2014-11-17,8.512
2014-11-18,8.512
2014-11-19,8.514
2014-11-20,8.514
2014-11-21,8.516
2014-11-25,8.523
2014-11-26,8.523
2014-11-27,8.526
2014-11-28,8.524
2014-12-01,8.532
2014-12-02,8.54
2014-12-03,8.542
2014-12-04,8.549
2014-12-05,8.557
2014-12-09,8.552
2014-12-10,8.551
2014-12-11,8.55
2014-12-12,8.551
2014-12-15,8.551
2014-12-16,8.551
2014-12-17,8.551
2014-12-18,8.55
2014-12-19,8.551
2014-12-22,8.55
2014-12-23,8.55
2014-12-24,8.553
2014-12-29,8.552
2014-12-30,8.551
2014-12-31,8.551
2015-01-02,8.555
2015-01-05,8.561
2015-01-06,8.572
2015-01-07,8.585
2015-01-08,8.592
2015-01-09,8.591
2015-01-12,8.591
2015-01-13,8.593
2015-01-14,8.595
2015-01-15,8.597
2015-01-16,8.601
2015-01-19,8.605
2015-01-20,8.611
2015-01-21,8.616
2015-01-22,8.621
2015-01-23,8.625
2015-01-26,8.625
2015-01-27,8.629
2015-01-28,8.631
2015-01-29,8.634
2015-01-30,8.644
2015-02-02,8.656
2015-02-03,8.661
2015-02-04,8.66
2015-02-05,8.66
2015-02-06,8.659
2015-02-09,8.666
2015-02-10,8.672
2015-02-11,8.678
2015-02-12,8.681
2015-02-13,8.685
2015-02-18,8.69
2015-02-19,8.697
2015-02-20,8.703
2015-02-23,8.71
2015-02-24,8.718
2015-02-25,8.722
2015-02-26,8.721
2015-02-27,8.726
2015-03-02,8.733
2015-03-03,8.739
2015-03-04,8.744
2015-03-05,8.75
2015-03-06,8.758
2015-03-09,8.764
2015-03-10,8.77
2015-03-11,8.777
2015-03-12,8.78
2015-03-13,8.783
2015-03-16,8.783
2015-03-17,8.787
2015-03-18,8.791
2015-03-19,8.794
2015-03-20,8.799
2015-03-25,8.801
2015-03-26,8.806
2015-03-27,8.81
2015-03-30,8.816
2015-03-31,8.822
2015-04-01,8.827
2015-04-06,8.831
2015-04-07,8.836
2015-04-08,8.841
2015-04-09,8.845
2015-04-10,8.85
2015-04-13,8.856
2015-04-14,8.858
2015-04-15,8.866
2015-04-16,8.866
2015-04-17,8.867
2015-04-20,8.871
2015-04-21,8.874
2015-04-22,8.879
2015-04-23,8.885
2015-04-24,8.89
2015-04-27,8.895
2015-04-28,8.897
2015-04-29,8.902
2015-04-30,8.907
2015-05-04,8.912
2015-05-05,8.917
2015-05-06,8.922
2015-05-07,8.924
2015-05-08,8.928
2015-05-11,8.933
2015-05-12,8.936
2015-05-13,8.94
2015-05-14,8.944
2015-05-15,8.947
2015-05-18,8.953
2015-05-19,8.958
2015-05-20,8.962
2015-05-21,8.968
2015-05-22,8.971
2015-05-26,8.978
2015-05-27,8.983
2015-05-28,8.986
2015-05-29,8.992
2015-06-01,8.996
2015-06-02,9.001
2015-06-03,9.007
2015-06-04,9.01
2015-06-05,9.014
2015-06-08,9.018
2015-06-09,9.023
2015-06-10,9.029
2015-06-11,9.032
2015-06-12,9.037
2015-06-15,9.041
2015-06-16,9.044
2015-06-17,9.05
2015-06-18,9.052
2015-06-19,9.056
2015-06-22,9.061
2015-06-23,9.065
2015-06-24,9.069
2015-06-25,9.073
2015-06-26,9.078
2015-06-29,9.083
2015-06-30,9.088
2015-07-01,9.093
2015-07-02,9.097
2015-07-03,9.104
2015-07-06,9.108
2015-07-07,9.114
2015-07-08,9.118
2015-07-10,9.124
2015-07-13,9.128
2015-07-14,9.132
2015-07-15,9.137
2015-07-16,9.142
2015-07-17,9.146
2015-07-20,9.151
2015-07-21,9.156
2015-07-22,9.161
2015-07-23,9.165
2015-07-24,9.168
2015-07-27,9.173
2015-07-28,9.178
2015-07-29,9.182
2015-07-30,9.187
2015-07-31,9.19
2015-08-03,9.195
2015-08-04,9.2
2015-08-05,9.205
2015-08-06,9.209
2015-08-07,9.214
2015-08-10,9.22
2015-08-11,9.227
2015-08-12,9.231
2015-08-13,9.237
2015-08-14,9.24
2015-08-18,9.245
2015-08-19,9.251
2015-08-20,9.255
2015-08-21,9.26
2015-08-24,9.267
2015-08-25,9.272
2015-08-26,9.279
2015-08-27,9.284
2015-08-28,9.29
2015-08-31,9.296
2015-09-01,9.304
2015-09-02,9.31
2015-09-03,9.317
2015-09-04,9.322
2015-09-07,9.34
2015-09-08,9.337
2015-09-09,9.344
2015-09-10,9.35
2015-09-11,9.354
2015-09-14,9.359
2015-09-15,9.365
2015-09-16,9.371
2015-09-17,9.377
2015-09-18,9.382
2015-09-21,9.387
2015-09-22,9.391
2015-09-23,9.398
2015-09-24,9.404
2015-09-25,9.407
2015-09-28,9.41
2015-09-29,9.416
2015-09-30,9.422
2015-10-01,9.43
2015-10-02,9.438
2015-10-05,9.444
2015-10-06,9.451
2015-10-07,9.456
2015-10-08,9.46
2015-10-09,9.465
2015-10-13,9.474
2015-10-14,9.479
2015-10-15,9.484
2015-10-16,9.49
2015-10-19,9.498
2015-10-20,9.504
2015-10-21,9.511
2015-10-22,9.514
2015-10-23,9.52
2015-10-26,9.527
2015-10-27,9.533
2015-10-28,9.538
2015-10-29,9.542
2015-10-30,9.546
2015-11-02,9.555
2015-11-03,9.562
2015-11-04,9.572
2015-11-05,9.58
2015-11-09,9.587
2015-11-10,9.596
2015-11-11,9.603
2015-11-12,9.615
2015-11-13,9.624
2015-11-16,9.635
2015-11-17,9.642
2015-11-18,9.648
2015-11-19,9.657
2015-11-20,9.668
2015-11-23,9.672
2015-11-24,9.674
2015-11-25,9.678
2015-11-26,9.678
2015-11-30,9.688
2015-12-01,9.698
2015-12-02,9.709
2015-12-03,9.72
2015-12-04,9.73
2015-12-09,9.736
2015-12-10,9.751
2015-12-11,9.773
2015-12-14,9.786
2015-12-15,9.806
2015-12-16,9.826
2015-12-17,13.4
2015-12-18,13.25
2015-12-21,12.86
2015-12-22,12.98
2015-12-23,13.02
2015-12-24,13.08
2015-12-28,13.0
2015-12-29,12.963
2015-12-30,12.984
2015-12-31,13.04
2016-01-04,13.2
2016-01-05,13.65
2016-01-06,13.89
2016-01-07,13.9
2016-01-08,13.88
2016-01-11,13.65
2016-01-12,13.55
2016-01-13,13.54
2016-01-14,13.25
2016-01-15,13.4
2016-01-18,13.56
2016-01-19,13.43
2016-01-20,13.5
2016-01-21,13.6
2016-01-22,13.73
2016-01-25,13.81
2016-01-26,13.85
2016-01-27,13.88
2016-01-28,13.84
2016-01-29,13.96
2016-02-01,14.13
2016-02-02,14.135
2016-02-03,14.16
2016-02-04,14.23
2016-02-05,14.361
2016-02-10,14.5
2016-02-11,14.64
2016-02-12,14.73
2016-02-15,14.8
2016-02-16,14.838
2016-02-17,14.99
2016-02-18,15.06
2016-02-19,15.06
2016-02-22,15.25
2016-02-23,15.3
2016-02-24,15.35
2016-02-25,15.39
2016-02-26,15.47
2016-02-29,15.8
2016-03-01,15.8
2016-03-02,15.66
2016-03-03,15.2
2016-03-04,15.2
2016-03-07,15.405
2016-03-08,15.449
2016-03-09,15.37
2016-03-10,15.34
2016-03-11,14.85
2016-03-14,14.8
2016-03-15,14.52
2016-03-16,14.61
2016-03-17,14.95
2016-03-18,14.76
2016-03-21,14.47
2016-03-22,14.39
2016-03-23,14.5
2016-03-28,14.83
2016-03-29,14.63
2016-03-30,14.6
2016-03-31,14.7
2016-04-01,14.79
2016-04-04,14.73
2016-04-05,14.68
2016-04-06,14.6
2016-04-07,14.47
2016-04-08,14.48
2016-04-11,14.52
2016-04-12,14.455
2016-04-13,14.395
2016-04-14,14.33
2016-04-15,14.05
2016-04-18,14.14
2016-04-19,14.19
2016-04-20,14.34
2016-04-21,14.27
2016-04-22,14.3
2016-04-25,14.33
2016-04-26,14.31
2016-04-27,14.19
2016-04-28,14.3
2016-04-29,14.25
2016-05-02,14.19
2016-05-03,14.2
2016-05-04,14.24
2016-05-05,14.24
2016-05-06,14.21
2016-05-09,14.235
2016-05-10,14.234
2016-05-11,14.21
2016-05-12,14.17
2016-05-13,14.15
2016-05-16,14.137
2016-05-17,14.14
2016-05-18,14.135
2016-05-19,14.1
2016-05-20,14.035
2016-05-23,13.99
2016-05-24,14.05
2016-05-26,13.995
2016-05-27,13.92
2016-05-30,13.99
2016-05-31,13.991
2016-06-01,13.95
2016-06-02,13.9
2016-06-03,13.851
2016-06-06,13.77
2016-06-07,13.84
2016-06-08,13.9
2016-06-09,13.82
2016-06-10,13.8
2016-06-13,13.8
2016-06-14,13.75
2016-06-15,13.745
2016-06-16,13.92
2016-06-21,13.97
2016-06-22,14.07
2016-06-23,14.45
2016-06-24,14.93
2016-06-27,15.3
2016-06-28,14.9
2016-06-29,14.98
2016-06-30,15.04
2016-07-01,15.0
2016-07-04,15.06
2016-07-05,14.8
2016-07-06,14.695
2016-07-07,14.725
2016-07-11,14.64
2016-07-12,14.56
2016-07-13,14.57
2016-07-14,14.74
2016-07-15,14.95
2016-07-18,15.15
2016-07-19,15.0
2016-07-20,15.07
2016-07-21,15.0
2016-07-22,14.91
2016-07-25,14.95
2016-07-26,14.95
2016-07-27,15.0
2016-07-28,15.04
2016-07-29,15.01
2016-08-01,14.93
2016-08-02,14.85
2016-08-03,14.87
2016-08-04,14.85
2016-08-05,14.79
2016-08-08,14.67
2016-08-09,14.77
2016-08-10,14.67
2016-08-11,14.66
2016-08-12,14.67
2016-08-16,14.67
2016-08-17,14.78
2016-08-18,14.94
2016-08-19,14.918
2016-08-22,14.81
2016-08-23,14.84
2016-08-24,14.86
2016-08-25,14.89
2016-08-26,15.0
2016-08-29,15.1
2016-08-30,15.01
2016-08-31,14.93
2016-09-01,14.9
2016-09-02,14.99
2016-09-05,15.02
2016-09-06,15.02
2016-09-07,15.05
2016-09-08,15.07
2016-09-09,14.98
2016-09-12,14.95
2016-09-13,15.0
2016-09-14,15.03
2016-09-15,15.07
2016-09-16,15.13
2016-09-19,15.15
2016-09-20,15.14
2016-09-21,15.14
2016-09-22,15.164
2016-09-23,15.166
2016-09-26,15.24
2016-09-27,15.28
2016-09-28,15.39
2016-09-29,15.375
2016-09-30,15.31
2016-10-03,15.195
2016-10-04,15.17
2016-10-05,15.19
2016-10-06,15.21
2016-10-07,15.185
2016-10-11,15.17
2016-10-12,15.07
2016-10-13,15.132
2016-10-14,15.175
2016-10-17,15.198
2016-10-18,15.208
2016-10-19,15.195
2016-10-20,15.155
2016-10-21,15.135
2016-10-24,15.146
2016-10-25,15.23
2016-10-26,15.205
2016-10-27,15.174
2016-10-28,15.19
2016-10-31,15.15
2016-11-01,15.075
2016-11-02,15.11
2016-11-03,15.1
2016-11-04,15.06
2016-11-07,15.05
2016-11-08,14.93
2016-11-09,14.92
2016-11-10,15.03
2016-11-11,15.37
2016-11-14,15.65
2016-11-15,15.5
2016-11-16,15.5
2016-11-17,15.48
2016-11-18,15.47
2016-11-21,15.385
2016-11-22,15.45
2016-11-23,15.54
2016-11-24,15.54
2016-11-25,15.545
2016-11-29,15.7
2016-11-30,15.868
2016-12-01,15.84
2016-12-02,15.94
2016-12-05,15.871
2016-12-06,15.92
2016-12-07,15.99
2016-12-12,16.03
2016-12-13,15.966
2016-12-14,15.97
2016-12-15,15.96
2016-12-16,15.9
2016-12-19,15.84
2016-12-20,15.86
2016-12-21,15.79
2016-12-22,15.73
2016-12-23,15.497
2016-12-26,15.54
2016-12-27,15.55
2016-12-28,15.75
2016-12-29,15.928
2016-12-30,15.89
2017-01-02,15.92
2017-01-03,15.945
2017-01-04,16.08
2017-01-05,15.96
2017-01-06,15.81
2017-01-09,15.885
2017-01-10,15.85
2017-01-11,15.85
2017-01-12,15.81
2017-01-13,15.853
2017-01-16,15.88
2017-01-17,15.909
2017-01-18,15.975
2017-01-19,15.9
2017-01-20,15.915
2017-01-23,15.94
2017-01-24,15.93
2017-01-25,15.955
2017-01-26,15.92
2017-01-27,15.9
2017-01-30,15.92
2017-01-31,15.897
2017-02-01,15.8
2017-02-02,15.68
2017-02-03,15.62
2017-02-06,15.78
2017-02-07,15.675
2017-02-08,15.675
2017-02-09,15.61
2017-02-10,15.54
2017-02-13,15.485
2017-02-14,15.47
2017-02-15,15.36
2017-02-16,15.435
2017-02-17,15.68
2017-02-20,15.685
2017-02-21,15.61
2017-02-22,15.565
2017-02-23,15.5
2017-02-24,15.48
2017-03-01,15.42
2017-03-02,15.4
2017-03-03,15.45
2017-03-06,15.48
2017-03-07,15.55
2017-03-08,15.645
2017-03-09,15.53
2017-03-10,15.48
2017-03-13,15.54
2017-03-14,15.535
2017-03-15,15.57
2017-03-16,15.53
2017-03-17,15.56
2017-03-20,15.63
2017-03-21,15.6
2017-03-22,15.635
2017-03-23,15.59
2017-03-27,15.565
2017-03-28,15.538
2017-03-29,15.43
2017-03-30,15.41
2017-03-31,15.39
2017-04-03,15.395
2017-04-04,15.35
2017-04-05,15.362
2017-04-06,15.39
2017-04-07,15.345
2017-04-10,15.21
2017-04-11,15.265
2017-04-12,15.19
2017-04-17,15.2
2017-04-18,15.299
2017-04-19,15.4
2017-04-20,15.389
2017-04-21,15.49
2017-04-24,15.39
2017-04-25,15.42
2017-04-26,15.49
2017-04-27,15.42
2017-04-28,15.4
2017-05-02,15.3
2017-05-03,15.29
2017-05-04,15.31
2017-05-05,15.37
2017-05-08,15.47
2017-05-09,15.525
2017-05-10,15.51
2017-05-11,15.435
2017-05-12,15.44
2017-05-15,15.53
2017-05-16,15.58
2017-05-17,15.61
2017-05-18,16.0
2017-05-19,16.05
2017-05-22,16.185
2017-05-23,16.09
2017-05-24,16.09
2017-05-26,16.01
2017-05-29,16.03
2017-05-30,16.15
2017-05-31,16.1
2017-06-01,16.06
2017-06-02,16.0
2017-06-05,15.995
2017-06-06,16.01
2017-06-07,15.99
2017-06-08,15.9
2017-06-09,15.92
2017-06-12,15.925
2017-06-13,15.89
2017-06-14,15.878
2017-06-15,15.98
2017-06-16,16.04
2017-06-19,16.15
2017-06-21,16.22
2017-06-22,16.145
2017-06-23,16.175
2017-06-26,16.32
2017-06-27,16.4
2017-06-28,16.45
2017-06-29,16.5
2017-06-30,16.63
2017-07-03,16.8
2017-07-04,16.93
2017-07-05,17.14
2017-07-06,17.08
2017-07-07,16.98
2017-07-10,16.995
2017-07-11,17.0
2017-07-12,16.949
2017-07-13,16.95
2017-07-14,16.85
2017-07-17,16.93
2017-07-18,17.2
2017-07-19,17.15
2017-07-20,17.2
2017-07-21,17.42
2017-07-24,17.43
2017-07-25,17.48
2017-07-26,17.5
2017-07-27,17.64
2017-07-28,17.79
2017-07-31,17.64
2017-08-01,17.584
2017-08-02,17.6
2017-08-03,17.67
2017-08-04,17.67
2017-08-07,17.7
2017-08-08,17.723
2017-08-09,17.7
2017-08-10,17.71
2017-08-11,17.71
2017-08-14,17.13
2017-08-15,17.07
2017-08-16,17.21
2017-08-17,17.36
2017-08-18,17.27
2017-08-22,17.21
2017-08-23,17.23
2017-08-24,17.21
2017-08-25,17.22
2017-08-28,17.23
2017-08-29,17.395
2017-08-30,17.39
2017-08-31,17.31
2017-09-01,17.2
2017-09-04,17.23
2017-09-05,17.24
2017-09-06,37.35
2017-09-07,17.2
2017-09-08,17.2
2017-09-11,17.15
2017-09-12,17.07
2017-09-13,17.07
2017-09-14,16.99
2017-09-15,16.975
2017-09-18,17.115
2017-09-19,17.14
2017-09-20,17.19
2017-09-21,17.27
2017-09-22,17.31
2017-09-25,17.51
2017-09-26,17.58
2017-09-27,17.56
2017-09-28,17.49
2017-09-29,17.31
2017-10-02,17.415
2017-10-03,17.415
2017-10-04,17.357
2017-10-05,17.405
2017-10-06,17.445
2017-10-09,17.46
2017-10-10,17.425
2017-10-11,17.418
2017-10-12,17.415
2017-10-13,17.344
2017-10-17,17.335
2017-10-18,17.35
2017-10-19,17.45
2017-10-20,17.42
2017-10-23,17.415
2017-10-24,17.5
2017-10-25,17.49
2017-10-26,17.66
2017-10-27,17.625
2017-10-30,17.7
2017-10-31,17.655
2017-11-01,17.61
2017-11-02,17.52
2017-11-03,17.64
2017-11-07,17.65
2017-11-08,17.52
2017-11-09,17.515
2017-11-10,17.495
2017-11-13,17.5
2017-11-14,17.5
2017-11-15,17.5
2017-11-16,17.484
2017-11-17,17.485
2017-11-21,17.49
2017-11-22,17.43
2017-11-23,17.42
2017-11-24,17.35
2017-11-27,17.32
2017-11-28,17.365
2017-11-29,17.425
2017-11-30,17.305
2017-12-01,17.23
2017-12-04,17.355
2017-12-05,17.29
2017-12-06,17.255
2017-12-07,17.28
2017-12-11,17.24
2017-12-12,17.35
2017-12-13,17.31
2017-12-14,17.45
2017-12-15,17.515
2017-12-18,17.57
2017-12-19,17.57
2017-12-20,17.76
2017-12-21,17.955
2017-12-22,18.07
2017-12-26,18.335
2017-12-27,18.436
2017-12-28,19.2
2017-12-29,18.649
2018-01-02,18.41
2018-01-03,18.445
2018-01-04,18.63
2018-01-05,18.86
2018-01-08,19.03
2018-01-09,18.93
2018-01-10,18.62
2018-01-11,18.71
2018-01-12,18.69
2018-01-15,18.77
2018-01-16,18.9
2018-01-17,18.85
2018-01-18,18.87
2018-01-19,18.995
2018-01-22,19.146
2018-01-23,19.335
2018-01-24,19.65
2018-01-25,19.56
2018-01-26,19.57
2018-01-29,19.58
2018-01-30,19.635
2018-01-31,19.65
2018-02-01,19.38
2018-02-02,19.495
2018-02-05,19.48
2018-02-06,19.56
2018-02-07,19.695
2018-02-08,19.97
2018-02-09,19.98
2018-02-14,19.9
2018-02-15,19.66
2018-02-16,19.76
2018-02-19,19.9
2018-02-20,19.85
2018-02-21,19.925
2018-02-22,19.95
2018-02-23,19.98
2018-02-26,20.2
2018-02-27,20.2
2018-02-28,20.11
2018-03-01,20.151
2018-03-02,20.27
2018-03-05,20.21
2018-03-06,20.34
2018-03-07,20.41
2018-03-08,20.36
2018-03-09,20.25
2018-03-12,20.2
2018-03-13,20.22
2018-03-14,20.23
2018-03-15,20.345
2018-03-16,20.2
2018-03-19,20.2
2018-03-20,20.265
2018-03-21,20.27
2018-03-22,20.225
2018-03-23,20.19
2018-03-26,20.19
2018-03-27,20.168
2018-03-28,20.149
2018-04-03,20.18
2018-04-04,20.18
2018-04-05,20.2
2018-04-06,20.18
2018-04-09,20.19
2018-04-10,20.16
2018-04-11,20.168
2018-04-12,20.21
2018-04-13,20.22
2018-04-16,20.22
2018-04-17,20.18
2018-04-18,20.135
2018-04-19,20.16
2018-04-20,20.19
2018-04-23,20.26
2018-04-24,20.26
2018-04-25,20.252
2018-04-26,20.55
2018-04-27,20.54
2018-05-02,21.2
2018-05-03,23.0
2018-05-04,21.8
2018-05-07,21.96
2018-05-08,22.4
2018-05-09,22.72
2018-05-10,22.69
2018-05-11,23.26
2018-05-14,24.99
2018-05-15,24.05
2018-05-16,24.29
2018-05-17,24.32
2018-05-18,24.43
2018-05-21,24.389
2018-05-22,24.28
2018-05-23,24.475
2018-05-24,24.6
2018-05-28,24.71
2018-05-29,24.84
2018-05-30,24.93
2018-05-31,24.96
2018-06-01,24.975
2018-06-04,24.97
2018-06-05,24.96
2018-06-06,24.9
2018-06-07,24.985
2018-06-08,25.31
2018-06-11,26.0
2018-06-12,25.75
2018-06-13,26.0
2018-06-14,27.7
2018-06-15,28.35
2018-06-18,27.58
2018-06-19,27.76
2018-06-21,27.5
2018-06-22,27.01
2018-06-25,27.09
2018-06-26,27.1
2018-06-27,27.44
2018-06-28,28.1
2018-06-29,28.85
2018-07-02,28.3
2018-07-03,27.8
2018-07-04,28.07
2018-07-05,28.05
2018-07-06,27.9
2018-07-10,27.37
2018-07-11,27.39
2018-07-12,27.23
2018-07-13,27.21
2018-07-16,27.36
2018-07-17,27.55
2018-07-18,27.598
2018-07-19,27.759
2018-07-20,27.58
2018-07-23,27.62
2018-07-24,27.48
2018-07-25,27.39
2018-07-26,27.41
2018-07-27,27.325
2018-07-30,27.255
2018-07-31,27.41
2018-08-01,27.525
2018-08-02,27.45
2018-08-03,27.29
2018-08-06,27.33
2018-08-07,27.395
2018-08-08,27.65
2018-08-09,28.11
2018-08-10,29.25
2018-08-13,29.925
2018-08-14,29.61
2018-08-15,30.0
2018-08-16,29.84
2018-08-17,29.85
2018-08-21,30.0
2018-08-22,30.25
2018-08-23,30.49
2018-08-24,30.9
2018-08-27,30.97
2018-08-28,31.35
2018-08-29,34.0
2018-08-30,37.6
2018-08-31,36.85
2018-09-03,37.4
2018-09-04,38.88
2018-09-05,38.4
2018-09-06,37.35
2018-09-07,36.99
2018-09-10,37.38
2018-09-11,37.941
2018-09-12,38.25
2018-09-13,39.55
2018-09-14,39.86
2018-09-17,39.53
2018-09-18,39.731
2018-09-19,39.21
2018-09-20,38.2
2018-09-21,37.15
2018-09-24,37.3
2018-09-25,38.1
2018-09-26,38.51
2018-09-27,39.7
2018-09-28,41.25
2018-10-01,39.6
2018-10-02,38.1
2018-10-03,37.69
2018-10-04,38.3
2018-10-05,37.84
2018-10-08,37.42
2018-10-09,37.12
2018-10-10,37.25
2018-10-11,36.57
2018-10-12,36.75
2018-10-16,36.0
2018-10-17,36.18
2018-10-18,36.65
2018-10-19,36.54
2018-10-22,36.46
2018-10-23,36.59
2018-10-24,37.0
2018-10-25,36.79
2018-10-26,36.84
2018-10-29,36.9
2018-10-30,36.71
2018-10-31,35.95
2018-11-01,35.67
2018-11-02,35.49
2018-11-05,35.65
2018-11-07,35.67
2018-11-08,35.5
2018-11-09,35.4
2018-11-12,35.58
2018-11-13,36.05
2018-11-14,35.9
2018-11-15,36.05
2018-11-16,35.93
2018-11-20,36.18
2018-11-21,36.255
2018-11-22,36.5
2018-11-23,37.6
2018-11-26,39.05
2018-11-27,38.55
2018-11-28,38.46
2018-11-29,37.72
2018-12-03,36.5
2018-12-04,37.4
2018-12-05,37.45
2018-12-06,37.7
2018-12-07,37.4
2018-12-10,37.66
2018-12-11,37.81
2018-12-12,37.59
2018-12-13,37.83
2018-12-14,38.17
2018-12-17,38.26
2018-12-18,38.26
2018-12-19,38.37
2018-12-20,38.05
2018-12-21,37.975
2018-12-26,38.6
2018-12-27,38.3
2018-12-28,37.7
2018-12-31,37.7
2019-01-02,37.65
2019-01-03,37.45
2019-01-04,37.37
2019-01-07,37.305
2019-01-08,37.6
2019-01-09,37.37
2019-01-10,37.08
2019-01-11,36.9
2019-01-14,37.0
2019-01-15,37.1
2019-01-16,37.5
2019-01-17,37.71
2019-01-18,37.58
2019-01-21,37.7
2019-01-22,37.53
2019-01-23,37.56
2019-01-24,37.4
2019-01-25,37.03
2019-01-28,37.15
2019-01-29,37.7
2019-01-30,37.51
2019-01-31,37.35
2019-02-01,37.17
2019-02-04,37.19
2019-02-05,37.2
2019-02-06,37.52
2019-02-07,37.82
2019-02-08,37.85
2019-02-11,37.91
2019-02-12,37.99
2019-02-13,38.22
2019-02-14,38.22
2019-02-15,38.62
2019-02-18,38.8
2019-02-19,39.27
2019-02-20,39.67
2019-02-21,39.53
2019-02-22,39.22
2019-02-25,39.049
2019-02-26,38.87
2019-02-27,38.82
2019-02-28,39.15
2019-03-01,39.81
2019-03-06,40.75
2019-03-07,42.5
2019-03-08,41.2
2019-03-11,41.3
2019-03-12,41.5
2019-03-13,41.2
2019-03-14,40.77
2019-03-15,40.0
2019-03-18,40.0
2019-03-19,40.5
2019-03-20,40.85
2019-03-21,41.05
2019-03-22,41.8
2019-03-25,42.08
2019-03-26,42.64
2019-03-27,43.87
2019-03-28,43.63
2019-03-29,43.35
2019-04-01,42.71
2019-04-03,42.87
2019-04-04,43.41
2019-04-05,43.93
2019-04-08,43.7
2019-04-09,43.35
2019-04-10,43.01
2019-04-11,42.75
2019-04-12,42.18
2019-04-15,41.62
2019-04-16,42.39
2019-04-17,41.9
2019-04-22,42.48
2019-04-23,42.4
2019-04-24,43.95
2019-04-25,44.9
2019-04-26,45.97
2019-04-29,44.325
2019-04-30,44.15
2019-05-02,44.8
2019-05-03,44.44
2019-05-06,44.65
2019-05-07,45.33
2019-05-08,45.1
2019-05-09,45.25
2019-05-10,44.8
2019-05-13,45.1
2019-05-14,44.97
2019-05-15,45.0
2019-05-16,44.79
2019-05-17,45.0
2019-05-20,45.19
2019-05-21,44.77
2019-05-22,44.9
2019-05-23,45.09
2019-05-24,44.82
2019-05-27,44.85
2019-05-28,44.69
2019-05-29,44.45
2019-05-30,44.55
2019-05-31,44.76
2019-06-03,44.87
2019-06-04,44.71
2019-06-05,44.9
2019-06-06,44.93
2019-06-07,44.85
2019-06-10,44.9
2019-06-11,44.7
2019-06-12,43.67
2019-06-13,43.37
2019-06-14,43.97
2019-06-18,43.48
2019-06-19,43.3
2019-06-21,42.79
2019-06-24,42.44
2019-06-25,42.38
2019-06-26,42.73
2019-06-27,42.7
2019-06-28,42.463
2019-07-01,42.37
2019-07-02,42.2
2019-07-03,42.03
2019-07-04,41.84
2019-07-05,41.85
2019-07-10,41.82
2019-07-11,41.7
2019-07-12,41.6
2019-07-15,42.4
2019-07-16,42.66
2019-07-17,42.5
2019-07-18,42.45
2019-07-19,42.42
2019-07-22,42.45
2019-07-23,42.66
2019-07-24,42.87
2019-07-25,43.37
2019-07-26,43.35
2019-07-29,43.83
2019-07-30,43.93
2019-07-31,43.88
2019-08-01,44.36
2019-08-02,44.65
2019-08-05,45.49
2019-08-06,45.3
2019-08-07,45.59
2019-08-08,45.22
2019-08-09,45.25
2019-08-12,53.0
2019-08-13,55.8
2019-08-14,60.4
2019-08-15,57.25
2019-08-16,55.0
2019-08-20,54.75
2019-08-21,55.02
2019-08-22,55.09
2019-08-23,55.15
2019-08-26,55.29
2019-08-27,56.3
2019-08-28,58.1
2019-08-29,57.9
2019-08-30,59.51
2019-09-02,56.0
2019-09-03,55.98
2019-09-04,56.0
2019-09-05,56.01
2019-09-06,55.82
2019-09-09,56.02
2019-09-10,56.01
2019-09-11,56.18
2019-09-12,56.1
2019-09-13,56.11
2019-09-16,56.28
2019-09-17,56.5
2019-09-18,56.52
2019-09-19,56.57
2019-09-20,56.67
2019-09-23,56.92
2019-09-24,56.87
2019-09-25,57.05
2019-09-26,57.21
2019-09-27,57.32
2019-09-30,57.59
2019-10-01,57.64
2019-10-02,57.82
2019-10-03,57.73
2019-10-04,57.73
2019-10-07,57.84
2019-10-08,57.85
2019-10-09,57.99
2019-10-10,57.98
2019-10-11,58.05
2019-10-15,58.27
2019-10-16,58.348
2019-10-17,58.319
2019-10-18,58.35
2019-10-21,58.51
2019-10-22,58.65
2019-10-23,59.0
2019-10-24,59.45
2019-10-25,59.99
2019-10-28,59.5
2019-10-29,59.47
2019-10-30,59.72
2019-10-31,59.67
2019-11-01,59.75
2019-11-04,59.7
2019-11-05,59.65
2019-11-07,59.6
2019-11-08,59.5
2019-11-11,59.95
2019-11-12,59.7
2019-11-13,59.72
2019-11-14,59.72
2019-11-15,59.67
2019-11-19,59.69
2019-11-20,59.73
2019-11-21,59.8
2019-11-22,59.77
2019-11-25,59.71
2019-11-26,59.94
2019-11-27,59.77
2019-11-28,59.85
2019-11-29,59.94
2019-12-02,59.975
2019-12-03,59.925
2019-12-04,59.88
2019-12-05,59.985
2019-12-06,59.94
2019-12-09,59.945
2019-12-10,59.85
2019-12-11,59.815
2019-12-12,59.815
2019-12-13,59.816
2019-12-16,59.815
2019-12-17,59.815
2019-12-18,59.815
2019-12-19,59.815
2019-12-20,59.815
2019-12-23,59.99
2019-12-26,59.89
2019-12-27,59.83
2019-12-30,59.89
2019-12-31,59.89
2020-01-02,59.815
2020-01-03,59.815
2020-01-06,59.815
2020-01-07,59.815
2020-01-08,59.815
2020-01-09,59.815
2020-01-10,59.816
2020-01-13,59.95
2020-01-14,60.06
2020-01-15,59.95
2020-01-16,59.975
2020-01-17,60.005
2020-01-20,60.06
2020-01-21,60.1
2020-01-22,60.07
2020-01-23,60.08
2020-01-24,60.091
2020-01-27,60.17
2020-01-28,60.18
2020-01-29,60.23
2020-01-30,60.25
2020-01-31,60.35
2020-02-03,60.47
2020-02-04,60.58
2020-02-05,60.59
2020-02-06,60.69
2020-02-07,60.78
2020-02-10,60.978
2020-02-11,61.119
2020-02-12,61.229
2020-02-13,61.389
2020-02-14,61.459
2020-02-17,61.669
2020-02-18,61.662
2020-02-19,61.729
2020-02-20,61.789
2020-02-21,61.839
2020-02-26,62.089
2020-02-27,62.139
2020-02-28,62.21
2020-03-02,62.259
2020-03-03,62.309
2020-03-04,62.359
2020-03-05,62.419
2020-03-06,62.48
2020-03-09,62.53
2020-03-10,62.589
2020-03-11,62.67
2020-03-12,62.819
2020-03-13,62.899
2020-03-16,63.039
2020-03-17,63.179
2020-03-18,63.33
2020-03-19,63.549
2020-03-20,63.77
2020-03-25,64.05
2020-03-26,64.229
2020-03-27,64.409
2020-03-30,64.469
2020-04-01,64.529
2020-04-02,64.72
2020-04-03,64.91
2020-04-06,64.99
2020-04-07,65.069
2020-04-08,65.16
2020-04-13,65.38
2020-04-14,65.5
2020-04-15,65.619
2020-04-16,65.74
2020-04-17,65.86
2020-04-20,65.98
2020-04-21,66.09
2020-04-22,66.23
2020-04-23,66.32
2020-04-24,66.43
2020-04-27,66.53
2020-04-28,66.63
2020-04-29,66.75
2020-04-30,66.84
2020-05-04,66.93
2020-05-05,67.0
2020-05-06,67.1
2020-05-07,67.19
2020-05-08,67.27
2020-05-11,67.37
2020-05-12,67.46
2020-05-13,67.54
2020-05-14,67.64
2020-05-15,67.73
2020-05-18,67.82
2020-05-19,67.9
2020-05-20,68.0
2020-05-21,68.09
2020-05-22,68.18
2020-05-26,68.27
2020-05-27,68.36
2020-05-28,68.45
2020-05-29,68.54
2020-06-01,68.63
2020-06-02,68.71
2020-06-03,68.81
2020-06-04,68.9
2020-06-05,68.99
2020-06-08,69.08
2020-06-09,69.17
2020-06-10,69.26
2020-06-11,69.31
2020-06-12,69.37
2020-06-16,69.61
2020-06-17,69.67
2020-06-18,69.74
2020-06-19,69.8
2020-06-22,69.97
2020-06-23,70.03
2020-06-24,70.1
2020-06-25,70.16
2020-06-26,70.22
2020-06-29,70.4
2020-06-30,70.46
2020-07-01,70.52
2020-07-02,70.58
2020-07-03,70.64
2020-07-06,70.82
2020-07-07,70.87
2020-07-08,70.94
2020-07-13,71.24
2020-07-14,71.3
2020-07-15,71.36
2020-07-16,71.42
2020-07-17,71.48
2020-07-20,71.66
2020-07-21,71.72
2020-07-22,71.78
2020-07-23,71.84
2020-07-24,71.9
2020-07-27,72.08
2020-07-28,72.14
2020-07-29,72.2
2020-07-30,72.26
2020-07-31,72.32
2020-08-03,72.52
2020-08-04,72.57
2020-08-05,72.62
2020-08-06,72.7
2020-08-07,72.77
2020-08-10,72.95
2020-08-11,73.0
2020-08-12,73.05
2020-08-13,73.11
2020-08-14,73.16
2020-08-18,73.4
2020-08-19,73.48
2020-08-20,73.53
2020-08-21,73.58
2020-08-24,73.73
2020-08-25,73.81
2020-08-26,73.86
2020-08-27,73.94
2020-08-28,74.0
2020-08-31,74.18
2020-09-01,74.25
2020-09-02,74.32
2020-09-03,74.38
2020-09-04,74.44
2020-09-07,74.65
2020-09-08,74.71
2020-09-09,74.77
2020-09-10,74.84
2020-09-11,74.91
2020-09-14,75.12
2020-09-15,75.19
2020-09-16,75.25
2020-09-17,75.32
2020-09-18,75.38
2020-09-21,75.59
2020-09-22,75.65
2020-09-23,75.72
2020-09-24,75.78
2020-09-25,75.85
2020-09-28,76.06
2020-09-29,76.12
2020-09-30,76.18
2020-10-01,76.25
2020-10-02,76.95
2020-10-05,77.01
2020-10-06,77.08
2020-10-07,77.11
2020-10-08,77.11
2020-10-09,77.15
2020-10-13,77.43
2020-10-14,77.48
2020-10-15,77.47
2020-10-16,77.52
2020-10-19,77.58
2020-10-20,77.68
2020-10-21,77.75
2020-10-22,78.08
2020-10-23,78.13
2020-10-26,78.26
2020-10-27,78.3
2020-10-28,78.31
2020-10-29,78.3
2020-10-30,78.32
2020-11-02,78.69
2020-11-03,78.93
2020-11-04,79.03
2020-11-05,79.1
2020-11-09,79.35
2020-11-10,79.43
2020-11-11,79.49
2020-11-12,79.56
2020-11-13,79.75
2020-11-16,79.97
2020-11-17,80.04
2020-11-18,80.15
2020-11-19,80.28
2020-11-20,80.35
2020-11-24,80.7
2020-11-25,80.79
2020-11-26,80.89
2020-11-27,81.07
2020-11-30,81.31
2020-12-01,81.43
2020-12-02,81.49
2020-12-03,81.56
2020-12-04,81.65
2020-12-09,82.04
2020-12-10,82.13
2020-12-11,82.21
2020-12-14,82.45
2020-12-15,82.53
2020-12-16,82.62
2020-12-17,82.71
2020-12-18,82.84
2020-12-21,83.15
2020-12-22,83.25
2020-12-23,83.36
2020-12-28,83.9
2020-12-29,84.02
2020-12-30,84.15
2020-12-31,84.15
2021-01-04,84.7
2021-01-05,84.81
2021-01-06,84.91
2021-01-07,85.0
2021-01-08,85.12
2021-01-11,85.37
2021-01-12,85.47
2021-01-13,85.55
2021-01-14,85.64
2021-01-15,85.74
2021-01-18,86.08
2021-01-19,86.21
2021-01-20,86.35
2021-01-21,86.43
2021-01-22,86.57
2021-01-25,86.9
2021-01-26,87.02
2021-01-27,87.11
2021-01-28,87.2
2021-01-29,87.33
2021-02-01,87.6
2021-02-02,87.7
2021-02-03,87.8
2021-02-04,87.91
2021-02-05,88.0
2021-02-08,88.17
2021-02-09,88.26
2021-02-10,88.36
2021-02-11,88.45
2021-02-12,88.54
2021-02-17,88.94
2021-02-18,89.06
2021-02-19,89.14
2021-02-22,89.43
2021-02-23,89.53
2021-02-24,89.68
2021-02-25,89.75
2021-02-26,89.82
2021-03-01,90.09
2021-03-02,90.15
2021-03-03,90.23
2021-03-04,90.29
2021-03-05,90.37
2021-03-08,90.57
2021-03-09,90.66
2021-03-10,90.72
2021-03-11,90.78
2021-03-12,90.85
2021-03-15,91.06
2021-03-16,91.13
2021-03-17,91.2
2021-03-18,91.3
2021-03-19,91.36
2021-03-22,91.57
2021-03-23,91.64
2021-03-25,91.77
2021-03-26,91.84
2021-03-29,91.91
2021-03-30,91.96
2021-03-31,92.0
2021-04-05,92.24
2021-04-06,92.28
2021-04-07,92.33
2021-04-08,92.38
2021-04-09,92.44
2021-04-12,92.58
2021-04-13,92.62
2021-04-14,92.67
2021-04-15,92.72
2021-04-16,92.81
2021-04-19,92.92
2021-04-20,92.97
2021-04-21,93.03
2021-04-22,93.07
2021-04-23,93.12
2021-04-26,93.27
2021-04-27,93.33
2021-04-28,93.44
2021-04-29,93.5
2021-04-30,93.56
2021-05-03,93.67
2021-05-04,93.71
2021-05-05,93.75
2021-05-06,93.79
2021-05-07,93.85
2021-05-10,93.93
2021-05-11,93.95
2021-05-12,93.98
2021-05-13,94.01
2021-05-14,94.04
2021-05-17,94.13
2021-05-18,94.16
2021-05-19,94.2
2021-05-20,94.24
2021-05-21,94.27
2021-05-26,94.48
2021-05-27,94.53
2021-05-28,94.56
2021-05-31,94.73
2021-06-01,94.73
2021-06-02,94.77
2021-06-03,94.81
2021-06-04,94.86
2021-06-07,94.98
2021-06-08,95.01
2021-06-09,95.05
2021-06-10,95.11
2021-06-11,95.13
2021-06-14,95.25
2021-06-15,95.3
2021-06-16,95.31
2021-06-17,95.37
2021-06-18,95.37
2021-06-22,95.49
2021-06-23,95.53
2021-06-24,95.55
2021-06-25,95.6
2021-06-28,95.69
2021-06-29,95.71
2021-06-30,95.72
2021-07-01,95.76
2021-07-02,95.79
2021-07-05,95.88
2021-07-06,95.91
2021-07-07,95.94
2021-07-08,95.99
2021-07-12,96.09
2021-07-13,96.12
2021-07-14,96.16
2021-07-15,96.18
2021-07-16,96.22
2021-07-19,96.31
2021-07-20,96.34
2021-07-21,96.36
2021-07-22,96.41
2021-07-23,96.42
2021-07-26,96.54
2021-07-27,96.57
2021-07-28,96.61
2021-07-29,96.64
2021-07-30,96.69
2021-08-02,96.79
2021-08-03,96.81
2021-08-04,96.83
2021-08-05,96.89
2021-08-06,96.9
2021-08-09,97.0
2021-08-10,97.03
2021-08-11,97.04
2021-08-12,97.07
2021-08-13,97.11
2021-08-17,97.25
2021-08-18,97.25
2021-08-19,97.28
2021-08-20,97.31
2021-08-23,97.4
2021-08-24,97.45
2021-08-25,97.48
2021-08-26,97.53
2021-08-27,97.56
2021-08-30,97.71
2021-08-31,97.74
2021-09-01,97.78
2021-09-02,97.83
2021-09-03,97.86
2021-09-06,97.95
2021-09-07,97.99
2021-09-08,98.01
2021-09-09,98.05
2021-09-10,98.09
2021-09-13,98.19
2021-09-14,98.21
2021-09-15,98.25
2021-09-16,98.3
2021-09-17,98.36
2021-09-20,98.46
2021-09-21,98.47
2021-09-22,98.49
2021-09-23,98.54
2021-09-24,98.56
2021-09-27,98.63
2021-09-28,98.66
2021-09-29,98.72
2021-09-30,98.74
2021-10-01,98.79
2021-10-04,98.86
2021-10-05,98.89
2021-10-06,98.92
2021-10-07,98.94
2021-10-12,99.09
2021-10-13,99.12
2021-10-14,99.16
2021-10-15,99.18
2021-10-18,99.27
2021-10-19,99.31
2021-10-20,99.35
2021-10-21,99.37
2021-10-22,99.39
2021-10-25,99.48
2021-10-26,99.56
2021-10-27,99.65
2021-10-28,99.69
2021-10-29,99.72
2021-11-01,99.81
2021-11-02,99.86
2021-11-03,99.91
2021-11-04,99.96
2021-11-05,99.94
2021-11-08,100.08
2021-11-09,100.11
2021-11-10,100.15
2021-11-11,100.17
2021-11-12,100.22
2021-11-15,100.27
2021-11-16,100.29
2021-11-17,100.35
2021-11-18,100.41
2021-11-19,100.46
2021-11-23,100.57
2021-11-24,100.62
2021-11-25,100.68
2021-11-26,100.8
2021-11-29,100.94
2021-11-30,100.96
2021-12-01,101.0
2021-12-02,101.1
2021-12-03,101.16
2021-12-06,101.28
2021-12-07,101.42
2021-12-09,101.54
2021-12-10,101.55
2021-12-13,101.7
2021-12-14,101.78
2021-12-15,101.82
2021-12-16,101.9
2021-12-17,101.98
2021-12-20,102.13
2021-12-21,102.24
2021-12-22,102.26
2021-12-23,102.3
2021-12-27,102.54
2021-12-28,102.62
2021-12-29,102.68
2021-12-30,102.72
2021-12-31,102.72
2022-01-03,103.0
2022-01-04,103.09
2022-01-05,103.14
2022-01-06,103.24
2022-01-07,103.28
2022-01-10,103.51
2022-01-11,103.56
2022-01-12,103.68
2022-01-13,103.77
2022-01-14,103.84
2022-01-17,104.1
2022-01-18,104.17
2022-01-19,104.24
2022-01-20,104.31
2022-01-21,104.34
2022-01-24,104.53
2022-01-25,104.62
2022-01-26,104.7
2022-01-27,104.77
2022-01-28,104.84
2022-01-31,105.02
2022-02-01,105.12
2022-02-02,105.2
2022-02-03,105.31
2022-02-04,105.41
2022-02-07,105.68
2022-02-08,105.82
2022-02-09,105.89
2022-02-10,106.01
2022-02-11,106.15
2022-02-14,106.36
2022-02-15,106.47
2022-02-16,106.58
2022-02-17,106.67
2022-02-18,106.78
2022-02-21,107.04
2022-02-22,107.19
2022-02-23,107.28
2022-02-24,107.38
2022-02-25,107.45
2022-03-02,107.93
2022-03-03,108.03
2022-03-04,108.13
2022-03-07,108.44
2022-03-08,108.56
2022-03-09,108.68
2022-03-10,108.77
2022-03-11,108.88
2022-03-14,109.2
2022-03-15,109.32
2022-03-16,109.41
2022-03-17,109.51
2022-03-18,109.7
2022-03-21,109.97
2022-03-22,110.07
2022-03-23,110.18
2022-03-25,110.38
2022-03-28,110.68
2022-03-29,110.82
2022-03-30,110.89
2022-03-31,111.01
2022-04-01,111.12
2022-04-04,111.57
2022-04-05,111.7
2022-04-06,111.83
2022-04-07,111.97
2022-04-08,112.16
2022-04-11,112.58
2022-04-12,112.76
2022-04-13,112.97
2022-04-18,113.63
2022-04-19,113.78
2022-04-20,113.96
2022-04-21,114.09
2022-04-22,114.23
2022-04-25,114.68
2022-04-26,114.85
2022-04-27,115.04
2022-04-28,115.18
2022-04-29,115.31
2022-05-02,115.73
2022-05-03,115.87
2022-05-04,116.02
2022-05-05,116.16
2022-05-06,116.3
2022-05-09,116.75
2022-05-10,116.93
2022-05-11,117.08
2022-05-12,117.25
2022-05-13,117.43
2022-05-16,117.86
2022-05-17,118.07
2022-05-19,118.34
2022-05-20,118.48
2022-05-23,118.94
2022-05-24,119.11
2022-05-26,119.41
2022-05-27,119.55
2022-05-30,120.01
2022-05-31,120.2
2022-06-01,120.32
2022-06-02,120.46
2022-06-03,120.68
2022-06-06,121.11
2022-06-07,121.29
2022-06-08,121.45
2022-06-09,121.62
2022-06-10,121.79
2022-06-13,122.3
2022-06-14,122.5
2022-06-15,122.7
2022-06-16,122.92
2022-06-21,123.67
2022-06-22,123.85
2022-06-23,124.1
2022-06-24,124.24
2022-06-27,124.71
2022-06-28,124.87
2022-06-29,125.04
2022-06-30,125.23
2022-07-01,125.45
2022-07-04,125.95
2022-07-05,126.2
2022-07-06,126.39
2022-07-07,126.56
2022-07-08,126.8
2022-07-11,127.35
2022-07-12,127.59
2022-07-13,127.82
2022-07-14,128.0
2022-07-15,128.25
2022-07-18,128.91
2022-07-19,129.14
2022-07-20,129.38
2022-07-21,129.58
2022-07-22,129.74
2022-07-25,130.4
2022-07-26,130.68
2022-07-27,130.91
2022-07-28,131.12
2022-07-29,131.27
2022-08-01,131.89
2022-08-02,132.2
2022-08-03,132.42
2022-08-04,132.64
2022-08-05,132.89
2022-08-08,133.57
2022-08-09,133.85
2022-08-10,134.05
2022-08-11,134.27
2022-08-12,134.59
2022-08-16,135.33
2022-08-17,135.53
2022-08-18,135.8
2022-08-19,136.17
2022-08-22,136.64
2022-08-23,136.95
2022-08-24,137.15
2022-08-25,137.4
2022-08-26,137.7
2022-08-29,138.32
2022-08-30,138.6
2022-08-31,138.73
2022-09-01,139.03
2022-09-05,140.28
2022-09-06,140.56
2022-09-07,140.8
2022-09-08,141.15
2022-09-09,141.38
2022-09-12,142.28
2022-09-13,142.58
2022-09-14,142.88
2022-09-15,143.2
2022-09-16,143.52
2022-09-19,144.37
2022-09-20,144.64
2022-09-21,144.89
2022-09-22,145.16
2022-09-23,145.44
2022-09-26,146.26
2022-09-27,146.57
2022-09-28,146.86
2022-09-29,147.07
2022-09-30,147.32
2022-10-03,148.23
2022-10-04,148.59
2022-10-05,148.88
2022-10-06,149.2
2022-10-11,150.69
2022-10-12,151.04
2022-10-13,151.3
2022-10-14,151.64
2022-10-17,152.5
2022-10-18,152.82
2022-10-19,153.18
2022-10-20,153.51
2022-10-21,153.79
2022-10-24,154.74
2022-10-25,155.08
2022-10-26,155.39
2022-10-27,155.69
2022-10-28,156.02
2022-10-31,156.91
2022-11-01,157.28
2022-11-02,157.6
2022-11-03,157.92
2022-11-04,158.28
2022-11-07,159.37
2022-11-08,159.71
2022-11-09,160.02
2022-11-10,160.39
2022-11-11,160.7
2022-11-14,161.78
2022-11-15,162.12
2022-11-16,162.47
2022-11-17,162.78
2022-11-18,163.18
2022-11-22,164.51
2022-11-23,164.84
2022-11-24,165.21
2022-11-25,165.59
2022-11-28,166.6
2022-11-29,166.96
2022-11-30,167.28
2022-12-01,167.72
2022-12-02,168.09
2022-12-05,169.16
2022-12-06,169.49
2022-12-07,169.9
2022-12-12,171.37
2022-12-13,171.81
2022-12-14,172.05
2022-12-15,172.39
2022-12-16,172.7
2022-12-19,173.6
2022-12-20,173.93
2022-12-21,174.28
2022-12-22,174.53
2022-12-23,174.84
2022-12-26,175.73
2022-12-27,176.05
2022-12-28,176.4
2022-12-29,176.78
2022-12-30,177.16
2023-01-02,178.15
2023-01-03,178.36
2023-01-04,178.66
2023-01-05,178.94
2023-01-06,179.25
2023-01-09,180.09
2023-01-10,180.38
2023-01-11,180.67
2023-01-12,180.97
2023-01-13,181.27
2023-01-16,182.2
2023-01-17,182.49
2023-01-18,182.81
2023-01-19,183.11
2023-01-20,183.45
2023-01-23,184.37
2023-01-24,184.69
2023-01-25,185.03
2023-01-26,185.32
2023-01-27,185.61
2023-01-30,186.56
2023-01-31,187.0
2023-02-01,187.29
2023-02-02,187.57
2023-02-03,188.02
2023-02-06,189.11
2023-02-07,189.52
2023-02-08,189.85
2023-02-09,190.21
2023-02-10,190.51
2023-02-13,191.65
2023-02-14,191.99
2023-02-15,192.38
2023-02-16,192.83
2023-02-17,193.19
2023-02-22,194.95
2023-02-23,195.31
2023-02-24,195.68
2023-02-27,196.81
2023-02-28,197.15
2023-03-01,197.57
2023-03-02,197.87
2023-03-03,198.28
2023-03-06,199.34
2023-03-07,199.68
2023-03-08,199.95
2023-03-09,200.36
2023-03-10,200.73
2023-03-13,201.86
2023-03-14,202.07
2023-03-15,202.56
2023-03-16,202.94
2023-03-17,203.34
2023-03-20,204.53
2023-03-21,205.02
2023-03-22,205.38
2023-03-23,205.78
2023-03-27,207.42
2023-03-28,207.84
2023-03-29,208.3
2023-03-30,208.59
2023-03-31,209.01
2023-04-03,210.37
2023-04-04,210.78
2023-04-05,211.22
2023-04-10,213.39
2023-04-11,213.76
2023-04-12,214.24
2023-04-13,214.68
2023-04-14,215.1
2023-04-17,216.38
2023-04-18,216.94
2023-04-19,217.48
2023-04-20,217.99
2023-04-21,218.53
2023-04-24,220.21
2023-04-25,220.87
2023-04-26,221.57
2023-04-27,222.0
2023-04-28,222.68
2023-05-02,224.65
2023-05-03,225.2
2023-05-04,225.7
2023-05-05,226.25
2023-05-08,227.65
2023-05-09,228.05
2023-05-10,228.5
2023-05-11,229.0
2023-05-12,229.2
2023-05-15,230.7
2023-05-16,231.1
2023-05-17,231.65
2023-05-18,232.1
2023-05-19,232.75
2023-05-22,234.35
2023-05-23,234.95
2023-05-24,235.75
2023-05-29,238.25
2023-05-30,238.85
2023-05-31,239.5
2023-06-01,240.25
2023-06-02,240.85
2023-06-05,242.5
2023-06-06,243.25
2023-06-07,243.5
2023-06-08,244.45
2023-06-09,244.95
2023-06-12,246.8
2023-06-13,247.1
2023-06-14,248.0
2023-06-15,248.35
2023-06-16,249.45
2023-06-21,251.85
2023-06-22,252.6
2023-06-23,253.0
2023-06-26,254.6
2023-06-27,255.25
2023-06-28,255.85
2023-06-29,256.2
2023-06-30,256.7
2023-07-03,257.9
2023-07-04,259.35
2023-07-05,259.5
2023-07-06,260.4
2023-07-07,261.0
2023-07-10,262.5
2023-07-11,263.2
2023-07-12,264.05
2023-07-13,264.35
2023-07-14,265.05
2023-07-17,266.75
2023-07-18,267.65
2023-07-19,267.95
2023-07-20,268.7
2023-07-21,269.45
2023-07-24,271.0
2023-07-25,271.6
2023-07-26,272.5
2023-07-27,273.1
2023-07-28,273.7
2023-07-31,275.25
2023-08-01,276.15
2023-08-02,277.4
2023-08-03,278.1
2023-08-04,279.35
2023-08-07,283.2
2023-08-08,284.2
2023-08-09,285.15
2023-08-10,286.2
2023-08-11,287.35
2023-08-14,349.95
2023-08-15,350.0
2023-08-16,349.95
2023-08-17,349.95
2023-08-18,349.95
2023-08-22,349.95
2023-08-23,349.95
2023-08-24,350.0
2023-08-25,350.1
2023-08-28,349.95
2023-08-29,350.0
2023-08-30,350.0
2023-08-31,350.0
2023-09-01,350.1
2023-09-04,350.0
2023-09-05,350.0
2023-09-06,350.0
2023-09-07,349.95
2023-09-08,349.95
2023-09-11,349.95
2023-09-12,349.95
2023-09-13,350.05
2023-09-14,350.0
2023-09-15,350.0
2023-09-18,350.0
2023-09-19,349.95
2023-09-20,350.1
2023-09-21,350.0
2023-09-22,350.05
2023-09-25,350.05
2023-09-26,350.0
2023-09-27,350.0
2023-09-28,350.05
2023-09-29,349.95
2023-10-02,350.05
2023-10-03,350.05
2023-10-04,350.0
2023-10-05,350.0
2023-10-06,350.1
2023-10-09,350.1
2023-10-10,350.1
2023-10-11,350.1
2023-10-12,349.95
2023-10-17,350.1
2023-10-18,350.1
2023-10-19,349.95
2023-10-20,349.95
2023-10-23,349.95
2023-10-24,349.95
2023-10-25,350.1
2023-10-26,349.95
2023-10-27,349.95
2023-10-30,349.95
2023-10-31,350.0
2023-11-01,349.95
2023-11-02,350.1
2023-11-03,350.1
2023-11-07,350.0
2023-11-08,349.95
2023-11-09,349.95
2023-11-10,349.95
2023-11-13,349.95
2023-11-14,350.1
2023-11-15,352.95
2023-11-16,353.45
2023-11-17,353.95
2023-11-21,355.95
2023-11-22,356.45
2023-11-23,356.95
2023-11-24,357.6
2023-11-27,359.0
2023-11-28,359.5
2023-11-29,360.0
2023-11-30,360.5
2023-12-01,361.1
2023-12-04,362.45
2023-12-05,363.1
2023-12-06,363.7
2023-12-07,385.0
2023-12-11,365.95
2023-12-12,366.45
2023-12-13,799.95
2023-12-14,800.5
2023-12-15,801.1
2023-12-18,802.6
2023-12-19,803.15
2023-12-20,803.7
2023-12-21,804.2
2023-12-22,804.75
2023-12-26,806.85
2023-12-27,807.4
2023-12-28,807.95
2023-12-29,808.45
2024-01-02,810.7
2024-01-03,811.1
2024-01-04,811.7
2024-01-05,812.2
2024-01-08,813.8
2024-01-09,814.4
2024-01-10,814.9
2024-01-11,815.4
2024-01-12,816.0
2024-01-15,817.6
2024-01-16,818.1
2024-01-17,818.6
2024-01-18,819.2
2024-01-19,819.7
2024-01-22,821.4
2024-01-23,821.9
2024-01-24,822.4
2024-01-25,823.0
2024-01-26,823.5
2024-01-29,825.2
2024-01-30,825.7
2024-01-31,826.4
2024-02-01,826.9
2024-02-02,827.3
2024-02-05,829.0
2024-02-06,829.5
2024-02-07,830.2
2024-02-08,830.6
2024-02-09,831.3
2024-02-14,833.9
2024-02-15,834.5
2024-02-16,835.0
2024-02-19,836.7
2024-02-20,837.2
2024-02-21,837.9
2024-02-22,838.3
2024-02-23,838.9
2024-02-26,840.6
2024-02-27,841.1
2024-02-28,841.7
2024-02-29,842.2
2024-03-01,842.5
2024-03-04,844.0
2024-03-05,845.0
2024-03-06,845.5
2024-03-07,846.0
2024-03-08,846.5
2024-03-11,848.0
2024-03-12,848.5
2024-03-13,849.5
2024-03-14,850.0
2024-03-15,850.5
2024-03-18,852.5
2024-03-19,853.0
2024-03-20,853.0
2024-03-21,854.0
2024-03-22,854.5
2024-03-25,856.0
2024-03-26,856.5
2024-03-27,858.0
2024-04-03,861.0
2024-04-04,861.5
2024-04-05,862.5
2024-04-08,864.0
2024-04-09,864.5
2024-04-10,865.0
2024-04-11,865.5
2024-04-12,866.5
2024-04-15,868.0
2024-04-16,868.5
2024-04-17,869.5
2024-04-18,870.0
2024-04-19,871.5
2024-04-22,872.0
2024-04-23,872.5
2024-04-24,873.0
2024-04-25,874.0
2024-04-26,875.0
2024-04-29,876.5
2024-04-30,876.5
2024-05-02,878.0
2024-05-03,878.5
2024-05-06,880.0
2024-05-07,880.5
2024-05-08,881.5
2024-05-09,882.0
2024-05-10,882.5
2024-05-13,884.0
2024-05-14,885.0
2024-05-15,885.5
2024-05-16,886.0
2024-05-17,886.5
2024-05-20,888.5
2024-05-21,889.0
2024-05-22,889.5
2024-05-23,890.0
2024-05-24,890.5
2024-05-27,893.5
2024-05-28,893.5
2024-05-29,893.5
2024-05-30,894.0
2024-05-31,895.5
2024-06-03,897.0
2024-06-04,897.0
2024-06-05,898.5
2024-06-06,898.0
2024-06-07,899.0
2024-06-10,902.0
2024-06-11,902.0
2024-06-12,901.5
2024-06-13,902.0
2024-06-14,903.5
2024-06-18,905.0
2024-06-19,907.5
2024-06-24,908.5
2024-06-25,909.0
2024-06-26,911.0
2024-06-27,911.5
2024-06-28,912.0
2024-07-01,914.0
2024-07-02,914.5
2024-07-03,915.0
2024-07-04,916.0
2024-07-05,918.0
2024-07-08,918.5
2024-07-10,919.5
2024-07-11,920.0
2024-07-12,921.5
2024-07-15,923.0
2024-07-16,923.5
2024-07-17,924.0
2024-07-18,925.5
2024-07-19,927.5
2024-07-22,926.5
2024-07-23,927.0
2024-07-24,928.0
2024-07-25,930.0
2024-07-26,931.5
2024-07-29,932.0
2024-07-30,932.5
2024-07-31,932.0
2024-08-01,933.0
2024-08-02,935.0
2024-08-05,935.5
2024-08-06,936.5
2024-08-07,936.5
2024-08-08,937.0
2024-08-09,939.0
2024-08-12,939.5
2024-08-13,940.5
2024-08-14,941.0
2024-08-15,941.5
2024-08-16,944.0
2024-08-19,944.0
2024-08-20,944.5
2024-08-21,945.0
2024-08-22,946.0
2024-08-23,948.5
2024-08-26,950.5
2024-08-27,950.0
2024-08-28,949.5
2024-08-29,951.0
2024-08-30,953.5
2024-09-02,953.0
2024-09-03,953.5
2024-09-04,954.5
2024-09-05,954.5
2024-09-06,958.0
2024-09-09,958.5
2024-09-10,958.0
2024-09-11,958.5
2024-09-12,960.5
2024-09-13,962.0
2024-09-16,962.0
2024-09-17,962.0
2024-09-18,963.5
2024-09-19,963.5
2024-09-20,965.5
2024-09-23,966.0
2024-09-24,966.5
2024-09-25,969.0
2024-09-26,968.5
2024-09-27,970.0
2024-09-30,970.5
2024-10-01,971.0
2024-10-02,971.5
2024-10-03,973.0
2024-10-04,974.5
2024-10-07,975.5
2024-10-08,975.5
2024-10-09,976.0
2024-10-10,979.0
2024-10-14,980.0
2024-10-15,980.5
2024-10-16,981.0
2024-10-17,981.5
2024-10-18,984.5
2024-10-21,984.0
2024-10-22,984.5
2024-10-23,985.5
2024-10-24,986.0
2024-10-25,988.0
2024-10-28,988.5
2024-10-29,989.0
2024-10-30,990.0
2024-10-31,992.0
2024-11-01,993.0
2024-11-04,993.0
2024-11-05,994.5
2024-11-07,995.0
2024-11-08,997.0
2024-11-11,998.0
2024-11-12,998.5
2024-11-13,999.0
2024-11-14,999.5
2024-11-15,1002.5
2024-11-19,1003.0
2024-11-20,1003.5
2024-11-21,1005.0
2024-11-22,1007.0
2024-11-25,1007.0
2024-11-26,1008.0
2024-11-27,1008.5
2024-11-28,1009.0
2024-11-29,1011.5
2024-12-02,1012.5
2024-12-03,1012.5
2024-12-04,1013.0
2024-12-05,1013.5
2024-12-06,1015.5
2024-12-09,1016.5
2024-12-10,1017.0
2024-12-11,1017.5
2024-12-12,1019.0
2024-12-13,1020.5
2024-12-16,1022.5
2024-12-17,1021.5
2024-12-18,1022.5
2024-12-19,1023.0
2024-12-20,1025.0
2024-12-23,1028.5
2024-12-26,1029.5
2024-12-27,1031.5
2024-12-30,1032.0
2024-12-31,1032.0
2025-01-02,1032.5
2025-01-03,1035.5
2025-01-06,1035.5
2025-01-07,1036.0
2025-01-08,1036.5
2025-01-09,1037.5
2025-01-10,1039.5
2025-01-13,1040.0
2025-01-14,1041.0
2025-01-15,1042.0
2025-01-16,1042.0
2025-01-17,1044.0
2025-01-20,1046.5
2025-01-21,1047.0
2025-01-22,1048.0
2025-01-23,1048.5
2025-01-24,1049.0
2025-01-27,1050.5
2025-01-28,1051.0
2025-01-29,1051.5
2025-01-30,1052.0
2025-01-31,1053.5
2025-02-03,1054.25
2025-02-04,1054.25
2025-02-05,1054.5
2025-02-06,1054.75
2025-02-07,1055.75
2025-02-10,1056.5
2025-02-11,1056.5
2025-02-12,1056.75
2025-02-13,1057.75
2025-02-14,1058.25
2025-02-17,1059.25
2025-02-18,1059.0
2025-02-19,1059.25
2025-02-20,1059.75
2025-02-21,1060.75
2025-02-24,1061.0
2025-02-25,1061.5
2025-02-26,1061.75
2025-02-27,1062.25
2025-02-28,1064.75
2025-03-05,1064.25
2025-03-06,1064.5
2025-03-07,1066.5
2025-03-10,1066.0
2025-03-11,1066.5
2025-03-12,1066.75
2025-03-13,1067.0
2025-03-14,1068.5
2025-03-17,1068.5
2025-03-18,1069.0
2025-03-19,1069.75
2025-03-20,1069.5
2025-03-21,1071.5
2025-03-25,1071.75
2025-03-26,1071.75
2025-03-27,1072.25
2025-03-28,1073.5
2025-03-31,1074.0
2025-04-01,1074.75
2025-04-03,1075.0
2025-04-04,1076.0
2025-04-07,1076.0
2025-04-08,1076.25
2025-04-09,1077.25
2025-04-10,1077.0
2025-04-11,1078.0
2025-04-14,1198.0
2025-04-15,1200.0
2025-04-16,1135.0
2025-04-21,1094.0
2025-04-22,1104.0
2025-04-23,1160.0
2025-04-24,1174.0
2025-04-25,1169.5
2025-04-28,1178.0
2025-04-29,1165.0
2025-04-30,1170.0
2025-05-05,1200.0
2025-05-06,1194.0
2025-05-07,1124.0
2025-05-08,1114.0
2025-05-09,1136.0
2025-05-12,1132.0
2025-05-13,1125.5
2025-05-14,1132.0
2025-05-15,1138.0
2025-05-16,1142.0
2025-05-19,1141.0
2025-05-20,1142.5
2025-05-21,1146.0
2025-05-22,1135.5
2025-05-23,1133.5
2025-05-26,1143.0
2025-05-27,1156.0
2025-05-28,1160.0
2025-05-29,1183.0
2025-05-30,1188.0
2025-06-02,1180.5
2025-06-03,1184.0
2025-06-04,1185.5
2025-06-05,1191.0
2025-06-06,1185.5
2025-06-09,1185.0
2025-06-10,1188.5
2025-06-11,1182.0
2025-06-12,1185.0
2025-06-13,1182.0
2025-06-17,1160.0
2025-06-18,1142.5
2025-06-19,1162.0
2025-06-23,1171.0
2025-06-24,1174.5
2025-06-25,1191.5
2025-06-26,1189.5
2025-06-27,1189.0
2025-06-30,1205.0
2025-07-01,1222.0
2025-07-02,1229.0
2025-07-03,1231.0
2025-07-04,1240.0
2025-07-07,1264.0
2025-07-08,1255.0
2025-07-10,1255.0
2025-07-11,1261.5
2025-07-14,1280.0
2025-07-15,1260.0
2025-07-16,1261.0
2025-07-17,1274.0
2025-07-18,1286.0
2025-07-21,1275.0
2025-07-22,1256.5
2025-07-23,1258.5
2025-07-24,1272.0
2025-07-25,1280.0
2025-07-28,1295.0
2025-07-29,1291.0
2025-07-30,1315.0
2025-07-31,1374.0
2025-08-01,1364.0
2025-08-04,1360.0
2025-08-05,1338.5
2025-08-06,1332.0
2025-08-07,1326.5
2025-08-08,1326.0
2025-08-11,1322.0
2025-08-12,1317.5
2025-08-13,1313.0
2025-08-14,1300.0
2025-08-18,1293.0
2025-08-19,1292.5
2025-08-20,1301.0
2025-08-21,1315.0
2025-08-22,1321.0
2025-08-25,1362.0
2025-08-26,1356.5
2025-08-27,1349.5
2025-08-28,1333.0
2025-08-29,1342.0
2025-09-01,1372.0
2025-09-02,1361.0
2025-09-03,1361.5
2025-09-04,1362.5
2025-09-05,1355.0
2025-09-08,1409.0
2025-09-09,1416.5
2025-09-10,1423.5
2025-09-11,1432.0
2025-09-12,1453.0
2025-09-15,1467.0
2025-09-16,1469.0
2025-09-17,1474.5
2025-09-18,1474.5
2025-09-19,1475.0
2025-09-22,1408.0
2025-09-23,1369.0
2025-09-24,1337.5
2025-09-25,1337.0
2025-09-26,1326.0
2025-09-29,1360.0
2025-09-30,1380.0
2025-10-01,1423.0
2025-10-02,1424.5
2025-10-03,1424.5
2025-10-06,1430.0
2025-10-07,1429.5
2025-10-08,1430.0
2025-10-09,1420.0
2025-10-13,1349.0
2025-10-14,1360.0
2025-10-15,1380.0
2025-10-16,1402.0
2025-10-17,1450.0
2025-10-20,1475.0
2025-10-21,1490.5
2025-10-22,1489.0
2025-10-23,1479.0
2025-10-24,1492.0
2025-10-27,1435.0
2025-10-28,1470.0
2025-10-29,1436.0
2025-10-30,1438.0
2025-10-31,1445.0
2025-11-03,1482.0
2025-11-04,1454.0
2025-11-05,1452.0
2025-11-07,1415.0
2025-11-10,1420.5
2025-11-11,1413.0
2025-11-12,1412.0
2025-11-13,1406.0
2025-11-14,1403.0
2025-11-17,1387.0
2025-11-18,1400.0
2025-11-19,1406.5
2025-11-20,1425.0
2025-11-25,1447.5
2025-11-26,1453.5
2025-11-27,1450.0
2025-11-28,1451.5
2025-12-01,1451.5
2025-12-02,1455.0
2025-12-03,1453.0
2025-12-04,1444.0
2025-12-05,1435.0
2025-12-09,1442.0
2025-12-10,1437.5
2025-12-11,1436.0
2025-12-12,1441.0
2025-12-15,1438.5
2025-12-16,1451.0
2025-12-17,1451.0
2025-12-18,1451.0
2025-12-19,1450.0
2025-12-22,1452.0
2025-12-23,1451.0
2025-12-26,1452.5
2025-12-29,1457.0
2025-12-30,1455.0
2025-12-31,1455.0
2026-01-02,1475.0
2026-01-05,1470.0
2026-01-06,1467.5
2026-01-07,1460.0
2026-01-08,1464.0
2026-01-09,1465.0
2026-01-12,1467.5
2026-01-13,1457.0
2026-01-14,1453.0
2026-01-15,1441.0
2026-01-16,1430.0
2026-01-19,1434.5
2026-01-20,1434.5
2026-01-21,1430.5
2026-01-22,1429.5
2026-01-23,1433.0
2026-01-26,1437.5
2026-01-27,1442.5
2026-01-28,1444.5
2026-01-29,1444.5
2026-01-30,1447.0
2026-02-02,1451.0
2026-02-03,1446.0
2026-02-04,1447.5
2026-02-05,1442.0
2026-02-06,1432.0
2026-02-09,1416.0
2026-02-10,1406.0
2026-02-11,1400.0
2026-02-12,1395.0
2026-02-13,1399.5
2026-02-18,1396.0
2026-02-19,1389.0
2026-02-20,1376.0
2026-02-23,1370.5
2026-02-24,1380.5
2026-02-25,1399.0
2026-02-26,1408.0
2026-02-27,1397.0
2026-03-02,1395.0
2026-03-03,1415.0
2026-03-04,1400.5
2026-03-05,1407.0
2026-03-06,1416.0
2026-03-09,1416.0
2026-03-10,1400.0
2026-03-11,1396.0
2026-03-12,1394.5
2026-03-13,1400.0
2026-03-16,1396.0
2026-03-17,1396.0
2026-03-18,1394.0
2026-03-19,1394.5
2026-03-20,1390.5
2026-03-25,1377.5
2026-03-26,1368.0
2026-03-27,1382.5
2026-03-30,1398.0
2026-03-31,1382.0
2026-04-01,1394.0
2026-04-06,1393.0
2026-04-07,1392.5
2026-04-08,1387.5
2026-04-09,1381.0
2026-04-10,1370.0
2026-04-13,1354.0
2026-04-14,1364.0
2026-04-15,1359.0
2026-04-16,1358.0
2026-04-17,1364.5
2026-04-20,1377.0
2026-04-21,1375.5
2026-04-22,1378.0
2026-04-23,1392.0
2026-04-24,1399.5
2026-04-27,1417.0
2026-04-28,1404.5
2026-04-29,1391.5
2026-04-30,1391.0
2026-05-04,1402.5
2026-05-05,1393.0
2026-05-06,1388.0
2026-05-07,1396.0
2026-05-08,1398.0
2026-05-11,1391.5
2026-05-12,1384.0
2026-05-13,1392.0
2026-05-14,1391.0
2026-05-15,1394.5
2026-05-18,1397.0
2026-05-19,1398.0
2026-05-20,1397.0
2026-05-21,1389.5
2026-05-22,1403.0
2026-05-26,1411.0
2026-05-27,1412.5
2026-05-28,1410.0
2026-05-29,1408.0
2026-06-01,1426.0
2026-06-02,1427.0
2026-06-03,1438.5
2026-06-04,1436.5
2026-06-05,1440.5
2026-06-08,1446.5
2026-06-09,1441.0
2026-06-10,1432.5
2026-06-11,1432.5
2026-06-12,1428.0
2026-06-16,1436.5
2026-06-17,1441.5
2026-06-18,1451.0
2026-06-19,1461.0
2026-06-22,1461.5
2026-06-23,1471.5
2026-06-24,1479.0
2026-06-25,1477.0
2026-06-26,1477.0
2026-06-29,1481.5
2026-06-30,1482.0
2026-07-01,1489.0
2026-07-02,1488.0
2026-07-03,1488.5
2026-07-06,1486.5
2026-07-07,1492.0
2026-07-08,1488.0
2026-07-13,1482.0
2026-07-14,1471.5
2026-07-15,1474.5
2026-07-16,1476.0
2026-07-17,1478.0
2026-07-20,1481.0
2026-07-21,1477.5
2026-07-22,1483.0
2026-07-23,1489.0
2026-07-24,1497.0
2026-07-27,1497.0
2026-07-28,1498.0
2026-07-29,1496.0
2026-07-30,1488.0
2026-07-31,1485.0
2026-08-03,1495.0
2026-08-04,1496.0
2026-08-05,1496.5
2026-08-06,1499.5
2026-08-07,1498.5
2026-08-10,1495.5
2026-08-11,1490.5
2026-08-12,1491.5
2026-08-13,1492.0
2026-08-14,1487.5
2026-08-18,1495.0
2026-08-19,1497.0
2026-08-20,1497.0
2026-08-21,1499.0
2026-08-24,1510.0
2026-08-25,1511.5
2026-08-26,1514.0
2026-08-27,1512.0
2026-08-28,1512.0
2026-08-31,1508.5
2026-09-01,1513.0
2026-09-02,1511.0
2026-09-03,1508.0
2026-09-04,1508.0
2026-09-07,1511.5
2026-09-08,1512.0
2026-09-09,1513.5
2026-09-10,1513.0
2026-09-11,1508.5
2026-09-14,1507.5
2026-09-15,1506.5
2026-09-16,1513.5
2026-09-17,1510.0
2026-09-18,1514.5
2026-09-21,1514.0
2026-09-22,1514.0
2026-09-23,1516.0
2026-09-24,1519.5
2026-09-25,1525.5
2026-09-28,1524.5
2026-09-29,1522.0
2026-09-30,1517.0
2026-10-01,1524.5
2026-10-02,1520.0
2026-10-05,1520.0
2026-10-06,1520.0
2026-10-07,1517.0
