,usd_por_unidad
1997-11-21,0.6981
1997-11-24,0.6918
1997-11-25,0.6918
1997-11-26,0.6918
1997-11-27,0.6918
1997-11-28,0.6918
1997-12-01,0.6765
1997-12-02,0.6765
1997-12-03,0.6765
1997-12-04,0.6765
1997-12-05,0.6765
1997-12-09,0.6693
1997-12-10,0.6693
1997-12-11,0.6693
1997-12-12,0.6693
1997-12-15,0.6693
1997-12-16,0.6564
1997-12-17,0.6564
1997-12-18,0.6564
1997-12-19,0.6564
1997-12-22,0.6564
1997-12-23,0.6524
1997-12-24,0.6524
1997-12-26,0.6524
1997-12-29,0.6524
1997-12-30,0.6524
1998-01-02,0.6524
1998-01-05,0.6429
1998-01-06,0.6429
1998-01-07,0.6429
1998-01-08,0.6429
1998-01-09,0.6429
1998-01-12,0.6408
1998-01-13,0.6408
1998-01-14,0.6408
1998-01-15,0.6408
1998-01-16,0.6408
1998-01-19,0.6408
1998-01-27,0.6307
1998-02-02,0.67
1998-02-03,0.6871
1998-02-04,0.6871
1998-02-05,0.6871
1998-02-06,0.6871
1998-02-09,0.6871
1998-02-10,0.6715
1998-02-11,0.6715
1998-02-12,0.6715
1998-02-13,0.6715
1998-02-16,0.6715
1998-02-17,0.6691
1998-02-18,0.6691
1998-02-19,0.6691
1998-02-20,0.6691
1998-02-23,0.6661
1998-02-24,0.6661
1998-02-25,0.6661
1998-02-26,0.6661
1998-02-27,0.6661
1998-03-02,0.6812
1998-03-03,0.6812
1998-03-04,0.6812
1998-03-05,0.6812
1998-03-06,0.6812
1998-03-09,0.6812
1998-03-10,0.6663
1998-03-11,0.6663
1998-03-12,0.6663
1998-03-13,0.6663
1998-03-16,0.6663
1998-03-17,0.6709
1998-03-18,0.6709
1998-03-19,0.6709
1998-03-20,0.6709
1998-03-23,0.6709
1998-03-24,0.6654
1998-03-25,0.6654
1998-03-26,0.6654
1998-03-27,0.6654
1998-03-30,0.6654
1998-03-31,0.661
1998-04-01,0.661
1998-04-02,0.661
1998-04-03,0.661
1998-04-06,0.661
1998-04-07,0.6603
1998-04-08,0.6603
1998-04-13,0.6648
1998-04-14,0.6648
1998-04-15,0.6648
1998-04-16,0.6648
1998-04-17,0.6648
1998-04-20,0.6648
1998-04-21,0.6648
1998-04-22,0.6465
1998-04-23,0.6465
1998-04-24,0.6465
1998-04-27,0.6465
1998-04-28,0.644
1998-04-29,0.644
1998-04-30,0.644
1998-05-04,0.644
1998-05-05,0.6442
1998-05-06,0.6442
1998-05-07,0.6442
1998-05-08,0.6442
1998-05-11,0.6442
1998-05-12,0.6384
1998-05-13,0.6384
1998-05-14,0.6384
1998-05-15,0.6384
1998-05-18,0.6384
1998-05-19,0.6216
1998-05-20,0.6216
1998-05-21,0.6216
1998-05-22,0.6216
1998-05-26,0.6216
1998-05-27,0.6216
1998-05-28,0.6205
1998-05-29,0.6205
1998-06-01,0.616
1998-06-02,0.616
1998-06-03,0.616
1998-06-04,0.616
1998-06-05,0.616
1998-06-09,0.616
1998-06-10,0.6012
1998-06-11,0.6012
1998-06-12,0.6012
1998-06-16,0.5909
1998-06-17,0.5909
1998-06-18,0.5909
1998-06-19,0.5909
1998-06-22,0.5909
1998-06-23,0.6073
1998-06-24,0.6073
1998-06-25,0.6073
1998-06-26,0.6073
1998-06-29,0.6073
1998-06-30,0.6073
1998-07-01,0.6083
1998-07-02,0.6083
1998-07-03,0.6083
1998-07-07,0.6083
1998-07-08,0.6202
1998-07-10,0.6202
1998-07-13,0.6095
1998-07-14,0.6095
1998-07-15,0.6095
1998-07-16,0.6095
1998-07-17,0.6095
1998-07-20,0.6095
1998-07-21,0.6297
1998-07-22,0.6297
1998-07-23,0.6297
1998-07-24,0.6297
1998-07-27,0.6103
1998-07-28,0.6103
1998-07-29,0.6103
1998-07-30,0.6103
1998-07-31,0.6103
1998-08-03,0.6103
1998-08-04,0.6103
1998-08-05,0.6103
1998-08-06,0.6103
1998-08-07,0.6103
1998-08-10,0.6103
1998-08-11,0.5981
1998-08-12,0.5981
1998-08-13,0.5981
1998-08-14,0.5981
1998-08-18,0.5981
1998-08-19,0.5981
1998-08-20,0.5981
1998-08-21,0.5981
1998-08-24,0.58
1998-08-25,0.58
1998-08-26,0.58
1998-08-27,0.58
1998-08-28,0.58
1998-08-31,0.5695
1998-09-01,0.5695
1998-09-02,0.5695
1998-09-03,0.5695
1998-09-04,0.5695
1998-09-07,0.5695
1998-09-08,0.5695
1998-09-09,0.5695
1998-09-10,0.5695
1998-09-11,0.5695
1998-09-14,0.5695
1998-09-15,0.5695
1998-09-16,0.5903
1998-09-17,0.5903
1998-09-18,0.5903
1998-09-21,0.5873
1998-09-22,0.5873
1998-09-23,0.5873
1998-09-24,0.5873
1998-09-25,0.5873
1998-09-28,0.586
1998-09-29,0.586
1998-09-30,0.586
1998-10-01,0.586
1998-10-02,0.586
1998-10-05,0.586
1998-10-06,0.586
1998-10-07,0.586
1998-10-08,0.586
1998-10-09,0.586
1998-10-13,0.6243
1998-10-14,0.6243
1998-10-15,0.6243
1998-10-16,0.6243
1998-10-19,0.6335
1998-10-20,0.6335
1998-10-21,0.6335
1998-10-22,0.6335
1998-10-23,0.6335
1998-10-26,0.6335
1998-10-27,0.617
1998-10-28,0.617
1998-10-29,0.617
1998-10-30,0.617
1998-11-02,0.617
1998-11-03,0.617
1998-11-04,0.6245
1998-11-05,0.6245
1998-11-06,0.6245
1998-11-09,0.6351
1998-11-10,0.6351
1998-11-11,0.6351
1998-11-12,0.6351
1998-11-13,0.6351
1998-11-16,0.6351
1998-11-17,0.6393
1998-11-18,0.6393
1998-11-19,0.6393
1998-11-20,0.6393
1998-11-23,0.64
1998-11-24,0.64
1998-11-25,0.64
1998-11-26,0.64
1998-11-27,0.64
1998-11-30,0.6302
1998-12-01,0.6302
1998-12-02,0.6302
1998-12-03,0.6302
1998-12-04,0.6302
1998-12-09,0.619
1998-12-10,0.619
1998-12-11,0.619
1998-12-14,0.6191
1998-12-15,0.6191
1998-12-16,0.6191
1998-12-17,0.6191
1998-12-18,0.6191
1998-12-21,0.6175
1998-12-22,0.6175
1998-12-23,0.6175
1998-12-24,0.6175
1998-12-28,0.6062
1998-12-29,0.6062
1998-12-30,0.6062
1999-01-04,0.6062
1999-01-05,0.6161
1999-01-06,0.6161
1999-01-07,0.6161
1999-01-08,0.6161
1999-01-11,0.6161
1999-01-12,0.6161
1999-01-13,0.6161
1999-01-14,0.6161
1999-01-15,0.6338
1999-01-18,0.6338
1999-01-19,0.6338
1999-01-20,0.6338
1999-01-21,0.6413
1999-01-22,0.6413
1999-01-28,0.6307
1999-02-01,0.6307
1999-02-02,0.6345
1999-02-03,0.6345
1999-02-04,0.6345
1999-02-05,0.6345
1999-02-08,0.6526
1999-02-09,0.6526
1999-02-12,0.6465
1999-02-16,0.638
1999-02-17,0.638
1999-02-18,0.634
1999-02-19,0.634
1999-02-22,0.6408
1999-02-23,0.6399
1999-02-26,0.6315
1999-03-01,0.6181
1999-03-02,0.6175
1999-03-03,0.625
1999-03-04,0.625
1999-03-05,0.6247
1999-03-08,0.6247
1999-03-09,0.6291
1999-03-10,0.6291
1999-03-11,0.6361
1999-03-12,0.6361
1999-03-15,0.6345
1999-03-16,0.6318
1999-03-17,0.6318
1999-03-18,0.6318
1999-03-22,0.63
1999-03-23,0.6326
1999-03-24,0.6326
1999-03-25,0.6326
1999-03-26,0.6326
1999-03-29,0.6323
1999-03-30,0.6323
1999-03-31,0.6319
1999-04-05,0.6345
1999-04-06,0.6345
1999-04-07,0.6274
1999-04-08,0.6274
1999-04-09,0.629
1999-04-12,0.6351
1999-04-13,0.6351
1999-04-14,0.6381
1999-04-15,0.6381
1999-04-16,0.6381
1999-04-19,0.6515
1999-04-20,0.6515
1999-04-21,0.6515
1999-04-23,0.6529
1999-04-26,0.6529
1999-04-27,0.649
1999-04-30,0.66
1999-05-03,0.66
1999-05-04,0.66
1999-05-05,0.66
1999-05-06,0.66
1999-05-07,0.66
1999-05-10,0.669
1999-05-11,0.6681
1999-05-12,0.669
1999-05-14,0.669
1999-05-17,0.6655
1999-05-18,0.669
1999-05-20,0.6623
1999-05-28,0.669
1999-05-31,0.669
1999-06-01,0.6523
1999-06-02,0.6523
1999-06-03,0.669
1999-06-04,0.669
1999-06-07,0.669
1999-06-10,0.6523
1999-06-11,0.6523
1999-06-15,0.6523
1999-06-17,0.6523
1999-06-18,0.6523
1999-06-22,0.6523
1999-06-23,0.6523
1999-06-24,0.6523
1999-06-25,0.6523
1999-06-28,0.6523
1999-06-29,0.6523
1999-06-30,0.6523
1999-07-01,0.6523
1999-07-02,0.6685
1999-07-05,0.6685
1999-07-06,0.6689
1999-07-07,0.6689
1999-07-12,0.6689
1999-07-13,0.6622
1999-07-19,0.6622
1999-07-20,0.6622
1999-07-21,0.6622
1999-07-22,0.6622
1999-07-23,0.6449
1999-07-26,0.6449
1999-07-27,0.644
1999-07-28,0.644
1999-07-29,0.644
1999-07-30,0.651
1999-08-02,0.651
1999-08-03,0.651
1999-08-04,0.651
1999-08-05,0.651
1999-08-06,0.651
1999-08-09,0.651
1999-08-10,0.651
1999-08-11,0.651
1999-08-12,0.651
1999-08-13,0.651
1999-08-17,0.651
1999-08-18,0.651
1999-08-19,0.651
1999-08-20,0.651
1999-08-23,0.651
1999-08-24,0.6352
1999-08-25,0.6352
1999-08-26,0.6352
1999-08-27,0.6352
1999-08-30,0.6352
1999-08-31,0.6352
1999-09-02,0.6352
1999-09-03,0.6352
1999-09-06,0.6462
1999-09-07,0.6462
1999-09-08,0.6493
1999-09-09,0.6493
1999-09-10,0.6493
1999-09-13,0.6508
1999-09-14,0.6561
1999-09-15,0.6561
1999-09-16,0.6561
1999-09-17,0.6561
1999-09-20,0.6561
1999-09-21,0.6561
1999-09-22,0.6561
1999-09-24,0.6561
1999-09-28,0.6561
1999-09-29,0.6561
1999-09-30,0.6561
1999-10-01,0.6561
1999-10-04,0.6554
1999-10-05,0.6554
1999-10-06,0.6554
1999-10-07,0.6554
1999-10-08,0.6554
1999-10-12,0.6554
1999-10-13,0.6554
1999-10-14,0.6554
1999-10-19,0.6554
1999-10-20,0.6554
1999-10-21,0.6554
1999-10-22,0.6554
1999-10-25,0.6554
1999-10-26,0.6518
1999-10-27,0.6518
1999-10-28,0.6518
1999-11-01,0.6372
1999-11-02,0.6372
1999-11-03,0.6372
1999-11-04,0.6436
1999-11-05,0.6436
1999-11-08,0.6388
1999-11-09,0.6388
1999-11-10,0.6388
1999-11-11,0.6388
1999-11-12,0.6388
1999-11-15,0.6388
1999-11-16,0.6388
1999-11-17,0.6425
1999-11-18,0.6425
1999-11-19,0.6425
1999-11-22,0.6425
1999-11-23,0.6373
1999-11-24,0.6373
1999-11-25,0.6373
1999-11-26,0.6373
1999-11-29,0.6341
1999-11-30,0.6341
1999-12-01,0.6341
1999-12-02,0.6341
1999-12-03,0.6341
1999-12-06,0.6341
1999-12-07,0.6341
1999-12-09,0.6341
1999-12-10,0.6341
1999-12-13,0.6341
1999-12-14,0.6341
1999-12-15,0.6341
1999-12-16,0.6341
1999-12-17,0.6341
1999-12-20,0.6341
1999-12-21,0.6435
1999-12-22,0.6435
1999-12-23,0.6435
2000-01-03,0.6435
2000-01-04,0.6435
2000-01-05,0.6435
2000-01-06,0.6435
2000-01-07,0.6435
2000-01-12,0.6435
2000-01-13,0.6435
2000-01-14,0.6435
2000-01-17,0.6435
2000-01-18,0.6435
2000-01-20,0.6435
2000-01-21,0.6435
2000-01-24,0.6435
2000-01-25,0.6435
2000-01-26,0.6435
2000-01-27,0.6435
2000-01-28,0.6435
2000-01-29,0.6348
2000-02-01,0.6348
2000-02-02,0.6348
2000-02-03,0.6348
2000-02-04,0.6348
2000-02-07,0.6348
2000-02-08,0.6348
2000-02-09,0.6348
2000-02-10,0.6348
2000-02-11,0.6348
2000-02-14,0.6348
2000-02-15,0.6348
2000-02-16,0.6348
2000-02-17,0.6348
2000-02-18,0.6348
2000-02-21,0.6348
2000-02-22,0.6348
2000-02-23,0.6348
2000-02-24,0.6348
2000-02-25,0.6348
2000-02-28,0.6348
2000-02-29,0.6348
2000-03-01,0.6348
2000-03-02,0.6348
2000-03-03,0.6348
2000-03-06,0.6348
2000-03-07,0.6348
2000-03-08,0.6348
2000-03-09,0.6348
2000-03-10,0.6348
2000-03-13,0.6348
2000-03-14,0.6142
2000-03-15,0.6142
2000-03-16,0.6142
2000-03-17,0.6142
2000-03-20,0.6142
2000-03-21,0.6066
2000-03-22,0.6066
2000-03-23,0.6066
2000-03-24,0.6066
2000-03-27,0.613
2000-03-28,0.613
2000-03-29,0.613
2000-03-30,0.613
2000-03-31,0.613
2000-04-03,0.613
2000-04-04,0.613
2000-04-05,0.613
2000-04-06,0.613
2000-04-07,0.613
2000-04-10,0.613
2000-04-11,0.613
2000-04-12,0.613
2000-04-13,0.613
2000-04-14,0.613
2000-04-17,0.613
2000-04-18,0.5948
2000-04-19,0.5948
2000-04-24,0.5948
2000-04-25,0.5948
2000-04-26,0.5948
2000-04-27,0.5948
2000-04-28,0.5948
2000-05-02,0.5948
2000-05-03,0.5948
2000-05-04,0.5948
2000-05-05,0.5948
2000-05-08,0.5948
2000-05-16,0.5819
2000-05-17,0.5819
2000-05-18,0.5819
2000-05-19,0.5819
2000-05-22,0.5819
2000-05-23,0.5819
2000-05-24,0.5819
2000-05-26,0.5819
2000-05-29,0.5819
2000-05-30,0.5819
2000-05-31,0.5819
2000-06-01,0.5819
2000-06-02,0.5819
2000-06-05,0.5821
2000-06-06,0.5821
2000-06-07,0.5821
2000-06-08,0.5821
2000-06-09,0.5821
2000-06-12,0.5821
2000-06-13,0.5821
2000-06-14,0.5821
2000-06-15,0.5821
2000-06-16,0.5821
2000-06-20,0.5821
2000-06-21,0.5821
2000-06-22,0.5821
2000-06-23,0.5961
2000-06-26,0.5961
2000-06-27,0.5958
2000-06-28,0.5958
2000-06-29,0.5958
2000-06-30,0.5958
2000-07-03,0.5958
2000-07-04,0.5958
2000-07-05,0.5958
2000-07-06,0.5958
2000-07-07,0.5958
2000-07-10,0.5958
2000-07-11,0.5958
2000-07-12,0.5958
2000-07-17,0.5958
2000-07-18,0.5848
2000-07-19,0.5848
2000-07-20,0.5848
2000-07-21,0.5848
2000-07-24,0.586
2000-07-27,0.586
2000-07-28,0.586
2000-07-31,0.586
2000-08-01,0.58
2000-08-02,0.58
2000-08-03,0.58
2000-08-04,0.58
2000-08-07,0.58
2000-08-09,0.58
2000-08-10,0.58
2000-08-11,0.58
2000-08-14,0.58
2000-08-15,0.58
2000-08-16,0.58
2000-08-17,0.58
2000-08-18,0.58
2000-08-22,0.58
2000-08-23,0.5885
2000-08-24,0.5885
2000-08-25,0.5885
2000-08-29,0.573
2000-08-30,0.573
2000-08-31,0.573
2000-09-01,0.573
2000-09-04,0.573
2000-09-05,0.571
2000-09-06,0.571
2000-09-07,0.571
2000-09-08,0.571
2000-09-11,0.571
2000-09-12,0.571
2000-09-13,0.571
2000-09-14,0.571
2000-09-15,0.571
2000-09-18,0.5432
2000-09-19,0.5432
2000-09-20,0.5432
2000-09-21,0.5432
2000-09-22,0.5432
2000-09-25,0.5449
2000-09-26,0.5449
2000-09-27,0.5449
2000-09-28,0.5449
2000-09-29,0.5449
2000-10-02,0.5457
2000-10-03,0.5457
2000-10-04,0.5457
2000-10-05,0.5457
2000-10-06,0.5457
2000-10-09,0.5457
2000-10-10,0.5342
2000-10-11,0.5342
2000-10-12,0.5342
2000-10-13,0.5342
2000-10-17,0.5342
2000-10-18,0.5342
2000-10-19,0.5342
2000-10-20,0.5342
2000-10-23,0.5301
2000-10-24,0.5301
2000-10-25,0.5301
2000-10-26,0.5301
2000-10-31,0.5264
2000-11-01,0.5264
2000-11-02,0.5264
2000-11-03,0.5264
2000-11-07,0.528
2000-11-08,0.528
2000-11-09,0.528
2000-11-10,0.528
2000-11-13,0.5197
2000-11-14,0.5197
2000-11-15,0.5197
2000-11-16,0.5197
2000-11-17,0.5197
2000-11-20,0.5135
2000-11-21,0.5135
2000-11-22,0.5135
2000-11-23,0.5135
2000-11-27,0.5135
2000-11-28,0.5197
2000-11-29,0.5197
2000-11-30,0.5197
2000-12-01,0.5197
2000-12-04,0.545
2000-12-05,0.545
2000-12-06,0.545
2000-12-07,0.545
2000-12-11,0.5417
2000-12-12,0.5417
2000-12-13,0.5417
2000-12-19,0.5428
2000-12-20,0.5428
2000-12-21,0.5428
2000-12-22,0.5428
2000-12-26,0.5428
2000-12-27,0.5585
2000-12-28,0.5585
2001-01-02,0.5428
2001-01-04,0.5585
2001-01-05,0.5585
2001-01-08,0.5585
2001-01-09,0.5679
2001-01-10,0.5679
2001-01-11,0.5679
2001-01-12,0.5679
2001-01-15,0.5679
2001-01-17,0.5679
2001-01-24,0.5679
2001-01-26,0.5679
2001-01-29,0.5428
2001-01-30,0.5428
2001-01-31,0.5428
2001-02-01,0.5428
2001-02-05,0.5525
2001-02-06,0.5525
2001-02-07,0.5525
2001-02-08,0.5525
2001-02-09,0.5525
2001-02-12,0.5525
2001-02-13,0.5525
2001-02-15,0.5525
2001-02-16,0.5525
2001-02-23,0.5217
2001-02-26,0.5387
2001-02-27,0.5387
2001-02-28,0.5387
2001-03-01,0.5387
2001-03-02,0.5387
2001-03-05,0.5387
2001-03-06,0.5387
2001-03-07,0.5387
2001-03-08,0.5387
2001-03-09,0.5387
2001-03-12,0.5387
2001-03-13,0.5387
2001-03-14,0.5387
2001-03-15,0.5387
2001-03-16,0.5387
2001-03-19,0.5387
2001-03-20,0.5387
2001-03-22,0.5387
2001-03-23,0.5387
2001-03-26,0.4936
2001-03-27,0.4936
2001-03-28,0.4936
2001-03-30,0.4936
2001-04-03,0.483
2001-04-04,0.483
2001-04-05,0.483
2001-04-06,0.483
2001-04-09,0.483
2001-04-10,0.4956
2001-04-11,0.4956
2001-04-16,0.506
2001-04-17,0.506
2001-04-18,0.506
2001-04-19,0.506
2001-04-20,0.506
2001-04-23,0.5061
2001-04-24,0.5061
2001-04-25,0.5061
2001-04-26,0.5061
2001-04-30,0.5085
2001-05-02,0.5085
2001-05-03,0.5085
2001-05-04,0.5085
2001-05-07,0.5184
2001-05-08,0.5184
2001-05-09,0.5184
2001-05-10,0.5184
2001-05-11,0.5184
2001-05-16,0.5184
2001-05-17,0.5184
2001-05-18,0.5184
2001-05-21,0.5184
2001-05-22,0.5184
2001-05-24,0.5184
2001-05-28,0.5184
2001-05-29,0.5184
2001-05-30,0.5184
2001-06-01,0.5184
2001-06-06,0.5103
2001-06-07,0.5103
2001-06-08,0.5103
2001-06-12,0.5103
2001-06-13,0.5103
2001-06-14,0.5103
2001-06-15,0.5103
2001-06-19,0.5103
2001-06-20,0.5103
2001-06-21,0.5103
2001-06-22,0.5103
2001-06-25,0.5176
2001-06-26,0.5176
2001-06-27,0.5176
2001-06-28,0.5176
2001-06-29,0.5176
2001-07-02,0.5088
2001-07-03,0.5088
2001-07-04,0.5088
2001-07-05,0.5088
2001-07-06,0.5088
2001-07-10,0.5088
2001-07-11,0.5088
2001-07-12,0.5088
2001-07-13,0.5088
2001-07-16,0.5102
2001-07-17,0.5102
2001-07-18,0.5102
2001-07-19,0.5102
2001-07-20,0.5102
2001-07-23,0.5071
2001-07-24,0.5071
2001-07-25,0.5071
2001-07-26,0.5071
2001-07-27,0.5071
2001-07-30,0.5071
2001-07-31,0.5071
2001-08-01,0.5071
2001-08-02,0.5071
2001-08-03,0.5071
2001-08-06,0.5162
2001-08-07,0.5162
2001-08-08,0.5162
2001-08-09,0.5162
2001-08-10,0.5162
2001-08-13,0.5185
2001-08-14,0.5185
2001-08-15,0.5185
2001-08-16,0.5185
2001-08-17,0.5185
2001-08-21,0.5185
2001-08-22,0.5185
2001-08-23,0.5185
2001-08-24,0.5185
2001-08-27,0.5185
2001-08-28,0.5185
2001-08-29,0.5185
2001-08-30,0.5185
2001-08-31,0.5185
2001-09-03,0.5185
2001-09-04,0.5185
2001-09-05,0.5185
2001-09-06,0.5222
2001-09-07,0.5222
2001-09-10,0.5222
2001-09-12,0.5222
2001-09-13,0.5222
2001-09-14,0.5222
2001-09-17,0.5011
2001-09-18,0.5011
2001-09-19,0.5011
2001-09-21,0.5011
2001-09-24,0.4924
2001-09-25,0.4924
2001-09-26,0.4924
2001-09-27,0.4924
2001-09-28,0.4924
2001-10-02,0.4924
2001-10-03,0.4924
2001-10-09,0.5032
2001-10-10,0.4924
2001-10-11,0.4924
2001-10-12,0.5032
2001-10-15,0.5032
2001-10-16,0.5032
2001-10-17,0.5032
2001-10-18,0.5032
2001-10-19,0.5032
2001-10-24,0.5078
2001-10-25,0.5078
2001-10-26,0.5078
2001-10-29,0.5042
2001-10-30,0.5042
2001-10-31,0.5042
2001-11-01,0.5042
2001-11-02,0.5042
2001-11-05,0.5071
2001-11-07,0.5071
2001-11-08,0.5071
2001-11-09,0.5071
2001-11-12,0.5071
2001-11-13,0.5188
2001-11-15,0.5188
2001-11-19,0.5213
2001-11-20,0.5213
2001-11-22,0.5213
2001-11-23,0.5213
2001-11-26,0.5213
2001-11-27,0.5213
2001-11-28,0.5213
2001-11-29,0.5213
2001-12-04,0.5213
2001-12-05,0.5213
2001-12-06,0.5213
2001-12-07,0.5213
2001-12-10,0.5213
2001-12-11,0.5213
2001-12-12,0.5213
2001-12-14,0.5213
2001-12-18,0.5213
2001-12-19,0.5213
2001-12-20,0.5213
2002-01-11,0.5066999999999999
2002-01-14,0.5066999999999999
2002-01-15,0.5067
2002-01-16,0.5067
2002-01-17,0.5067
2002-01-18,0.5067
2002-01-21,0.5067
2002-01-22,0.5067
2002-01-23,0.5067
2002-01-24,0.5067
2002-01-25,0.5067
2002-01-28,0.5067
2002-01-29,0.5067
2002-01-30,0.5067
2002-01-31,0.5067
2002-02-01,0.5067
2002-02-11,0.5125000000000001
2002-02-12,0.508
2002-02-13,0.508
2002-02-14,0.5156999999999999
2002-02-15,0.5174
2002-02-18,0.5182
2002-02-19,0.5168
2002-02-20,0.5174
2002-02-21,0.515
2002-02-22,0.5170999999999999
2002-02-25,0.5126999999999999
2002-02-26,0.5146999999999999
2002-02-27,0.5138
2002-02-28,0.5164000000000001
2002-03-01,0.5170999999999999
2002-03-04,0.5195000000000001
2002-03-06,0.5202
2002-03-07,0.5245
2002-03-08,0.5238
2002-03-11,0.5205
2002-03-12,0.5193000000000001
2002-03-13,0.5194
2002-03-14,0.5216999999999999
2002-03-15,0.5241
2002-03-18,0.5232000000000001
2002-03-19,0.5242
2002-03-20,0.5303
2002-03-21,0.5301
2002-03-22,0.5322
2002-03-25,0.5314
2002-03-26,0.5286
2002-03-27,0.5277999999999999
2002-04-02,0.5331
2002-04-03,0.5306
2002-04-04,0.5311
2002-04-05,0.5321
2002-04-08,0.5278999999999999
2002-04-09,0.5292
2002-04-10,0.5303
2002-04-11,0.534
2002-04-12,0.5347
2002-04-15,0.5323
2002-04-16,0.5309
2002-04-19,0.5395
2002-04-29,0.5410999999999999
2002-04-30,0.5372
2002-05-02,0.5364
2002-05-03,0.5379999999999999
2002-05-06,0.5380999999999999
2002-05-07,0.5410999999999999
2002-05-08,0.5416
2002-05-09,0.541
2002-05-10,0.5434
2002-05-13,0.5464
2002-05-14,0.5452
2002-05-15,0.546
2002-05-16,0.5493
2002-05-17,0.5517
2002-05-20,0.5513
2002-05-22,0.5577
2002-05-23,0.5548
2002-05-28,0.5599999999999999
2002-05-29,0.5648
2002-05-31,0.5681
2002-06-03,0.5685
2002-06-04,0.5748
2002-06-05,0.5728000000000001
2002-06-06,0.5723
2002-06-10,0.5702
2002-06-11,0.5668
2002-06-12,0.5694
2002-06-13,0.5681
2002-06-14,0.5666000000000001
2002-06-18,0.5572
2002-06-19,0.5655
2002-06-20,0.5687
2002-06-21,0.5687
2002-06-24,0.5771000000000001
2002-06-25,0.5701
2002-06-26,0.5755
2002-06-27,0.5644
2002-06-28,0.5633
2002-07-01,0.5606
2002-07-02,0.5603
2002-07-03,0.5577
2002-07-11,0.5571
2002-07-12,0.5595
2002-07-15,0.5617
2002-07-16,0.5605
2002-07-17,0.5544
2002-07-18,0.5522
2002-07-19,0.5555
2002-07-22,0.5524
2002-07-23,0.5432
2002-07-24,0.536
2002-07-25,0.5408
2002-07-26,0.5391999999999999
2002-07-29,0.5383
2002-07-30,0.5451
2002-07-31,0.5466
2002-08-01,0.539
2002-08-02,0.5399
2002-08-05,0.536
2002-08-06,0.5258
2002-08-07,0.5323
2002-08-08,0.5348
2002-08-09,0.5357999999999999
2002-08-12,0.5404
2002-08-13,0.5377000000000001
2002-08-14,0.5377
2002-08-15,0.541
2002-08-16,0.5444
2002-08-20,0.5458000000000001
2002-08-21,0.5451
2002-08-22,0.5403
2002-08-23,0.5434
2002-08-26,0.5434
2002-08-27,0.5525
2002-08-28,0.5521
2002-08-29,0.5518
2002-08-30,0.5521
2002-09-02,0.5521
2002-09-03,0.5498000000000001
2002-09-04,0.5442
2002-09-05,0.544
2002-09-06,0.5444
2002-09-09,0.5461
2002-09-10,0.549
2002-09-11,0.548511049723757
2002-09-12,0.548511049723757
2002-09-13,0.547
2002-09-16,0.5440027397260274
2002-09-17,0.547
2002-09-18,0.5440027397260274
2002-09-19,0.5410381471389646
2002-09-20,0.5425163934426229
2002-09-23,0.547
2002-09-24,0.547
2002-09-25,0.547
2002-09-26,0.549
2002-09-27,0.547
2002-09-30,0.547
2002-10-01,0.547
2002-10-02,0.547
2002-10-03,0.547
2002-10-04,0.547
2002-10-07,0.547
2002-10-08,0.547
2002-10-09,0.5469999999999999
2002-10-10,0.5469999999999999
2002-10-11,0.5469999999999999
2002-10-15,0.5469999999999999
2002-10-16,0.5471999999999999
2002-10-17,0.5471999999999999
2002-10-18,0.5469999999999999
2002-10-21,0.5472
2002-10-22,0.5472
2002-10-23,0.5472
2002-10-24,0.5472
2002-10-25,0.5472
2002-10-28,0.5471999999999999
2002-10-29,0.5472
2002-10-30,0.5472
2002-10-31,0.5472
2002-11-01,0.5472
2002-11-04,0.5472
2002-11-05,0.5472
2002-11-07,0.5635
2002-11-08,0.5635
2002-11-11,0.5635
2002-11-12,0.5635
2002-11-13,0.5635
2002-11-14,0.5635
2002-11-15,0.5635
2002-11-18,0.5635
2002-11-19,0.5635
2002-11-20,0.5635
2002-11-21,0.5635
2002-11-22,0.5635
2002-11-25,0.5635
2002-11-26,0.5635
2002-11-27,0.5635
2002-11-29,0.5635
2002-12-02,0.5635
2002-12-03,0.5635
2002-12-04,0.5635
2002-12-05,0.5635
2002-12-06,0.5635
2002-12-09,0.5635
2002-12-10,0.5635
2002-12-11,0.5635
2002-12-12,0.5635
2002-12-13,0.5659
2002-12-16,0.5649
2002-12-17,0.5649
2002-12-18,0.5649
2002-12-19,0.5649
2002-12-20,0.5649
2002-12-23,0.5649
2002-12-24,0.5649
2002-12-26,0.5649000000000001
2002-12-27,0.5649000000000001
2002-12-30,0.5649000000000001
2002-12-31,0.5649
2003-01-02,0.5649
2003-01-03,0.5649
2003-01-06,0.5649
2003-01-07,0.5649000000000001
2003-01-08,0.5722
2003-01-09,0.5779
2003-01-10,0.5779
2003-01-13,0.5825
2003-01-14,0.583
2003-01-15,0.5826
2003-01-16,0.5858
2003-01-17,0.591
2003-01-20,0.591
2003-01-21,0.591
2003-01-22,0.591
2003-01-23,0.591
2003-01-24,0.591
2003-01-27,0.5910000000000001
2003-01-28,0.5910000000000001
2003-01-29,0.591
2003-01-30,0.591
2003-01-31,0.5910000000000001
2003-02-03,0.591
2003-02-04,0.591
2003-02-05,0.591
2003-02-06,0.591
2003-02-07,0.591
2003-02-10,0.5921
2003-02-11,0.5889000000000001
2003-02-12,0.5918
2003-02-13,0.5905
2003-02-14,0.5915
2003-02-17,0.5915
2003-02-18,0.5907
2003-02-19,0.5928
2003-02-20,0.5963
2003-02-21,0.5991
2003-02-24,0.6025
2003-02-25,0.6052
2003-02-26,0.6055
2003-02-27,0.6047
2003-02-28,0.6081000000000001
2003-03-03,0.6143
2003-03-04,0.6125999999999999
2003-03-05,0.6149
2003-03-06,0.6143
2003-03-07,0.6145
2003-03-10,0.6143
2003-03-11,0.6049
2003-03-12,0.5946
2003-03-13,0.5939
2003-03-14,0.5975999999999999
2003-03-17,0.5925999999999999
2003-03-18,0.5933999999999999
2003-03-19,0.5899
2003-03-20,0.5932000000000001
2003-03-21,0.5908
2003-03-24,0.5949
2003-03-25,0.5952999999999999
2003-03-26,0.5972000000000001
2003-03-27,0.6004
2003-03-28,0.6007
2003-04-01,0.6035
2003-04-02,0.6008
2003-04-03,0.6005
2003-04-04,0.601
2003-04-07,0.5972000000000001
2003-04-08,0.6
2003-04-09,0.6048
2003-04-10,0.6051
2003-04-11,0.6054
2003-04-14,0.6033
2003-04-15,0.6068
2003-04-16,0.6125999999999999
2003-04-21,0.6139
2003-04-22,0.6201
2003-04-23,0.6176
2003-04-24,0.6203
2003-04-25,0.615
2003-04-28,0.618
2003-04-29,0.621
2003-04-30,0.6262000000000001
2003-05-02,0.6305999999999999
2003-05-05,0.6347
2003-05-06,0.6417
2003-05-07,0.6379
2003-05-08,0.643
2003-05-09,0.6438
2003-05-12,0.6491
2003-05-13,0.6487
2003-05-14,0.6477
2003-05-15,0.6412
2003-05-16,0.6506
2003-05-19,0.6541
2003-05-20,0.6575
2003-05-21,0.6560999648011263
2003-05-22,0.658
2003-05-23,0.658
2003-05-26,0.658
2003-05-27,0.6563
2003-05-28,0.651
2003-05-29,0.6508
2003-05-30,0.6527
2003-06-02,0.6573
2003-06-03,0.6600999999999999
2003-06-04,0.6648001417434444
2003-06-05,0.6663
2003-06-06,0.6583
2003-06-09,0.6564
2003-06-10,0.6572
2003-06-11,0.6626998582565556
2003-06-12,0.6646999294781383
2003-06-13,0.668
2003-06-17,0.671
2003-06-18,0.6719999999999999
2003-06-19,0.6711
2003-06-20,0.6669999999999999
2003-06-23,0.6632
2003-06-24,0.6624
2003-06-25,0.6710999999999999
2003-06-26,0.665
2003-06-27,0.6662999645012424
2003-06-30,0.6723
2003-07-01,0.6762
2003-07-02,0.6816
2003-07-03,0.6809001788908766
2003-07-04,0.6809001788908766
2003-07-07,0.6787001795332136
2003-07-08,0.6603001801801802
2003-07-10,0.6573999276149113
2003-07-11,0.6607000000000001
2003-07-14,0.6591
2003-07-15,0.6492
2003-07-16,0.6557000000000001
2003-07-17,0.6531
2003-07-18,0.6469
2003-07-21,0.6519
2003-07-22,0.6503
2003-07-23,0.66
2003-07-24,0.6647
2003-07-25,0.6642
2003-07-28,0.6632
2003-07-29,0.6643001757469243
2003-07-30,0.6527001721170396
2003-07-31,0.6472
2003-08-01,0.6505
2003-08-04,0.6457001692047377
2003-08-05,0.6459001703577513
2003-08-06,0.647700170940171
2003-08-07,0.6507000000000001
2003-08-08,0.6525
2003-08-11,0.6589001715265865
2003-08-12,0.6585000000000001
2003-08-13,0.6577001733102253
2003-08-14,0.6557001727115717
2003-08-15,0.6557001727115717
2003-08-19,0.6553000345661943
2003-08-20,0.660229845626072
2003-08-21,0.6534
2003-08-22,0.6516
2003-08-25,0.651300170940171
2003-08-26,0.6437999999999999
2003-08-27,0.6395
2003-08-28,0.6412
2003-08-29,0.6473000676589986
2003-09-01,0.6473
2003-09-02,0.6394000000000001
2003-09-03,0.6401
2003-09-04,0.6408998646820028
2003-09-05,0.6481
2003-09-08,0.6501
2003-09-09,0.6594
2003-09-10,0.657
2003-09-11,0.6594000000000001
2003-09-12,0.6626000000000001
2003-09-15,0.6657
2003-09-16,0.6605998617829992
2003-09-17,0.6655
2003-09-18,0.6659
2003-09-19,0.6722
2003-09-22,0.6803001721170396
2003-09-23,0.6761
2003-09-24,0.6780999999999999
2003-09-25,0.6788
2003-09-26,0.6737001721170396
2003-09-29,0.6759
2003-09-30,0.6795001715265866
2003-10-01,0.6813001721170396
2003-10-02,0.6842000688705234
2003-10-03,0.6787001733102254
2003-10-06,0.6853999301432064
2003-10-07,0.6909001044204663
2003-10-08,0.6898001400070003
2003-10-09,0.6868999295278365
2003-10-10,0.6908999295278365
2003-10-14,0.6901998590059922
2003-10-15,0.6884
2003-10-16,0.6906001407954945
2003-10-17,0.6915001757469244
2003-10-20,0.6925001751313485
2003-10-21,0.6990999999999999
2003-10-22,0.7049
2003-10-23,0.6996001405481378
2003-10-24,0.7004
2003-10-27,0.7043
2003-10-28,0.7045
2003-10-29,0.7043001751313486
2003-10-30,0.7061
2003-10-31,0.7073001745200698
2003-11-03,0.7001001751313485
2003-11-04,0.7021999999999999
2003-11-05,0.7091001751313486
2003-11-07,0.7092999648753073
2003-11-10,0.7167
2003-11-11,0.7167
2003-11-12,0.7171001751313486
2003-11-13,0.7194
2003-11-14,0.7184
2003-11-17,0.7108
2003-11-18,0.7215001745200698
2003-11-19,0.7219001739130435
2003-11-20,0.7213
2003-11-21,0.7232
2003-11-24,0.7182999654815327
2003-11-25,0.7185
2003-11-26,0.7228
2003-11-27,0.7228
2003-11-28,0.7239
2003-12-01,0.7263000000000001
2003-12-02,0.7313999999999999
2003-12-03,0.7353999999999999
2003-12-04,0.7355999999999999
2003-12-05,0.7356
2003-12-09,0.7385
2003-12-10,0.7397
2003-12-11,0.7354
2003-12-12,0.7430000000000001
2003-12-15,0.7441999324552516
2003-12-16,0.7438001348163128
2003-12-17,0.7425999324780552
2003-12-18,0.7391000336813742
2003-12-19,0.7371001348617666
2003-12-22,0.7333
2003-12-23,0.7360000000000001
2003-12-24,0.7428000000000001
2003-12-26,0.7408
2003-12-29,0.7425
2003-12-30,0.7483001703577512
2003-12-31,0.7506999999999999
2004-01-02,0.7585000000000001
2004-01-05,0.7682000000000001
2004-01-06,0.7707001745200698
2004-01-07,0.7688998960859023
2004-01-08,0.7745999308437069
2004-01-09,0.7772
2004-01-12,0.7791999999999999
2004-01-13,0.7771001745200699
2004-01-14,0.7775001739130435
2004-01-15,0.7697001745200698
2004-01-16,0.7623998611593197
2004-01-19,0.7624
2004-01-20,0.768
2004-01-21,0.7734999999999999
2004-01-22,0.7786
2004-01-23,0.7714
2004-01-26,0.7728
2004-01-27,0.778
2004-01-28,0.7801
2004-01-29,0.7588001355013549
2004-01-30,0.7627998633879781
2004-02-02,0.7564000000000001
2004-02-03,0.7635
2004-02-04,0.7616999660210669
2004-02-05,0.7653001692047376
2004-02-06,0.7685001692047377
2004-02-09,0.7761001703577513
2004-02-10,0.7796000000000001
2004-02-11,0.7859999999999999
2004-02-12,0.7884001365653807
2004-02-13,0.789
2004-02-16,0.789
2004-02-17,0.7971001024940211
2004-02-18,0.790899863760218
2004-02-19,0.7905001703577512
2004-02-20,0.7701
2004-02-23,0.7729999999999999
2004-02-24,0.7794000685635928
2004-02-25,0.7724001367989056
2004-02-26,0.7713999316939891
2004-02-27,0.7732001368457064
2004-03-01,0.774
2004-03-02,0.7617
2004-03-03,0.7438
2004-03-04,0.7505000000000001
2004-03-05,0.7595998634346193
2004-03-08,0.7569000682128241
2004-03-09,0.7637001375515818
2004-03-10,0.7488
2004-03-11,0.7389001029866118
2004-03-12,0.7332
2004-03-15,0.7344999999999999
2004-03-16,0.7403999309868874
2004-03-17,0.741
2004-03-18,0.7517000346380325
2004-03-19,0.7485001739130435
2004-03-22,0.7549999999999999
2004-03-23,0.7527998607727113
2004-03-24,0.748700034758429
2004-03-25,0.7405
2004-03-26,0.7439
2004-03-29,0.7479000348310694
2004-03-30,0.7535
2004-03-31,0.7628000000000001
2004-04-01,0.7677999296765119
2004-04-02,0.7566999999999999
2004-04-06,0.7607001769911504
2004-04-07,0.7685001783803068
2004-04-12,0.7675
2004-04-13,0.7551001776198935
2004-04-14,0.7333001422475107
2004-04-15,0.7396000709723207
2004-04-16,0.7447
2004-04-19,0.7454000707463743
2004-04-20,0.7372999647514981
2004-04-21,0.7333000350508236
2004-04-22,0.7301998604813393
2004-04-23,0.7298
2004-04-26,0.7330999293785311
2004-04-27,0.7334000704970037
2004-04-28,0.7229000701262271
2004-04-29,0.7183999300209937
2004-04-30,0.7223
2004-05-03,0.7194999999999999
2004-05-04,0.7283000000000001
2004-05-05,0.7336001395673413
2004-05-06,0.7226998616874135
2004-05-07,0.7040000000000001
2004-05-10,0.692
2004-05-11,0.6962999656002753
2004-05-12,0.6953001709401709
2004-05-13,0.6892001368457065
2004-05-14,0.6890000000000001
2004-05-17,0.6881
2004-05-18,0.6858998968008256
2004-05-19,0.6977000343997248
2004-05-20,0.6920999999999999
2004-05-21,0.7000998984083983
2004-05-24,0.6982
2004-05-26,0.7056998649561107
2004-05-27,0.717
2004-05-28,0.7134000674081564
2004-05-31,0.7134
2004-06-01,0.7081
2004-06-02,0.6965001700102007
2004-06-03,0.689
2004-06-04,0.6927001347708895
2004-06-07,0.7060999663412992
2004-06-08,0.7013000337495781
2004-06-09,0.6917000000000001
2004-06-10,0.6966999325691167
2004-06-11,0.6911000336813743
2004-06-14,0.686699966250422
2004-06-15,0.6954000677506774
2004-06-16,0.6869001692047377
2004-06-17,0.6866
2004-06-18,0.6897998652291105
2004-06-22,0.6859999999999999
2004-06-23,0.6879001019367992
2004-06-24,0.6981998642687479
2004-06-25,0.6992
2004-06-28,0.6993001686340641
2004-06-29,0.6908000674308834
2004-06-30,0.6907998647734955
2004-07-01,0.7054000677506775
2004-07-02,0.7053999999999999
2004-07-05,0.7054000679809652
2004-07-06,0.7148
2004-07-07,0.7221001017984391
2004-07-08,0.7217001352265043
2004-07-12,0.727700067704807
2004-07-13,0.7226000678426051
2004-07-14,0.7230000000000001
2004-07-15,0.722
2004-07-16,0.7316000679578661
2004-07-19,0.7326000678426052
2004-07-20,0.7311000339097999
2004-07-21,0.7193999322722656
2004-07-22,0.7152001352265044
2004-07-23,0.710500168520391
2004-07-26,0.7097000335908633
2004-07-27,0.699
2004-07-28,0.6980000000000001
2004-07-29,0.6953998655913979
2004-07-30,0.7021000000000001
2004-08-02,0.7035999330431872
2004-08-03,0.7058001334668
2004-08-04,0.7038000660938534
2004-08-05,0.7034999999999999
2004-08-06,0.7120000000000001
2004-08-09,0.7167
2004-08-10,0.7158001325820351
2004-08-11,0.7133001652892562
2004-08-12,0.7133001328021249
2004-08-13,0.7166
2004-08-17,0.7153001328021249
2004-08-18,0.7150999335989376
2004-08-19,0.7238999335106382
2004-08-20,0.7236999002991027
2004-08-23,0.7162000664672649
2004-08-24,0.703
2004-08-25,0.7059000334336342
2004-08-26,0.7021000332336325
2004-08-27,0.7027998670212765
2004-08-30,0.7000000000000001
2004-08-31,0.7067000333667002
2004-09-01,0.7035001665001664
2004-09-02,0.6951998667554964
2004-09-03,0.6902999666333
2004-09-06,0.6903001336898396
2004-09-07,0.6947999331997328
2004-09-08,0.6969
2004-09-09,0.6859000666222519
2004-09-10,0.6965001660577881
2004-09-13,0.6961001001001001
2004-09-14,0.7017001338688086
2004-09-15,0.6944999999999999
2004-09-16,0.6977
2004-09-17,0.6970999999999999
2004-09-20,0.7013998664886515
2004-09-21,0.7014001331557923
2004-09-22,0.7065001669449081
2004-09-23,0.7139001336005344
2004-09-24,0.7131001335113485
2004-09-27,0.7135998663994656
2004-09-28,0.7167001338688086
2004-09-29,0.7140998659517426
2004-09-30,0.7270000000000001
2004-10-01,0.7244999999999999
2004-10-04,0.7204999999999999
2004-10-05,0.7235998655010086
2004-10-06,0.7235001682935039
2004-10-07,0.7279001344989913
2004-10-08,0.7355
2004-10-12,0.735500168406871
2004-10-13,0.723400067294751
2004-10-14,0.7307001680672269
2004-10-15,0.7293001686340641
2004-10-18,0.7253001692047377
2004-10-19,0.728
2004-10-20,0.7350000000000001
2004-10-21,0.739
2004-10-22,0.7385999324780553
2004-10-25,0.7468999326145552
2004-10-26,0.7446999663639421
2004-10-27,0.744400067294751
2004-10-28,0.7461
2004-10-29,0.7455999999999999
2004-11-01,0.7458999663186258
2004-11-02,0.7445001690902944
2004-11-03,0.7543001013856032
2004-11-04,0.7571999324552516
2004-11-05,0.7611998649561107
2004-11-08,0.7575998655010088
2004-11-09,0.7611000336813742
2004-11-10,0.7588999999999999
2004-11-11,0.7588998988877654
2004-11-12,0.7680000000000001
2004-11-15,0.7719001015916018
2004-11-16,0.7725999322493224
2004-11-17,0.7832000681663258
2004-11-18,0.7781
2004-11-19,0.7848
2004-11-22,0.7826000000000001
2004-11-23,0.7873000000000001
2004-11-24,0.7865999320190346
2004-11-25,0.7866000679578661
2004-11-26,0.79
2004-11-29,0.7851999322263639
2004-11-30,0.772100169779287
2004-12-01,0.7765000000000001
2004-12-02,0.7755
2004-12-03,0.7775999328182734
2004-12-06,0.7758
2004-12-07,0.7743999328408327
2004-12-09,0.7523998655913979
2004-12-10,0.7468999328408327
2004-12-13,0.7582999327505042
2004-12-14,0.7555
2004-12-15,0.7636999327956989
2004-12-16,0.7544001338240214
2004-12-17,0.7613001007049346
2004-12-20,0.763
2004-12-21,0.7652999662959218
2004-12-22,0.7637999325236168
2004-12-23,0.7660998645903859
2004-12-24,0.7696000677277345
2004-12-27,0.7715001688618711
2004-12-28,0.78
2004-12-29,0.7707999328633769
2004-12-30,0.7781999999999999
2004-12-31,0.7806998992950654
2005-01-03,0.7785000000000001
2005-01-04,0.7685999324780554
2005-01-05,0.7674
2005-01-06,0.7588000674308834
2005-01-07,0.7550999999999999
2005-01-10,0.7588999326145552
2005-01-11,0.7627001013171226
2005-01-12,0.7678
2005-01-13,0.7662
2005-01-14,0.7576000680735194
2005-01-17,0.7576
2005-01-18,0.7568998978549542
2005-01-19,0.7587998640842677
2005-01-20,0.7595001697792869
2005-01-21,0.7709001019367993
2005-01-24,0.7693000340947835
2005-01-25,0.7645999315537302
2005-01-26,0.7745
2005-01-27,0.7746999316473
2005-01-28,0.7735001708233685
2005-01-31,0.7755
2005-02-01,0.773500170940171
2005-02-02,0.774300170940171
2005-02-03,0.7690999315537304
2005-02-04,0.7719999999999999
2005-02-07,0.7692000685166153
2005-02-08,0.7665998627316403
2005-02-09,0.7682000687521486
2005-02-10,0.7822000686341798
2005-02-11,0.7857001030573686
2005-02-14,0.7877000343997248
2005-02-15,0.7879001377410468
2005-02-16,0.7827000691085004
2005-02-17,0.7884000000000001
2005-02-18,0.7872999657182037
2005-02-21,0.7873000343288706
2005-02-22,0.7942001368457065
2005-02-23,0.7874
2005-02-24,0.7871001362397819
2005-02-25,0.7872001361470387
2005-02-28,0.7922998638529613
2005-03-01,0.7842998643147897
2005-03-02,0.7827000338180589
2005-03-03,0.7831998644986449
2005-03-04,0.7911998638066055
2005-03-07,0.7918999999999999
2005-03-08,0.7970999658819515
2005-03-09,0.793900068212824
2005-03-10,0.7886000681895671
2005-03-11,0.7931998628728145
2005-03-14,0.7868
2005-03-15,0.7903001027749229
2005-03-16,0.7938000000000001
2005-03-17,0.7916000685400959
2005-03-18,0.7941998628728146
2005-03-21,0.7857000342817965
2005-03-22,0.7859000343524563
2005-03-23,0.7705
2005-03-28,0.7685999315537303
2005-03-29,0.7711999315302979
2005-03-30,0.7713000000000001
2005-03-31,0.7727000342817965
2005-04-01,0.7692000685166153
2005-04-04,0.7672000685166152
2005-04-05,0.7673000343288707
2005-04-06,0.7657998622115053
2005-04-07,0.7656998616874136
2005-04-08,0.771
2005-04-11,0.7743
2005-04-12,0.7726999999999999
2005-04-13,0.7787999305314345
2005-04-14,0.7699999999999999
2005-04-15,0.7685000000000001
2005-04-18,0.7666998621640247
2005-04-19,0.7686998621640249
2005-04-20,0.776
2005-04-21,0.7742001377884946
2005-04-22,0.7813
2005-04-25,0.7793998621165116
2005-04-26,0.777
2005-04-27,0.7756
2005-04-28,0.7783001031282228
2005-04-29,0.7806
2005-05-02,0.7789
2005-05-03,0.7737000345184675
2005-05-04,0.7736999309392266
2005-05-05,0.7801001035554022
2005-05-06,0.77530010348396
2005-05-09,0.7723001727115717
2005-05-10,0.775799861735223
2005-05-11,0.7746999309392265
2005-05-12,0.7649999999999999
2005-05-13,0.7609001727115716
2005-05-16,0.7554001386962551
2005-05-17,0.7566999306999306
2005-05-18,0.7611001386001386
2005-05-19,0.7584000000000001
2005-05-20,0.7551001039140977
2005-05-23,0.7593000693000692
2005-05-24,0.7623998613998614
2005-05-26,0.7599001733102253
2005-05-27,0.7627001733102254
2005-05-30,0.7627000693481276
2005-05-31,0.7565001734304544
2005-06-01,0.7505
2005-06-02,0.7536
2005-06-03,0.7559999999999999
2005-06-06,0.7651001727115716
2005-06-07,0.7692000691085004
2005-06-08,0.765399861878453
2005-06-09,0.7673001727115717
2005-06-10,0.7613001383125865
2005-06-13,0.761
2005-06-14,0.7640998955795335
2005-06-15,0.7694000695168578
2005-06-16,0.7727000695894224
2005-06-17,0.7775
2005-06-21,0.7802000697107006
2005-06-22,0.7789999999999999
2005-06-23,0.773
2005-06-24,0.768
2005-06-27,0.7697999307718935
2005-06-28,0.7634001382170007
2005-06-29,0.7624000000000001
2005-06-30,0.7614000692760651
2005-07-01,0.7506001386001385
2005-07-04,0.7506000000000002
2005-07-05,0.7418000693000693
2005-07-06,0.7407001041305104
2005-07-07,0.7398999305072967
2005-07-08,0.7407999302892994
2005-07-11,0.7483999302649931
2005-07-12,0.7563000348068221
2005-07-13,0.7489999999999999
2005-07-14,0.7507000698324023
2005-07-15,0.7499001047851904
2005-07-18,0.7535000000000001
2005-07-19,0.7516998602375962
2005-07-20,0.7555
2005-07-21,0.7659000349528137
2005-07-22,0.7647998602864129
2005-07-25,0.764900069881202
2005-07-26,0.758599930118798
2005-07-27,0.7589001745200697
2005-07-28,0.7550998952148096
2005-07-29,0.7583998601887452
2005-08-01,0.7625000000000001
2005-08-02,0.7651000349772648
2005-08-03,0.7723000000000001
2005-08-04,0.7723000349283967
2005-08-05,0.7671001745200697
2005-08-08,0.7649999999999999
2005-08-09,0.7596000696136442
2005-08-10,0.7655001739130435
2005-08-11,0.7742999652415711
2005-08-12,0.7723999306278182
2005-08-16,0.7686000692520777
2005-08-17,0.761
2005-08-18,0.7520000000000001
2005-08-19,0.7518998968008257
2005-08-22,0.7544000687994497
2005-08-23,0.7557001375515819
2005-08-24,0.7562999656002752
2005-08-25,0.7591998624011007
2005-08-26,0.7553001031282228
2005-08-29,0.7522001373154823
2005-08-30,0.7480000000000001
2005-08-31,0.7530999656475438
2005-09-01,0.7615999999999999
2005-09-02,0.7647
2005-09-05,0.7647000343997249
2005-09-06,0.7685001719986241
2005-09-07,0.7674
2005-09-08,0.7715998622589532
2005-09-09,0.7736001374098248
2005-09-12,0.7705001714089819
2005-09-13,0.7681000342583076
2005-09-14,0.770699897225077
2005-09-15,0.7659001372683596
2005-09-16,0.7661999312950877
2005-09-19,0.7662998969426313
2005-09-20,0.7692999313658202
2005-09-21,0.7700998627316403
2005-09-22,0.7620999313186813
2005-09-23,0.7575
2005-09-26,0.7565
2005-09-27,0.7547999999999999
2005-09-28,0.7587001715265866
2005-09-29,0.7599999999999999
2005-09-30,0.763
2005-10-03,0.762599862495703
2005-10-04,0.7629001372683597
2005-10-05,0.7566999657885733
2005-10-06,0.7583001703577512
2005-10-07,0.756100102145046
2005-10-11,0.752400135409614
2005-10-12,0.7545999999999999
2005-10-13,0.7545998659517427
2005-10-14,0.754600134634803
2005-10-17,0.7485998652745032
2005-10-18,0.7476998989558774
2005-10-19,0.7493999327278843
2005-10-20,0.752400067069081
2005-10-21,0.747400067069081
2005-10-24,0.7497998656816655
2005-10-25,0.7566000669344044
2005-10-26,0.7539999999999999
2005-10-27,0.7576000662690523
2005-10-28,0.7497001658374793
2005-10-31,0.746900066622252
2005-11-01,0.7454999999999999
2005-11-02,0.7416999330207635
2005-11-03,0.7384999999999999
2005-11-04,0.7323001341381622
2005-11-07,0.7327998654557686
2005-11-08,0.7355001687478906
2005-11-09,0.7362000673627485
2005-11-10,0.7307
2005-11-11,0.7307000337040782
2005-11-14,0.7272000000000001
2005-11-15,0.7315999322493224
2005-11-16,0.7312999999999998
2005-11-17,0.7333999320421339
2005-11-18,0.732300033978933
2005-11-21,0.7358999659748213
2005-11-22,0.7348
2005-11-23,0.7376
2005-11-24,0.7376001353179974
2005-11-25,0.735
2005-11-28,0.7371
2005-11-29,0.7383000672043011
2005-11-30,0.7391999325691166
2005-12-01,0.7426000671591673
2005-12-02,0.74709996645421
2005-12-05,0.7521001663893511
2005-12-06,0.7537000333667001
2005-12-07,0.747
2005-12-09,0.7522000664672649
2005-12-12,0.7557999336429994
2005-12-13,0.7545000000000001
2005-12-14,0.7555
2005-12-15,0.7473001658374793
2005-12-16,0.7427001647446457
2005-12-19,0.7417001652892562
2005-12-20,0.7327000659195783
2005-12-21,0.7322001318826244
2005-12-22,0.7303999338405557
2005-12-23,0.7279000992391663
2005-12-26,0.7278999337309476
2005-12-27,0.7255999999999999
2005-12-28,0.727
2005-12-29,0.7314
2005-12-30,0.7340999340369393
2006-01-02,0.7341000000000001
2006-01-03,0.7382998683344305
2006-01-04,0.7474001316222441
2006-01-05,0.7478
2006-01-06,0.7527999999999999
2006-01-09,0.753099869451697
2006-01-10,0.748599934576382
2006-01-11,0.7553998688954441
2006-01-12,0.7505001645278051
2006-01-13,0.7542
2006-01-16,0.7542
2006-01-17,0.7520000000000001
2006-01-18,0.7475998688094457
2006-01-19,0.7478000656598818
2006-01-20,0.7462998683344306
2006-01-23,0.7531000658327848
2006-01-24,0.7514000658544616
2006-01-25,0.7544000000000001
2006-01-26,0.7528999018645731
2006-01-27,0.7511000981354269
2006-01-30,0.7483998693237505
2006-01-31,0.7571999347684281
2006-02-01,0.7527998696219035
2006-02-02,0.7545001629195178
2006-02-03,0.7488001304206064
2006-02-06,0.7422000651678071
2006-02-07,0.7432999349381914
2006-02-08,0.7404000651041667
2006-02-09,0.7393000652315722
2006-02-10,0.7372999673948484
2006-02-13,0.7393000977517106
2006-02-14,0.7392999023119504
2006-02-15,0.7373998697492673
2006-02-16,0.7377000326051515
2006-02-17,0.7373999348109518
2006-02-20,0.7373998695368559
2006-02-21,0.7387000000000001
2006-02-22,0.7359000976244712
2006-02-23,0.7397000650618087
2006-02-24,0.7392
2006-02-27,0.738700162601626
2006-02-28,0.7432999349381914
2006-03-01,0.7437001303780965
2006-03-02,0.7465999347896968
2006-03-03,0.7436999674585096
2006-03-06,0.7401998700032498
2006-03-07,0.734
2006-03-08,0.733
2006-03-09,0.733600064871878
2006-03-10,0.7310999351070734
2006-03-13,0.7327
2006-03-14,0.7358998699609883
2006-03-15,0.7381998697916666
2006-03-16,0.7369000976244712
2006-03-17,0.7286000650829808
2006-03-20,0.7220000000000001
2006-03-21,0.7219001301236174
2006-03-22,0.7183001626016259
2006-03-23,0.7145001623903865
2006-03-27,0.7057998702562439
2006-03-28,0.7090999351070735
2006-03-29,0.7062999999999999
2006-03-30,0.7143998701720221
2006-03-31,0.7153001297858534
2006-04-03,0.7176
2006-04-04,0.7207998702562439
2006-04-05,0.7269
2006-04-06,0.7302000649561545
2006-04-07,0.726800064913989
2006-04-10,0.7277000973709834
2006-04-11,0.7322999675008124
2006-04-12,0.7320000000000001
2006-04-17,0.7381001300390116
2006-04-18,0.7392
2006-04-19,0.7471000651890483
2006-04-20,0.7372000653808434
2006-04-21,0.7448999673095783
2006-04-24,0.7445999343616672
2006-04-25,0.745
2006-04-26,0.7527999341888778
2006-04-27,0.7564001314060447
2006-04-28,0.759100065616798
2006-05-02,0.7610000000000001
2006-05-03,0.7690999342537805
2006-05-04,0.7711999342321606
2006-05-05,0.7709000328839198
2006-05-08,0.7679
2006-05-09,0.7732999013482408
2006-05-10,0.7757
2006-05-11,0.7765998681608438
2006-05-12,0.7726001317523056
2006-05-15,0.7615001644195989
2006-05-16,0.767
2006-05-17,0.7593999343832021
2006-05-18,0.7647000654878848
2006-05-19,0.7561999345549738
2006-05-22,0.7524000651041667
2006-05-23,0.7584000651041666
2006-05-24,0.7520000000000001
2006-05-26,0.7287998704663212
2006-05-29,0.7575001624959375
2006-05-30,0.7618999352331606
2006-05-31,0.7528
2006-06-01,0.7468
2006-06-02,0.7511000324780772
2006-06-05,0.7525
2006-06-06,0.739399935128122
2006-06-07,0.7405999351070733
2006-06-08,0.7413999351281219
2006-06-09,0.7485
2006-06-12,0.7470999675430056
2006-06-13,0.7376000648718779
2006-06-14,0.7365998700876907
2006-06-15,0.7378
2006-06-16,0.7382000649561546
2006-06-20,0.7382998700454841
2006-06-21,0.7387999999999999
2006-06-22,0.7382998700454841
2006-06-23,0.7319000324569944
2006-06-26,0.732100129617628
2006-06-27,0.7326
2006-06-28,0.7287998704663212
2006-06-29,0.7313999352331606
2006-06-30,0.7424999999999999
2006-07-03,0.7429001620745543
2006-07-04,0.7429001620745543
2006-07-05,0.7401998704243602
2006-07-06,0.745800064808814
2006-07-07,0.7515000000000001
2006-07-10,0.746399870382372
2006-07-11,0.752200064850843
2006-07-12,0.7515001621796951
2006-07-13,0.7542000648508431
2006-07-14,0.7536999675640609
2006-07-17,0.7481998702141467
2006-07-18,0.7453001297858534
2006-07-19,0.7504001299123091
2006-07-20,0.7510000000000001
2006-07-21,0.7515000000000001
2006-07-24,0.7539
2006-07-25,0.754200129954516
2006-07-26,0.7607000650618087
2006-07-27,0.7621000974975626
2006-07-28,0.7622999675008125
2006-07-31,0.7665999348958333
2006-08-01,0.7651999348746336
2006-08-02,0.7639999999999999
2006-08-03,0.7609
2006-08-04,0.7658999674160966
2006-08-07,0.7629000651041666
2006-08-08,0.7601998697916666
2006-08-09,0.7661000325839035
2006-08-10,0.7665001629195178
2006-08-11,0.7658000651253662
2006-08-14,0.7595001626016259
2006-08-15,0.7646
2006-08-16,0.7680998698763827
2006-08-17,0.761
2006-08-18,0.7581998702141467
2006-08-22,0.7515000000000001
2006-08-23,0.762399870382372
2006-08-24,0.76229996760609
2006-08-25,0.756099935316947
2006-08-28,0.759
2006-08-29,0.7615999999999999
2006-08-30,0.7637000322893123
2006-08-31,0.7621998708427511
2006-09-01,0.7665
2006-09-04,0.7665000000000001
2006-09-05,0.7707998708844417
2006-09-06,0.766
2006-09-07,0.7587999354630526
2006-09-08,0.7586001289906481
2006-09-11,0.7512001289075088
2006-09-12,0.7507000321853878
2006-09-13,0.7523000322268771
2006-09-14,0.7542000000000001
2006-09-15,0.7513999354422208
2006-09-18,0.7541000645577792
2006-09-19,0.7518999031320633
2006-09-20,0.754
2006-09-21,0.7571000322684737
2006-09-22,0.7506999031945788
2006-09-25,0.7523
2006-09-26,0.7520000000000001
2006-09-27,0.7495999355254674
2006-09-28,0.7482000644329897
2006-09-29,0.7459999999999999
2006-10-02,0.748500161134386
2006-10-03,0.7430998711340207
2006-10-04,0.7464000000000001
2006-10-05,0.7455001610305958
2006-10-06,0.7423000643915004
2006-10-09,0.7423000643915004
2006-10-10,0.7434000643707755
2006-10-11,0.7428000643915004
2006-10-12,0.7507000644329896
2006-10-13,0.750799871092491
2006-10-17,0.7529999999999999
2006-10-18,0.754
2006-10-19,0.7591000323729363
2006-10-20,0.7579
2006-10-23,0.7573
2006-10-24,0.7580000000000001
2006-10-25,0.7596000646621404
2006-10-26,0.7638999676270638
2006-10-27,0.7687000646412412
2006-10-30,0.769299935358759
2006-10-31,0.7748999676270638
2006-11-01,0.7741998704243602
2006-11-02,0.7737998702562439
2006-11-03,0.7695001621796951
2006-11-07,0.7752999675008124
2006-11-08,0.7707999348321929
2006-11-09,0.7685
2006-11-10,0.7669999999999999
2006-11-13,0.7615
2006-11-14,0.765
2006-11-15,0.7647001303780964
2006-11-16,0.7671000325839035
2006-11-17,0.7685998698763826
2006-11-20,0.7698000650195058
2006-11-21,0.7697999999999999
2006-11-22,0.7759000976244712
2006-11-23,0.775900032562683
2006-11-24,0.7781999999999999
2006-11-27,0.778
2006-11-28,0.7823999350227421
2006-11-29,0.7837000650618088
2006-11-30,0.7885
2006-12-01,0.7905
2006-12-04,0.7897
2006-12-05,0.7861001636661211
2006-12-06,0.7875001635590448
2006-12-07,0.7903999345977764
2006-12-11,0.7856
2006-12-12,0.7840998690242306
2006-12-13,0.7851001308900523
2006-12-14,0.7832998691955527
2006-12-15,0.7808999018645731
2006-12-18,0.7801000981354269
2006-12-19,0.7842001308044474
2006-12-20,0.7860999344692005
2006-12-21,0.784
2006-12-22,0.7827999999999999
2006-12-26,0.7823
2006-12-27,0.7836001300390116
2006-12-28,0.7886998697916667
2006-12-29,0.7871998693664273
2007-01-02,0.7957001308044473
2007-01-03,0.7905998692383132
2007-01-04,0.7859000651041667
2007-01-05,0.7797998700454841
2007-01-08,0.7808999350227421
2007-01-09,0.779099902692183
2007-01-10,0.7765001622849724
2007-01-11,0.7816000000000001
2007-01-12,0.7832999026290165
2007-01-15,0.7833000974342318
2007-01-16,0.7819
2007-01-17,0.7865998700876907
2007-01-18,0.7880999351070733
2007-01-19,0.789300064808814
2007-01-22,0.7881999354005168
2007-01-23,0.7917001291155584
2007-01-24,0.7813000645994832
2007-01-25,0.7767001291155584
2007-01-26,0.7736001287830007
2007-01-29,0.7712998712998713
2007-01-30,0.7727000321853877
2007-01-31,0.7735999356292242
2007-02-01,0.7746000644537544
2007-02-02,0.7745998709261052
2007-02-05,0.7763000322268772
2007-02-06,0.776699871050935
2007-02-07,0.778
2007-02-08,0.7812
2007-02-09,0.7771999356084998
2007-02-12,0.7724001288659794
2007-02-13,0.7783001289490651
2007-02-14,0.7832998708844416
2007-02-15,0.7843
2007-02-16,0.7844
2007-02-19,0.7843999355462455
2007-02-20,0.7852999355670104
2007-02-21,0.7896001287830007
2007-02-22,0.7890998711340206
2007-02-23,0.7920998711340206
2007-02-26,0.7926999677731227
2007-02-27,0.7923998710093518
2007-02-28,0.7889
2007-03-01,0.7851000968679368
2007-03-02,0.8250000000000001
2007-03-05,0.7719000644745325
2007-03-06,0.7732001289075088
2007-03-07,0.7767999355670103
2007-03-08,0.7759999999999999
2007-03-09,0.7803998712169994
2007-03-12,0.7839999999999999
2007-03-13,0.7837000967429861
2007-03-14,0.7852001291155585
2007-03-15,0.7892998708844415
2007-03-16,0.7969999999999999
2007-03-19,0.7978000000000001
2007-03-20,0.8025998709261052
2007-03-21,0.8011999999999999
2007-03-22,0.8063000968054211
2007-03-23,0.8055
2007-03-26,0.8100998711340205
2007-03-27,0.8085
2007-03-28,0.8060998711340206
2007-03-29,0.8070999355254674
2007-03-30,0.8095
2007-04-03,0.812700096742986
2007-04-04,0.8184
2007-04-09,0.8182999677106878
2007-04-10,0.825299935358759
2007-04-11,0.8248000647039792
2007-04-12,0.8282
2007-04-13,0.8329000000000001
2007-04-16,0.8314000647878198
2007-04-17,0.835900097307817
2007-04-18,0.8356
2007-04-19,0.8356000647668393
2007-04-20,0.8351000647668394
2007-04-23,0.832200129743756
2007-04-24,0.826699967564061
2007-04-25,0.826699935191186
2007-04-26,0.8266000647668394
2007-04-27,0.8298
2007-04-30,0.8316
2007-05-02,0.8250000000000001
2007-05-03,0.825200064850843
2007-05-04,0.823300032435939
2007-05-07,0.8245
2007-05-08,0.8283999999999999
2007-05-09,0.8284001299123092
2007-05-10,0.8286001298279779
2007-05-11,0.8319
2007-05-14,0.8322998700454841
2007-05-15,0.8338998699609883
2007-05-16,0.8322999675008125
2007-05-17,0.8222
2007-05-18,0.8245
2007-05-21,0.8214
2007-05-22,0.8200000000000001
2007-05-23,0.8236000648718781
2007-05-24,0.8205998702983139
2007-05-28,0.820600064871878
2007-05-29,0.8181999350860111
2007-05-30,0.8213999999999999
2007-05-31,0.8268001299967501
2007-06-01,0.8320998698763826
2007-06-04,0.8335999348958333
2007-06-05,0.8361000974975626
2007-06-06,0.8411001300390116
2007-06-07,0.8412999675008125
2007-06-08,0.8428998699609883
2007-06-11,0.842900162601626
2007-06-12,0.8442999349381913
2007-06-13,0.8397999349381914
2007-06-14,0.8355999348958333
2007-06-15,0.8357000324991875
2007-06-19,0.8460998698763826
2007-06-20,0.8452000649561546
2007-06-21,0.8465999351070733
2007-06-22,0.8469000648929267
2007-06-25,0.8479999999999999
2007-06-26,0.8467001295336787
2007-06-27,0.8355001617599481
2007-06-28,0.8462000000000001
2007-06-29,0.8490000000000001
2007-07-02,0.8587000970559688
2007-07-03,0.8548000647039792
2007-07-04,0.854800129366106
2007-07-05,0.8559000966806315
2007-07-06,0.8573001610305958
2007-07-10,0.8623000322268772
2007-07-11,0.8622999032570139
2007-07-12,0.8649
2007-07-13,0.8684
2007-07-16,0.8682999032570138
2007-07-17,0.8682999032570138
2007-07-18,0.8682999355670102
2007-07-19,0.8787000644329898
2007-07-20,0.8782
2007-07-23,0.882899872040947
2007-07-24,0.8834
2007-07-25,0.8830999999999999
2007-07-26,0.8723999362651371
2007-07-27,0.8551000641436819
2007-07-30,0.8547000640204865
2007-07-31,0.8579000320410125
2007-08-01,0.8506000638365784
2007-08-02,0.858200127469726
2007-08-03,0.8567999999999999
2007-08-06,0.8566999999999999
2007-08-07,0.8539000318369946
2007-08-08,0.8626000638365784
2007-08-09,0.8520999045497932
2007-08-10,0.845
2007-08-13,0.8415998727735368
2007-08-14,0.8361000953288846
2007-08-15,0.8248001269035532
2007-08-16,0.7844999999999999
2007-08-17,0.796
2007-08-21,0.7997
2007-08-22,0.8053999368686868
2007-08-23,0.8153999370673379
2007-08-24,0.8255
2007-08-27,0.8291999999999999
2007-08-28,0.8219999999999998
2007-08-29,0.8155001579778831
2007-08-30,0.8151000633312223
2007-08-31,0.8166999366286438
2007-09-03,0.8166998734977863
2007-09-04,0.8223001579778831
2007-09-05,0.823200063211125
2007-09-06,0.8277000632111251
2007-09-07,0.8270000000000001
2007-09-10,0.8240000000000001
2007-09-11,0.8332999682237052
2007-09-12,0.8431000956327701
2007-09-13,0.8409000319386778
2007-09-14,0.84159993624482
2007-09-17,0.8332
2007-09-18,0.8378998724489796
2007-09-19,0.8540000000000001
2007-09-20,0.862600063734863
2007-09-21,0.8646
2007-09-24,0.8661001589825119
2007-09-25,0.8714000635525898
2007-09-26,0.8741000635324014
2007-09-27,0.8791000000000001
2007-09-28,0.8864
2007-10-01,0.8942000635122261
2007-10-02,0.8845000000000001
2007-10-03,0.8845001586797843
2007-10-04,0.8881001584786055
2007-10-05,0.8969999999999999
2007-10-08,0.897
2007-10-09,0.8956999683844451
2007-10-10,0.8951001267427123
2007-10-11,0.9031001267427122
2007-10-12,0.9031000950269243
2007-10-16,0.8871
2007-10-17,0.8852999050933249
2007-10-18,0.8961998734977863
2007-10-19,0.8936999683844452
2007-10-22,0.8827999368886084
2007-10-23,0.8962001260636622
2007-10-24,0.8961000314564328
2007-10-25,0.9055001572821643
2007-10-26,0.9163998738568275
2007-10-29,0.9198999049730757
2007-10-30,0.9187001270648031
2007-10-31,0.9258001273074474
2007-11-01,0.9164999999999999
2007-11-02,0.9231000319590924
2007-11-05,0.9203999361634216
2007-11-07,0.9356001279590531
2007-11-08,0.9248
2007-11-09,0.9135998721636306
2007-11-12,0.9135999361430396
2007-11-13,0.889
2007-11-14,0.9006000639386188
2007-11-15,0.8900998719590268
2007-11-16,0.8915
2007-11-19,0.8844
2007-11-20,0.8914000638569604
2007-11-21,0.8716999044281619
2007-11-22,0.8717000955109838
2007-11-23,0.8913999363665289
2007-11-26,0.8776000636334713
2007-11-27,0.8758
2007-11-28,0.8833000952683392
2007-11-29,0.880200127064803
2007-11-30,0.8822000000000001
2007-12-03,0.8811000318572794
2007-12-04,0.8734999999999999
2007-12-05,0.8725999361430395
2007-12-06,0.8759001276324186
2007-12-07,0.8772998725302741
2007-12-10,0.8798999362651371
2007-12-11,0.8877999362854413
2007-12-12,0.880500159286397
2007-12-13,0.8743001273074474
2007-12-14,0.8624000636537238
2007-12-17,0.8579999999999999
2007-12-18,0.8580000000000001
2007-12-19,0.8575
2007-12-20,0.859
2007-12-21,0.865
2007-12-26,0.8735998727735369
2007-12-27,0.8775998729755478
2007-12-28,0.8735001587805653
2007-12-31,0.8761000317561131
2008-01-02,0.8799001589825118
2008-01-03,0.8816001273479783
2008-01-04,0.8745999999999999
2008-01-07,0.8706999362244898
2008-01-08,0.8808
2008-01-09,0.8796999041227229
2008-01-10,0.8886999041227229
2008-01-11,0.8927001278772377
2008-01-14,0.8977000318775901
2008-01-15,0.8878000636739892
2008-01-16,0.8775000000000001
2008-01-17,0.8823
2008-01-18,0.8763001269035532
2008-01-21,0.8762998733375553
2008-01-22,0.8681000950269243
2008-01-23,0.8657001266624446
2008-01-24,0.8787998731366953
2008-01-25,0.8816
2008-01-28,0.8838000634719138
2008-01-29,0.8883001269035533
2008-01-30,0.8896999366286438
2008-01-31,0.8968999366687777
2008-02-01,0.9034001268230819
2008-02-04,0.9098999366687777
2008-02-05,0.8992000632111251
2008-02-06,0.898
2008-02-07,0.8938999684443042
2008-02-08,0.8948999684443042
2008-02-11,0.9022001262626261
2008-02-12,0.9058001265022138
2008-02-13,0.8931001267427122
2008-02-14,0.9026001267427123
2008-02-15,0.9060999048525215
2008-02-18,0.9060999048525215
2008-02-19,0.9199001268230819
2008-02-20,0.9143998730561727
2008-02-21,0.9203998730561728
2008-02-22,0.9197000316756414
2008-02-25,0.9236000633312224
2008-02-26,0.9291000316555872
2008-02-27,0.9415
2008-02-28,0.9461000950269243
2008-02-29,0.936700094906675
2008-03-03,0.9403000949667617
2008-03-04,0.9226999682841739
2008-03-05,0.9320999365482233
2008-03-06,0.9309999999999999
2008-03-07,0.9283000633713561
2008-03-10,0.9191000633312224
2008-03-11,0.9241998730964467
2008-03-12,0.9331998730964467
2008-03-13,0.9433999364675983
2008-03-14,0.9396001271455817
2008-03-17,0.916700127064803
2008-03-18,0.928700031776295
2008-03-19,0.9164000633512829
2008-03-25,0.9168001265022139
2008-03-26,0.9168999684443042
2008-03-27,0.9199999999999999
2008-03-28,0.9163001265022138
2008-03-31,0.9162998737373736
2008-04-01,0.9038
2008-04-03,0.9160998735777497
2008-04-04,0.9216000632311098
2008-04-07,0.9215001582779361
2008-04-08,0.9301000316555873
2008-04-09,0.9297999366888255
2008-04-10,0.9318000633713561
2008-04-11,0.9290999048525214
2008-04-14,0.9237999365884592
2008-04-15,0.9238000632711167
2008-04-16,0.939300063171194
2008-04-17,0.9351998738965952
2008-04-18,0.9312
2008-04-21,0.941
2008-04-22,0.9455
2008-04-23,0.9493998742533795
2008-04-24,0.9390998743718593
2008-04-25,0.9322999369880277
2008-04-28,0.9393001261034047
2008-04-29,0.9341998736975056
2008-04-30,0.9425998735777497
2008-05-02,0.9344000630517023
2008-05-05,0.946
2008-05-06,0.9491000944287062
2008-05-07,0.9444999999999999
2008-05-08,0.9441000944287063
2008-05-09,0.9417000314762355
2008-05-12,0.9471000944287064
2008-05-13,0.9419001579778831
2008-05-14,0.9346000632311098
2008-05-15,0.9389000316355584
2008-05-16,0.9536001271455817
2008-05-19,0.9532000635122261
2008-05-20,0.9576
2008-05-21,0.9643999361634217
2008-05-22,0.9562999361837906
2008-05-23,0.9605998723675814
2008-05-26,0.9605999363462763
2008-05-27,0.958600063938619
2008-05-28,0.9613998716302953
2008-05-29,0.9539999999999998
2008-05-30,0.9555998709261051
2008-06-02,0.954
2008-06-03,0.9537001303780965
2008-06-04,0.9604001301236175
2008-06-05,0.9581999346618753
2008-06-06,0.9607001303780964
2008-06-09,0.9490998694516971
2008-06-10,0.9464
2008-06-11,0.9476001306762496
2008-06-12,0.9343999344906649
2008-06-13,0.9385
2008-06-17,0.944
2008-06-18,0.9463001647446458
2008-06-19,0.9515
2008-06-20,0.9537000659195782
2008-06-23,0.9516999006293474
2008-06-24,0.9558000663129974
2008-06-25,0.9552001325381048
2008-06-26,0.9554000660720184
2008-06-27,0.9613000660938533
2008-06-30,0.9585001652892562
2008-07-01,0.9531998676373263
2008-07-02,0.9625
2008-07-03,0.9597998678996036
2008-07-04,0.9598000660938533
2008-07-07,0.9560000000000001
2008-07-08,0.9532999336429994
2008-07-10,0.9611000662690524
2008-07-11,0.9655
2008-07-14,0.9715
2008-07-15,0.9714001322751323
2008-07-16,0.9748999339498018
2008-07-17,0.9687998676811114
2008-07-18,0.9716000661594442
2008-07-21,0.974299933862434
2008-07-22,0.9692001323188886
2008-07-23,0.9615
2008-07-24,0.9557000331455089
2008-07-25,0.9572998674618953
2008-07-28,0.9572999999999999
2008-07-29,0.9512
2008-07-30,0.9433998678122936
2008-07-31,0.9402000657030224
2008-08-01,0.9304000657462197
2008-08-04,0.9305
2008-08-05,0.9140999342537806
2008-08-06,0.9092000657030224
2008-08-07,0.9077000328191663
2008-08-08,0.8900999344692004
2008-08-11,0.8816999670293438
2008-08-12,0.8776999341238472
2008-08-13,0.873
2008-08-14,0.8704001320567845
2008-08-15,0.8654000000000001
2008-08-19,0.8711000660501981
2008-08-20,0.8714999999999999
2008-08-21,0.878
2008-08-22,0.8668
2008-08-25,0.8636001321877066
2008-08-26,0.8538000660938533
2008-08-27,0.8559999999999999
2008-08-28,0.8622999669639907
2008-08-29,0.8572000000000001
2008-09-01,0.8572001321003963
2008-09-02,0.8386000658327848
2008-09-03,0.8351998682910767
2008-09-04,0.8263999341672154
2008-09-05,0.8119999999999999
2008-09-08,0.8113
2008-09-09,0.809
2008-09-10,0.8044001301236176
2008-09-11,0.7996
2008-09-12,0.8190999351070734
2008-09-15,0.8044000647878198
2008-09-16,0.7935001615508885
2008-09-17,0.7928000000000001
2008-09-18,0.7995998717537672
2008-09-19,0.829
2008-09-22,0.8496999999999999
2008-09-23,0.8299999999999998
2008-09-24,0.8373998712169993
2008-09-25,0.8352001284934147
2008-09-26,0.8306999358151477
2008-09-29,0.8133999358563182
2008-09-30,0.7902
2008-10-01,0.7920998723675814
2008-10-02,0.7749999999999999
2008-10-03,0.7771998734977862
2008-10-06,0.7041000938379731
2008-10-07,0.7147001555209953
2008-10-08,0.6752001241079739
2008-10-09,0.7036001238006809
2008-10-10,0.6390998759305211
2008-10-14,0.7004000626566416
2008-10-15,0.6731000625390869
2008-10-16,0.6743001560062402
2008-10-17,0.6561001206272619
2008-10-20,0.6953001241464929
2008-10-21,0.6806001245717845
2008-10-22,0.6736999689730065
2008-10-23,0.6601001536098311
2008-10-24,0.6243999389871873
2008-10-27,0.6112000000000001
2008-10-28,0.6286000593824229
2008-10-29,0.6724
2008-10-30,0.6711001477104874
2008-10-31,0.6606000590318771
2008-11-03,0.679299970475347
2008-11-04,0.6983001522070015
2008-11-05,0.6958
2008-11-07,0.6705001511944361
2008-11-10,0.6762000000000001
2008-11-11,0.6762000000000001
2008-11-12,0.6433001512859304
2008-11-13,0.6397
2008-11-14,0.6567999396499699
2008-11-17,0.6561001206272619
2008-11-18,0.6547000903342367
2008-11-19,0.649599939885783
2008-11-20,0.6165001501952537
2008-11-21,0.6243000300030003
2008-11-24,0.6493000599520384
2008-11-25,0.6454
2008-11-26,0.647700119474313
2008-11-27,0.6477
2008-11-28,0.6536999703528016
2008-12-01,0.6443000295595624
2008-12-02,0.644
2008-12-03,0.6472000586682312
2008-12-04,0.653099912866686
2008-12-05,0.6337998846597462
2008-12-09,0.6596
2008-12-10,0.661
2008-12-11,0.6769
2008-12-12,0.6586000584282793
2008-12-15,0.6711
2008-12-16,0.677
2008-12-17,0.6965999412110523
2008-12-18,0.6981001468428782
2008-12-19,0.6801001170960187
2008-12-22,0.683
2008-12-23,0.6779001164822365
2008-12-24,0.6823999999999999
2008-12-26,0.6813
2008-12-29,0.6935001451378809
2008-12-30,0.6910000000000001
2008-12-31,0.697900086880973
2009-01-02,0.7065
2009-01-05,0.7142999130686758
2009-01-06,0.7185001448016217
2009-01-07,0.7195001447178003
2009-01-08,0.7081
2009-01-09,0.7074001159756451
2009-01-12,0.680599884024355
2009-01-13,0.6671999420457838
2009-01-14,0.6639999999999999
2009-01-15,0.6552001158412974
2009-01-16,0.6656999421296297
2009-01-19,0.6656999421296297
2009-01-20,0.6568999999999999
2009-01-21,0.6520999999999999
2009-01-22,0.6534
2009-01-23,0.6524001149755676
2009-01-26,0.6609000287273773
2009-01-27,0.66
2009-01-28,0.6698999426605504
2009-01-29,0.6534000000000001
2009-01-30,0.6358999426605505
2009-02-02,0.6321999427098253
2009-02-03,0.6468999999999999
2009-02-04,0.6487000286779467
2009-02-05,0.6535
2009-02-06,0.6713000573723464
2009-02-09,0.6835001433897333
2009-02-10,0.6589999999999999
2009-02-11,0.6531
2009-02-12,0.6499999999999999
2009-02-13,0.658800057208238
2009-02-16,0.6588001143837575
2009-02-17,0.6375998858447489
2009-02-18,0.6378
2009-02-19,0.6447999434069044
2009-02-20,0.641200113058225
2009-02-23,0.6452001127395716
2009-02-24,0.6432000562746202
2009-02-25,0.6471001406469761
2009-02-26,0.6528999437886452
2009-02-27,0.6412999719652368
2009-03-02,0.6309000277700638
2009-03-03,0.639500138465799
2009-03-04,0.6497998894416805
2009-03-05,0.6405000000000001
2009-03-06,0.6408000550812448
2009-03-09,0.631899917514435
2009-03-10,0.6458001099807533
2009-03-11,0.6485
2009-03-12,0.6463000548546352
2009-03-13,0.6571
2009-03-16,0.6620999176502883
2009-03-17,0.6592001096491228
2009-03-18,0.6686001094091903
2009-03-19,0.6877999451904632
2009-03-20,0.6868999179655455
2009-03-23,0.7013000813228517
2009-03-25,0.6972001084598698
2009-03-26,0.7012999458581484
2009-03-27,0.692
2009-03-30,0.6782999730965832
2009-03-31,0.6951999999999999
2009-04-01,0.6941998922413792
2009-04-03,0.7122999458581484
2009-04-06,0.7110998911268372
2009-04-07,0.7112999455634187
2009-04-08,0.7101000815882513
2009-04-13,0.7287999999999999
2009-04-14,0.726200108754758
2009-04-15,0.7242999728039162
2009-04-16,0.7165001359064963
2009-04-17,0.721099891422367
2009-04-20,0.6975001355380862
2009-04-21,0.711599945828819
2009-04-22,0.7083998917748917
2009-04-23,0.7118999188531241
2009-04-24,0.7208999188531241
2009-04-27,0.7095998920086393
2009-04-28,0.707
2009-04-29,0.7281999462510078
2009-04-30,0.7275998922994077
2009-05-04,0.7387001353179973
2009-05-05,0.742500135171668
2009-05-06,0.7478000538938292
2009-05-07,0.7538000537489922
2009-05-08,0.7689999999999999
2009-05-11,0.7607
2009-05-12,0.7623998925020156
2009-05-13,0.7552
2009-05-14,0.7577000268312316
2009-05-15,0.7485
2009-05-18,0.7631000804936947
2009-05-19,0.7747998927038626
2009-05-20,0.7781998928188638
2009-05-21,0.7776001070663812
2009-05-22,0.7847000267594327
2009-05-26,0.786200053490238
2009-05-27,0.7831998929622691
2009-05-28,0.7834001068376069
2009-05-29,0.8
2009-06-01,0.8141001335113485
2009-06-02,0.8215001335826877
2009-06-03,0.7969999999999999
2009-06-04,0.8017998931338499
2009-06-05,0.7991998935320735
2009-06-08,0.7877999467943602
2009-06-09,0.8022
2009-06-10,0.7969
2009-06-11,0.8212
2009-06-12,0.812
2009-06-16,0.7941001062134891
2009-06-17,0.7955999469073534
2009-06-18,0.7986000530785563
2009-06-19,0.8073001324503312
2009-06-22,0.7898000528960593
2009-06-23,0.7939000790930661
2009-06-24,0.8025
2009-06-25,0.8016000000000001
2009-06-26,0.8061000526592943
2009-06-29,0.8089
2009-06-30,0.806
2009-07-01,0.808599894709134
2009-07-02,0.7948000526177321
2009-07-03,0.797200105180121
2009-07-06,0.7930999211149093
2009-07-07,0.7949001314060447
2009-07-08,0.7723999474789917
2009-07-13,0.7805000000000001
2009-07-14,0.7861001050972148
2009-07-15,0.8034000525348043
2009-07-16,0.8025001313370107
2009-07-17,0.8025
2009-07-20,0.8133999474789917
2009-07-21,0.8115
2009-07-22,0.8182998949579833
2009-07-23,0.8156000525210085
2009-07-24,0.8175998949855604
2009-07-27,0.8222
2009-07-28,0.8251999999999999
2009-07-29,0.8145
2009-07-30,0.8273000783494384
2009-07-31,0.8345
2009-08-03,0.8408998954521694
2009-08-04,0.8400000000000001
2009-08-05,0.8408
2009-08-06,0.8383998954521693
2009-08-07,0.837700026130128
2009-08-10,0.834
2009-08-11,0.8298000522056904
2009-08-12,0.8332000521648408
2009-08-13,0.8402999739379724
2009-08-14,0.8296
2009-08-18,0.8253998959958398
2009-08-19,0.829600051975052
2009-08-20,0.8314001039230968
2009-08-21,0.8326999220576773
2009-08-24,0.8382999999999999
2009-08-25,0.8348
2009-08-26,0.827899948024948
2009-08-27,0.837200103950104
2009-08-28,0.8417
2009-08-31,0.8430999740327187
2009-09-01,0.8286
2009-09-02,0.8351999479979199
2009-09-03,0.835
2009-09-04,0.8515999480114375
2009-09-07,0.851599896076903
2009-09-08,0.8629000259672812
2009-09-09,0.8615998962117281
2009-09-10,0.8643000259538022
2009-09-11,0.8639001037882719
2009-09-14,0.8585
2009-09-15,0.8636001044113808
2009-09-16,0.873200104493208
2009-09-17,0.8710999478079333
2009-09-18,0.8684001041938005
2009-09-21,0.8631999478623567
2009-09-22,0.8725001303101382
2009-09-23,0.8755999478759448
2009-09-24,0.8634000521240552
2009-09-25,0.8652998957790515
2009-09-28,0.870399895860453
2009-09-29,0.8733000260213375
2009-09-30,0.8825001301066875
2009-10-01,0.871
2009-10-02,0.8669001040582727
2009-10-05,0.8779
2009-10-06,0.8884001043296818
2009-10-07,0.8875998956703183
2009-10-08,0.9067998956430993
2009-10-09,0.9026999216505615
2009-10-13,0.9036
2009-10-14,0.9143001046572474
2009-10-15,0.918
2009-10-16,0.9168000523423186
2009-10-19,0.9273001046572475
2009-10-20,0.9202999214865217
2009-10-21,0.931
2009-10-22,0.9245
2009-10-23,0.9213000000000001
2009-10-26,0.916
2009-10-27,0.9139
2009-10-28,0.8991000000000001
2009-10-29,0.9167
2009-10-30,0.8994001047394606
2009-11-02,0.9018999738151349
2009-11-03,0.9017001047668937
2009-11-04,0.909
2009-11-05,0.9095001309929264
2009-11-09,0.9295
2009-11-10,0.9266
2009-11-11,0.9266000524521374
2009-11-12,0.9247999475616151
2009-11-13,0.9329001048767698
2009-11-16,0.9374
2009-11-17,0.9272999475616152
2009-11-18,0.9293
2009-11-19,0.9176000525900605
2009-11-20,0.9131
2009-11-23,0.9248999736772835
2009-11-24,0.9159000526038926
2009-11-25,0.9287998948198791
2009-11-26,0.9288000525486075
2009-11-27,0.9063000787608296
2009-11-30,0.9123998950406718
2009-12-01,0.9241998950682057
2009-12-02,0.9248000524796641
2009-12-03,0.9276999212391704
2009-12-04,0.9152999737325979
2009-12-07,0.9155998948475289
2009-12-09,0.904200052645433
2009-12-10,0.9151999473822677
2009-12-11,0.9115001314751513
2009-12-14,0.916
2009-12-15,0.9055001311991604
2009-12-16,0.8996999999999999
2009-12-17,0.8857
2009-12-18,0.8880999213217938
2009-12-21,0.8817998949579832
2009-12-22,0.8785
2009-12-23,0.8811001317523056
2009-12-24,0.8819000527426161
2009-12-28,0.887
2009-12-29,0.8961000783903841
2009-12-30,0.8947
2009-12-31,0.8983
2010-01-04,0.9122998946814113
2010-01-05,0.9125001316135825
2010-01-06,0.9186
2010-01-07,0.918
2010-01-08,0.9232001053185888
2010-01-11,0.9287000527148128
2010-01-12,0.9205998945703743
2010-01-13,0.9231000790097446
2010-01-14,0.9305001316829076
2010-01-15,0.9228999209902554
2010-01-18,0.9228999736772835
2010-01-19,0.925
2010-01-20,0.909
2010-01-21,0.9048999474789916
2010-01-22,0.9045001313370108
2010-01-25,0.9038000525486074
2010-01-26,0.9012999475616151
2010-01-27,0.8955998951232301
2010-01-28,0.8954001047394606
2010-01-29,0.888
2010-02-01,0.8893998957247133
2010-02-02,0.885
2010-02-03,0.8827000521648409
2010-02-04,0.8659000260348867
2010-02-05,0.8627
2010-02-08,0.8686001041395469
2010-02-09,0.8770999219359875
2010-02-10,0.8755999480114375
2010-02-11,0.8887999999999999
2010-02-12,0.8862000518941359
2010-02-15,0.8894000000000001
2010-02-16,0.9012999740731138
2010-02-17,0.8996999481327801
2010-02-18,0.8982001036806636
2010-02-19,0.8963999481596683
2010-02-22,0.9003000258866166
2010-02-23,0.8898
2010-02-24,0.8927
2010-02-25,0.8842000518268982
2010-02-26,0.8941000259134491
2010-03-01,0.9004000518537724
2010-03-02,0.9054
2010-03-03,0.9072
2010-03-04,0.9006999481327801
2010-03-05,0.9071000259134491
2010-03-08,0.9105998963462036
2010-03-09,0.9140999482133608
2010-03-10,0.9145
2010-03-11,0.913899974086551
2010-03-12,0.9158
2010-03-15,0.9125001294330831
2010-03-16,0.913900051786639
2010-03-17,0.9246998964267218
2010-03-18,0.921800103573278
2010-03-19,0.9157999482401658
2010-03-22,0.9167999482401656
2010-03-23,0.9166
2010-03-25,0.9095001292991984
2010-03-26,0.9008001034393587
2010-03-29,0.915699974180222
2010-03-30,0.918500129032258
2010-03-31,0.9176000515729758
2010-04-05,0.9203000773395205
2010-04-06,0.9256
2010-04-07,0.9293998968008257
2010-04-08,0.928
2010-04-09,0.9318998968008256
2010-04-12,0.9286000515729758
2010-04-13,0.9274001031193607
2010-04-14,0.9348998968008256
2010-04-15,0.9329000516528926
2010-04-16,0.9244001033858877
2010-04-19,0.9196
2010-04-20,0.9306001033324722
2010-04-21,0.9286001033324722
2010-04-22,0.9293998966675279
2010-04-23,0.9246998966942149
2010-04-26,0.9262001032791117
2010-04-27,0.9192998968540484
2010-04-28,0.9233998969337801
2010-04-29,0.9286000515065671
2010-04-30,0.9262998971193416
2010-05-03,0.9255
2010-05-04,0.9112
2010-05-05,0.9077999999999999
2010-05-06,0.8899001283697048
2010-05-07,0.8895001283697047
2010-05-10,0.8996
2010-05-11,0.9001999486652977
2010-05-12,0.8923001283697047
2010-05-13,0.8994
2010-05-14,0.887
2010-05-17,0.8712001024852678
2010-05-18,0.8672000511639806
2010-05-19,0.845899897593446
2010-05-20,0.8269001280409732
2010-05-21,0.8306999487967229
2010-05-26,0.8311999488621836
2010-05-27,0.8485
2010-05-28,0.8438
2010-05-31,0.8445998981929245
2010-06-01,0.8397
2010-06-02,0.833900127388535
2010-06-03,0.8388
2010-06-04,0.8249001019367992
2010-06-07,0.8169000509943907
2010-06-08,0.8210000000000001
2010-06-09,0.8320000000000001
2010-06-10,0.8484001020668538
2010-06-11,0.8469000764720876
2010-06-14,0.8588998981151298
2010-06-15,0.8628998981151298
2010-06-16,0.8656001018848701
2010-06-17,0.86660010188487
2010-06-18,0.869699949057565
2010-06-22,0.8776999236446933
2010-06-23,0.8731000763941941
2010-06-24,0.8718999999999999
2010-06-25,0.8748001017293998
2010-06-28,0.8720999237223493
2010-06-29,0.8515999491353001
2010-06-30,0.8469000254388196
2010-07-01,0.8425001271294178
2010-07-02,0.8419001016776817
2010-07-05,0.838900127064803
2010-07-06,0.849700127064803
2010-07-07,0.8646001016260163
2010-07-08,0.873
2010-07-12,0.8748998983739837
2010-07-13,0.88
2010-07-14,0.8819001016776817
2010-07-15,0.8806
2010-07-16,0.8685998983223182
2010-07-19,0.869500127064803
2010-07-20,0.8830998983223182
2010-07-21,0.8832999491611592
2010-07-22,0.8940999491353002
2010-07-23,0.8948000508776393
2010-07-26,0.9023001017293998
2010-07-27,0.901
2010-07-28,0.8924
2010-07-29,0.9005999491998985
2010-07-30,0.9025
2010-08-02,0.9118999492127984
2010-08-03,0.9140998983223182
2010-08-04,0.9152001017035343
2010-08-05,0.9147998982964658
2010-08-06,0.9155000000000001
2010-08-09,0.9164000508646999
2010-08-10,0.9086000508517671
2010-08-11,0.8992000508388409
2010-08-12,0.8946000508517671
2010-08-13,0.896399949148233
2010-08-17,0.9074001016776817
2010-08-18,0.9018000508130081
2010-08-19,0.8911000762001524
2010-08-20,0.8907998984255967
2010-08-23,0.8929999999999999
2010-08-24,0.8845999492643328
2010-08-25,0.8808
2010-08-26,0.887
2010-08-27,0.8975000000000001
2010-08-30,0.8936000000000001
2010-08-31,0.8906
2010-09-01,0.9087999999999999
2010-09-02,0.909100076007094
2010-09-03,0.9159001267427124
2010-09-06,0.9172000507099392
2010-09-07,0.914
2010-09-08,0.9176999493157627
2010-09-09,0.9236000000000001
2010-09-10,0.9254
2010-09-13,0.9345
2010-09-14,0.9440000000000001
2010-09-15,0.9400999999999999
2010-09-16,0.9345998987085339
2010-09-17,0.9378000506200962
2010-09-20,0.9478
2010-09-21,0.9475001265502404
2010-09-22,0.9534000506072875
2010-09-23,0.9533999494055149
2010-09-24,0.9580000000000001
2010-09-27,0.9633998992697054
2010-09-28,0.9680999244903097
2010-09-29,0.9702999495459133
2010-09-30,0.9648
2010-10-01,0.9718000504922999
2010-10-04,0.9668
2010-10-05,0.970600050530571
2010-10-06,0.9763
2010-10-07,0.9812998989388579
2010-10-08,0.9838998988877654
2010-10-12,0.9831001264222503
2010-10-13,0.9926998987854252
2010-10-14,0.9930000000000001
2010-10-15,0.9872
2010-10-18,0.9917999494183105
2010-10-19,0.9717000252716704
2010-10-20,0.986600050530571
2010-10-21,0.9747001010611419
2010-10-22,0.9801001011122347
2010-10-25,0.9924000000000001
2010-10-26,0.983
2010-10-28,0.9775001263583523
2010-10-29,0.9807000252716706
2010-11-01,0.9866999242232887
2010-11-02,0.999200101061142
2010-11-03,0.9968999241849886
2010-11-04,1.0130000000000001
2010-11-05,1.0155
2010-11-08,1.0140999242997728
2010-11-09,1.0110000000000001
2010-11-10,1.0010000000000001
2010-11-11,0.9966998990408884
2010-11-12,0.9844
2010-11-15,0.9911
2010-11-16,0.9743999496602064
2010-11-17,0.9803000251698968
2010-11-18,0.9880999244903096
2010-11-19,0.9853999496602065
2010-11-23,0.9746999748301032
2010-11-24,0.9840999244903097
2010-11-25,0.981
2010-11-26,0.9641
2010-11-29,0.9599001254705145
2010-11-30,0.9605
2010-12-01,0.9673999497865929
2010-12-02,0.9757
2010-12-03,0.9889999999999999
2010-12-06,0.9886000502765208
2010-12-07,0.9882998994469582
2010-12-09,0.983
2010-12-10,0.9849001257861635
2010-12-13,0.9952001006795873
2010-12-14,1.0005
2010-12-15,0.9894999999999999
2010-12-16,0.9884
2010-12-17,0.985
2010-12-20,0.9937999496728737
2010-12-21,0.997500125849484
2010-12-22,0.9999000503524673
2010-12-23,1.004399949723479
2010-12-27,1.0025
2010-12-28,1.012
2010-12-29,1.0157001005530415
2010-12-30,1.0125
2010-12-31,1.0228000503018109
2011-01-03,1.020500125849484
2011-01-04,1.0042001006795873
2011-01-05,1.0013001007049347
2011-01-06,0.9965
2011-01-07,0.9936000502765209
2011-01-10,0.9947998994469582
2011-01-11,0.9876000502765208
2011-01-12,0.9941999496981891
2011-01-13,0.9996999496981892
2011-01-14,0.9899999999999999
2011-01-17,0.9941000251319427
2011-01-18,0.9976999748932964
2011-01-19,1.002200100426814
2011-01-20,0.9872001004268138
2011-01-21,0.988799899573186
2011-01-24,0.9995001254705145
2011-01-25,0.9934999999999999
2011-01-26,0.9948999999999999
2011-01-27,0.9915999999999999
2011-01-28,0.9939999999999999
2011-01-31,0.9984999999999999
2011-02-01,1.014400099775505
2011-02-02,1.0075001244709982
2011-02-03,1.0149001245330012
2011-02-04,1.0112999751058003
2011-02-07,1.013500124409057
2011-02-08,1.0175999502116007
2011-02-09,1.011500124470998
2011-02-10,1.0044000000000002
2011-02-11,0.9999000497265041
2011-02-14,1.0036999751429283
2011-02-15,0.9999001242236024
2011-02-16,0.9990999254287846
2011-02-17,1.0124000994035784
2011-02-18,1.0145001242236025
2011-02-21,1.008700099304866
2011-02-22,0.998200099304866
2011-02-23,0.9986999255398361
2011-02-24,1.008700099304866
2011-02-25,1.015300074460164
2011-02-28,1.0177
2011-03-01,1.01570007442322
2011-03-02,1.0167
2011-03-03,1.0141000248200547
2011-03-04,1.0112999999999999
2011-03-09,1.010500123977188
2011-03-10,1.00190002480774
2011-03-11,1.012100049652433
2011-03-14,1.009
2011-03-15,0.990599900842836
2011-03-16,0.9814999999999999
2011-03-17,0.9805999009655857
2011-03-18,0.9971000247586037
2011-03-21,1.0048000494926999
2011-03-22,1.0114000494804551
2011-03-23,1.0141999010390894
2011-03-28,1.0275999010880317
2011-03-29,1.0285001235483076
2011-03-30,1.0326000000000002
2011-03-31,1.0365999013320177
2011-04-01,1.0385
2011-04-04,1.0340999506416584
2011-04-05,1.033900098667982
2011-04-06,1.0430999013320177
2011-04-07,1.0433999506538367
2011-04-08,1.0535
2011-04-11,1.0521
2011-04-12,1.048
2011-04-13,1.0493999507146379
2011-04-14,1.0532999754118515
2011-04-15,1.0572
2011-04-18,1.0502999509081983
2011-04-19,1.0525000000000002
2011-04-20,1.0665001225790636
2011-04-25,1.0714000489955904
2011-04-26,1.0779000489955903
2011-04-27,1.084100122399021
2011-04-28,1.0894000000000001
2011-04-29,1.0961
2011-05-02,1.0965999019367492
2011-05-03,1.087299901912702
2011-05-04,1.0771000245158129
2011-05-05,1.0629
2011-05-06,1.0735001225189904
2011-05-09,1.0768000979911807
2011-05-10,1.0799000489955906
2011-05-11,1.0686999755082047
2011-05-12,1.0685999510044097
2011-05-13,1.0566000489835905
2011-05-16,1.0600999020568072
2011-05-17,1.0588000000000002
2011-05-18,1.0621999510523739
2011-05-19,1.0658000978712994
2011-05-20,1.0701999510523739
2011-05-23,1.0515001223391243
2011-05-24,1.054800048947626
2011-05-26,1.061899902104748
2011-05-27,1.069600097895252
2011-05-30,1.068399951076321
2011-05-31,1.0661
2011-06-01,1.0677999510882856
2011-06-02,1.0674000000000001
2011-06-03,1.0749
2011-06-06,1.0714000488758555
2011-06-07,1.0728000977517107
2011-06-08,1.0621999022482895
2011-06-09,1.063
2011-06-10,1.0539000488758554
2011-06-13,1.0586999022482895
2011-06-14,1.0702000977278279
2011-06-15,1.0569000977039569
2011-06-16,1.0522000488519783
2011-06-17,1.0602
2011-06-21,1.0582999023914106
2011-06-22,1.0624000975847767
2011-06-23,1.0482000487923884
2011-06-24,1.052
2011-06-27,1.0439999999999998
2011-06-28,1.0517000487329433
2011-06-29,1.0664999999999998
2011-06-30,1.0717999999999999
2011-07-01,1.0774
2011-07-04,1.0732
2011-07-05,1.07110009718173
2011-07-06,1.0686000485672655
2011-07-07,1.0768000485319096
2011-07-08,1.07319995146809
2011-07-11,1.0663000970402718
2011-07-12,1.0609000485201359
2011-07-13,1.0758000970402717
2011-07-14,1.074400048520136
2011-07-15,1.0640999514798641
2011-07-18,1.0595
2011-07-19,1.0728999032882012
2011-07-20,1.074399903288201
2011-07-21,1.0843000724812755
2011-07-22,1.085599903358299
2011-07-25,1.0869001209189844
2011-07-26,1.0961999033115786
2011-07-27,1.1022999033349443
2011-07-28,1.1013000965717044
2011-07-29,1.0997001206272619
2011-08-01,1.095
2011-08-02,1.08
2011-08-03,1.075
2011-08-04,1.052300024078979
2011-08-05,1.0506000962463908
2011-08-08,1.0304000962927298
2011-08-09,1.0142999759441906
2011-08-10,1.0258999278325716
2011-08-11,1.0261000240442415
2011-08-12,1.035600048100048
2011-08-15,1.0490000000000002
2011-08-16,1.0460999279365841
2011-08-17,1.0535999520038397
2011-08-18,1.0366000479271509
2011-08-19,1.041399952130206
2011-08-23,1.0489000956022945
2011-08-24,1.0465
2011-08-25,1.0443001194743131
2011-08-26,1.0572999521988526
2011-08-29,1.062100047755492
2011-08-30,1.0683001191895112
2011-08-31,1.0689
2011-09-01,1.0729000946969696
2011-09-02,1.0654000475963825
2011-09-05,1.0548999524714828
2011-09-06,1.051100047528517
2011-09-07,1.0634000475398147
2011-09-08,1.0590000000000002
2011-09-09,1.0462000951701167
2011-09-12,1.0275
2011-09-13,1.0327999524262608
2011-09-14,1.0242999524262608
2011-09-15,1.0336
2011-09-16,1.036500118906064
2011-09-19,1.0191999999999999
2011-09-20,1.0286
2011-09-21,1.0222000477440918
2011-09-22,0.9739999999999999
2011-09-23,0.9818
2011-09-26,0.9736000000000001
2011-09-27,0.9967001189060642
2011-09-28,0.9812
2011-09-29,0.9743999999999999
2011-09-30,0.9723001189060643
2011-10-03,0.9572
2011-10-04,0.9440000000000001
2011-10-05,0.9658000950796292
2011-10-06,0.9738
2011-10-07,0.9759000000000001
2011-10-11,0.9998000474946568
2011-10-12,1.0193999050106861
2011-10-13,1.0176000474721103
2011-10-14,1.033
2011-10-17,0.9738
2011-10-18,1.0231001183431954
2011-10-19,1.0267001180637543
2011-10-20,1.0239001180637544
2011-10-21,1.0308
2011-10-24,1.0486000944287064
2011-10-25,1.0451999527856468
2011-10-26,1.0388999055712937
2011-10-27,1.0736000944287063
2011-10-28,1.0721000944287065
2011-10-31,1.0596000944287063
2011-11-01,1.0350999764206557
2011-11-02,1.03
2011-11-03,1.0406
2011-11-04,1.0393000469924811
2011-11-07,1.0341
2011-11-08,1.034
2011-11-09,1.0195
2011-11-10,1.015600046915318
2011-11-11,1.028699906367041
2011-11-14,1.0171001169590643
2011-11-15,1.0182000938306357
2011-11-16,1.013500117453606
2011-11-17,0.9998999060150375
2011-11-18,1.0025999530185579
2011-11-21,0.9837000939408174
2011-11-22,0.9858999765203098
2011-11-23,0.9705999060812396
2011-11-24,0.9723999530846822
2011-11-25,0.9703999530846823
2011-11-29,1.002
2011-11-30,1.0252999299229153
2011-12-01,1.0209000467071463
2011-12-02,1.0225001167406025
2011-12-05,1.0296999533364442
2011-12-06,1.023399953249182
2011-12-07,1.0291000467508182
2011-12-12,1.0073000701098387
2011-12-13,1.0072000467398925
2011-12-14,0.9921999532819434
2011-12-15,0.9930000000000001
2011-12-16,0.9953
2011-12-19,0.9927000000000001
2011-12-20,1.0074000465983226
2011-12-21,1.0081999068033551
2011-12-22,1.013800093196645
2011-12-23,1.015
2011-12-27,1.0157000930665425
2011-12-28,1.0087999069334574
2011-12-29,1.013200092958401
2011-12-30,1.025400092936803
2012-01-03,1.0362000464684016
2012-01-04,1.0361999535531816
2012-01-05,1.0261999536070519
2012-01-06,1.0228000926569378
2012-01-09,1.0210000000000001
2012-01-10,1.031500115928588
2012-01-11,1.0298000927643784
2012-01-12,1.0326999072356213
2012-01-13,1.0283000927643784
2012-01-16,1.0327000231642345
2012-01-17,1.0382999073645207
2012-01-18,1.0417999999999998
2012-01-19,1.040099976857209
2012-01-20,1.0470999306037474
2012-01-23,1.0527999075785581
2012-01-24,1.0477999538532534
2012-01-25,1.0550000000000002
2012-01-26,1.0638000461254613
2012-01-27,1.063500115340254
2012-01-30,1.0584
2012-01-31,1.0598999308277612
2012-02-01,1.0720999077065068
2012-02-02,1.0710999307639049
2012-02-03,1.0783000230786983
2012-02-06,1.0736000461573967
2012-02-07,1.080299907791609
2012-02-08,1.0798000921234456
2012-02-09,1.0803000460193282
2012-02-10,1.0675999999999999
2012-02-13,1.0745
2012-02-14,1.0663000689813749
2012-02-15,1.0708000459664444
2012-02-16,1.0756000459453252
2012-02-17,1.0709000918695453
2012-02-22,1.0627000459347726
2012-02-23,1.0680999081304547
2012-02-24,1.0708
2012-02-28,1.0756000918273645
2012-02-29,1.0779999999999998
2012-03-01,1.079800046019328
2012-03-02,1.0744
2012-03-05,1.0663001153402536
2012-03-06,1.0531000922509224
2012-03-07,1.0578000922296518
2012-03-08,1.063300069140355
2012-03-09,1.0582000921022334
2012-03-12,1.0497000919963202
2012-03-13,1.0530999310820126
2012-03-14,1.043700022951572
2012-03-15,1.0538000919117647
2012-03-16,1.0587999999999997
2012-03-19,1.0619000687600273
2012-03-20,1.0487001145475372
2012-03-21,1.0448000915960614
2012-03-22,1.0376999541914798
2012-03-23,1.0458999771114672
2012-03-26,1.051599954254346
2012-03-27,1.0480999313972101
2012-03-28,1.0370000000000001
2012-03-29,1.034100068540096
2012-03-30,1.0371000228362641
2012-04-03,1.0348000912825195
2012-04-04,1.0263999544211486
2012-04-09,1.032099908759124
2012-04-10,1.0272000456204378
2012-04-11,1.0311000000000001
2012-04-12,1.0433001137656428
2012-04-13,1.037
2012-04-16,1.037599908966773
2012-04-17,1.0408999317716625
2012-04-18,1.0344000454338937
2012-04-19,1.0327999545867395
2012-04-20,1.0373000453926466
2012-04-23,1.0298000453926464
2012-04-24,1.0279000226705963
2012-04-25,1.0332000453103762
2012-04-26,1.038700045310376
2012-04-27,1.0471000679194025
2012-05-02,1.0316999548124717
2012-05-03,1.0248999548328817
2012-05-04,1.0186000451671182
2012-05-07,1.021
2012-05-08,1.0132000901306897
2012-05-09,1.0078999999999998
2012-05-10,1.010699932417211
2012-05-11,1.0034999999999998
2012-05-14,0.9986000450146297
2012-05-15,0.9959000450247636
2012-05-16,0.9932999775129301
2012-05-17,0.9941999550662772
2012-05-18,0.9815001121327653
2012-05-21,0.986700111982083
2012-05-22,0.9843999552372426
2012-05-23,0.9728999776236293
2012-05-24,0.9721000000000001
2012-05-28,0.9845999105945462
2012-05-29,0.9826000000000001
2012-05-30,0.973
2012-05-31,0.9736000894654441
2012-06-01,0.9683999105345561
2012-06-04,0.9710999105945461
2012-06-05,0.972700044603033
2012-06-06,0.9906999555160142
2012-06-07,0.9934000892060659
2012-06-08,0.9886999554168525
2012-06-11,0.9902000000000001
2012-06-12,0.9923
2012-06-13,0.998
2012-06-14,0.9977999999999999
2012-06-15,1.0063000444839858
2012-06-16,1.0523999132509219
2012-06-18,1.0119
2012-06-19,1.0193999555851654
2012-06-21,1.0055
2012-06-22,1.0065000000000002
2012-06-25,0.9997999556933983
2012-06-26,1.0059999999999998
2012-06-27,1.00729991146525
2012-06-28,1.0013000221092196
2012-06-29,1.0244000441793681
2012-07-02,1.0241001104972374
2012-07-03,1.0285001104972376
2012-07-04,1.0279999999999998
2012-07-05,1.0292999999999999
2012-07-06,1.0190000000000001
2012-07-10,1.020700088144557
2012-07-11,1.0256000880863245
2012-07-12,1.013
2012-07-13,1.0221000659775676
2012-07-16,1.024
2012-07-17,1.0303000878734623
2012-07-18,1.0357000219442616
2012-07-19,1.0421
2012-07-20,1.0367999561787906
2012-07-23,1.027
2012-07-24,1.022600043734966
2012-07-25,1.0321
2012-07-26,1.038900087450809
2012-07-27,1.0465
2012-07-30,1.0488
2012-07-31,1.0515001090512541
2012-08-01,1.0522999781992588
2012-08-02,1.0445
2012-08-03,1.0554000871649596
2012-08-06,1.0575999564459933
2012-08-07,1.0561001088139284
2012-08-08,1.0562999130056547
2012-08-09,1.0571000000000002
2012-08-10,1.0565001086720278
2012-08-13,1.0504
2012-08-14,1.0495
2012-08-15,1.0497000868055555
2012-08-16,1.0523999132509219
2012-08-17,1.0426000866551128
2012-08-21,1.0487000866175833
2012-08-22,1.0468999133448875
2012-08-23,1.044400043318172
2012-08-24,1.041700108108108
2012-08-27,1.038300064808814
2012-08-28,1.0375001080146902
2012-08-29,1.0365999135882482
2012-08-30,1.0290999352471402
2012-08-31,1.0325
2012-09-03,1.0250999353866035
2012-09-04,1.0221000215100022
2012-09-05,1.0188000859845228
2012-09-06,1.0295999999999998
2012-09-07,1.0390999785453765
2012-09-10,1.0350000000000001
2012-09-11,1.0447
2012-09-12,1.045800042909247
2012-09-13,1.0531001071811361
2012-09-14,1.0563999143652323
2012-09-17,1.046400085579803
2012-09-18,1.0441999144750909
2012-09-19,1.0479000213629566
2012-09-20,1.0410999786370434
2012-09-21,1.0463999146393512
2012-09-25,1.042
2012-09-26,1.0358
2012-09-27,1.0454999999999999
2012-09-28,1.0391000638705556
2012-10-01,1.0377999574377528
2012-10-02,1.0268
2012-10-03,1.0207999149479055
2012-10-04,1.026100084997875
2012-10-05,1.018899978764069
2012-10-09,1.019
2012-10-10,1.0229001060445388
2012-10-11,1.0266
2012-10-12,1.0225001058649164
2012-10-15,1.025
2012-10-16,1.0272999365884592
2012-10-17,1.037099957734573
2012-10-18,1.037
2012-10-19,1.0327999155761922
2012-10-22,1.030599957823703
2012-10-23,1.0259000632511068
2012-10-24,1.035899957877001
2012-10-25,1.0359000420875422
2012-10-26,1.036
2012-10-29,1.0337000210216523
2012-10-30,1.0367999160193158
2012-10-31,1.038399916072178
2012-11-01,1.0397
2012-11-02,1.0368999790312434
2012-11-05,1.0362000000000002
2012-11-07,1.0406000000000002
2012-11-08,1.044
2012-11-09,1.0397999162829636
2012-11-12,1.043100104493208
2012-11-13,1.043099937277859
2012-11-14,1.0388000835596407
2012-11-15,1.0310999165623698
2012-11-16,1.0325000000000002
2012-11-19,1.0401001040582727
2012-11-20,1.0378000832119825
2012-11-21,1.0356999584717608
2012-11-22,1.038300020733983
2012-11-23,1.0465
2012-11-27,1.0459000829187397
2012-11-28,1.0477
2012-11-29,1.043
2012-11-30,1.0427000826787929
2012-12-03,1.0425000000000002
2012-12-04,1.0475999587373632
2012-12-05,1.0468000412286125
2012-12-06,1.0473999588307947
2012-12-07,1.0482000822537527
2012-12-10,1.0483000205634383
2012-12-11,1.0526000410846341
2012-12-12,1.0579000410509032
2012-12-13,1.0517999589659417
2012-12-14,1.057
2012-12-17,1.0549000819000818
2012-12-18,1.0534000818163223
2012-12-19,1.05
2012-12-20,1.0487
2012-12-21,1.042
2012-12-26,1.0363
2012-12-27,1.035900061062487
2012-12-28,1.0382999592999593
2012-12-31,1.0387999186661245
2013-01-02,1.0487001015228428
2013-01-03,1.0515001014816319
2013-01-04,1.0466000812017864
2013-01-07,1.048900020279862
2013-01-08,1.0485999594484994
2013-01-09,1.0506000810372773
2013-01-10,1.0592000404940272
2013-01-11,1.0544000404694456
2013-01-14,1.0558000403958798
2013-01-15,1.0561000202061022
2013-01-16,1.0556000404203718
2013-01-17,1.0547
2013-01-18,1.050500100989699
2013-01-21,1.0512999193223074
2013-01-22,1.0558000806939682
2013-01-23,1.0545999194198226
2013-01-24,1.0456999798508966
2013-01-25,1.0404
2013-01-28,1.04029993964997
2013-01-29,1.0465
2013-01-30,1.0425
2013-02-01,1.0415001003009026
2013-02-04,1.0417999197270722
2013-02-05,1.0405
2013-02-06,1.0311999197914576
2013-02-07,1.028
2013-02-08,1.0308999199359485
2013-02-13,1.0347999600319744
2013-02-14,1.0345
2013-02-15,1.0300999800439035
2013-02-18,1.029199920350458
2013-02-19,1.035599960175229
2013-02-21,1.025100019884669
2013-02-22,1.0320999999999998
2013-02-25,1.0290999205403257
2013-02-26,1.0226000396982928
2013-02-27,1.0196
2013-02-28,1.0238999207292905
2013-03-01,1.0205000990295106
2013-03-04,1.0162999604273841
2013-03-05,1.0237000197745698
2013-03-06,1.0233999209642362
2013-03-07,1.0270000000000001
2013-03-08,1.0229000987166832
2013-03-11,1.0266
2013-03-12,1.0317999212288302
2013-03-13,1.0313
2013-03-14,1.038
2013-03-15,1.0399000392772977
2013-03-18,1.039
2013-03-19,1.0361999607535322
2013-03-20,1.039500098135427
2013-03-21,1.0435000979815796
2013-03-22,1.0456
2013-03-25,1.0455
2013-03-26,1.0473
2013-03-27,1.044
2013-04-03,1.0465
2013-04-04,1.0434999999999999
2013-04-05,1.038
2013-04-08,1.0399000584453535
2013-04-09,1.049199922133541
2013-04-10,1.0537
2013-04-11,1.0547999222243827
2013-04-12,1.0505000971062342
2013-04-15,1.0366999223602484
2013-04-16,1.039
2013-04-17,1.0298999224204812
2013-04-18,1.0301000193836016
2013-04-19,1.029400077459334
2013-04-22,1.0255999612928197
2013-04-23,1.0258000773395204
2013-04-24,1.0267000966183575
2013-04-25,1.0313000193311423
2013-04-26,1.0285
2013-04-29,1.0356
2013-04-30,1.0362999807210334
2013-05-02,1.026
2013-05-03,1.0312000384689364
2013-05-06,1.0247999231950844
2013-05-07,1.0177
2013-05-08,1.0180999232834673
2013-05-09,1.0159000191534189
2013-05-10,1.0016999426276534
2013-05-13,0.9943999617810052
2013-05-14,0.9893000955109837
2013-05-15,0.9877999235620104
2013-05-16,0.9842000764379897
2013-05-17,0.974100076394194
2013-05-20,0.9812
2013-05-21,0.9807999237804877
2013-05-22,0.9681000951474786
2013-05-23,0.9745000950028501
2013-05-24,0.964199962020509
2013-05-27,0.9630000000000001
2013-05-28,0.9636000000000001
2013-05-29,0.9633999241849887
2013-05-30,0.9665999999999999
2013-05-31,0.9597999621498866
2013-06-03,0.978299981085682
2013-06-04,0.9618999810928341
2013-06-05,0.9532999432999433
2013-06-06,0.9606000754574608
2013-06-07,0.9484
2013-06-10,0.9468000000000001
2013-06-11,0.9411
2013-06-12,0.9497999247837533
2013-06-13,0.959700018772292
2013-06-14,0.959
2013-06-17,0.9545000936855912
2013-06-18,0.949800037446171
2013-06-19,0.951
2013-06-24,0.927400037299515
2013-06-25,0.926400037299515
2013-06-26,0.9270999999999999
2013-06-27,0.927299981402269
2013-06-28,0.9141000371195248
2013-07-01,0.9231
2013-07-02,0.9145999258435299
2013-07-03,0.9072999258984811
2013-07-04,0.9160999444752916
2013-07-05,0.9055000000000001
2013-07-08,0.9125
2013-07-10,0.9142000738961759
2013-07-11,0.914400073814357
2013-07-12,0.9053999262808698
2013-07-15,0.9086999447412046
2013-07-16,0.924
2013-07-17,0.9232999999999999
2013-07-18,0.9163999999999999
2013-07-19,0.918900036616624
2013-07-22,0.9250999816883354
2013-07-23,0.9278000732332479
2013-07-24,0.915200036603221
2013-07-25,0.9223
2013-07-26,0.9258000364896917
2013-07-29,0.9194
2013-07-30,0.905800036357026
2013-07-31,0.8971000908265214
2013-08-01,0.8938000362910542
2013-08-02,0.8917000906618314
2013-08-05,0.8909000181126607
2013-08-06,0.89889996382055
2013-08-07,0.9005999999999998
2013-08-08,0.9121
2013-08-09,0.9196999278238903
2013-08-12,0.9150999639769453
2013-08-13,0.9094000359582883
2013-08-14,0.9131000359195403
2013-08-15,0.9135000896217961
2013-08-16,0.917800035771776
2013-08-20,0.9088
2013-08-21,0.9023999643048367
2013-08-22,0.9020999287495548
2013-08-23,0.9029000711237554
2013-08-26,0.9020999644886364
2013-08-27,0.8966999822789297
2013-08-28,0.8943999999999999
2013-08-29,0.8928000353294472
2013-08-30,0.8898000705218618
2013-09-03,0.9049
2013-09-04,0.9171999298491756
2013-09-05,0.912100017546938
2013-09-06,0.9195000877039117
2013-09-09,0.9235999298737729
2013-09-10,0.9310000000000002
2013-09-11,0.9331999650410767
2013-09-12,0.9267
2013-09-13,0.9251000873362447
2013-09-16,0.9325999651081647
2013-09-17,0.9355999651689306
2013-09-18,0.9443999304468789
2013-09-19,0.9432000694685654
2013-09-20,0.9413999305676097
2013-09-23,0.9447000519840582
2013-09-24,0.94
2013-09-25,0.9365000866400971
2013-09-26,0.9345
2013-09-27,0.9323
2013-09-30,0.933399965475574
2013-10-01,0.9393
2013-10-02,0.937
2013-10-03,0.9404000344115623
2013-10-04,0.9429000516084639
2013-10-07,0.9437000515375366
2013-10-08,0.9425999656475438
2013-10-09,0.9432000686931135
2013-10-10,0.9460000000000001
2013-10-11,0.9465999657064472
2013-10-15,0.952
2013-10-16,0.9551999657592877
2013-10-17,0.9633999316356179
2013-10-18,0.9665999316706526
2013-10-21,0.9654999999999999
2013-10-22,0.9706999829438854
2013-10-23,0.9620000000000001
2013-10-24,0.9619000000000001
2013-10-25,0.958300033978933
2013-10-28,0.957
2013-10-29,0.947700033932813
2013-10-30,0.9482999830709328
2013-10-31,0.9464000338294993
2013-11-01,0.9431999662788737
2013-11-04,0.951
2013-11-05,0.9483000839630563
2013-11-07,0.946400067294751
2013-11-08,0.9387000335345405
2013-11-11,0.9346000334840114
2013-11-12,0.9293000334672021
2013-11-13,0.932500083654007
2013-11-14,0.9325999332108866
2013-11-15,0.9359000834028357
2013-11-18,0.9390999333777482
2013-11-19,0.9424000662361318
2013-11-20,0.9368999338405557
2013-11-21,0.9235999339825053
2013-11-22,0.9145999671160803
2013-11-26,0.9115000820344545
2013-11-27,0.9071999999999999
2013-11-28,0.9104999999999999
2013-11-29,0.9101999674320144
2013-12-02,0.9102999350438453
2013-12-03,0.9119999999999999
2013-12-04,0.9022000645369473
2013-12-05,0.9063999357532927
2013-12-06,0.91
2013-12-09,0.9092000320051209
2013-12-10,0.9159000638569604
2013-12-11,0.9065000796558866
2013-12-12,0.8930999999999999
2013-12-13,0.8955999363968835
2013-12-16,0.8955000791765637
2013-12-17,0.8899000315855969
2013-12-18,0.8882999372844151
2013-12-19,0.8862999843676722
2013-12-20,0.8922000311332503
2013-12-23,0.8937999999999999
2013-12-26,0.8886999845512128
2013-12-27,0.8883999383762132
2013-12-30,0.8919000153350714
2013-12-31,0.8923892041097992
2014-01-02,0.891500076394194
2014-01-03,0.8981000762776506
2014-01-06,0.8967000758150114
2014-01-07,0.8922999393755683
2014-01-08,0.890500075700227
2014-01-09,0.8893000301841232
2014-01-10,0.8990999399759905
2014-01-13,0.9057000746825989
2014-01-14,0.8971
2014-01-15,0.8913000740192449
2014-01-16,0.880799970475347
2014-01-17,0.8771000441371194
2014-01-20,0.8799000732600732
2014-01-21,0.8802000000000001
2014-01-22,0.8845000000000001
2014-01-23,0.8745
2014-01-24,0.8716
2014-01-27,0.8731
2014-01-28,0.8779
2014-01-29,0.8759000624609619
2014-01-30,0.8775999999999999
2014-01-31,0.8748
2014-02-03,0.8777000624609618
2014-02-04,0.893699975018736
2014-02-05,0.8911999999999999
2014-02-06,0.8976000000000001
2014-02-07,0.896
2014-02-10,0.8946
2014-02-11,0.9042000000000001
2014-02-12,0.9023000640614991
2014-02-13,0.898900025667351
2014-02-14,0.9027000386548125
2014-02-17,0.9027000000000001
2014-02-18,0.903799974256661
2014-02-19,0.902399948592726
2014-02-20,0.8981999744114636
2014-02-21,0.896900063734863
2014-02-24,0.9045000636537236
2014-02-25,0.9028999872919049
2014-02-26,0.8959000126887451
2014-02-27,0.8962999873048115
2014-02-28,0.8925999491998984
2014-03-05,0.8985000000000001
2014-03-06,0.9098000254097319
2014-03-07,0.907
2014-03-10,0.9017000381630835
2014-03-11,0.8983
2014-03-12,0.8985000634759427
2014-03-13,0.9029999999999999
2014-03-14,0.9026
2014-03-17,0.9095
2014-03-18,0.9128000251382604
2014-03-19,0.9089999999999999
2014-03-20,0.9041000627746391
2014-03-21,0.9094000501630298
2014-03-25,0.9163000624609619
2014-03-26,0.9229000124984378
2014-03-27,0.9255
2014-03-28,0.9246999875046857
2014-03-31,0.9269999999999999
2014-04-01,0.924300049987503
2014-04-03,0.9223
2014-04-04,0.9281
2014-04-07,0.926
2014-04-08,0.9357000374953132
2014-04-09,0.9364
2014-04-10,0.9422
2014-04-11,0.9396
2014-04-14,0.9412999625046871
2014-04-15,0.9351
2014-04-16,0.9377000374953132
2014-04-21,0.9337
2014-04-22,0.9366000499937509
2014-04-23,0.9282
2014-04-24,0.9255000624921885
2014-04-25,0.9267
2014-04-28,0.9247000374953132
2014-04-29,0.9268000499875031
2014-04-30,0.9280999750062484
2014-05-05,0.9276000499937508
2014-05-06,0.936
2014-05-07,0.9340000000000002
2014-05-08,0.9384000249937514
2014-05-09,0.9357000624609618
2014-05-12,0.9363999500686557
2014-05-13,0.9350999875327265
2014-05-14,0.938199975111996
2014-05-15,0.9347999751676185
2014-05-16,0.9364999999999999
2014-05-19,0.9335999751768648
2014-05-20,0.9248999999999999
2014-05-21,0.92169995038452
2014-05-22,0.9216000248046632
2014-05-23,0.9235999503968254
2014-05-26,0.9241000495908752
2014-05-27,0.9238000247800768
2014-05-28,0.9224000495417389
2014-05-29,0.9286000000000001
2014-05-30,0.9306
2014-06-02,0.924700061842919
2014-06-03,0.9253000617665225
2014-06-04,0.9273000246730817
2014-06-05,0.9338
2014-06-06,0.9336
2014-06-09,0.9350999999999999
2014-06-10,0.9363999999999999
2014-06-11,0.9385000615081807
2014-06-12,0.9423000369049085
2014-06-13,0.9397999999999999
2014-06-16,0.9395000615081807
2014-06-17,0.9335000615081805
2014-06-18,0.9361999999999999
2014-06-19,0.9391999999999999
2014-06-23,0.9418999999999998
2014-06-24,0.9380999999999999
2014-06-25,0.9391999508116085
2014-06-26,0.9408000491883916
2014-06-27,0.9415000000000001
2014-06-30,0.9429000368867577
2014-07-01,0.9498
2014-07-02,0.9438999754239371
2014-07-03,0.9348999754239371
2014-07-04,0.9365
2014-07-07,0.9370999999999999
2014-07-08,0.9402000491219452
2014-07-10,0.9391000491038546
2014-07-11,0.9385000613421667
2014-07-14,0.939
2014-07-15,0.9367
2014-07-16,0.9362000245278391
2014-07-17,0.9381000490436489
2014-07-18,0.9395
2014-07-21,0.9374
2014-07-22,0.9393000244917952
2014-07-23,0.9447999755171991
2014-07-24,0.9415000611620794
2014-07-25,0.9399999999999998
2014-07-28,0.9410000000000001
2014-07-29,0.9385999755859374
2014-07-30,0.9312999634190952
2014-07-31,0.9302000487032753
2014-08-01,0.931199975716367
2014-08-04,0.9332
2014-08-05,0.9297000483792935
2014-08-06,0.9347999758132784
2014-08-07,0.927599951626557
2014-08-08,0.9276000483617458
2014-08-11,0.9260119709794439
2014-08-12,0.9273000483558994
2014-08-13,0.9306000241750272
2014-08-14,0.9311999516733117
2014-08-15,0.9313999516966549
2014-08-19,0.9306999758629013
2014-08-20,0.9307999519404061
2014-08-21,0.9304
2014-08-22,0.9314000000000001
2014-08-25,0.9299000594883998
2014-08-26,0.9306000475850582
2014-08-27,0.9339000119033448
2014-08-28,0.9353000594883998
2014-08-29,0.9336000476133794
2014-09-01,0.9337000118948495
2014-09-02,0.927600047556771
2014-09-03,0.9341999762216145
2014-09-04,0.9356000476133793
2014-09-05,0.9377000594177066
2014-09-08,0.9289999999999999
2014-09-09,0.9198
2014-09-10,0.9158
2014-09-11,0.911
2014-09-12,0.9046999523922877
2014-09-15,0.9035999761961439
2014-09-16,0.9105000595025585
2014-09-17,0.900500059403588
2014-09-18,0.898
2014-09-19,0.8934000237473283
2014-09-22,0.8865000593330961
2014-09-23,0.8839
2014-09-24,0.8878
2014-09-25,0.8792999762583097
2014-09-26,0.8763000355071606
2014-09-29,0.873
2014-09-30,0.8744
2014-10-01,0.8718000000000001
2014-10-02,0.8805000592066311
2014-10-03,0.8678000000000001
2014-10-06,0.8735000591366056
2014-10-07,0.8809000591366055
2014-10-08,0.8766
2014-10-09,0.8775999999999999
2014-10-10,0.8716000472478149
2014-10-14,0.8726000236043903
2014-10-15,0.8739000354065856
2014-10-16,0.8762999763983951
2014-10-17,0.8769999999999999
2014-10-20,0.8787999528746465
2014-10-21,0.8788999764373233
2014-10-22,0.8785000588997526
2014-10-23,0.8761000117799504
2014-10-24,0.8808000471031558
2014-10-27,0.8805000000000001
2014-10-28,0.8859000235238766
2014-10-29,0.8842999647100341
2014-10-30,0.8826
2014-10-31,0.8793
2014-11-03,0.8693999764927128
2014-11-04,0.8733999764927128
2014-11-05,0.8582000470145746
2014-11-07,0.8625
2014-11-10,0.8625999529909507
2014-11-11,0.8672
2014-11-12,0.8722
2014-11-13,0.8713
2014-11-14,0.8742999647514982
2014-11-17,0.8710999765037594
2014-11-18,0.8729000234962406
2014-11-19,0.8625
2014-11-20,0.8617999765092789
2014-11-21,0.8678000234852042
2014-11-25,0.852300011732958
2014-11-26,0.8539000351988737
2014-11-27,0.8546999765423411
2014-11-28,0.8507999765368373
2014-12-01,0.8523000468823253
2014-12-02,0.8443
2014-12-03,0.8415999765862795
2014-12-04,0.8390000000000001
2014-12-05,0.832100035059016
2014-12-09,0.8318000467726847
2014-12-10,0.8298000233890773
2014-12-11,0.827
2014-12-12,0.8256000467781546
2014-12-15,0.8211999766109227
2014-12-16,0.8218000233890772
2014-12-17,0.8180999883054614
2014-12-18,0.8151999999999999
2014-12-19,0.8128000233890773
2014-12-22,0.8140999999999999
2014-12-23,0.8100999999999999
2014-12-24,0.8110999649245877
2014-12-29,0.8141999532273153
2014-12-30,0.8180999883054614
2014-12-31,0.816700035083616
2015-01-02,0.811
2015-01-05,0.809
2015-01-06,0.8110999766682222
2015-01-07,0.8053000582411182
2015-01-08,0.8128000465549348
2015-01-09,0.8190999883599116
2015-01-12,0.8155000582004424
2015-01-13,0.8165000581868963
2015-01-14,0.8151000581733566
2015-01-15,0.8214000232639292
2015-01-16,0.8219999999999998
2015-01-19,0.8208
2015-01-20,0.8172999651608407
2015-01-21,0.8093999535747447
2015-01-22,0.8076000463983296
2015-01-23,0.7916
2015-01-26,0.7927000579710145
2015-01-27,0.793
2015-01-28,0.7973999536554282
2015-01-29,0.7727000231642344
2015-01-30,0.7765999537251272
2015-02-02,0.7816999768946395
2015-02-03,0.7763999538159566
2015-02-04,0.7755000000000001
2015-02-05,0.7793
2015-02-06,0.7796999653539669
2015-02-09,0.7813000230786983
2015-02-10,0.7775999769372693
2015-02-11,0.7711000230467849
2015-02-12,0.7743999539223592
2015-02-13,0.7772
2015-02-18,0.7781
2015-02-19,0.7792999885017823
2015-02-20,0.7833999770194185
2015-02-23,0.7797999999999999
2015-02-24,0.781299954117917
2015-02-25,0.789199954138959
2015-02-26,0.7808000229331499
2015-02-27,0.780800022920009
2015-03-02,0.7766000229016374
2015-03-03,0.7835999542281725
2015-03-04,0.7815999542543459
2015-03-05,0.7757999999999999
2015-03-06,0.7711000228362641
2015-03-09,0.7712999771793703
2015-03-10,0.7629
2015-03-11,0.7578999658197563
2015-03-12,0.7683000000000001
2015-03-13,0.7626999886143687
2015-03-16,0.7653999772287374
2015-03-17,0.7617000113804483
2015-03-18,0.7709999999999999
2015-03-19,0.7617000227427791
2015-03-20,0.7798999886350721
2015-03-25,0.7843999545506192
2015-03-26,0.7811999772882127
2015-03-27,0.7765
2015-03-30,0.7646999773139745
2015-03-31,0.7618000453411926
2015-04-01,0.7611999546844908
2015-04-06,0.7625000566187295
2015-04-07,0.7648000226346763
2015-04-08,0.7690999886890624
2015-04-09,0.7689000565291124
2015-04-10,0.7677
2015-04-13,0.7578999548328816
2015-04-14,0.7633999774215398
2015-04-15,0.7688999548838259
2015-04-16,0.7816999774419129
2015-04-17,0.7772999887222284
2015-04-20,0.7711999774546274
2015-04-21,0.7720999549244985
2015-04-22,0.7771000112625296
2015-04-23,0.7782
2015-04-24,0.7820999999999999
2015-04-27,0.7851000562113547
2015-04-28,0.801800044958975
2015-04-29,0.8033000449337229
2015-04-30,0.7897000112271247
2015-05-04,0.7845999775583482
2015-05-05,0.794599977570932
2015-05-06,0.7975999775835014
2015-05-07,0.7899000448229494
2015-05-08,0.7923999775985662
2015-05-11,0.791
2015-05-12,0.7986000447627574
2015-05-13,0.8106
2015-05-14,0.8082000223613595
2015-05-15,0.8037000111769309
2015-05-18,0.7985000558472022
2015-05-19,0.7916000223264121
2015-05-20,0.7881999553671056
2015-05-21,0.788700044603033
2015-05-22,0.7815000557351466
2015-05-26,0.7742000445533527
2015-05-27,0.7719999999999999
2015-05-28,0.764699977743156
2015-05-29,0.7660999777580071
2015-06-01,0.7601999777678967
2015-06-02,0.7786000444395068
2015-06-03,0.7778999666925724
2015-06-04,0.7682
2015-06-05,0.7620000000000001
2015-06-08,0.768299955644267
2015-06-09,0.7673000110827884
2015-06-10,0.7759999999999999
2015-06-11,0.7733000442869796
2015-06-12,0.7742999889343808
2015-06-15,0.7757000331821701
2015-06-16,0.7742000221141088
2015-06-17,0.7698999999999999
2015-06-18,0.7804000220945647
2015-06-19,0.7768000220848057
2015-06-22,0.7730999889636906
2015-06-23,0.7729000551571981
2015-06-24,0.7713000330797221
2015-06-25,0.7746999889782872
2015-06-26,0.7651000220312845
2015-06-29,0.7703000110095783
2015-06-30,0.7707000440140845
2015-07-01,0.7655000549873529
2015-07-02,0.7625999780147301
2015-07-03,0.7522999780316345
2015-07-06,0.7507000439174352
2015-07-07,0.7432999780557383
2015-07-08,0.7437999561307304
2015-07-10,0.7419999999999999
2015-07-13,0.7405
2015-07-14,0.7450000000000001
2015-07-15,0.737
2015-07-16,0.7405999781229491
2015-07-17,0.737600043734966
2015-07-20,0.7377000327833024
2015-07-21,0.7431999781564
2015-07-22,0.737
2015-07-23,0.7369000545553738
2015-07-24,0.7277999563699826
2015-07-27,0.728699989098441
2015-07-28,0.73339997820876
2015-07-29,0.734
2015-07-30,0.7284000217698924
2015-07-31,0.7317
2015-08-03,0.726700054377379
2015-08-04,0.7393000000000001
2015-08-05,0.7357000543183052
2015-08-06,0.7345000542947118
2015-08-07,0.7412000217060994
2015-08-10,0.7408999999999999
2015-08-11,0.729
2015-08-12,0.7369000108330624
2015-08-13,0.7352999891739743
2015-08-14,0.7378
2015-08-18,0.7334
2015-08-19,0.7359000108096423
2015-08-20,0.7345000540248514
2015-08-21,0.7334
2015-08-24,0.7200000000000001
2015-08-25,0.7163000431406384
2015-08-26,0.7097999784459532
2015-08-27,0.7160999569151227
2015-08-28,0.7163
2015-08-31,0.7116000430292599
2015-09-01,0.7042999785038693
2015-09-02,0.7038
2015-09-03,0.7007000107330685
2015-09-04,0.6919000214546236
2015-09-07,0.6928
2015-09-08,0.7025999785798437
2015-09-09,0.7019000428082193
2015-09-10,0.7088
2015-09-11,0.7079000427624547
2015-09-14,0.7137999786301955
2015-09-15,0.712
2015-09-16,0.7190999893287803
2015-09-17,0.7175999786712167
2015-09-18,0.7220999786825837
2015-09-21,0.713
2015-09-22,0.7082999680545203
2015-09-23,0.7008999787188763
2015-09-24,0.7007999787324543
2015-09-25,0.7025999787392367
2015-09-28,0.6988
2015-09-29,0.6991000424808835
2015-09-30,0.7014000212269157
2015-10-01,0.7028000000000001
2015-10-02,0.7022999576181395
2015-10-05,0.7090999576450656
2015-10-06,0.715
2015-10-07,0.7218000211505923
2015-10-08,0.7242
2015-10-09,0.7327000528262018
2015-10-13,0.7267999788895926
2015-10-14,0.7265999578014559
2015-10-15,0.7329000421762969
2015-10-16,0.7273000000000001
2015-10-19,0.726
2015-10-20,0.7255
2015-10-21,0.7217000315424246
2015-10-22,0.7202000210216524
2015-10-23,0.7212000000000001
2015-10-26,0.7251000314894511
2015-10-27,0.7200000000000001
2015-10-28,0.7127000419375131
2015-10-29,0.7075
2015-10-30,0.7140000000000001
2015-11-02,0.7136
2015-11-03,0.7191999581677474
2015-11-04,0.7150000000000001
2015-11-05,0.7144999999999999
2015-11-09,0.7041999582768332
2015-11-10,0.7031999791579825
2015-11-11,0.7050999687597626
2015-11-12,0.7114
2015-11-13,0.712
2015-11-16,0.7090000000000001
2015-11-17,0.712
2015-11-18,0.7082000414593699
2015-11-19,0.7192999896448172
2015-11-20,0.7237999586263963
2015-11-23,0.7199000206782464
2015-11-24,0.7235
2015-11-25,0.7248999793345732
2015-11-26,0.7237999586691465
2015-11-30,0.7233999793559042
2015-12-01,0.7314999999999999
2015-12-02,0.7306999691008343
2015-12-03,0.7333999999999999
2015-12-04,0.7343000000000001
2015-12-09,0.7203000205423171
2015-12-10,0.7298000205107169
2015-12-11,0.7192000409290904
2015-12-14,0.7253000204373595
2015-12-15,0.7183999592086479
2015-12-16,0.7218999592916752
2015-12-17,0.7117999999999999
2015-12-18,0.7176
2015-12-21,0.7177000000000001
2015-12-22,0.7231
2015-12-23,0.7222
2015-12-24,0.727
2015-12-28,0.7251
2015-12-29,0.7293999845714727
2015-12-30,0.7285999691928527
2015-12-31,0.7291000000000001
2016-01-04,0.7177
2016-01-05,0.7145999999999999
2016-01-06,0.7054
2016-01-07,0.7027
2016-01-08,0.6991999999999999
2016-01-11,0.6978
2016-01-12,0.6981
2016-01-13,0.6986000000000001
2016-01-14,0.6982
2016-01-15,0.6845
2016-01-18,0.686
2016-01-19,0.6932
2016-01-20,0.6864
2016-01-21,0.6987
2016-01-22,0.7005
2016-01-25,0.698
2016-01-26,0.7019000000000001
2016-01-27,0.7063
2016-01-28,0.7091999999999999
2016-01-29,0.7079
2016-02-01,0.7081
2016-02-02,0.7059000353731871
2016-02-03,0.7154
2016-02-04,0.7222
2016-02-05,0.7076000278532135
2016-02-10,0.7095999999999999
2016-02-11,0.7094999999999999
2016-02-12,0.7101
2016-02-15,0.7145
2016-02-16,0.710200026957811
2016-02-17,0.7177
2016-02-18,0.7152
2016-02-19,0.7132999999999999
2016-02-22,0.7239
2016-02-23,0.7213999999999999
2016-02-24,0.7179
2016-02-25,0.721
2016-02-26,0.7122
2016-02-29,0.7149
2016-03-01,0.7163999999999999
2016-03-02,0.7274999999999999
2016-03-03,0.7362
2016-03-04,0.7428
2016-03-07,0.7483000324569945
2016-03-08,0.7468999935270891
2016-03-09,0.7511
2016-03-10,0.7432000000000001
2016-03-11,0.756
2016-03-14,0.7497
2016-03-15,0.7459
2016-03-16,0.7484000000000001
2016-03-17,0.7648
2016-03-18,0.7602
2016-03-21,0.7584
2016-03-22,0.7617999999999999
2016-03-23,0.754
2016-03-28,0.7532000000000001
2016-03-29,0.7626
2016-03-30,0.7656
2016-03-31,0.7662
2016-04-01,0.7677
2016-04-04,0.7615999999999999
2016-04-05,0.7524000000000001
2016-04-06,0.758
2016-04-07,0.7504
2016-04-08,0.7550999999999999
2016-04-11,0.7601
2016-04-12,0.7671000345901072
2016-04-13,0.7658
2016-04-14,0.7708
2016-04-15,0.7716999999999999
2016-04-18,0.7744
2016-04-19,0.7816000000000001
2016-04-20,0.7814
2016-04-21,0.7738
2016-04-22,0.7709999999999999
2016-04-25,0.7716000000000001
2016-04-26,0.7742
2016-04-27,0.7554
2016-04-28,0.7646999999999999
2016-04-29,0.7591
2016-05-02,0.7659
2016-05-03,0.7493000000000001
2016-05-04,0.7455999999999999
2016-05-05,0.746
2016-05-06,0.7364999999999999
2016-05-09,0.7312000000000001
2016-05-10,0.7352000140508641
2016-05-11,0.7389
2016-05-12,0.7323
2016-05-13,0.7271
2016-05-16,0.7285999858527268
2016-05-17,0.7331000000000001
2016-05-18,0.7269000353731871
2016-05-19,0.7224
2016-05-20,0.7223999999999999
2016-05-23,0.7222999999999999
2016-05-24,0.7172
2016-05-26,0.7218000000000001
2016-05-27,0.7178
2016-05-30,0.7184999999999999
2016-05-31,0.7227000214423558
2016-06-01,0.7249000000000001
2016-06-02,0.7224999999999999
2016-06-03,0.7350999927803046
2016-06-06,0.7370000000000001
2016-06-07,0.7452
2016-06-08,0.7468999999999999
2016-06-09,0.7434
2016-06-10,0.7375999999999999
2016-06-13,0.739
2016-06-14,0.7362
2016-06-15,0.7436
2016-06-16,0.736
2016-06-21,0.7469
2016-06-22,0.7487
2016-06-23,0.7599000000000001
2016-06-24,0.749
2016-06-27,0.7333
2016-06-28,0.7357
2016-06-29,0.743
2016-06-30,0.7444999999999999
2016-07-01,0.7484000000000001
2016-07-04,0.7540999999999999
2016-07-05,0.7457999999999999
2016-07-06,0.7504
2016-07-07,0.7478
2016-07-11,0.7534
2016-07-12,0.7643
2016-07-13,0.7616
2016-07-14,0.7636
2016-07-15,0.7595999999999999
2016-07-18,0.7595
2016-07-19,0.7502
2016-07-20,0.7483
2016-07-21,0.7489
2016-07-22,0.7458
2016-07-25,0.747
2016-07-26,0.7512
2016-07-27,0.7433
2016-07-28,0.7505000000000001
2016-07-29,0.7594
2016-08-01,0.7566999999999999
2016-08-02,0.7601
2016-08-03,0.7581000000000001
2016-08-04,0.7631
2016-08-05,0.7621
2016-08-08,0.7661
2016-08-09,0.7665000000000001
2016-08-10,0.7724000000000001
2016-08-11,0.7701
2016-08-12,0.7649
2016-08-16,0.7705000000000001
2016-08-17,0.7613000000000001
2016-08-18,0.7684000000000001
2016-08-19,0.762
2016-08-22,0.7625
2016-08-23,0.7622
2016-08-24,0.7616999999999999
2016-08-25,0.7615
2016-08-26,0.7576
2016-08-29,0.7576999999999999
2016-08-30,0.7503
2016-08-31,0.7514
2016-09-01,0.7549
2016-09-02,0.7563000000000001
2016-09-05,0.7585999999999999
2016-09-06,0.7683
2016-09-07,0.7667
2016-09-08,0.7645
2016-09-09,0.755
2016-09-12,0.7556
2016-09-13,0.7462
2016-09-14,0.7478
2016-09-15,0.751
2016-09-16,0.7484999999999999
2016-09-19,0.7545000000000001
2016-09-20,0.7547999999999999
2016-09-21,0.7586999999999999
2016-09-22,0.7640999736217358
2016-09-23,0.7616000263747856
2016-09-26,0.7636999999999999
2016-09-27,0.7661000000000001
2016-09-28,0.7671999999999999
2016-09-29,0.763
2016-09-30,0.7666
2016-10-03,0.7677000329055611
2016-10-04,0.762
2016-10-05,0.7627
2016-10-06,0.7584
2016-10-07,0.7577999999999999
2016-10-11,0.7537
2016-10-12,0.7569
2016-10-13,0.7576999735659529
2016-10-14,0.7613000329489291
2016-10-17,0.7621000131596262
2016-10-18,0.7663999868490269
2016-10-19,0.7715000329055611
2016-10-20,0.7632
2016-10-21,0.7591000330360093
2016-10-24,0.759600026409613
2016-10-25,0.7646999999999999
2016-10-26,0.7646
2016-10-27,0.7590999736391195
2016-10-28,0.7589000000000001
2016-10-31,0.7609
2016-11-01,0.7644
2016-11-02,0.7672
2016-11-03,0.7676999999999999
2016-11-04,0.7677
2016-11-07,0.7704999999999999
2016-11-08,0.7742
2016-11-09,0.7642
2016-11-10,0.7619
2016-11-11,0.7557
2016-11-14,0.7534000000000001
2016-11-15,0.7546
2016-11-16,0.7487
2016-11-17,0.7423000000000001
2016-11-18,0.7337
2016-11-21,0.7357000324991875
2016-11-22,0.7392000000000001
2016-11-23,0.7387
2016-11-24,0.7402000000000001
2016-11-25,0.7431000321646831
2016-11-29,0.7475
2016-11-30,0.7392999747920342
2016-12-01,0.7399
2016-12-02,0.7453
2016-12-05,0.7493999747967992
2016-12-06,0.7453
2016-12-07,0.7474999999999999
2016-12-12,0.7501999999999999
2016-12-13,0.749699987473381
2016-12-14,0.7507999999999999
2016-12-15,0.7362
2016-12-16,0.7298999999999999
2016-12-19,0.7257
2016-12-20,0.7254
2016-12-21,0.7249
2016-12-22,0.7207
2016-12-23,0.7168999806414145
2016-12-26,0.7191
2016-12-27,0.7185999999999999
2016-12-28,0.7175
2016-12-29,0.7207000251130085
2016-12-30,0.7221
2017-01-02,0.7185
2017-01-03,0.7237000313577924
2017-01-04,0.7269000000000001
2017-01-05,0.7339
2017-01-06,0.7304
2017-01-09,0.7369000314762355
2017-01-10,0.7363000000000001
2017-01-11,0.743
2017-01-12,0.7507
2017-01-13,0.7487999747681826
2017-01-16,0.748
2017-01-17,0.754500031428751
2017-01-18,0.754
2017-01-19,0.7539
2017-01-20,0.7541000314169024
2017-01-23,0.7561
2017-01-24,0.7588
2017-01-25,0.7558
2017-01-26,0.754
2017-01-27,0.7545999999999999
2017-01-30,0.7555
2017-01-31,0.757
2017-02-01,0.7563
2017-02-02,0.7668999999999999
2017-02-03,0.7687
2017-02-06,0.765
2017-02-07,0.7633000318979265
2017-02-08,0.7642
2017-02-09,0.7629
2017-02-10,0.768
2017-02-13,0.7642
2017-02-14,0.7641
2017-02-15,0.7698
2017-02-16,0.7699000323939099
2017-02-17,0.7663000000000001
2017-02-20,0.7684
2017-02-21,0.7675
2017-02-22,0.769
2017-02-23,0.7713
2017-02-24,0.7681
2017-03-01,0.7674000000000001
2017-03-02,0.7563
2017-03-03,0.7556
2017-03-06,0.7575000000000001
2017-03-07,0.7604
2017-03-08,0.7535000319590924
2017-03-09,0.7508
2017-03-10,0.7538
2017-03-13,0.7581000000000001
2017-03-14,0.7564
2017-03-15,0.7638999999999999
2017-03-16,0.767
2017-03-17,0.7711
2017-03-20,0.7729999999999999
2017-03-21,0.771
2017-03-22,0.768
2017-03-23,0.7635
2017-03-27,0.7620000000000001
2017-03-28,0.7638999871283306
2017-03-29,0.767
2017-03-30,0.7656999999999999
2017-03-31,0.7643
2017-04-03,0.7602
2017-04-04,0.7562000000000001
2017-04-05,0.757
2017-04-06,0.7545000000000001
2017-04-07,0.7499000325839035
2017-04-10,0.75
2017-04-11,0.7495999999999999
2017-04-12,0.7482
2017-04-17,0.76
2017-04-18,0.7555000326818747
2017-04-19,0.7498
2017-04-20,0.752899993501852
2017-04-21,0.7542
2017-04-24,0.7558999999999999
2017-04-25,0.7535999999999999
2017-04-26,0.7471
2017-04-27,0.7466
2017-04-28,0.7484
2017-05-02,0.7525
2017-05-03,0.7454000000000001
2017-05-04,0.7399
2017-05-05,0.7415
2017-05-08,0.7387
2017-05-09,0.7349000322061192
2017-05-10,0.7370000000000001
2017-05-11,0.7372
2017-05-12,0.7393000000000001
2017-05-15,0.7415
2017-05-16,0.7434999999999999
2017-05-17,0.743
2017-05-18,0.7418
2017-05-19,0.7464
2017-05-22,0.7478
2017-05-23,0.7484999999999999
2017-05-24,0.7472000000000001
2017-05-26,0.7445999999999999
2017-05-29,0.7443
2017-05-30,0.7465
2017-05-31,0.7435999999999999
2017-06-01,0.7381
2017-06-02,0.7437
2017-06-05,0.7495000312597687
2017-06-06,0.7513
2017-06-07,0.7554000000000001
2017-06-08,0.7545
2017-06-09,0.7532000000000001
2017-06-12,0.7528
2017-06-13,0.7539
2017-06-14,0.7616000125960448
2017-06-15,0.7575000000000001
2017-06-16,0.7626000000000001
2017-06-19,0.7596
2017-06-21,0.7547
2017-06-22,0.7539000309693403
2017-06-23,0.7575000309119011
2017-06-26,0.759
2017-06-27,0.7587
2017-06-28,0.7638
2017-06-29,0.767
2017-06-30,0.768
2017-07-03,0.7651999999999999
2017-07-04,0.7605000000000001
2017-07-05,0.7594
2017-07-06,0.7584000000000001
2017-07-07,0.7600999999999999
2017-07-10,0.7609000294204177
2017-07-11,0.7638
2017-07-12,0.768
2017-07-13,0.7728
2017-07-14,0.7820999999999999
2017-07-17,0.7804000000000001
2017-07-18,0.7919
2017-07-19,0.7955000000000001
2017-07-20,0.7962
2017-07-21,0.7914999999999999
2017-07-24,0.7921
2017-07-25,0.7944
2017-07-26,0.7939
2017-07-27,0.7968999999999999
2017-07-28,0.7983000000000001
2017-07-31,0.7983
2017-08-01,0.7982000113739763
2017-08-02,0.7979999999999999
2017-08-03,0.7942999999999999
2017-08-04,0.7919999999999999
2017-08-07,0.7911
2017-08-08,0.7916999943576145
2017-08-09,0.788
2017-08-10,0.7886
2017-08-11,0.7907
2017-08-14,0.7848
2017-08-15,0.7818999999999999
2017-08-16,0.7906
2017-08-17,0.7905
2017-08-18,0.7932
2017-08-22,0.7904
2017-08-23,0.7899
2017-08-24,0.7909
2017-08-25,0.7933000000000001
2017-08-28,0.7968
2017-08-29,0.7959000287438919
2017-08-30,0.7902
2017-08-31,0.7936000000000001
2017-09-01,0.7971
2017-09-04,0.7948000000000001
2017-09-05,0.7981000000000001
2017-09-06,0.7196
2017-09-07,0.8034
2017-09-08,0.8064
2017-09-11,0.8029000000000001
2017-09-12,0.8024
2017-09-13,0.7983
2017-09-14,0.7989
2017-09-15,0.799900029455081
2017-09-18,0.7948000000000001
2017-09-19,0.8012
2017-09-20,0.8072999999999999
2017-09-21,0.7933
2017-09-22,0.7967000000000001
2017-09-25,0.7946999999999999
2017-09-26,0.7897000000000001
2017-09-27,0.7860000000000001
2017-09-28,0.7855000000000001
2017-09-29,0.7838
2017-10-02,0.7829000287108815
2017-10-03,0.7829000287108815
2017-10-04,0.786
2017-10-05,0.7796
2017-10-06,0.7774
2017-10-09,0.7762
2017-10-10,0.7787000286944045
2017-10-11,0.7778999885176254
2017-10-12,0.7832000000000001
2017-10-13,0.7882999884686347
2017-10-17,0.7841999999999999
2017-10-18,0.7844999999999999
2017-10-19,0.7871
2017-10-20,0.7822999999999999
2017-10-23,0.78
2017-10-24,0.7774
2017-10-25,0.7693000000000001
2017-10-26,0.7667
2017-10-27,0.7659000283687943
2017-10-30,0.7676000000000001
2017-10-31,0.766100028320589
2017-11-01,0.7675000000000001
2017-11-02,0.7717
2017-11-03,0.7646
2017-11-07,0.7639
2017-11-08,0.7674000000000001
2017-11-09,0.7676
2017-11-10,0.7658
2017-11-13,0.7621
2017-11-14,0.7625
2017-11-15,0.7581
2017-11-16,0.7594000228780599
2017-11-17,0.7567000285959394
2017-11-21,0.7581000000000001
2017-11-22,0.7588
2017-11-23,0.7626999999999999
2017-11-24,0.7614
2017-11-27,0.7608
2017-11-28,0.7611000287935503
2017-11-29,0.7569000286944045
2017-11-30,0.7563000288933834
2017-12-01,0.7619
2017-12-04,0.7592
2017-12-05,0.7602
2017-12-06,0.7562
2017-12-07,0.7524
2017-12-11,0.7535000000000001
2017-12-12,0.7548999999999999
2017-12-13,0.7607
2017-12-14,0.7672
2017-12-15,0.7647000285469597
2017-12-18,0.7675
2017-12-19,0.7675
2017-12-20,0.7672
2017-12-21,0.7703000278473963
2017-12-22,0.7714
2017-12-26,0.7726
2017-12-27,0.7778000108483402
2017-12-28,0.779
2017-12-29,0.7811000053622178
2018-01-02,0.7824
2018-01-03,0.7841000271076173
2018-01-04,0.7863
2018-01-05,0.7862
2018-01-08,0.7838999999999999
2018-01-09,0.7819
2018-01-10,0.7843
2018-01-11,0.7886
2018-01-12,0.7888
2018-01-15,0.7972
2018-01-16,0.7956000000000001
2018-01-17,0.8000999999999999
2018-01-18,0.7996
2018-01-19,0.7999000263227165
2018-01-22,0.8003000104460462
2018-01-23,0.7983999999999999
2018-01-24,0.8059000000000001
2018-01-25,0.8086000000000001
2018-01-26,0.8110999999999999
2018-01-29,0.8094
2018-01-30,0.8078
2018-01-31,0.8053
2018-02-01,0.8026
2018-02-02,0.7948
2018-02-05,0.7923
2018-02-06,0.7885
2018-02-07,0.7828
2018-02-08,0.7791
2018-02-09,0.778
2018-02-14,0.7898000000000001
2018-02-15,0.7916
2018-02-16,0.7921999999999999
2018-02-19,0.7913
2018-02-20,0.7897
2018-02-21,0.7839000250941028
2018-02-22,0.7851
2018-02-23,0.7832
2018-02-26,0.7848
2018-02-27,0.781
2018-02-28,0.7791
2018-03-01,0.7735000248126643
2018-03-02,0.7753000000000001
2018-03-05,0.7757
2018-03-06,0.7821
2018-03-07,0.7801
2018-03-08,0.7783
2018-03-09,0.7843
2018-03-12,0.7873000000000001
2018-03-13,0.7873000000000001
2018-03-14,0.7883
2018-03-15,0.780700024576063
2018-03-16,0.772
2018-03-19,0.7713000000000001
2018-03-20,0.7687999999999999
2018-03-21,0.7735000000000001
2018-03-22,0.7717999999999999
2018-03-23,0.7732
2018-03-26,0.7730999999999999
2018-03-27,0.7697000198333995
2018-03-28,0.7667999900739491
2018-04-03,0.7685000000000001
2018-04-04,0.77
2018-04-05,0.768
2018-04-06,0.7676000000000001
2018-04-09,0.7703
2018-04-10,0.7762
2018-04-11,0.7762000198333995
2018-04-12,0.7755
2018-04-13,0.7768
2018-04-16,0.7779
2018-04-17,0.777
2018-04-18,0.7779000248323814
2018-04-19,0.7728
2018-04-20,0.7672
2018-04-23,0.7607999999999999
2018-04-24,0.76
2018-04-25,0.7564000098755679
2018-04-26,0.7557999999999999
2018-04-27,0.7570000000000001
2018-05-02,0.75
2018-05-03,0.7525000000000001
2018-05-04,0.7539
2018-05-07,0.7525999999999999
2018-05-08,0.7449
2018-05-09,0.7463000000000001
2018-05-10,0.7535
2018-05-11,0.7541999999999999
2018-05-14,0.7533000000000001
2018-05-15,0.7474
2018-05-16,0.7519
2018-05-17,0.7505999999999999
2018-05-18,0.7509
2018-05-21,0.756899995899791
2018-05-22,0.7576
2018-05-23,0.7541000204290091
2018-05-24,0.7578999999999999
2018-05-28,0.7544000000000001
2018-05-29,0.7504
2018-05-30,0.7575999999999999
2018-05-31,0.7555999999999999
2018-06-01,0.75690002002002
2018-06-04,0.7651
2018-06-05,0.7624
2018-06-06,0.7663000000000001
2018-06-07,0.7615000200120071
2018-06-08,0.7601
2018-06-11,0.7606999999999999
2018-06-12,0.7577999999999999
2018-06-13,0.7586999999999999
2018-06-14,0.749
2018-06-15,0.7447999999999999
2018-06-18,0.7425
2018-06-19,0.7375999999999999
2018-06-21,0.7385
2018-06-22,0.7440999999999999
2018-06-25,0.7404
2018-06-26,0.7388
2018-06-27,0.7355
2018-06-28,0.7357999999999999
2018-06-29,0.7394
2018-07-02,0.7321000000000001
2018-07-03,0.7379
2018-07-04,0.7388
2018-07-05,0.738
2018-07-06,0.7425
2018-07-10,0.7465
2018-07-11,0.7372000000000001
2018-07-12,0.7406999999999999
2018-07-13,0.741
2018-07-16,0.7418
2018-07-17,0.7388
2018-07-18,0.7403999927530981
2018-07-19,0.7372000072048704
2018-07-20,0.7418
2018-07-23,0.7374999999999999
2018-07-24,0.7412
2018-07-25,0.7434000000000001
2018-07-26,0.7388
2018-07-27,0.7402
2018-07-30,0.7410000000000001
2018-07-31,0.7439
2018-08-01,0.7398000000000001
2018-08-02,0.7372
2018-08-03,0.7403000000000001
2018-08-06,0.7388
2018-08-07,0.7418
2018-08-08,0.7439
2018-08-09,0.7389000000000001
2018-08-10,0.7292
2018-08-13,0.7265999999999999
2018-08-14,0.7237
2018-08-15,0.7234
2018-08-16,0.7253999999999999
2018-08-17,0.7285999999999999
2018-08-21,0.7376
2018-08-22,0.7353
2018-08-23,0.7251
2018-08-24,0.7328
2018-08-27,0.7346
2018-08-28,0.7343
2018-08-29,0.7302
2018-08-30,0.7267
2018-08-31,0.7187
2018-09-03,0.7208000000000001
2018-09-04,0.7179
2018-09-05,0.7188
2018-09-06,0.7196
2018-09-07,0.7101999999999999
2018-09-10,0.7109
2018-09-11,0.7101999947286576
2018-09-12,0.7174
2018-09-13,0.7197
2018-09-14,0.7163999999999999
2018-09-17,0.7187
2018-09-18,0.7210999974830736
2018-09-19,0.7265999999999999
2018-09-20,0.7284999999999999
2018-09-21,0.7278
2018-09-24,0.726
2018-09-25,0.7242999999999999
2018-09-26,0.7272000000000001
2018-09-27,0.7219
2018-09-28,0.7228
2018-10-01,0.7227
2018-10-02,0.7186
2018-10-03,0.7127
2018-10-04,0.7072
2018-10-05,0.7047
2018-10-08,0.7075
2018-10-09,0.7093
2018-10-10,0.7100000000000001
2018-10-11,0.712
2018-10-12,0.7105
2018-10-16,0.7138
2018-10-17,0.7123
2018-10-18,0.71
2018-10-19,0.7123
2018-10-22,0.7085
2018-10-23,0.7079999999999999
2018-10-24,0.7064
2018-10-25,0.7074
2018-10-26,0.7091999999999999
2018-10-29,0.7067
2018-10-30,0.71
2018-10-31,0.7071999999999999
2018-11-01,0.7203999999999999
2018-11-02,0.7187999999999999
2018-11-05,0.7203
2018-11-07,0.7284999999999999
2018-11-08,0.7283
2018-11-09,0.7228
2018-11-12,0.7194
2018-11-13,0.7209
2018-11-14,0.7217000000000001
2018-11-15,0.7267
2018-11-16,0.7332000000000001
2018-11-20,0.7235
2018-11-21,0.7265000137912012
2018-11-22,0.7254
2018-11-23,0.723
2018-11-26,0.723
2018-11-27,0.7203
2018-11-28,0.7294
2018-11-29,0.7314
2018-12-03,0.7357
2018-12-04,0.734
2018-12-05,0.7274999999999999
2018-12-06,0.7226999999999999
2018-12-07,0.7208000000000001
2018-12-10,0.7186
2018-12-11,0.7199999999999999
2018-12-12,0.7227999999999999
2018-12-13,0.7229000000000001
2018-12-14,0.7178
2018-12-17,0.7181000000000001
2018-12-18,0.7172000000000001
2018-12-19,0.7162000000000001
2018-12-20,0.7112
2018-12-21,0.705
2018-12-26,0.7051999999999999
2018-12-27,0.7023
2018-12-28,0.7041
2018-12-31,0.7047
2019-01-02,0.6998000000000001
2019-01-03,0.7016
2019-01-04,0.7110000000000001
2019-01-07,0.7147000134030291
2019-01-08,0.7145
2019-01-09,0.7181000000000001
2019-01-10,0.7183
2019-01-11,0.7208
2019-01-14,0.7205
2019-01-15,0.7182999999999999
2019-01-16,0.7179
2019-01-17,0.7172999999999999
2019-01-18,0.7173
2019-01-21,0.7156999999999999
2019-01-22,0.7135999999999999
2019-01-23,0.7142
2019-01-24,0.7087
2019-01-25,0.7179
2019-01-28,0.7166
2019-01-29,0.7152999999999999
2019-01-30,0.7196
2019-01-31,0.7271
2019-02-01,0.7262
2019-02-04,0.7215000000000001
2019-02-05,0.7236999999999999
2019-02-06,0.7124999999999999
2019-02-07,0.7091000000000001
2019-02-08,0.7096
2019-02-11,0.7062
2019-02-12,0.7094999999999999
2019-02-13,0.7104
2019-02-14,0.7102
2019-02-15,0.7125
2019-02-18,0.7129000000000001
2019-02-19,0.717
2019-02-20,0.7177
2019-02-21,0.7078
2019-02-22,0.7141000000000001
2019-02-25,0.717100002560885
2019-02-26,0.7178
2019-02-27,0.7135
2019-02-28,0.7098
2019-03-01,0.7076
2019-03-06,0.7026
2019-03-07,0.7026
2019-03-08,0.7046999999999999
2019-03-11,0.7060000000000001
2019-03-12,0.7086
2019-03-13,0.7083999999999999
2019-03-14,0.706
2019-03-15,0.7086
2019-03-18,0.7093
2019-03-19,0.7092
2019-03-20,0.7113
2019-03-21,0.7105000000000001
2019-03-22,0.7084
2019-03-25,0.7111000000000001
2019-03-26,0.7142
2019-03-27,0.7080000000000001
2019-03-28,0.7081999999999999
2019-03-29,0.7099
2019-04-01,0.7115
2019-04-03,0.7118000000000001
2019-04-04,0.7118000000000001
2019-04-05,0.7102
2019-04-08,0.713
2019-04-09,0.7126
2019-04-10,0.7166
2019-04-11,0.7124
2019-04-12,0.7177
2019-04-15,0.7175
2019-04-16,0.7173
2019-04-17,0.7170000000000001
2019-04-22,0.7137000000000001
2019-04-23,0.7092
2019-04-24,0.7015
2019-04-25,0.7012
2019-04-26,0.7041999999999999
2019-04-29,0.7057000112803158
2019-04-30,0.7055
2019-05-02,0.7004
2019-05-03,0.7019000000000001
2019-05-06,0.6998
2019-05-07,0.7002
2019-05-08,0.6991999999999999
2019-05-09,0.6998
2019-05-10,0.7001000000000001
2019-05-13,0.6945
2019-05-14,0.6947
2019-05-15,0.6927000000000001
2019-05-16,0.6895
2019-05-17,0.6872
2019-05-20,0.6912
2019-05-21,0.688
2019-05-22,0.6885
2019-05-23,0.6891999999999999
2019-05-24,0.6926
2019-05-27,0.6916
2019-05-28,0.6926
2019-05-29,0.6915
2019-05-30,0.6916000000000001
2019-05-31,0.6938
2019-06-03,0.6974
2019-06-04,0.7
2019-06-05,0.6969000000000001
2019-06-06,0.6981999999999999
2019-06-07,0.7008
2019-06-10,0.696
2019-06-11,0.6963999999999999
2019-06-12,0.6932
2019-06-13,0.6916000000000001
2019-06-14,0.6863
2019-06-18,0.6872
2019-06-19,0.6880000000000001
2019-06-21,0.693
2019-06-24,0.6966000000000001
2019-06-25,0.6963
2019-06-26,0.6987
2019-06-27,0.7
2019-06-28,0.7016999976450086
2019-07-01,0.6958
2019-07-02,0.6989
2019-07-03,0.7036
2019-07-04,0.7018
2019-07-05,0.6974
2019-07-10,0.6966
2019-07-11,0.6971999999999999
2019-07-12,0.7019
2019-07-15,0.7036
2019-07-16,0.7015
2019-07-17,0.7020000000000001
2019-07-18,0.7041999999999999
2019-07-19,0.7052
2019-07-22,0.7041999999999999
2019-07-23,0.7004
2019-07-24,0.6974
2019-07-25,0.6949000000000001
2019-07-26,0.6907
2019-07-29,0.6901
2019-07-30,0.6876
2019-07-31,0.6871399954421148
2019-08-01,0.6821049819657349
2019-08-02,0.6795774916013438
2019-08-05,0.677069993405144
2019-08-06,0.6754849889624724
2019-08-07,0.6761449879359508
2019-08-08,0.6811049977885891
2019-08-09,0.6796749834254144
2019-08-12,0.6750750000000001
2019-08-13,0.6792650000000001
2019-08-14,0.67504
2019-08-15,0.6775049956331878
2019-08-16,0.6787
2019-08-20,0.6779000000000001
2019-08-21,0.6784999999999999
2019-08-22,0.6759
2019-08-23,0.6748999999999999
2019-08-26,0.678
2019-08-27,0.6757000000000001
2019-08-28,0.6741999999999999
2019-08-29,0.6733
2019-08-30,0.6718
2019-09-02,0.6714
2019-09-03,0.6761
2019-09-04,0.6795
2019-09-05,0.6817000000000001
2019-09-06,0.6854
2019-09-09,0.6869999999999999
2019-09-10,0.6866
2019-09-11,0.6859999999999999
2019-09-12,0.6873999999999999
2019-09-13,0.6886
2019-09-16,0.6861999999999999
2019-09-17,0.6865
2019-09-18,0.6857999999999999
2019-09-19,0.6809
2019-09-20,0.6767
2019-09-23,0.6772
2019-09-24,0.6798000000000001
2019-09-25,0.6752
2019-09-26,0.6751999999999999
2019-09-27,0.676
2019-09-30,0.6748999999999999
2019-10-01,0.6701
2019-10-02,0.6698999999999999
2019-10-03,0.675
2019-10-04,0.6771
2019-10-07,0.6743999999999999
2019-10-08,0.6730999999999999
2019-10-09,0.6728999999999999
2019-10-10,0.6769000000000001
2019-10-11,0.6796000000000001
2019-10-15,0.6758
2019-10-16,0.6758999965722904
2019-10-17,0.6824999914264648
2019-10-18,0.6851
2019-10-21,0.6866000000000001
2019-10-22,0.6868
2019-10-23,0.6849000000000001
2019-10-24,0.6818
2019-10-25,0.6820999999999999
2019-10-28,0.6844
2019-10-29,0.6859
2019-10-30,0.6857
2019-10-31,0.6888
2019-11-01,0.6911
2019-11-04,0.6896999999999999
2019-11-05,0.6894
2019-11-07,0.6903
2019-11-08,0.6853
2019-11-11,0.6854
2019-11-12,0.6846
2019-11-13,0.6833
2019-11-14,0.6783
2019-11-15,0.6814
2019-11-19,0.6828000000000001
2019-11-20,0.6793000000000001
2019-11-21,0.679
2019-11-22,0.6782
2019-11-25,0.6770999999999999
2019-11-26,0.6787
2019-11-27,0.6776
2019-11-28,0.6765
2019-11-29,0.6764
2019-12-02,0.6816
2019-12-03,0.6842
2019-12-04,0.6851999999999999
2019-12-05,0.6834999916645829
2019-12-06,0.6841
2019-12-09,0.6830999916590207
2019-12-10,0.6809999999999999
2019-12-11,0.6864
2019-12-12,0.6892999916408928
2019-12-13,0.6866999966564129
2019-12-16,0.6890000000000001
2019-12-17,0.6850999916408927
2019-12-18,0.6854999916408928
2019-12-19,0.6881999999999999
2019-12-20,0.6902
2019-12-23,0.6920000000000001
2019-12-26,0.694
2019-12-27,0.6976000000000001
2019-12-30,0.7001000000000001
2019-12-31,0.7023
2020-01-02,0.6982999916408927
2020-01-03,0.6962999916408927
2020-01-06,0.6934999916408927
2020-01-07,0.6868000000000001
2020-01-08,0.6876
2020-01-09,0.6850999916408927
2020-01-10,0.690599989969239
2020-01-13,0.6912
2020-01-14,0.6904999999999999
2020-01-15,0.691
2020-01-16,0.689299991663193
2020-01-17,0.6878
2020-01-20,0.687
2020-01-21,0.6852
2020-01-22,0.6839000000000001
2020-01-23,0.684
2020-01-24,0.6822999950075719
2020-01-27,0.6759999999999999
2020-01-28,0.6748000000000001
2020-01-29,0.6747
2020-01-30,0.6706
2020-01-31,0.6697
2020-02-03,0.6689
2020-02-04,0.6735
2020-02-05,0.6745
2020-02-06,0.6738
2020-02-07,0.6677
2020-02-10,0.6673999967201285
2020-02-11,0.6711999869107806
2020-02-12,0.6738999983667869
2020-02-13,0.6722999885973057
2020-02-14,0.671399990237394
2020-02-17,0.6717999967568795
2020-02-18,0.6689999999999999
2020-02-19,0.6671000016199842
2020-02-20,0.6617999967631778
2020-02-21,0.6630999854460777
2020-02-26,0.6553999903364525
2020-02-27,0.6580999855163424
2020-02-28,0.6491
2020-03-02,0.6534999919690326
2020-03-03,0.6609999999999999
2020-03-04,0.6611999871710579
2020-03-05,0.6594999919896185
2020-03-06,0.6632000000000001
2020-03-09,0.6603
2020-03-10,0.6480999856204764
2020-03-11,0.6512
2020-03-12,0.6360999856731243
2020-03-13,0.6170999856913464
2020-03-16,0.613
2020-03-17,0.5993999905031735
2020-03-18,0.5784
2020-03-19,0.5800999858377
2020-03-20,0.5831999999999999
2020-03-25,0.5967
2020-03-26,0.605
2020-03-27,0.6178999984474219
2020-03-30,0.615
2020-04-01,0.6075999938012366
2020-04-02,0.6035
2020-04-03,0.5997
2020-04-06,0.6095
2020-04-07,0.6197999969263397
2020-04-08,0.6229
2020-04-13,0.6403000000000001
2020-04-14,0.6438999999999999
2020-04-15,0.6335999939042045
2020-04-16,0.6295000000000001
2020-04-17,0.6359
2020-04-20,0.637
2020-04-21,0.6284000000000001
2020-04-22,0.6316
2020-04-23,0.6372000000000001
2020-04-24,0.6379999999999999
2020-04-27,0.6459
2020-04-28,0.6505000000000001
2020-04-29,0.6536
2020-04-30,0.6517
2020-05-04,0.6419999999999999
2020-05-05,0.6449
2020-05-06,0.6419
2020-05-07,0.6502
2020-05-08,0.653
2020-05-11,0.6486
2020-05-12,0.6496000000000001
2020-05-13,0.6446999999999999
2020-05-14,0.6425
2020-05-15,0.6415
2020-05-18,0.6513000000000001
2020-05-19,0.6567
2020-05-20,0.6597
2020-05-21,0.6564
2020-05-22,0.6528999999999999
2020-05-26,0.665
2020-05-27,0.6607000000000001
2020-05-28,0.6659999999999999
2020-05-29,0.6636
2020-06-01,0.679
2020-06-02,0.6884000000000001
2020-06-03,0.6934
2020-06-04,0.6945
2020-06-05,0.6971
2020-06-08,0.7006
2020-06-09,0.6969000000000001
2020-06-10,0.6998
2020-06-11,0.686
2020-06-12,0.6817
2020-06-16,0.6887
2020-06-17,0.6906
2020-06-18,0.6852
2020-06-19,0.6846
2020-06-22,0.6915
2020-06-23,0.6936
2020-06-24,0.6874
2020-06-25,0.6871
2020-06-26,0.6866
2020-06-29,0.6855
2020-06-30,0.6891
2020-07-01,0.6913
2020-07-02,0.6919000000000001
2020-07-03,0.6942
2020-07-06,0.6978000000000001
2020-07-07,0.6964999999999999
2020-07-08,0.6978
2020-07-13,0.6979000000000001
2020-07-14,0.6973
2020-07-15,0.6996
2020-07-16,0.6970999999999999
2020-07-17,0.6994999999999999
2020-07-20,0.7010000000000001
2020-07-21,0.7135
2020-07-22,0.7136
2020-07-23,0.7105999999999999
2020-07-24,0.7097999999999999
2020-07-27,0.714
2020-07-28,0.7162999999999999
2020-07-29,0.718
2020-07-30,0.717
2020-07-31,0.7145000000000001
2020-08-03,0.7115
2020-08-04,0.7156
2020-08-05,0.7194999999999999
2020-08-06,0.723
2020-08-07,0.7154
2020-08-10,0.7156
2020-08-11,0.716
2020-08-12,0.717
2020-08-13,0.7156
2020-08-14,0.7168
2020-08-18,0.7238999999999999
2020-08-19,0.723
2020-08-20,0.7182999999999999
2020-08-21,0.7149
2020-08-24,0.717
2020-08-25,0.7182999999999999
2020-08-26,0.7233
2020-08-27,0.7256
2020-08-28,0.7343
2020-08-31,0.739
2020-09-01,0.7369
2020-09-02,0.7320000000000001
2020-09-03,0.7273
2020-09-04,0.7286
2020-09-07,0.7279999999999999
2020-09-08,0.7239000000000001
2020-09-09,0.7273000000000001
2020-09-10,0.7278
2020-09-11,0.7264
2020-09-14,0.7286
2020-09-15,0.73
2020-09-16,0.7312
2020-09-17,0.7298000000000001
2020-09-18,0.7300000000000001
2020-09-21,0.7211
2020-09-22,0.7166
2020-09-23,0.7093
2020-09-24,0.7065
2020-09-25,0.7022
2020-09-28,0.7068
2020-09-29,0.7131
2020-09-30,0.7167999999999999
2020-10-01,0.7181
2020-10-02,0.7152999999999999
2020-10-05,0.7173999999999999
2020-10-06,0.7146
2020-10-07,0.7142
2020-10-08,0.7165
2020-10-09,0.7232999999999999
2020-10-13,0.7152999999999999
2020-10-14,0.7166
2020-10-15,0.7088
2020-10-16,0.7083
2020-10-19,0.708
2020-10-20,0.7067
2020-10-21,0.713
2020-10-22,0.7118
2020-10-23,0.7126
2020-10-26,0.712
2020-10-27,0.7143
2020-10-28,0.7057
2020-10-29,0.7015
2020-10-30,0.7017000000000001
2020-11-02,0.704
2020-11-03,0.716
2020-11-04,0.7178
2020-11-05,0.7268
2020-11-09,0.7285
2020-11-10,0.7281
2020-11-11,0.7275
2020-11-12,0.7242999999999999
2020-11-13,0.7268
2020-11-16,0.7317
2020-11-17,0.7303
2020-11-18,0.7323999999999999
2020-11-19,0.7273999999999999
2020-11-20,0.7311000000000001
2020-11-24,0.7344999999999999
2020-11-25,0.7363999999999999
2020-11-26,0.7363
2020-11-27,0.7391000000000001
2020-11-30,0.7356999999999999
2020-12-01,0.7365999999999999
2020-12-02,0.7396
2020-12-03,0.7444000000000001
2020-12-04,0.7434999999999999
2020-12-09,0.7441999999999999
2020-12-10,0.7525000000000001
2020-12-11,0.7530000000000001
2020-12-14,0.7546999999999999
2020-12-15,0.7565999999999999
2020-12-16,0.7563
2020-12-17,0.7627
2020-12-18,0.7615999999999999
2020-12-21,0.7577999999999999
2020-12-22,0.753
2020-12-23,0.7574000000000001
2020-12-28,0.7573
2020-12-29,0.7612
2020-12-30,0.7678
2020-12-31,0.7699
2021-01-04,0.7658999999999999
2021-01-05,0.7765000000000001
2021-01-06,0.7796000000000001
2021-01-07,0.7748
2021-01-08,0.776
2021-01-11,0.7710999999999999
2021-01-12,0.7732
2021-01-13,0.7747
2021-01-14,0.7797000000000001
2021-01-15,0.7720000000000001
2021-01-18,0.7682
2021-01-19,0.7699000000000001
2021-01-20,0.7736000000000001
2021-01-21,0.7749999999999999
2021-01-22,0.7714
2021-01-25,0.7708999999999999
2021-01-26,0.7744000000000001
2021-01-27,0.7699
2021-01-28,0.768
2021-01-29,0.7641
2021-02-01,0.7626000000000001
2021-02-02,0.7586999999999999
2021-02-03,0.7624000000000001
2021-02-04,0.7593
2021-02-05,0.7667999999999999
2021-02-08,0.7700999999999999
2021-02-09,0.7728
2021-02-10,0.7734000000000001
2021-02-11,0.7749999999999999
2021-02-12,0.7759
2021-02-17,0.7752
2021-02-18,0.7757000000000001
2021-02-19,0.7872
2021-02-22,0.7919999999999999
2021-02-23,0.7900999999999999
2021-02-24,0.7940999999999999
2021-02-25,0.7916
2021-02-26,0.7716
2021-03-01,0.7767999999999999
2021-03-02,0.7820999999999999
2021-03-03,0.7797000000000001
2021-03-04,0.7744999999999999
2021-03-05,0.7675999999999998
2021-03-08,0.7671000000000001
2021-03-09,0.7703
2021-03-10,0.7719999999999999
2021-03-11,0.7775000000000001
2021-03-12,0.7762
2021-03-15,0.775
2021-03-16,0.7747
2021-03-17,0.7745
2021-03-18,0.7790999999999999
2021-03-19,0.7752
2021-03-22,0.7752
2021-03-23,0.7652
2021-03-25,0.7574
2021-03-26,0.7624
2021-03-29,0.7636999999999999
2021-03-30,0.7591000000000001
2021-03-31,0.7608999999999999
2021-04-05,0.7653000000000001
2021-04-06,0.7656000000000001
2021-04-07,0.7619
2021-04-08,0.7649
2021-04-09,0.7625000000000001
2021-04-12,0.7621
2021-04-13,0.7639
2021-04-14,0.7726
2021-04-15,0.775
2021-04-16,0.7732
2021-04-19,0.7755
2021-04-20,0.7727
2021-04-21,0.7756
2021-04-22,0.7705000000000001
2021-04-23,0.7748999999999999
2021-04-26,0.7804000000000001
2021-04-27,0.7768
2021-04-28,0.7756000000000001
2021-04-29,0.7763000000000001
2021-04-30,0.7706
2021-05-03,0.776
2021-05-04,0.7704000000000001
2021-05-05,0.7744
2021-05-06,0.7774999999999999
2021-05-07,0.784
2021-05-10,0.7857999999999999
2021-05-11,0.7844999999999999
2021-05-12,0.7733
2021-05-13,0.7716
2021-05-14,0.7776000000000001
2021-05-17,0.7765
2021-05-18,0.7801
2021-05-19,0.7756
2021-05-20,0.7766000000000001
2021-05-21,0.7728
2021-05-26,0.7738999999999999
2021-05-27,0.7741
2021-05-28,0.7706999999999999
2021-05-31,0.7738
2021-06-01,0.7759
2021-06-02,0.7752000000000001
2021-06-03,0.765
2021-06-04,0.7742
2021-06-07,0.7764000000000001
2021-06-08,0.7737999999999999
2021-06-09,0.7736000000000001
2021-06-10,0.7756
2021-06-11,0.7696999999999999
2021-06-14,0.7709
2021-06-15,0.7684000000000001
2021-06-16,0.7665
2021-06-17,0.756
2021-06-18,0.7502000000000001
2021-06-22,0.7544000000000001
2021-06-23,0.7579
2021-06-24,0.7585000000000001
2021-06-25,0.7586
2021-06-28,0.7564
2021-06-29,0.7512
2021-06-30,0.7497999999999999
2021-07-01,0.7464
2021-07-02,0.7528
2021-07-05,0.7530000000000001
2021-07-06,0.7496
2021-07-07,0.7483
2021-07-08,0.7436
2021-07-12,0.7471999999999999
2021-07-13,0.7444
2021-07-14,0.7474999999999999
2021-07-15,0.7412
2021-07-16,0.7406
2021-07-19,0.7328
2021-07-20,0.7325999999999999
2021-07-21,0.7356
2021-07-22,0.7374999999999999
2021-07-23,0.7368999999999999
2021-07-26,0.7381
2021-07-27,0.7361000000000001
2021-07-28,0.732
2021-07-29,0.74
2021-07-30,0.7339
2021-08-02,0.7363999999999999
2021-08-03,0.739
2021-08-04,0.7384000000000001
2021-08-05,0.7405999999999999
2021-08-06,0.7353999999999999
2021-08-09,0.7335
2021-08-10,0.7348
2021-08-11,0.7378
2021-08-12,0.7341
2021-08-13,0.7373000000000001
2021-08-17,0.7254999999999999
2021-08-18,0.7234
2021-08-19,0.7151
2021-08-20,0.7133999999999999
2021-08-23,0.7213999999999999
2021-08-24,0.7253000000000001
2021-08-25,0.7267
2021-08-26,0.7242
2021-08-27,0.7308999999999999
2021-08-30,0.7295
2021-08-31,0.7312000000000001
2021-09-01,0.7376
2021-09-02,0.7402
2021-09-03,0.7461
2021-09-06,0.7434
2021-09-07,0.7393000000000001
2021-09-08,0.7375999999999999
2021-09-09,0.7372000000000001
2021-09-10,0.7366
2021-09-13,0.7359
2021-09-14,0.7333000000000001
2021-09-15,0.7328
2021-09-16,0.7292
2021-09-17,0.7268000000000001
2021-09-20,0.7243999999999999
2021-09-21,0.7234999999999999
2021-09-22,0.726
2021-09-23,0.7312
2021-09-24,0.7253999999999999
2021-09-27,0.7289
2021-09-28,0.7234
2021-09-29,0.7177
2021-09-30,0.7221000000000001
2021-10-01,0.7274
2021-10-04,0.7284999999999999
2021-10-05,0.73
2021-10-06,0.7265999999999999
2021-10-07,0.7315
2021-10-12,0.7351
2021-10-13,0.7376999999999999
2021-10-14,0.7414000000000001
2021-10-15,0.7417
2021-10-18,0.7418
2021-10-19,0.7484000000000001
2021-10-20,0.7515000000000001
2021-10-21,0.746
2021-10-22,0.7459
2021-10-25,0.7493
2021-10-26,0.7504
2021-10-27,0.7527999999999999
2021-10-28,0.7542000000000001
2021-10-29,0.7518
2021-11-01,0.752
2021-11-02,0.7426
2021-11-03,0.744
2021-11-04,0.7394999999999999
2021-11-05,0.7400000000000001
2021-11-08,0.7422
2021-11-09,0.7375
2021-11-10,0.7354999999999999
2021-11-11,0.7292
2021-11-12,0.7328
2021-11-15,0.7353000000000001
2021-11-16,0.7304999999999999
2021-11-17,0.7269000000000001
2021-11-18,0.7275
2021-11-19,0.7242
2021-11-23,0.7217
2021-11-24,0.7189
2021-11-25,0.7184999999999999
2021-11-26,0.7132
2021-11-29,0.7129000000000001
2021-11-30,0.7103
2021-12-01,0.7125
2021-12-02,0.7091000000000001
2021-12-03,0.7007
2021-12-06,0.7044
2021-12-07,0.7111
2021-12-09,0.715
2021-12-10,0.7179
2021-12-13,0.7121
2021-12-14,0.7105
2021-12-15,0.7129000000000001
2021-12-16,0.7179999999999999
2021-12-17,0.7145
2021-12-20,0.7115000000000001
2021-12-21,0.7144
2021-12-22,0.7218
2021-12-23,0.7250000000000001
2021-12-27,0.7233999999999999
2021-12-28,0.7224999999999999
2021-12-29,0.7249
2021-12-30,0.7252
2021-12-31,0.7275
2022-01-03,0.7195999999999999
2022-01-04,0.7239
2022-01-05,0.7261000000000001
2022-01-06,0.7166000000000001
2022-01-07,0.7177
2022-01-10,0.7165999999999999
2022-01-11,0.7198
2022-01-12,0.7283
2022-01-13,0.7288000000000001
2022-01-14,0.72
2022-01-17,0.7214
2022-01-18,0.7174
2022-01-19,0.7228000000000001
2022-01-20,0.7257999999999999
2022-01-21,0.7191
2022-01-24,0.7111
2022-01-25,0.7143999999999999
2022-01-26,0.7169000000000001
2022-01-27,0.7035000000000001
2022-01-28,0.6989
2022-01-31,0.7062
2022-02-01,0.7111
2022-02-02,0.7136999999999999
2022-02-03,0.714
2022-02-04,0.7069000000000001
2022-02-07,0.7108
2022-02-08,0.7133000000000002
2022-02-09,0.7183
2022-02-10,0.7218
2022-02-11,0.718
2022-02-14,0.7139
2022-02-15,0.7146
2022-02-16,0.7183
2022-02-17,0.7198
2022-02-18,0.7169000000000001
2022-02-21,0.7208
2022-02-22,0.7218
2022-02-23,0.7243
2022-02-24,0.7138000000000001
2022-02-25,0.7213
2022-03-02,0.7284999999999999
2022-03-03,0.7317
2022-03-04,0.7376
2022-03-07,0.7319000000000001
2022-03-08,0.7279
2022-03-09,0.7322
2022-03-10,0.7357
2022-03-11,0.7302000000000001
2022-03-14,0.72
2022-03-15,0.7188000000000001
2022-03-16,0.7235
2022-03-17,0.739
2022-03-18,0.7413
2022-03-21,0.7395999999999999
2022-03-22,0.745
2022-03-23,0.7496999999999999
2022-03-25,0.7518
2022-03-28,0.749
2022-03-29,0.7491000000000001
2022-03-30,0.7513
2022-03-31,0.7494
2022-04-01,0.7491
2022-04-04,0.754
2022-04-05,0.7597999999999999
2022-04-06,0.7529000000000001
2022-04-07,0.7479
2022-04-08,0.7456999999999999
2022-04-11,0.7418
2022-04-12,0.7468
2022-04-13,0.7439
2022-04-18,0.7356
2022-04-19,0.7375999999999999
2022-04-20,0.7452
2022-04-21,0.7369999999999999
2022-04-22,0.7240000000000001
2022-04-25,0.7163999999999999
2022-04-26,0.7148
2022-04-27,0.7141
2022-04-28,0.7097999999999999
2022-04-29,0.7097
2022-05-02,0.7038
2022-05-03,0.7099
2022-05-04,0.7177
2022-05-05,0.7086
2022-05-06,0.7077
2022-05-09,0.6966
2022-05-10,0.6954
2022-05-11,0.694
2022-05-12,0.6844
2022-05-13,0.6913
2022-05-16,0.6955
2022-05-17,0.7018
2022-05-19,0.7068
2022-05-20,0.7023
2022-05-23,0.7100000000000001
2022-05-24,0.7094
2022-05-26,0.7091000000000001
2022-05-27,0.7148
2022-05-30,0.7199
2022-05-31,0.719
2022-06-01,0.7186
2022-06-02,0.7264
2022-06-03,0.7205999999999999
2022-06-06,0.7203
2022-06-07,0.7214999999999999
2022-06-08,0.7194999999999999
2022-06-09,0.7116
2022-06-10,0.7044
2022-06-13,0.6950999999999999
2022-06-14,0.6874
2022-06-15,0.6966
2022-06-16,0.7057
2022-06-21,0.6971999999999999
2022-06-22,0.694
2022-06-23,0.6878000000000001
2022-06-24,0.6934
2022-06-27,0.6923
2022-06-28,0.6923
2022-06-29,0.6887
2022-06-30,0.6913
2022-07-01,0.6806
2022-07-04,0.6860999999999999
2022-07-05,0.6776
2022-07-06,0.6784
2022-07-07,0.684
2022-07-08,0.6841999999999999
2022-07-11,0.6753
2022-07-12,0.6774
2022-07-13,0.6776000000000001
2022-07-14,0.6736
2022-07-15,0.679
2022-07-18,0.6819
2022-07-19,0.6900000000000001
2022-07-20,0.6875
2022-07-21,0.6897999999999999
2022-07-22,0.6929
2022-07-25,0.6957
2022-07-26,0.6937
2022-07-27,0.6932
2022-07-28,0.6967
2022-07-29,0.6978
2022-08-01,0.7020000000000001
2022-08-02,0.6934
2022-08-03,0.6939000000000001
2022-08-04,0.6974
2022-08-05,0.6913
2022-08-08,0.6989000000000001
2022-08-09,0.6962
2022-08-10,0.71
2022-08-11,0.7105
2022-08-12,0.712
2022-08-16,0.7021
2022-08-17,0.6931
2022-08-18,0.6912999999999999
2022-08-19,0.6878000000000001
2022-08-22,0.6867
2022-08-23,0.6924
2022-08-24,0.6906
2022-08-25,0.6975
2022-08-26,0.6905000000000001
2022-08-29,0.6908000000000001
2022-08-30,0.6857000000000001
2022-08-31,0.6851000000000002
2022-09-01,0.6788
2022-09-05,0.6799999999999999
2022-09-06,0.6733
2022-09-07,0.6760999999999999
2022-09-08,0.6754
2022-09-09,0.684
2022-09-12,0.6893
2022-09-13,0.6756
2022-09-14,0.6744
2022-09-15,0.6713000000000001
2022-09-16,0.6696
2022-09-19,0.6708
2022-09-20,0.668
2022-09-21,0.6635
2022-09-22,0.6649
2022-09-23,0.6527
2022-09-26,0.644
2022-09-27,0.6423
2022-09-28,0.6517
2022-09-29,0.6468
2022-09-30,0.6419
2022-10-03,0.6505000000000001
2022-10-04,0.6478
2022-10-05,0.6476
2022-10-06,0.6421000000000001
2022-10-11,0.6317999999999999
2022-10-12,0.6269
2022-10-13,0.6308999999999999
2022-10-14,0.6211000000000001
2022-10-17,0.6295999999999999
2022-10-18,0.6304000000000001
2022-10-19,0.6263
2022-10-20,0.6291000000000001
2022-10-21,0.6356
2022-10-24,0.6298999999999999
2022-10-25,0.6393
2022-10-26,0.6492
2022-10-27,0.647
2022-10-28,0.6406999999999999
2022-10-31,0.6395000000000001
2022-11-01,0.6401
2022-11-02,0.6463000000000001
2022-11-03,0.6293000000000001
2022-11-04,0.6451
2022-11-07,0.6475
2022-11-08,0.6528999999999999
2022-11-09,0.6445
2022-11-10,0.6564
2022-11-11,0.6701
2022-11-14,0.6706
2022-11-15,0.678
2022-11-16,0.6736
2022-11-17,0.6680999999999999
2022-11-18,0.6669999999999999
2022-11-22,0.6638000000000001
2022-11-23,0.6704
2022-11-24,0.6765
2022-11-25,0.6744
2022-11-28,0.668
2022-11-29,0.6690999999999999
2022-11-30,0.6710999999999999
2022-12-01,0.6809
2022-12-02,0.6801
2022-12-05,0.6709
2022-12-06,0.6691
2022-12-07,0.6735
2022-12-12,0.6742999999999999
2022-12-13,0.6854
2022-12-14,0.6861999999999999
2022-12-15,0.668
2022-12-16,0.6692
2022-12-19,0.672
2022-12-20,0.6670999999999999
2022-12-21,0.6698
2022-12-22,0.6662
2022-12-23,0.6715
2022-12-26,0.6718000000000001
2022-12-27,0.6736
2022-12-28,0.6760999999999999
2022-12-29,0.6780999999999999
2022-12-30,0.6817
2023-01-02,0.6815
2023-01-03,0.6724
2023-01-04,0.6847
2023-01-05,0.6745
2023-01-06,0.6869
2023-01-09,0.6938
2023-01-10,0.6884
2023-01-11,0.6894000000000001
2023-01-12,0.6975
2023-01-13,0.6967
2023-01-16,0.6954
2023-01-17,0.6987
2023-01-18,0.6962
2023-01-19,0.6899
2023-01-20,0.6965
2023-01-23,0.7027000000000001
2023-01-24,0.7047
2023-01-25,0.7082999999999999
2023-01-26,0.7095000000000001
2023-01-27,0.7105999999999999
2023-01-30,0.707
2023-01-31,0.7050000000000001
2023-02-01,0.7065
2023-02-02,0.7077
2023-02-03,0.6945
2023-02-06,0.6869000000000001
2023-02-07,0.6982
2023-02-08,0.6934
2023-02-09,0.6953999999999999
2023-02-10,0.6917000000000001
2023-02-13,0.6967
2023-02-14,0.698
2023-02-15,0.6883
2023-02-16,0.6898
2023-02-17,0.6865
2023-02-22,0.6822
2023-02-23,0.6787
2023-02-24,0.6726000000000001
2023-02-27,0.6736
2023-02-28,0.6752999999999999
2023-03-01,0.6761
2023-03-02,0.6713
2023-03-03,0.6759
2023-03-06,0.6734
2023-03-07,0.6597
2023-03-08,0.6593
2023-03-09,0.6607999999999999
2023-03-10,0.6618
2023-03-13,0.6674999999999999
2023-03-14,0.6674
2023-03-15,0.6607
2023-03-16,0.6641999999999999
2023-03-17,0.6708999999999999
2023-03-20,0.6715
2023-03-21,0.6657000000000001
2023-03-22,0.6703
2023-03-23,0.6704
2023-03-27,0.6643000000000001
2023-03-28,0.67
2023-03-29,0.6682999999999999
2023-03-30,0.6699
2023-03-31,0.6681
2023-04-03,0.6780999999999999
2023-04-04,0.6740999999999999
2023-04-05,0.6717
2023-04-10,0.664
2023-04-11,0.6654000000000001
2023-04-12,0.6696
2023-04-13,0.6791999999999999
2023-04-14,0.6701
2023-04-17,0.6695
2023-04-18,0.6727000000000001
2023-04-19,0.672
2023-04-20,0.6751
2023-04-21,0.6698000000000001
2023-04-24,0.6692
2023-04-25,0.6617999999999999
2023-04-26,0.6602000000000001
2023-04-27,0.6625
2023-04-28,0.6615
2023-05-02,0.6666
2023-05-03,0.6696000000000001
2023-05-04,0.6704
2023-05-05,0.6747000000000001
2023-05-08,0.6787
2023-05-09,0.6762999999999999
2023-05-10,0.6757
2023-05-11,0.6692
2023-05-12,0.6642000000000001
2023-05-15,0.6703
2023-05-16,0.6659
2023-05-17,0.6669999999999999
2023-05-18,0.661
2023-05-19,0.6656
2023-05-22,0.665
2023-05-23,0.6614
2023-05-24,0.6542
2023-05-29,0.6539
2023-05-30,0.6504
2023-05-31,0.6493
2023-06-01,0.6579
2023-06-02,0.6606000000000001
2023-06-05,0.6621999999999999
2023-06-06,0.6668
2023-06-07,0.6652
2023-06-08,0.6714
2023-06-09,0.6738000000000001
2023-06-12,0.6750999999999999
2023-06-13,0.6766
2023-06-14,0.6783
2023-06-15,0.6882
2023-06-16,0.6874
2023-06-21,0.6794
2023-06-22,0.6755000000000001
2023-06-23,0.6682
2023-06-26,0.6678000000000001
2023-06-27,0.6689
2023-06-28,0.6611
2023-06-29,0.6617
2023-06-30,0.6666
2023-07-03,0.6672
2023-07-04,0.6695
2023-07-05,0.6666
2023-07-06,0.6626000000000001
2023-07-07,0.6694
2023-07-10,0.6678000000000001
2023-07-11,0.6672000000000001
2023-07-12,0.6789999999999999
2023-07-13,0.6885
2023-07-14,0.6845
2023-07-17,0.6824
2023-07-18,0.6806
2023-07-19,0.6771
2023-07-20,0.6783
2023-07-21,0.6733
2023-07-24,0.6748
2023-07-25,0.6784999999999999
2023-07-26,0.675
2023-07-27,0.6729999999999999
2023-07-28,0.6654
2023-07-31,0.6728
2023-08-01,0.6605000000000001
2023-08-02,0.6547000000000001
2023-08-03,0.6548999999999999
2023-08-04,0.6595
2023-08-07,0.6575000000000001
2023-08-08,0.6535000000000001
2023-08-09,0.6534000000000001
2023-08-10,0.6522
2023-08-11,0.6488999999999999
2023-08-14,0.6489
2023-08-15,0.6466999999999999
2023-08-16,0.6434
2023-08-17,0.6403
2023-08-18,0.6413
2023-08-22,0.6419
2023-08-23,0.6473000000000001
2023-08-24,0.6425
2023-08-25,0.6411999999999999
2023-08-28,0.6422
2023-08-29,0.6468
2023-08-30,0.6476
2023-08-31,0.6478999999999999
2023-09-01,0.6451
2023-09-04,0.6459
2023-09-05,0.6383
2023-09-06,0.6382
2023-09-07,0.6379
2023-09-08,0.638
2023-09-11,0.6431
2023-09-12,0.6418
2023-09-13,0.6427999999999999
2023-09-14,0.6433
2023-09-15,0.6436999999999999
2023-09-18,0.6436999999999999
2023-09-19,0.6459
2023-09-20,0.6476999999999999
2023-09-21,0.6426
2023-09-22,0.6443
2023-09-25,0.6425
2023-09-26,0.6403
2023-09-27,0.6341
2023-09-28,0.6418
2023-09-29,0.6427
2023-10-02,0.6369
2023-10-03,0.6299
2023-10-04,0.632
2023-10-05,0.6367
2023-10-06,0.6388999999999999
2023-10-09,0.6402
2023-10-10,0.6415
2023-10-11,0.6399999999999999
2023-10-12,0.6313000000000001
2023-10-17,0.6355999999999999
2023-10-18,0.635
2023-10-19,0.6343000000000001
2023-10-20,0.6318
2023-10-23,0.6342
2023-10-24,0.6354
2023-10-25,0.6308999999999999
2023-10-26,0.6324000000000001
2023-10-27,0.6338
2023-10-30,0.6374000000000001
2023-10-31,0.6339
2023-11-01,0.6376000000000001
2023-11-02,0.6426999999999999
2023-11-03,0.6513
2023-11-07,0.6418
2023-11-08,0.6412
2023-11-09,0.6413
2023-11-10,0.6358
2023-11-13,0.6383
2023-11-14,0.6495
2023-11-15,0.6518
2023-11-16,0.6475000000000001
2023-11-17,0.6504
2023-11-21,0.6561
2023-11-22,0.6541
2023-11-23,0.656
2023-11-24,0.6588999999999999
2023-11-27,0.6592
2023-11-28,0.6648
2023-11-29,0.6623
2023-11-30,0.6605
2023-12-01,0.6671
2023-12-04,0.662
2023-12-05,0.6557
2023-12-06,0.6563000000000001
2023-12-07,0.6607
2023-12-11,0.6558
2023-12-12,0.655
2023-12-13,0.6575
2023-12-14,0.6712
2023-12-15,0.6709999999999999
2023-12-18,0.6704
2023-12-19,0.6761999999999999
2023-12-20,0.6766
2023-12-21,0.6781
2023-12-22,0.6805
2023-12-26,0.6814
2023-12-27,0.6845
2023-12-28,0.6846
2023-12-29,0.6829999999999999
2024-01-02,0.6773
2024-01-03,0.6723
2024-01-04,0.6702
2024-01-05,0.6713
2024-01-08,0.6712000000000001
2024-01-09,0.6686
2024-01-10,0.6697
2024-01-11,0.6656
2024-01-12,0.6688000000000001
2024-01-15,0.6658999999999999
2024-01-16,0.6583999999999999
2024-01-17,0.654
2024-01-18,0.6557
2024-01-19,0.6591
2024-01-22,0.6583
2024-01-23,0.6559
2024-01-24,0.6607000000000001
2024-01-25,0.6577000000000001
2024-01-26,0.658
2024-01-29,0.6590999999999999
2024-01-30,0.6591999999999999
2024-01-31,0.6595000000000001
2024-02-01,0.6568
2024-02-02,0.6508
2024-02-05,0.6486
2024-02-06,0.6521
2024-02-07,0.6518999999999999
2024-02-08,0.6489
2024-02-09,0.6519
2024-02-14,0.6492
2024-02-15,0.651
2024-02-16,0.6538999999999999
2024-02-19,0.6537
2024-02-20,0.6554999999999999
2024-02-21,0.6541
2024-02-22,0.6551000000000001
2024-02-23,0.6564
2024-02-26,0.6536
2024-02-27,0.6543
2024-02-28,0.6496
2024-02-29,0.6493
2024-03-01,0.653
2024-03-04,0.6515
2024-03-05,0.6510999999999999
2024-03-06,0.6573
2024-03-07,0.6617
2024-03-08,0.6621999999999999
2024-03-11,0.6606
2024-03-12,0.6597999999999999
2024-03-13,0.6631
2024-03-14,0.6583
2024-03-15,0.6558999999999999
2024-03-18,0.6554000000000001
2024-03-19,0.6532000000000001
2024-03-20,0.6546
2024-03-21,0.6569
2024-03-22,0.6518
2024-03-25,0.6538999999999999
2024-03-26,0.6533000000000001
2024-03-27,0.6525000000000001
2024-04-03,0.6567
2024-04-04,0.6613000000000001
2024-04-05,0.6579999999999999
2024-04-08,0.6606000000000001
2024-04-09,0.6617999999999999
2024-04-10,0.6515
2024-04-11,0.6537999999999999
2024-04-12,0.6465
2024-04-15,0.6447
2024-04-16,0.6403
2024-04-17,0.6436
2024-04-18,0.6420999999999999
2024-04-19,0.6419
2024-04-22,0.6449
2024-04-23,0.6489
2024-04-24,0.6499
2024-04-25,0.6517
2024-04-26,0.6533000000000001
2024-04-29,0.6568
2024-04-30,0.6491
2024-05-02,0.6562
2024-05-03,0.6613
2024-05-06,0.6628999999999999
2024-05-07,0.6592
2024-05-08,0.6577000000000001
2024-05-09,0.6609
2024-05-10,0.6604
2024-05-13,0.6607000000000001
2024-05-14,0.6617999999999999
2024-05-15,0.6694
2024-05-16,0.6679
2024-05-17,0.6692
2024-05-20,0.6675
2024-05-21,0.6667
2024-05-22,0.6628999999999999
2024-05-23,0.6605
2024-05-24,0.6634
2024-05-27,0.6657
2024-05-28,0.6651
2024-05-29,0.6619
2024-05-30,0.6642
2024-05-31,0.6642999999999999
2024-06-03,0.6668999999999999
2024-06-04,0.6649
2024-06-05,0.6646
2024-06-06,0.6669
2024-06-07,0.6585
2024-06-10,0.6607000000000001
2024-06-11,0.6605
2024-06-12,0.6686
2024-06-13,0.6635
2024-06-14,0.6611999999999999
2024-06-18,0.6650999999999999
2024-06-19,0.6670999999999999
2024-06-24,0.6653000000000001
2024-06-25,0.6646
2024-06-26,0.6655
2024-06-27,0.6646000000000001
2024-06-28,0.6672
2024-07-01,0.6653
2024-07-02,0.6664000000000001
2024-07-03,0.6709
2024-07-04,0.6727000000000001
2024-07-05,0.6744
2024-07-08,0.6742
2024-07-10,0.6742
2024-07-11,0.6756
2024-07-12,0.6787
2024-07-15,0.6757000000000001
2024-07-16,0.6729999999999999
2024-07-17,0.6722
2024-07-18,0.6717000000000001
2024-07-19,0.6687
2024-07-22,0.6642999999999999
2024-07-23,0.6613
2024-07-24,0.6589
2024-07-25,0.655
2024-07-26,0.6556000000000001
2024-07-29,0.6544
2024-07-30,0.6539
2024-07-31,0.6518
2024-08-01,0.6505000000000001
2024-08-02,0.6509
2024-08-05,0.6491
2024-08-06,0.6533000000000001
2024-08-07,0.6528999999999999
2024-08-08,0.6585
2024-08-09,0.6573
2024-08-12,0.6587000000000001
2024-08-13,0.6623
2024-08-14,0.6599
2024-08-15,0.6614
2024-08-16,0.6663
2024-08-19,0.6728
2024-08-20,0.6739
2024-08-21,0.675
2024-08-22,0.6699
2024-08-23,0.6793
2024-08-26,0.6779
2024-08-27,0.6789000000000001
2024-08-28,0.6765000000000001
2024-08-29,0.6808
2024-08-30,0.6760999999999999
2024-09-02,0.6792999999999999
2024-09-03,0.671
2024-09-04,0.6713
2024-09-05,0.6737
2024-09-06,0.6672
2024-09-09,0.6661
2024-09-10,0.6655
2024-09-11,0.6665
2024-09-12,0.6714
2024-09-13,0.6703
2024-09-16,0.6745
2024-09-17,0.6753
2024-09-18,0.6811999999999999
2024-09-19,0.6822999999999999
2024-09-20,0.6808000000000001
2024-09-23,0.6844
2024-09-24,0.6880999999999999
2024-09-25,0.6831
2024-09-26,0.6897000000000001
2024-09-27,0.6908
2024-09-30,0.6935
2024-10-01,0.6888
2024-10-02,0.6888000000000001
2024-10-03,0.6846
2024-10-04,0.6797000000000001
2024-10-07,0.6760999999999999
2024-10-08,0.6739999999999999
2024-10-09,0.6716
2024-10-10,0.6730999999999999
2024-10-14,0.6722
2024-10-15,0.6699999999999999
2024-10-16,0.6666000000000001
2024-10-17,0.6698
2024-10-18,0.6704
2024-10-21,0.6662
2024-10-22,0.6689
2024-10-23,0.6621
2024-10-24,0.6635
2024-10-25,0.6606000000000001
2024-10-28,0.6582
2024-10-29,0.6556000000000001
2024-10-30,0.6577999999999999
2024-10-31,0.6567000000000001
2024-11-01,0.6562
2024-11-04,0.6592
2024-11-05,0.6634
2024-11-07,0.6678000000000001
2024-11-08,0.6577
2024-11-11,0.6567000000000001
2024-11-12,0.6517
2024-11-13,0.6488
2024-11-14,0.6477999999999999
2024-11-15,0.6463
2024-11-19,0.6518
2024-11-20,0.6499
2024-11-21,0.6517999999999999
2024-11-22,0.6502
2024-11-25,0.6492
2024-11-26,0.6455
2024-11-27,0.6493
2024-11-28,0.6502
2024-11-29,0.6522
2024-12-02,0.6463
2024-12-03,0.6491
2024-12-04,0.6439
2024-12-05,0.6437
2024-12-06,0.6382
2024-12-09,0.6454
2024-12-10,0.6374000000000001
2024-12-11,0.6367
2024-12-12,0.6381
2024-12-13,0.6357
2024-12-16,0.6373
2024-12-17,0.6341
2024-12-18,0.6304
2024-12-19,0.6246999999999999
2024-12-20,0.6265000000000001
2024-12-23,0.6245
2024-12-26,0.622
2024-12-27,0.6207
2024-12-30,0.6224999999999999
2024-12-31,0.6184000000000001
2025-01-02,0.6201
2025-01-03,0.621
2025-01-06,0.6241
2025-01-07,0.6244000000000001
2025-01-08,0.6208
2025-01-09,0.6194000000000001
2025-01-10,0.6153
2025-01-13,0.616
2025-01-14,0.6183
2025-01-15,0.6221
2025-01-16,0.6217
2025-01-17,0.6204
2025-01-20,0.6255
2025-01-21,0.6267
2025-01-22,0.6277
2025-01-23,0.6297999999999999
2025-01-24,0.632
2025-01-27,0.6276
2025-01-28,0.6248
2025-01-29,0.623
2025-01-30,0.623
2025-01-31,0.6254
2025-02-03,0.6175999999999999
2025-02-04,0.6252000000000001
2025-02-05,0.6292
2025-02-06,0.6285000000000001
2025-02-07,0.6269
2025-02-10,0.6275999999999999
2025-02-11,0.6291
2025-02-12,0.6306
2025-02-13,0.6288
2025-02-14,0.6359
2025-02-17,0.6364000000000001
2025-02-18,0.6346999999999999
2025-02-19,0.6342
2025-02-20,0.6395
2025-02-21,0.6371
2025-02-24,0.6359
2025-02-25,0.6336
2025-02-26,0.6315000000000001
2025-02-27,0.6248
2025-02-28,0.6206999999999999
2025-03-05,0.6325
2025-03-06,0.6339
2025-03-07,0.6293
2025-03-10,0.6284000000000001
2025-03-11,0.6287
2025-03-12,0.631
2025-03-13,0.6278
2025-03-14,0.6323000000000001
2025-03-17,0.6386000000000001
2025-03-18,0.6362
2025-03-19,0.6335999999999999
2025-03-20,0.6295000000000001
2025-03-21,0.6275000000000001
2025-03-25,0.6305000000000001
2025-03-26,0.6293
2025-03-27,0.6301
2025-03-28,0.629
2025-03-31,0.6243
2025-04-01,0.6267999999999999
2025-04-03,0.6339
2025-04-04,0.6036
2025-04-07,0.6
2025-04-08,0.5981
2025-04-09,0.6144
2025-04-10,0.6223
2025-04-11,0.6271
2025-04-14,0.6325000000000001
2025-04-15,0.635
2025-04-16,0.6362
2025-04-21,0.6405
2025-04-22,0.6381
2025-04-23,0.6369
2025-04-24,0.6399
2025-04-25,0.6392
2025-04-28,0.6416999999999999
2025-04-29,0.6389
2025-04-30,0.6396
2025-05-05,0.6463
2025-05-06,0.6489999999999999
2025-05-07,0.6452
2025-05-08,0.6404000000000001
2025-05-09,0.6417999999999999
2025-05-12,0.6362
2025-05-13,0.6475
2025-05-14,0.6437
2025-05-15,0.6401
2025-05-16,0.64
2025-05-19,0.645
2025-05-20,0.642
2025-05-21,0.6445
2025-05-22,0.6413
2025-05-23,0.6496
2025-05-26,0.6485
2025-05-27,0.6444
2025-05-28,0.6425
2025-05-29,0.6449
2025-05-30,0.6437999999999999
2025-06-02,0.6482
2025-06-03,0.6467
2025-06-04,0.6502
2025-06-05,0.6516000000000001
2025-06-06,0.6495
2025-06-09,0.6521
2025-06-10,0.6517
2025-06-11,0.652
2025-06-12,0.6527
2025-06-13,0.6503
2025-06-17,0.6475
2025-06-18,0.6525000000000001
2025-06-19,0.647
2025-06-23,0.6453
2025-06-24,0.6508
2025-06-25,0.6504
2025-06-26,0.656
2025-06-27,0.6519999999999999
2025-06-30,0.6571
2025-07-01,0.6576000000000001
2025-07-02,0.6577000000000001
2025-07-03,0.657
2025-07-04,0.655
2025-07-07,0.6494
2025-07-08,0.653
2025-07-10,0.6576
2025-07-11,0.6582
2025-07-14,0.6546000000000001
2025-07-15,0.6513
2025-07-16,0.6526
2025-07-17,0.6484
2025-07-18,0.651
2025-07-21,0.6526000000000001
2025-07-22,0.6548
2025-07-23,0.6588999999999999
2025-07-24,0.6601
2025-07-25,0.6562
2025-07-28,0.6515
2025-07-29,0.6513
2025-07-30,0.6466
2025-07-31,0.6426000000000001
2025-08-01,0.6446000000000001
2025-08-04,0.6463
2025-08-05,0.6475000000000001
2025-08-06,0.6504
2025-08-07,0.6502
2025-08-08,0.6526000000000001
2025-08-11,0.6513
2025-08-12,0.6529
2025-08-13,0.654
2025-08-14,0.6493
2025-08-18,0.6489
2025-08-19,0.6458
2025-08-20,0.6437
2025-08-21,0.6426
2025-08-22,0.6495
2025-08-25,0.6491
2025-08-26,0.6495
2025-08-27,0.6511
2025-08-28,0.6535
2025-08-29,0.6544
2025-09-01,0.6552
2025-09-02,0.6519
2025-09-03,0.6543
2025-09-04,0.6509999999999999
2025-09-05,0.6555
2025-09-08,0.6583
2025-09-09,0.6586
2025-09-10,0.6622
2025-09-11,0.6659
2025-09-12,0.6646000000000001
2025-09-15,0.6674
2025-09-16,0.6684
2025-09-17,0.6684
2025-09-18,0.6617
2025-09-19,0.6595000000000001
2025-09-22,0.6597999999999999
2025-09-23,0.6596
2025-09-24,0.6581
2025-09-25,0.6533
2025-09-26,0.6548999999999999
2025-09-29,0.6575000000000001
2025-09-30,0.6617
2025-10-01,0.6608999999999999
2025-10-02,0.6593
2025-10-03,0.6599999999999999
2025-10-06,0.6618
2025-10-07,0.6587000000000001
2025-10-08,0.6578
2025-10-09,0.6551
2025-10-13,0.6521
2025-10-14,0.6491
2025-10-15,0.6502
2025-10-16,0.6485
2025-10-17,0.649
2025-10-20,0.6514000000000001
2025-10-21,0.6491
2025-10-22,0.6485
2025-10-23,0.6516000000000001
2025-10-24,0.6508999999999999
2025-10-27,0.6555000000000001
2025-10-28,0.6588
2025-10-29,0.6609
2025-10-30,0.6555
2025-10-31,0.6537999999999999
2025-11-03,0.6538
2025-11-04,0.6492
2025-11-05,0.6506
2025-11-07,0.6485000000000001
2025-11-10,0.6537999999999999
2025-11-11,0.6531
2025-11-12,0.6543
2025-11-13,0.6549999999999999
2025-11-14,0.654
2025-11-17,0.6509
2025-11-18,0.651
2025-11-19,0.6462
2025-11-20,0.6446
2025-11-25,0.6472
2025-11-26,0.6515
2025-11-27,0.6532
2025-11-28,0.655
2025-12-01,0.6553
2025-12-02,0.6555000000000001
2025-12-03,0.6597
2025-12-04,0.6616000000000001
2025-12-05,0.6639
2025-12-09,0.6638000000000001
2025-12-10,0.6644
2025-12-11,0.667
2025-12-12,0.6653
2025-12-15,0.6638000000000001
2025-12-16,0.6633
2025-12-17,0.661
2025-12-18,0.6614
2025-12-19,0.6615
2025-12-22,0.6656
2025-12-23,0.6688999999999999
2025-12-26,0.671
2025-12-29,0.6688
2025-12-30,0.6702
2025-12-31,0.6674
2026-01-02,0.6685
2026-01-05,0.6712
2026-01-06,0.6736
2026-01-07,0.6728
2026-01-08,0.6695
2026-01-09,0.6680999999999999
2026-01-12,0.6713
2026-01-13,0.6679999999999999
2026-01-14,0.6675
2026-01-15,0.6705
2026-01-16,0.6682
2026-01-19,0.6717
2026-01-20,0.6739
2026-01-21,0.6758
2026-01-22,0.684
2026-01-23,0.6880999999999999
2026-01-26,0.6934
2026-01-27,0.6978
2026-01-28,0.7
2026-01-29,0.7019
2026-01-30,0.697
2026-02-02,0.6951999999999999
2026-02-03,0.7011000000000001
2026-02-04,0.6975
2026-02-05,0.6971999999999999
2026-02-06,0.7021999999999999
2026-02-09,0.7088
2026-02-10,0.7073
2026-02-11,0.714
2026-02-12,0.7085
2026-02-13,0.7078
2026-02-18,0.7065
2026-02-19,0.7049
2026-02-20,0.7077
2026-02-23,0.7061000000000001
2026-02-24,0.7065
2026-02-25,0.7119
2026-02-26,0.7077
2026-02-27,0.7116
2026-03-02,0.7082999999999999
2026-03-03,0.7028
2026-03-04,0.707
2026-03-05,0.6985
2026-03-06,0.7011000000000001
2026-03-09,0.7036
2026-03-10,0.7156
2026-03-11,0.7145
2026-03-12,0.7086
2026-03-13,0.7002999999999999
2026-03-16,0.7056
2026-03-17,0.7111999999999999
2026-03-18,0.7088
2026-03-19,0.7055
2026-03-20,0.7034
2026-03-25,0.6961999999999999
2026-03-26,0.6887
2026-03-27,0.6869
2026-03-30,0.6854
2026-03-31,0.6886
2026-04-01,0.6930000000000001
2026-04-06,0.6914
2026-04-07,0.6955
2026-04-08,0.7052
2026-04-09,0.7089
2026-04-10,0.7074
2026-04-13,0.7089
2026-04-14,0.7133999999999999
2026-04-15,0.7163999999999999
2026-04-16,0.7158
2026-04-17,0.7185
2026-04-20,0.7173999999999999
2026-04-21,0.7154
2026-04-22,0.7161
2026-04-23,0.7143
2026-04-24,0.7149
2026-04-27,0.7189
2026-04-28,0.7185
2026-04-29,0.7125
2026-04-30,0.7187
2026-05-04,0.7169
2026-05-05,0.7188
2026-05-06,0.7232999999999999
2026-05-07,0.7234
2026-05-08,0.7243999999999999
2026-05-11,0.7253000000000001
2026-05-12,0.7226
2026-05-13,0.7257
2026-05-14,0.7222
2026-05-15,0.716
2026-05-18,0.7163
2026-05-19,0.7112999999999999
2026-05-20,0.7152000000000001
2026-05-21,0.7167
2026-05-22,0.7138
2026-05-26,0.7162000000000001
2026-05-27,0.7135
2026-05-28,0.7165
2026-05-29,0.7182
2026-06-01,0.7167
2026-06-02,0.7173999999999999
2026-06-03,0.7132000000000001
2026-06-04,0.7140000000000001
2026-06-05,0.7054
2026-06-08,0.7050000000000001
2026-06-09,0.7030000000000001
2026-06-10,0.7019000000000001
2026-06-11,0.7026
2026-06-12,0.7049000000000001
2026-06-16,0.7072999999999999
2026-06-17,0.7048
2026-06-18,0.7017
2026-06-19,0.7011999999999999
2026-06-22,0.7002
2026-06-23,0.6914
2026-06-24,0.6885
2026-06-25,0.6918
2026-06-26,0.6898
2026-06-29,0.6889000000000001
2026-06-30,0.6919
2026-07-01,0.6899
2026-07-02,0.6916
2026-07-03,0.6938
2026-07-06,0.6950999999999999
2026-07-07,0.6940999999999999
2026-07-08,0.6930999999999999
2026-07-13,0.6922
2026-07-14,0.6974999999999999
2026-07-15,0.7016
2026-07-16,0.6993
2026-07-17,0.6980999999999999
2026-07-20,0.7004999999999999
2026-07-21,0.7006
2026-07-22,0.6992
2026-07-23,0.6970000000000001
2026-07-24,0.6986
2026-07-27,0.6989000000000001
2026-07-28,0.6976
2026-07-29,0.6957
2026-07-30,0.7030000000000001
2026-07-31,0.7035
2026-08-03,0.6993
2026-08-04,0.7039
2026-08-05,0.7061000000000001
2026-08-06,0.7033
2026-08-07,0.7065999999999999
2026-08-10,0.7056
2026-08-11,0.7059
2026-08-12,0.7061
2026-08-13,0.7056999999999999
2026-08-14,0.7080000000000001
2026-08-18,0.7086
2026-08-19,0.7115
2026-08-20,0.7112
2026-08-21,0.7178
2026-08-24,0.7143
2026-08-25,0.7157
2026-08-26,0.7172999999999999
2026-08-27,0.7196
