,COP
1997-11-21,0.000771
1997-11-24,0.000773
1997-11-25,0.000773
1997-11-26,0.000773
1997-11-27,0.000773
1997-11-28,0.000773
1997-12-01,0.000765
1997-12-02,0.000765
1997-12-03,0.000765
1997-12-04,0.000765
1997-12-05,0.000765
1997-12-09,0.000772
1997-12-10,0.000772
1997-12-11,0.000772
1997-12-12,0.000772
1997-12-15,0.000772
1997-12-16,0.000767
1997-12-17,0.000767
1997-12-18,0.000767
1997-12-19,0.000767
1997-12-22,0.000767
1997-12-23,0.000774
1997-12-24,0.000774
1997-12-26,0.000774
1997-12-29,0.000774
1997-12-30,0.000774
1998-01-02,0.000774
1998-01-05,0.00076
1998-01-06,0.00076
1998-01-07,0.00076
1998-01-08,0.00076
1998-01-09,0.00076
1998-01-12,0.000758
1998-01-13,0.000758
1998-01-14,0.000758
1998-01-15,0.000758
1998-01-16,0.000758
1998-01-19,0.000758
1998-01-27,0.000628
1998-02-02,0.000748
1998-02-03,0.000744
1998-02-04,0.000744
1998-02-05,0.000744
1998-02-06,0.000744
1998-02-09,0.000744
1998-02-10,0.000742
1998-02-11,0.000742
1998-02-12,0.000742
1998-02-13,0.000742
1998-02-16,0.000742
1998-02-17,0.000741
1998-02-18,0.000741
1998-02-19,0.000741
1998-02-20,0.000741
1998-02-23,0.000746
1998-02-24,0.000746
1998-02-25,0.000746
1998-02-26,0.000746
1998-02-27,0.000746
1998-03-02,0.000742
1998-03-03,0.000742
1998-03-04,0.000742
1998-03-05,0.000742
1998-03-06,0.000742
1998-03-09,0.000742
1998-03-10,0.000738
1998-03-11,0.000738
1998-03-12,0.000738
1998-03-13,0.000738
1998-03-16,0.000738
1998-03-17,0.000736
1998-03-18,0.000736
1998-03-19,0.000736
1998-03-20,0.000736
1998-03-23,0.000736
1998-03-24,0.000735
1998-03-25,0.000735
1998-03-26,0.000735
1998-03-27,0.000735
1998-03-30,0.000735
1998-03-31,0.000735
1998-04-01,0.000735
1998-04-02,0.000735
1998-04-03,0.000735
1998-04-06,0.000735
1998-04-07,0.000737
1998-04-08,0.000737
1998-04-13,0.000735
1998-04-14,0.000735
1998-04-15,0.000735
1998-04-16,0.000735
1998-04-17,0.000735
1998-04-20,0.000735
1998-04-21,0.000735
1998-04-22,0.000736
1998-04-23,0.000736
1998-04-24,0.000736
1998-04-27,0.000736
1998-04-28,0.000729
1998-04-29,0.000729
1998-04-30,0.000729
1998-05-04,0.000729
1998-05-05,0.000731
1998-05-06,0.000731
1998-05-07,0.000731
1998-05-08,0.000731
1998-05-11,0.000731
1998-05-12,0.000721
1998-05-13,0.000721
1998-05-14,0.000721
1998-05-15,0.000721
1998-05-18,0.000721
1998-05-19,0.000722
1998-05-20,0.000722
1998-05-21,0.000722
1998-05-22,0.000722
1998-05-26,0.000722
1998-05-27,0.000722
1998-05-28,0.000716
1998-05-29,0.000716
1998-06-01,0.000715
1998-06-02,0.000715
1998-06-03,0.000715
1998-06-04,0.000715
1998-06-05,0.000715
1998-06-09,0.000715
1998-06-10,0.000725
1998-06-11,0.000725
1998-06-12,0.000725
1998-06-16,0.000721
1998-06-17,0.000721
1998-06-18,0.000721
1998-06-19,0.000721
1998-06-22,0.000721
1998-06-23,0.000718
1998-06-24,0.000718
1998-06-25,0.000718
1998-06-26,0.000718
1998-06-29,0.000718
1998-06-30,0.000718
1998-07-01,0.00073
1998-07-02,0.00073
1998-07-03,0.00073
1998-07-07,0.00073
1998-07-08,0.000731
1998-07-10,0.000731
1998-07-13,0.000725
1998-07-14,0.000725
1998-07-15,0.000725
1998-07-16,0.000725
1998-07-17,0.000725
1998-07-20,0.000725
1998-07-21,0.000724
1998-07-22,0.000724
1998-07-23,0.000724
1998-07-24,0.000724
1998-07-27,0.000725
1998-07-28,0.000725
1998-07-29,0.000725
1998-07-30,0.000725
1998-07-31,0.000725
1998-08-03,0.000725
1998-08-04,0.000725
1998-08-05,0.000725
1998-08-06,0.000725
1998-08-07,0.000725
1998-08-10,0.000725
1998-08-11,0.000736
1998-08-12,0.000736
1998-08-13,0.000736
1998-08-14,0.000736
1998-08-18,0.000722
1998-08-19,0.000722
1998-08-20,0.000722
1998-08-21,0.000722
1998-08-24,0.00071
1998-08-25,0.00071
1998-08-26,0.00071
1998-08-27,0.00071
1998-08-28,0.00071
1998-08-31,0.000693
1998-09-01,0.000693
1998-09-02,0.000693
1998-09-03,0.000693
1998-09-04,0.000693
1998-09-07,0.000693
1998-09-08,0.000693
1998-09-09,0.000693
1998-09-10,0.000693
1998-09-11,0.000693
1998-09-14,0.000693
1998-09-15,0.000693
1998-09-16,0.000657
1998-09-17,0.000657
1998-09-18,0.000657
1998-09-21,0.000658
1998-09-22,0.000658
1998-09-23,0.000658
1998-09-24,0.000658
1998-09-25,0.000658
1998-09-28,0.000644
1998-09-29,0.000644
1998-09-30,0.000644
1998-10-01,0.000644
1998-10-02,0.000644
1998-10-05,0.000644
1998-10-06,0.000644
1998-10-07,0.000644
1998-10-08,0.000644
1998-10-09,0.000644
1998-10-13,0.000629
1998-10-14,0.000629
1998-10-15,0.000629
1998-10-16,0.000629
1998-10-19,0.000626
1998-10-20,0.000626
1998-10-21,0.000626
1998-10-22,0.000626
1998-10-23,0.000626
1998-10-26,0.000626
1998-10-27,0.000628
1998-10-28,0.000628
1998-10-29,0.000628
1998-10-30,0.000628
1998-11-02,0.000628
1998-11-03,0.000628
1998-11-04,0.000638
1998-11-05,0.000638
1998-11-06,0.000638
1998-11-09,0.000645
1998-11-10,0.000645
1998-11-11,0.000645
1998-11-12,0.000645
1998-11-13,0.000645
1998-11-16,0.000645
1998-11-17,0.000634
1998-11-18,0.000634
1998-11-19,0.000634
1998-11-20,0.000634
1998-11-23,0.000651
1998-11-24,0.000651
1998-11-25,0.000651
1998-11-26,0.000651
1998-11-27,0.000651
1998-11-30,0.000648
1998-12-01,0.000648
1998-12-02,0.000648
1998-12-03,0.000648
1998-12-04,0.000648
1998-12-09,0.000646
1998-12-10,0.000646
1998-12-11,0.000646
1998-12-14,0.000652
1998-12-15,0.000652
1998-12-16,0.000652
1998-12-17,0.000652
1998-12-18,0.000652
1998-12-21,0.00068
1998-12-22,0.00068
1998-12-23,0.00068
1998-12-24,0.00068
1998-12-28,0.000671
1998-12-29,0.000671
1998-12-30,0.000671
1999-01-04,0.000671
1999-01-05,0.000645
1999-01-06,0.000645
1999-01-07,0.000645
1999-01-08,0.000645
1999-01-11,0.000645
1999-01-12,0.000645
1999-01-13,0.000645
1999-01-14,0.000645
1999-01-15,0.000628
1999-01-18,0.000628
1999-01-19,0.000628
1999-01-20,0.000628
1999-01-21,0.00063
1999-01-22,0.00063
1999-01-28,0.000628
1999-02-01,0.000628
1999-02-02,0.000632
1999-02-03,0.000632
1999-02-04,0.000632
1999-02-05,0.000632
1999-02-08,0.000641
1999-02-09,0.000641
1999-02-12,0.000637
1999-02-16,0.000643
1999-02-17,0.000643
1999-02-18,0.000637
1999-02-19,0.000637
1999-02-22,0.00064
1999-02-23,0.000643
1999-02-26,0.000641
1999-03-01,0.000639
1999-03-02,0.000641
1999-03-03,0.000642
1999-03-04,0.000642
1999-03-05,0.000647
1999-03-08,0.000647
1999-03-09,0.000645
1999-03-10,0.000645
1999-03-11,0.000648
1999-03-12,0.000648
1999-03-15,0.000639
1999-03-16,0.00064
1999-03-17,0.00064
1999-03-18,0.00064
1999-03-22,0.000648
1999-03-23,0.000646
1999-03-24,0.000646
1999-03-25,0.000646
1999-03-26,0.000646
1999-03-29,0.000655
1999-03-30,0.000655
1999-03-31,0.000654
1999-04-05,0.000654
1999-04-06,0.000654
1999-04-07,0.000654
1999-04-08,0.000654
1999-04-09,0.000628
1999-04-12,0.000634
1999-04-13,0.000634
1999-04-14,0.000629
1999-04-15,0.000629
1999-04-16,0.000629
1999-04-19,0.000635
1999-04-20,0.000635
1999-04-21,0.000635
1999-04-23,0.000632
1999-04-26,0.000632
1999-04-27,0.000632
1999-04-30,0.000623
1999-05-03,0.000623
1999-05-04,0.000623
1999-05-05,0.000623
1999-05-06,0.000623
1999-05-07,0.000623
1999-05-10,0.000613
1999-05-11,0.000615
1999-05-12,0.000613
1999-05-14,0.000613
1999-05-17,0.00061
1999-05-18,0.000613
1999-05-20,0.00061
1999-05-28,0.000613
1999-05-31,0.000613
1999-06-01,0.000599
1999-06-02,0.000599
1999-06-03,0.000613
1999-06-04,0.000613
1999-06-07,0.000613
1999-06-10,0.000599
1999-06-11,0.000599
1999-06-15,0.000599
1999-06-17,0.000599
1999-06-18,0.000599
1999-06-22,0.000599
1999-06-23,0.000599
1999-06-24,0.000599
1999-06-25,0.000599
1999-06-28,0.000599
1999-06-29,0.000599
1999-06-30,0.000599
1999-07-01,0.000599
1999-07-02,0.000571
1999-07-05,0.000571
1999-07-06,0.000573
1999-07-07,0.000573
1999-07-12,0.000573
1999-07-13,0.000541
1999-07-19,0.000551
1999-07-20,0.000551
1999-07-21,0.000551
1999-07-22,0.000551
1999-07-23,0.000552
1999-07-26,0.000552
1999-07-27,0.000547
1999-07-28,0.000547
1999-07-29,0.000547
1999-07-30,0.000557
1999-08-02,0.000557
1999-08-03,0.000557
1999-08-04,0.000557
1999-08-05,0.000557
1999-08-06,0.000557
1999-08-09,0.000557
1999-08-10,0.000557
1999-08-11,0.000557
1999-08-12,0.000557
1999-08-13,0.000557
1999-08-17,0.000557
1999-08-18,0.000557
1999-08-19,0.000557
1999-08-20,0.000557
1999-08-23,0.000557
1999-08-24,0.000523
1999-08-25,0.000523
1999-08-26,0.000523
1999-08-27,0.000523
1999-08-30,0.00051
1999-08-31,0.00051
1999-09-02,0.00051
1999-09-03,0.00051
1999-09-06,0.000514
1999-09-07,0.000514
1999-09-08,0.000506
1999-09-09,0.000506
1999-09-10,0.000506
1999-09-13,0.000504
1999-09-14,0.000504
1999-09-15,0.000504
1999-09-16,0.000504
1999-09-17,0.000504
1999-09-20,0.000504
1999-09-21,0.000504
1999-09-22,0.000504
1999-09-24,0.000504
1999-09-28,0.000504
1999-09-29,0.000504
1999-09-30,0.000504
1999-10-01,0.000504
1999-10-04,0.000504
1999-10-05,0.000504
1999-10-06,0.000504
1999-10-07,0.000504
1999-10-08,0.000504
1999-10-12,0.000504
1999-10-13,0.000504
1999-10-14,0.000504
1999-10-19,0.000504
1999-10-20,0.000504
1999-10-21,0.000504
1999-10-22,0.000504
1999-10-25,0.000504
1999-10-26,0.000513
1999-10-27,0.000513
1999-10-28,0.000513
1999-11-01,0.000508
1999-11-02,0.000508
1999-11-03,0.000508
1999-11-04,0.00051
1999-11-05,0.00051
1999-11-08,0.000513
1999-11-09,0.000513
1999-11-10,0.000513
1999-11-11,0.000513
1999-11-12,0.000513
1999-11-15,0.000513
1999-11-16,0.000513
1999-11-17,0.00051
1999-11-18,0.00051
1999-11-19,0.00051
1999-11-22,0.00051
1999-11-23,0.000517
1999-11-24,0.000517
1999-11-25,0.000517
1999-11-26,0.000517
1999-11-29,0.000521
1999-11-30,0.000521
1999-12-01,0.000521
1999-12-02,0.000521
1999-12-03,0.000521
1999-12-06,0.000521
1999-12-07,0.000521
1999-12-09,0.000521
1999-12-10,0.000521
1999-12-13,0.000521
1999-12-14,0.000521
1999-12-15,0.000521
1999-12-16,0.000521
1999-12-17,0.000521
1999-12-20,0.000521
1999-12-21,0.000531
1999-12-22,0.000531
1999-12-23,0.000531
2000-01-03,0.000536
2000-01-04,0.000536
2000-01-05,0.000536
2000-01-06,0.000536
2000-01-07,0.000536
2000-01-12,0.000536
2000-01-13,0.000536
2000-01-14,0.000536
2000-01-17,0.000536
2000-01-18,0.000536
2000-01-20,0.000536
2000-01-21,0.000536
2000-01-24,0.000536
2000-01-25,0.000536
2000-01-26,0.000536
2000-01-27,0.000536
2000-01-28,0.000536
2000-01-29,0.000506
2000-02-01,0.000506
2000-02-02,0.000506
2000-02-03,0.000506
2000-02-04,0.000506
2000-02-07,0.000506
2000-02-08,0.000506
2000-02-09,0.000506
2000-02-10,0.000506
2000-02-11,0.000506
2000-02-14,0.000506
2000-02-15,0.000506
2000-02-16,0.000506
2000-02-17,0.000506
2000-02-18,0.000506
2000-02-21,0.000506
2000-02-22,0.000506
2000-02-23,0.000506
2000-02-24,0.000506
2000-02-25,0.000506
2000-02-28,0.000506
2000-02-29,0.000506
2000-03-01,0.000506
2000-03-02,0.000506
2000-03-03,0.000506
2000-03-06,0.000506
2000-03-07,0.000506
2000-03-08,0.000506
2000-03-09,0.000506
2000-03-10,0.000506
2000-03-13,0.000506
2000-03-14,0.000511
2000-03-15,0.000511
2000-03-16,0.000511
2000-03-17,0.000511
2000-03-20,0.000511
2000-03-21,0.000512
2000-03-22,0.000512
2000-03-23,0.000512
2000-03-24,0.000512
2000-03-27,0.000511
2000-03-28,0.000511
2000-03-29,0.000511
2000-03-30,0.000511
2000-03-31,0.000511
2000-04-03,0.000511
2000-04-04,0.000511
2000-04-05,0.000511
2000-04-06,0.000511
2000-04-07,0.000511
2000-04-10,0.000511
2000-04-11,0.000511
2000-04-12,0.000511
2000-04-13,0.000511
2000-04-14,0.000511
2000-04-17,0.000511
2000-04-18,0.000502
2000-04-19,0.000502
2000-04-24,0.000502
2000-04-25,0.000502
2000-04-26,0.000502
2000-04-27,0.000502
2000-04-28,0.000502
2000-05-02,0.000502
2000-05-03,0.000502
2000-05-04,0.000502
2000-05-05,0.000502
2000-05-08,0.000502
2000-05-16,0.000496
2000-05-17,0.000496
2000-05-18,0.000496
2000-05-19,0.000496
2000-05-22,0.000496
2000-05-23,0.000496
2000-05-24,0.000496
2000-05-26,0.000496
2000-05-29,0.000496
2000-05-30,0.000496
2000-05-31,0.000496
2000-06-01,0.000496
2000-06-02,0.000496
2000-06-05,0.000472
2000-06-06,0.000472
2000-06-07,0.000472
2000-06-08,0.000472
2000-06-09,0.000472
2000-06-12,0.000472
2000-06-13,0.000472
2000-06-14,0.000472
2000-06-15,0.000472
2000-06-16,0.000472
2000-06-20,0.000472
2000-06-21,0.000472
2000-06-22,0.000472
2000-06-23,0.000471
2000-06-26,0.000471
2000-06-27,0.00047
2000-06-28,0.00047
2000-06-29,0.00047
2000-06-30,0.00047
2000-07-03,0.00047
2000-07-04,0.00047
2000-07-05,0.00047
2000-07-06,0.00047
2000-07-07,0.00047
2000-07-10,0.00047
2000-07-11,0.00047
2000-07-12,0.00047
2000-07-17,0.00047
2000-07-18,0.000466
2000-07-19,0.000466
2000-07-20,0.000466
2000-07-21,0.000466
2000-07-24,0.000466
2000-07-27,0.000466
2000-07-28,0.000466
2000-07-31,0.000466
2000-08-01,0.000461
2000-08-02,0.000461
2000-08-03,0.000461
2000-08-04,0.000461
2000-08-07,0.000461
2000-08-09,0.000461
2000-08-10,0.000461
2000-08-11,0.000461
2000-08-14,0.000461
2000-08-15,0.000461
2000-08-16,0.000461
2000-08-17,0.000461
2000-08-18,0.000461
2000-08-22,0.000461
2000-08-23,0.000458
2000-08-24,0.000458
2000-08-25,0.000458
2000-08-29,0.000454
2000-08-30,0.000454
2000-08-31,0.000454
2000-09-01,0.000454
2000-09-04,0.000454
2000-09-05,0.000451
2000-09-06,0.000451
2000-09-07,0.000451
2000-09-08,0.000451
2000-09-11,0.000451
2000-09-12,0.000451
2000-09-13,0.000451
2000-09-14,0.000451
2000-09-15,0.000451
2000-09-18,0.000452
2000-09-19,0.000452
2000-09-20,0.000452
2000-09-21,0.000452
2000-09-22,0.000452
2000-09-25,0.000448
2000-09-26,0.000448
2000-09-27,0.000448
2000-09-28,0.000448
2000-09-29,0.000448
2000-10-02,0.000453
2000-10-03,0.000453
2000-10-04,0.000453
2000-10-05,0.000453
2000-10-06,0.000453
2000-10-09,0.000453
2000-10-10,0.000459
2000-10-11,0.000459
2000-10-12,0.000459
2000-10-13,0.000459
2000-10-17,0.000459
2000-10-18,0.000459
2000-10-19,0.000459
2000-10-20,0.000459
2000-10-23,0.000463
2000-10-24,0.000463
2000-10-25,0.000463
2000-10-26,0.000463
2000-10-31,0.000464
2000-11-01,0.000464
2000-11-02,0.000464
2000-11-03,0.000464
2000-11-07,0.000469
2000-11-08,0.000469
2000-11-09,0.000469
2000-11-10,0.000469
2000-11-13,0.000471
2000-11-14,0.000471
2000-11-15,0.000471
2000-11-16,0.000471
2000-11-17,0.000471
2000-11-20,0.000471
2000-11-21,0.000471
2000-11-22,0.000471
2000-11-23,0.000471
2000-11-27,0.000471
2000-11-28,0.000466
2000-11-29,0.000466
2000-11-30,0.000466
2000-12-01,0.000466
2000-12-04,0.00046
2000-12-05,0.00046
2000-12-06,0.00046
2000-12-07,0.00046
2000-12-11,0.00046
2000-12-12,0.00046
2000-12-13,0.00046
2000-12-19,0.00046
2000-12-20,0.00046
2000-12-21,0.00046
2000-12-22,0.00046
2000-12-26,0.00046
2000-12-27,0.000455
2000-12-28,0.000455
2001-01-02,0.000447
2001-01-04,0.000449
2001-01-05,0.000449
2001-01-08,0.000449
2001-01-09,0.000446
2001-01-10,0.000446
2001-01-11,0.000446
2001-01-12,0.000446
2001-01-15,0.000446
2001-01-17,0.000446
2001-01-24,0.000446
2001-01-26,0.000446
2001-01-29,0.000447
2001-01-30,0.000447
2001-01-31,0.000447
2001-02-01,0.000447
2001-02-05,0.000447
2001-02-06,0.000447
2001-02-07,0.000447
2001-02-08,0.000447
2001-02-09,0.000447
2001-02-12,0.000447
2001-02-13,0.000447
2001-02-15,0.000447
2001-02-16,0.000447
2001-02-23,0.000445
2001-02-26,0.000448
2001-02-27,0.000448
2001-02-28,0.000448
2001-03-01,0.000448
2001-03-02,0.000448
2001-03-05,0.000448
2001-03-06,0.000448
2001-03-07,0.000448
2001-03-08,0.000448
2001-03-09,0.000448
2001-03-12,0.000448
2001-03-13,0.000448
2001-03-14,0.000448
2001-03-15,0.000448
2001-03-16,0.000448
2001-03-19,0.000448
2001-03-20,0.000448
2001-03-22,0.000448
2001-03-23,0.000448
2001-03-26,0.000435
2001-03-27,0.000435
2001-03-28,0.000435
2001-03-30,0.000435
2001-04-03,0.000433
2001-04-04,0.000433
2001-04-05,0.000433
2001-04-06,0.000433
2001-04-09,0.000433
2001-04-10,0.000433
2001-04-11,0.000433
2001-04-16,0.000432
2001-04-17,0.000432
2001-04-18,0.000432
2001-04-19,0.000432
2001-04-20,0.000432
2001-04-23,0.00043
2001-04-24,0.00043
2001-04-25,0.00043
2001-04-26,0.00043
2001-04-30,0.000427
2001-05-02,0.000427
2001-05-03,0.000427
2001-05-04,0.000427
2001-05-07,0.000424
2001-05-08,0.000424
2001-05-09,0.000424
2001-05-10,0.000424
2001-05-11,0.000424
2001-05-16,0.000424
2001-05-17,0.000424
2001-05-18,0.000424
2001-05-21,0.000424
2001-05-22,0.000424
2001-05-24,0.000424
2001-05-28,0.000424
2001-05-29,0.000424
2001-05-30,0.000424
2001-06-01,0.000424
2001-06-06,0.000435
2001-06-07,0.000435
2001-06-08,0.000435
2001-06-12,0.000435
2001-06-13,0.000435
2001-06-14,0.000435
2001-06-15,0.000435
2001-06-19,0.000435
2001-06-20,0.000435
2001-06-21,0.000435
2001-06-22,0.000435
2001-06-25,0.000436
2001-06-26,0.000436
2001-06-27,0.000436
2001-06-28,0.000436
2001-06-29,0.000436
2001-07-02,0.000435
2001-07-03,0.000435
2001-07-04,0.000435
2001-07-05,0.000435
2001-07-06,0.000435
2001-07-10,0.000435
2001-07-11,0.000435
2001-07-12,0.000435
2001-07-13,0.000435
2001-07-16,0.000435
2001-07-17,0.000435
2001-07-18,0.000435
2001-07-19,0.000435
2001-07-20,0.000435
2001-07-23,0.000434
2001-07-24,0.000434
2001-07-25,0.000434
2001-07-26,0.000434
2001-07-27,0.000434
2001-07-30,0.000434
2001-07-31,0.000434
2001-08-01,0.000434
2001-08-02,0.000434
2001-08-03,0.000434
2001-08-06,0.000436
2001-08-07,0.000436
2001-08-08,0.000436
2001-08-09,0.000436
2001-08-10,0.000436
2001-08-13,0.000437
2001-08-14,0.000437
2001-08-15,0.000437
2001-08-16,0.000437
2001-08-17,0.000437
2001-08-21,0.000437
2001-08-22,0.000437
2001-08-23,0.000437
2001-08-24,0.000437
2001-08-27,0.000437
2001-08-28,0.000437
2001-08-29,0.000437
2001-08-30,0.000437
2001-08-31,0.000437
2001-09-03,0.000437
2001-09-04,0.000437
2001-09-05,0.000437
2001-09-06,0.000431
2001-09-07,0.000431
2001-09-10,0.000431
2001-09-12,0.000431
2001-09-13,0.000431
2001-09-14,0.000431
2001-09-17,0.000427
2001-09-18,0.000427
2001-09-19,0.000427
2001-09-21,0.000427
2001-09-24,0.000428
2001-09-25,0.000428
2001-09-26,0.000428
2001-09-27,0.000428
2001-09-28,0.000428
2001-10-02,0.000428
2001-10-03,0.000428
2001-10-09,0.000429
2001-10-10,0.000428
2001-10-11,0.000428
2001-10-12,0.000429
2001-10-15,0.000429
2001-10-16,0.000429
2001-10-17,0.000429
2001-10-18,0.000429
2001-10-19,0.000429
2001-10-24,0.000432
2001-10-25,0.000432
2001-10-26,0.000432
2001-10-29,0.000432
2001-10-30,0.000432
2001-10-31,0.000432
2001-11-01,0.000432
2001-11-02,0.000432
2001-11-05,0.000433
2001-11-07,0.000433
2001-11-08,0.000433
2001-11-09,0.000433
2001-11-12,0.000433
2001-11-13,0.000434
2001-11-15,0.000434
2001-11-19,0.000433
2001-11-20,0.000433
2001-11-22,0.000433
2001-11-23,0.000433
2001-11-26,0.000433
2001-11-27,0.000433
2001-11-28,0.000433
2001-11-29,0.000433
2001-12-04,0.000433
2001-12-05,0.000433
2001-12-06,0.000433
2001-12-07,0.000433
2001-12-10,0.000433
2001-12-11,0.000433
2001-12-12,0.000433
2001-12-14,0.000433
2001-12-18,0.000433
2001-12-19,0.000433
2002-01-11,0.000435
2002-01-14,0.000435
2002-01-15,0.000435294117647
2002-01-16,0.0004352631578947
2002-01-17,0.0004352631578947
2002-01-18,0.0004348717948717
2002-01-21,0.0004348717948717
2002-01-22,0.0004348717948717
2002-01-23,0.0004348717948717
2002-01-24,0.0004348717948717
2002-01-25,0.0004348717948717
2002-01-28,0.0004347826086956
2002-01-29,0.0004351219512195
2002-01-30,0.0004351219512195
2002-01-31,0.0004351219512195
2002-02-01,0.0004351219512195
2002-02-11,0.00044
2002-02-12,0.0004367567567567
2002-02-13,0.0004329411764705
2002-02-14,0.0004322222222222
2002-02-15,0.0004344444444444
2002-02-18,0.000434
2002-02-19,0.0004395238095238
2002-02-20,0.0004385714285714
2002-02-21,0.0004325
2002-02-22,0.0004338095238095
2002-02-25,0.0004328571428571
2002-02-26,0.0004323809523809
2002-02-27,0.000433488372093
2002-02-28,0.0004330232558139
2002-03-01,0.0004338095238095
2002-03-04,0.0004346341463414
2002-03-06,0.0004362790697674
2002-03-07,0.000435909090909
2002-03-08,0.0004382222222222
2002-03-11,0.0004399999999999
2002-03-12,0.00044125
2002-03-13,0.0004396624472573
2002-03-14,0.0004392405063291
2002-03-15,0.0004402597402597
2002-03-18,0.0004378151260504
2002-03-19,0.0004392561983471
2002-03-20,0.0004399193548387
2002-03-21,0.0004378151260504
2002-03-22,0.0004386440677966
2002-03-25,0.0004406349206349
2002-03-26,0.0004424137931034
2002-03-27,0.000443
2002-04-02,0.0004433898305084
2002-04-03,0.0004413559322033
2002-04-04,0.0004410447761194
2002-04-05,0.0004407272727272
2002-04-08,0.0004425454545454
2002-04-09,0.0004442857142857
2002-04-10,0.0004432142857142
2002-04-11,0.0004428070175438
2002-04-12,0.0004413793103448
2002-04-15,0.0004413559322033
2002-04-16,0.0004414285714285
2002-04-19,0.0004422222222222
2002-04-29,0.0004406779661016
2002-04-30,0.0004395973154362
2002-05-02,0.0004390322580645
2002-05-03,0.000438125
2002-05-06,0.0004365625
2002-05-07,0.0004371875
2002-05-08,0.0004396875
2002-05-09,0.0004369905956112
2002-05-10,0.0004366153846153
2002-05-13,0.0004366153846153
2002-05-14,0.0004366153846153
2002-05-15,0.0004356923076923
2002-05-16,0.0004338461538461
2002-05-17,0.0004311764705882
2002-05-20,0.0004264788732394
2002-05-22,0.000423768115942
2002-05-23,0.0004276470588235
2002-05-28,0.0004331428571428
2002-05-29,0.0004311111111111
2002-05-31,0.0004311111111111
2002-06-03,0.0004314917127071
2002-06-04,0.000432044198895
2002-06-05,0.0004298630136986
2002-06-06,0.0004293150684931
2002-06-10,0.0004277142857142
2002-06-11,0.0004277142857142
2002-06-12,0.0004274285714285
2002-06-13,0.0004254285714285
2002-06-14,0.0004238095238095
2002-06-18,0.000421690140845
2002-06-19,0.0004188202247191
2002-06-20,0.0004174515235457
2002-06-21,0.0004201072386058
2002-06-24,0.0004200527704485
2002-06-25,0.0004197435897435
2002-06-26,0.000418961038961
2002-06-27,0.0004176315789473
2002-06-28,0.0004168421052631
2002-07-01,0.0004166226912928
2002-07-02,0.0004167123287671
2002-07-03,0.0004139275766016
2002-07-11,0.0004008356545961
2002-07-12,0.0003983333333333
2002-07-15,0.0003991666666666
2002-07-16,0.0004
2002-07-17,0.0003974789915966
2002-07-18,0.0003952247191011
2002-07-19,0.0003949720670391
2002-07-22,0.0003972375690607
2002-07-23,0.0003967302452316
2002-07-24,0.0003903846153846
2002-07-25,0.0003895890410958
2002-07-26,0.0003860655737704
2002-07-29,0.0003852459016393
2002-07-30,0.0003839673913043
2002-07-31,0.0003789189189189
2002-08-01,0.0003803324099722
2002-08-02,0.0003790633608815
2002-08-05,0.0003785714285714
2002-08-06,0.0003752066115702
2002-08-07,0.0003744505494505
2002-08-08,0.0003745205479452
2002-08-09,0.0003840659340659
2002-08-12,0.0003922651933701
2002-08-13,0.0003853994490358
2002-08-14,0.0003774725274725
2002-08-15,0.0003788461538461
2002-08-16,0.0003780219780219
2002-08-20,0.0003787878787878
2002-08-21,0.0003824512534818
2002-08-22,0.0003788300835654
2002-08-23,0.0003787292817679
2002-08-26,0.0003782369146005
2002-08-27,0.0003745856353591
2002-08-28,0.0003736842105263
2002-08-29,0.0003704419889502
2002-08-30,0.0003685950413223
2002-09-02,0.0003685950413223
2002-09-03,0.000373901098901
2002-09-04,0.0003731506849315
2002-09-05,0.0003716253443526
2002-09-06,0.0003685950413223
2002-09-09,0.0003696969696969
2002-09-10,0.0003696969696969
2002-09-11,0.0003690607734806
2002-09-12,0.0003690607734806
2002-09-13,0.0003680440771349
2002-09-16,0.0003627397260273
2002-09-17,0.0003617079889807
2002-09-18,0.000358904109589
2002-09-19,0.0003553133514986
2002-09-20,0.0003562841530054
2002-09-23,0.0003607629427792
2002-09-24,0.0003575342465753
2002-09-25,0.0003561307901907
2002-09-26,0.0003696969696969
2002-09-27,0.0003536
2002-09-30,0.0003536
2002-10-01,0.0003473262032085
2002-10-02,0.0003477333333333
2002-10-03,0.0003472
2002-10-04,0.0003472
2002-10-07,0.0003501333333333
2002-10-08,0.0003497326203208
2002-10-09,0.0003521505376344
2002-10-10,0.0003497297297297
2002-10-11,0.0003483783783783
2002-10-15,0.0003480874316939
2002-10-16,0.00035
2002-10-17,0.0003502777777777
2002-10-18,0.0003497297297297
2002-10-21,0.0003570247933884
2002-10-22,0.0003610497237569
2002-10-23,0.0003650969529085
2002-10-24,0.0003642659279778
2002-10-25,0.0003635359116022
2002-10-28,0.0003622222222222
2002-10-29,0.0003597765363128
2002-10-30,0.0003608450704225
2002-10-31,0.000359659090909
2002-11-01,0.0003602272727272
2002-11-04,0.0003602240896358
2002-11-05,0.0003604519774011
2002-11-07,0.0003649859943977
2002-11-08,0.0003640449438202
2002-11-11,0.0003640449438202
2002-11-12,0.0003654390934844
2002-11-13,0.0003694050991501
2002-11-14,0.0003665730337078
2002-11-15,0.000369209039548
2002-11-18,0.0003716713881019
2002-11-19,0.0003730113636363
2002-11-20,0.0003738636363636
2002-11-21,0.0003754985754985
2002-11-22,0.0003742857142857
2002-11-25,0.0003682857142857
2002-11-26,0.0003660919540229
2002-11-27,0.0003657142857142
2002-11-29,0.0003585164835164
2002-12-02,0.0003578212290502
2002-12-03,0.0003545197740112
2002-12-04,0.000356373937677
2002-12-05,0.0003577903682719
2002-12-06,0.0003597733711048
2002-12-09,0.0003575070821529
2002-12-10,0.0003573863636363
2002-12-11,0.0003555555555555
2002-12-12,0.0003597142857142
2002-12-13,0.0003571022727272
2002-12-16,0.0003553672316384
2002-12-17,0.0003559322033898
2002-12-18,0.0003565714285714
2002-12-19,0.0003544668587896
2002-12-20,0.0003567335243553
2002-12-23,0.0003550432276657
2002-12-24,0.0003550432276657
2002-12-26,0.0003541176470588
2002-12-27,0.00035
2002-12-30,0.0003497041420118
2002-12-31,0.0003501483679525
2003-01-02,0.0003501492537313
2003-01-03,0.0003532934131736
2003-01-06,0.0003513513513513
2003-01-07,0.0003512195121951
2003-01-08,0.0003448484848484
2003-01-09,0.0003461077844311
2003-01-10,0.0003450746268656
2003-01-13,0.0003444444444444
2003-01-14,0.000344923076923
2003-01-15,0.00034520123839
2003-01-16,0.000342944785276
2003-01-17,0.0003409937888198
2003-01-20,0.000341065830721
2003-01-21,0.0003419354838709
2003-01-22,0.0003406451612903
2003-01-23,0.0003429936305732
2003-01-24,0.000342356687898
2003-01-27,0.0003409638554216
2003-01-28,0.0003373493975903
2003-01-29,0.0003377643504531
2003-01-30,0.000340923076923
2003-01-31,0.0003404984423676
2003-02-03,0.0003405660377358
2003-02-04,0.0003375394321766
2003-02-05,0.0003379746835443
2003-02-06,0.0003373417721518
2003-02-07,0.0003387301587301
2003-02-10,0.0003361022364217
2003-02-11,0.0003372990353697
2003-02-12,0.0003382636655948
2003-02-13,0.0003378980891719
2003-02-14,0.0003377358490566
2003-02-17,0.0003376582278481
2003-02-18,0.0003422712933753
2003-02-19,0.0003407523510971
2003-02-20,0.0003408099688473
2003-02-21,0.0003404984423676
2003-02-24,0.0003403785488958
2003-02-25,0.0003392405063291
2003-02-26,0.0003397476340694
2003-02-27,0.0003382445141065
2003-02-28,0.0003379310344827
2003-03-03,0.0003376947040498
2003-03-04,0.0003380503144654
2003-03-05,0.0003378548895899
2003-03-06,0.0003380503144654
2003-03-07,0.0003379746835443
2003-03-10,0.0003375796178343
2003-03-11,0.0003376996805111
2003-03-12,0.0003389067524115
2003-03-13,0.000338141025641
2003-03-14,0.000338141025641
2003-03-17,0.0003387096774193
2003-03-18,0.0003382352941176
2003-03-19,0.00033853820598
2003-03-20,0.0003386138613861
2003-03-21,0.0003384105960264
2003-03-24,0.0003377926421404
2003-03-25,0.0003377551020408
2003-03-26,0.0003382758620689
2003-03-27,0.0003381944444444
2003-03-28,0.0003379194630872
2003-04-01,0.0003381756756756
2003-04-02,0.0003386206896551
2003-04-03,0.0003396551724137
2003-04-04,0.0003396551724137
2003-04-07,0.0003399999999999
2003-04-08,0.0003410958904109
2003-04-09,0.0003431506849315
2003-04-10,0.0003432525951557
2003-04-11,0.0003413793103448
2003-04-14,0.0003419795221843
2003-04-15,0.0003430508474576
2003-04-16,0.0003430034129692
2003-04-21,0.0003425605536332
2003-04-22,0.0003428070175438
2003-04-23,0.0003436619718309
2003-04-24,0.0003437062937062
2003-04-25,0.0003433566433566
2003-04-28,0.0003468531468531
2003-04-29,0.0003473684210526
2003-04-30,0.0003489361702127
2003-05-02,0.0003494623655913
2003-05-05,0.0003503571428571
2003-05-06,0.0003492857142857
2003-05-07,0.0003491039426523
2003-05-08,0.0003519188993482
2003-05-09,0.0003521582733812
2003-05-12,0.0003537906137184
2003-05-13,0.0003577617328519
2003-05-14,0.0003521428571428
2003-05-15,0.0003559859154929
2003-05-16,0.0003506802721088
2003-05-19,0.0003469178082191
2003-05-20,0.00034375
2003-05-21,0.0003435410066877
2003-05-22,0.0003460869565217
2003-05-23,0.0003510344827586
2003-05-26,0.0003508710801393
2003-05-27,0.0003491289198606
2003-05-28,0.0003503472222222
2003-05-29,0.0003496527777777
2003-05-30,0.0003512280701754
2003-06-02,0.0003515789473684
2003-06-03,0.0003512367491166
2003-06-04,0.0003515237420269
2003-06-05,0.0003530035335689
2003-06-06,0.000354964539007
2003-06-09,0.0003552397868561
2003-06-10,0.0003548042704626
2003-06-11,0.0003540042523033
2003-06-12,0.0003543723554301
2003-06-13,0.000354964539007
2003-06-17,0.0003542857142857
2003-06-18,0.0003538461538461
2003-06-19,0.0003542857142857
2003-06-20,0.0003547237076648
2003-06-23,0.0003548387096774
2003-06-24,0.00035559566787
2003-06-25,0.000356678700361
2003-06-26,0.0003559139784946
2003-06-27,0.0003553425630102
2003-06-30,0.0003553571428571
2003-07-01,0.0003557142857142
2003-07-02,0.0003553571428571
2003-07-03,0.0003552772808586
2003-07-04,0.0003552772808586
2003-07-07,0.0003529622980251
2003-07-08,0.0003506306306306
2003-07-10,0.0003499819037278
2003-07-11,0.0003496376811594
2003-07-14,0.0003487364620938
2003-07-15,0.0003469314079422
2003-07-16,0.0003456834532374
2003-07-17,0.0003473118279569
2003-07-18,0.0003471428571428
2003-07-21,0.0003478571428571
2003-07-22,0.0003471223021582
2003-07-23,0.000346762589928
2003-07-24,0.0003459074733096
2003-07-25,0.0003460992907801
2003-07-28,0.0003481481481481
2003-07-29,0.0003472759226713
2003-07-30,0.0003476764199655
2003-07-31,0.0003472602739726
2003-08-01,0.0003459183673469
2003-08-04,0.0003448392554991
2003-08-05,0.0003454855195911
2003-08-06,0.0003476923076923
2003-08-07,0.0003477815699658
2003-08-08,0.000348019125683
2003-08-11,0.0003488850771869
2003-08-12,0.0003489655172413
2003-08-13,0.0003490467937608
2003-08-14,0.0003499136442141
2003-08-15,0.0003499136442141
2003-08-19,0.0003494642239889
2003-08-20,0.0003506003430531
2003-08-21,0.0003511864406779
2003-08-22,0.0003522033898305
2003-08-25,0.0003514529914529
2003-08-26,0.0003506802721088
2003-08-27,0.0003513513513513
2003-08-28,0.0003515254237288
2003-08-29,0.0003538565629228
2003-09-01,0.0003537162162162
2003-09-02,0.0003530201342281
2003-09-03,0.0003546979865771
2003-09-04,0.0003552097428958
2003-09-05,0.0003559726962457
2003-09-08,0.0003554421768707
2003-09-09,0.0003537414965986
2003-09-10,0.0003535629048755
2003-09-11,0.000353448275862
2003-09-12,0.0003541379310344
2003-09-15,0.0003543252595155
2003-09-16,0.0003541810642709
2003-09-17,0.000354295532646
2003-09-18,0.0003522336769759
2003-09-19,0.0003512027491408
2003-09-22,0.000348709122203
2003-09-23,0.0003489655172413
2003-09-24,0.0003480968858131
2003-09-25,0.0003481865284974
2003-09-26,0.0003473321858864
2003-09-29,0.0003470790378006
2003-09-30,0.0003475128644939
2003-10-01,0.0003442340791738
2003-10-02,0.0003446969696969
2003-10-03,0.0003476603119584
2003-10-06,0.0003485853999301
2003-10-07,0.0003470240167072
2003-10-08,0.0003465173258662
2003-10-09,0.0003484848484848
2003-10-10,0.0003491895701198
2003-10-14,0.0003479027141346
2003-10-15,0.0003485915492957
2003-10-16,0.0003495248152059
2003-10-17,0.0003497363796133
2003-10-20,0.0003492119089316
2003-10-21,0.0003494736842105
2003-10-22,0.0003477192982456
2003-10-23,0.0003492621222768
2003-10-24,0.0003496478873239
2003-10-27,0.0003464788732394
2003-10-28,0.0003477192982456
2003-10-29,0.0003474605954465
2003-10-30,0.0003466898954703
2003-10-31,0.0003479930191972
2003-11-03,0.0003478108581436
2003-11-04,0.0003492119089316
2003-11-05,0.0003499124343257
2003-11-07,0.0003519494204425
2003-11-10,0.0003526315789473
2003-11-11,0.0003524475524475
2003-11-12,0.0003506129597197
2003-11-13,0.0003514834205933
2003-11-14,0.0003571428571428
2003-11-17,0.0003525305410122
2003-11-18,0.0003532286212914
2003-11-19,0.0003537391304347
2003-11-20,0.0003517361111111
2003-11-21,0.0003525951557093
2003-11-24,0.0003520883672764
2003-11-25,0.0003523972602739
2003-11-26,0.0003523489932885
2003-11-27,0.0003524451939291
2003-11-28,0.000353177257525
2003-12-01,0.0003543624161073
2003-12-02,0.0003556302521008
2003-12-03,0.0003548821548821
2003-12-04,0.0003558922558922
2003-12-05,0.0003564924114671
2003-12-09,0.0003547619047619
2003-12-10,0.0003557823129251
2003-12-11,0.0003555932203389
2003-12-12,0.0003557659790328
2003-12-15,0.0003573117190138
2003-12-16,0.0003582743511964
2003-12-17,0.0003575286968264
2003-12-18,0.0003563489390367
2003-12-19,0.0003560350640593
2003-12-22,0.0003564189189189
2003-12-23,0.0003567805207981
2003-12-24,0.0003581081081081
2003-12-26,0.0003586440677966
2003-12-29,0.000360639021074
2003-12-30,0.0003597955706984
2003-12-31,0.0003597269624573
2004-01-02,0.0003602739726027
2004-01-05,0.0003607638888888
2004-01-06,0.0003616055846422
2004-01-07,0.0003619674402493
2004-01-08,0.0003637621023513
2004-01-09,0.0003626297577854
2004-01-12,0.0003609841827768
2004-01-13,0.0003630017452006
2004-01-14,0.0003652173913043
2004-01-15,0.000367190226876
2004-01-16,0.0003661922943422
2004-01-19,0.0003663778162911
2004-01-20,0.000365710335292
2004-01-21,0.0003649484536082
2004-01-22,0.0003647668393782
2004-01-23,0.0003649484536082
2004-01-26,0.0003632302405498
2004-01-27,0.000365728021978
2004-01-28,0.000367808219178
2004-01-29,0.0003634823848238
2004-01-30,0.0003650956284153
2004-02-02,0.0003651282051282
2004-02-03,0.0003629856850715
2004-02-04,0.0003632347944274
2004-02-05,0.0003634517766497
2004-02-06,0.0003627749576988
2004-02-09,0.0003652470187393
2004-02-10,0.0003655877342419
2004-02-11,0.0003649659863945
2004-02-12,0.0003659952202116
2004-02-13,0.0003674657534246
2004-02-16,0.0003673749143248
2004-02-17,0.0003686368295182
2004-02-18,0.0003719346049046
2004-02-19,0.0003703577512776
2004-02-20,0.0003726962457337
2004-02-23,0.0003763256927813
2004-02-24,0.0003764141241001
2004-02-25,0.0003744870041039
2004-02-26,0.0003705601092896
2004-02-27,0.0003732466643859
2004-03-01,0.0003763698630136
2004-03-02,0.0003753424657534
2004-03-03,0.0003752577319587
2004-03-04,0.0003731190150478
2004-03-05,0.0003745305565039
2004-03-08,0.0003731241473396
2004-03-09,0.000372764786795
2004-03-10,0.0003729452054794
2004-03-11,0.0003731548232063
2004-03-12,0.0003749571183533
2004-03-15,0.0003768066070199
2004-03-16,0.0003781918564527
2004-03-17,0.0003759528759528
2004-03-18,0.0003758226532732
2004-03-19,0.0003746086956521
2004-03-22,0.000374389392882
2004-03-23,0.0003755656108597
2004-03-24,0.0003733055265901
2004-03-25,0.0003737830319888
2004-03-26,0.0003739583333333
2004-03-29,0.0003733890630442
2004-03-30,0.0003734265734265
2004-03-31,0.0003727272727272
2004-04-01,0.0003748241912798
2004-04-02,0.0003750877192982
2004-04-06,0.0003755752212389
2004-04-07,0.0003760256867641
2004-04-12,0.0003779359430604
2004-04-13,0.0003783303730017
2004-04-14,0.0003812233285917
2004-04-15,0.0003814762242725
2004-04-16,0.000381914893617
2004-04-19,0.0003813229571984
2004-04-20,0.0003813887909763
2004-04-21,0.0003806519453207
2004-04-22,0.0003822811301011
2004-04-23,0.0003821366024518
2004-04-26,0.0003820621468926
2004-04-27,0.0003817412759957
2004-04-28,0.0003786816269284
2004-04-29,0.0003775367389783
2004-04-30,0.0003767605633802
2004-05-03,0.0003747368421052
2004-05-04,0.0003755244755244
2004-05-05,0.0003764829030006
2004-05-06,0.000372060857538
2004-05-07,0.0003684931506849
2004-05-10,0.0003656614119259
2004-05-11,0.0003673890608875
2004-05-12,0.0003658119658119
2004-05-13,0.0003643516934656
2004-05-14,0.000368330464716
2004-05-17,0.0003680412371134
2004-05-18,0.0003663570691434
2004-05-19,0.0003653250773993
2004-05-20,0.000362033898305
2004-05-21,0.0003616661022688
2004-05-24,0.0003615514333895
2004-05-26,0.0003619176232275
2004-05-27,0.0003656565656565
2004-05-28,0.0003673744523087
2004-05-31,0.0003672297297297
2004-06-01,0.0003658783783783
2004-06-02,0.0003668820129207
2004-06-03,0.0003672506738544
2004-06-04,0.000368935309973
2004-06-07,0.0003692359474924
2004-06-08,0.0003698953763077
2004-06-09,0.000366554054054
2004-06-10,0.000366149696561
2004-06-11,0.0003657797238127
2004-06-14,0.0003655079311508
2004-06-15,0.0003661924119241
2004-06-16,0.0003675126903553
2004-06-17,0.0003689189189189
2004-06-18,0.000368935309973
2004-06-22,0.0003692567567567
2004-06-23,0.0003690112130479
2004-06-24,0.0003695283338988
2004-06-25,0.0003715736040609
2004-06-28,0.0003706576728499
2004-06-29,0.0003705327039784
2004-06-30,0.0003705206220419
2004-07-01,0.0003726287262872
2004-07-02,0.0003728813559322
2004-07-05,0.0003728755948334
2004-07-06,0.0003741496598639
2004-07-07,0.0003736002714625
2004-07-08,0.0003735632183908
2004-07-12,0.0003744075829383
2004-07-13,0.0003741519674355
2004-07-14,0.0003763586956521
2004-07-15,0.0003794157608695
2004-07-16,0.0003802242609582
2004-07-19,0.0003799185888738
2004-07-20,0.0003797897592404
2004-07-21,0.0003806298679309
2004-07-22,0.0003816768086544
2004-07-23,0.0003801820020222
2004-07-26,0.000378569029224
2004-07-27,0.0003789509078681
2004-07-28,0.0003805042016806
2004-07-29,0.0003820564516129
2004-07-30,0.00038322147651
2004-08-02,0.000382323401406
2004-08-03,0.0003837170503837
2004-08-04,0.0003826834104428
2004-08-05,0.0003830065359477
2004-08-06,0.0003846405228758
2004-08-09,0.0003854785478547
2004-08-10,0.0003851508120649
2004-08-11,0.0003838016528925
2004-08-12,0.0003821381142098
2004-08-13,0.0003827529021558
2004-08-17,0.0003834661354581
2004-08-18,0.000383134130146
2004-08-19,0.0003836436170212
2004-08-20,0.000383848454636
2004-08-23,0.0003855101362578
2004-08-24,0.0003863636363636
2004-08-25,0.0003891675025075
2004-08-26,0.0003894981721502
2004-08-27,0.0003882978723404
2004-08-30,0.0003924176920518
2004-08-31,0.000395061728395
2004-09-01,0.0003936063936063
2004-09-02,0.0003914057295136
2004-09-03,0.0003897230563897
2004-09-06,0.0003897058823529
2004-09-07,0.0003924515698062
2004-09-08,0.0003943333333333
2004-09-09,0.0003970686209193
2004-09-10,0.0003942211889737
2004-09-13,0.0003963963963963
2004-09-14,0.0003959170013386
2004-09-15,0.0003942243116185
2004-09-16,0.0003969899665551
2004-09-17,0.0003976588628762
2004-09-20,0.0003935246995994
2004-09-21,0.0003898135818908
2004-09-22,0.0003906510851419
2004-09-23,0.0003884435537742
2004-09-24,0.0003831775700934
2004-09-27,0.0003844355377421
2004-09-28,0.0003855421686746
2004-09-29,0.0003853887399463
2004-09-30,0.0003824220060382
2004-10-01,0.0003802013422818
2004-10-04,0.0003803908355795
2004-10-05,0.0003839946200403
2004-10-06,0.0003837091888253
2004-10-07,0.0003846671149966
2004-10-08,0.0003878032345013
2004-10-12,0.0003880094307847
2004-10-13,0.0003926648721399
2004-10-14,0.0003909243697478
2004-10-15,0.0003902192242833
2004-10-18,0.0003905245346869
2004-10-19,0.0003909520594193
2004-10-20,0.0003905405405405
2004-10-21,0.0003908045977011
2004-10-22,0.0003916272788656
2004-10-25,0.0003894878706199
2004-10-26,0.0003871510258997
2004-10-27,0.0003876177658142
2004-10-28,0.0003875838926174
2004-10-29,0.0003898989898989
2004-11-01,0.0003900303132367
2004-11-02,0.0003892458572877
2004-11-03,0.0003913484285231
2004-11-04,0.0003924349881796
2004-11-05,0.0003943281566509
2004-11-08,0.000392737054472
2004-11-09,0.0003933984506567
2004-11-10,0.0003922558922558
2004-11-11,0.0003923154701718
2004-11-12,0.0003942567567567
2004-11-15,0.0003945140535049
2004-11-16,0.0003946476964769
2004-11-17,0.000397068847989
2004-11-18,0.0003969387755102
2004-11-19,0.0003969439728353
2004-11-22,0.0003972881355932
2004-11-23,0.0003993197278911
2004-11-24,0.000399388171312
2004-11-25,0.0003995922528032
2004-11-26,0.0004046242774566
2004-11-29,0.0004029142663503
2004-11-30,0.0004030560271646
2004-12-01,0.0004052309782608
2004-12-02,0.000402027027027
2004-12-03,0.0004051058112193
2004-12-06,0.0004073701842546
2004-12-07,0.0004076561450638
2004-12-09,0.0004072580645161
2004-12-10,0.0004123572867696
2004-12-13,0.0004169468728984
2004-12-14,0.0004218120805369
2004-12-15,0.0004213709677419
2004-12-16,0.0004235530277684
2004-12-17,0.000424303457536
2004-12-20,0.0004328609986504
2004-12-21,0.0004270306707111
2004-12-22,0.0004210526315789
2004-12-23,0.0004160460392687
2004-12-24,0.0004168642058923
2004-12-27,0.0004167510976021
2004-12-28,0.0004134453781512
2004-12-29,0.0004175897952332
2004-12-30,0.0004255462184873
2004-12-31,0.0004256461899966
2005-01-03,0.0004275606469002
2005-01-04,0.0004328156650911
2005-01-05,0.0004255892255892
2005-01-06,0.0004214430209035
2005-01-07,0.0004205387205387
2005-01-10,0.0004204851752021
2005-01-11,0.0004208037825059
2005-01-12,0.0004275042444821
2005-01-13,0.0004275979557069
2005-01-14,0.0004247787610619
2005-01-17,0.0004249146757679
2005-01-18,0.0004228804902962
2005-01-19,0.0004216785592932
2005-01-20,0.0004203735144312
2005-01-21,0.0004213387699626
2005-01-24,0.0004217524718718
2005-01-25,0.0004219712525667
2005-01-26,0.0004209445585215
2005-01-27,0.0004224196855775
2005-01-28,0.0004219337205329
2005-01-31,0.000423392612859
2005-02-01,0.0004235897435897
2005-02-02,0.0004222222222222
2005-02-03,0.0004233401779603
2005-02-04,0.0004243150684931
2005-02-07,0.000423090099349
2005-02-08,0.0004234728894989
2005-02-09,0.0004248882777586
2005-02-10,0.0004272477693891
2005-02-11,0.0004263139814496
2005-02-14,0.0004279325765393
2005-02-15,0.0004294077134986
2005-02-16,0.000428818244644
2005-02-17,0.0004309810671256
2005-02-18,0.0004316078162495
2005-02-21,0.0004315139031925
2005-02-22,0.0004324324324324
2005-02-23,0.0004337308347529
2005-02-24,0.0004322207084468
2005-02-25,0.000430565010211
2005-02-28,0.000429884275017
2005-03-01,0.000430461329715
2005-03-02,0.0004298275278998
2005-03-03,0.0004271680216802
2005-03-04,0.0004286687095675
2005-03-07,0.0004310580204778
2005-03-08,0.0004298874104401
2005-03-09,0.0004287175989085
2005-03-10,0.0004278895329014
2005-03-11,0.0004285224545766
2005-03-14,0.0004253424657534
2005-03-15,0.0004203494347379
2005-03-16,0.000420205479452
2005-03-17,0.0004198080877313
2005-03-18,0.0004216660953033
2005-03-21,0.0004226945491943
2005-03-22,0.0004228787358296
2005-03-23,0.0004193548387096
2005-03-28,0.000416153319644
2005-03-29,0.0004169804861348
2005-03-30,0.000422602739726
2005-03-31,0.0004226945491943
2005-04-01,0.0004213771839671
2005-04-04,0.0004213771839671
2005-04-05,0.0004219018194301
2005-04-06,0.0004240440923182
2005-04-07,0.0004249654218533
2005-04-08,0.0004267955801104
2005-04-11,0.0004287197231833
2005-04-12,0.0004276816608996
2005-04-13,0.0004286210489753
2005-04-14,0.0004249134948096
2005-04-15,0.0004237931034482
2005-04-18,0.0004228118538938
2005-04-19,0.0004252239834596
2005-04-20,0.0004268965517241
2005-04-21,0.0004281777471581
2005-04-22,0.0004268965517241
2005-04-25,0.0004277835229231
2005-04-26,0.0004273386261649
2005-04-27,0.0004279310344827
2005-04-28,0.0004262633207287
2005-04-29,0.0004261168384879
2005-05-02,0.0004255172413793
2005-05-03,0.0004266482568173
2005-05-04,0.0004281767955801
2005-05-05,0.0004273386261649
2005-05-06,0.0004277337012763
2005-05-09,0.0004283246977547
2005-05-10,0.0004279294849637
2005-05-11,0.0004278314917127
2005-05-12,0.0004260539046302
2005-05-13,0.0004259067357512
2005-05-16,0.0004268377253814
2005-05-17,0.0004272349272349
2005-05-18,0.0004275814275814
2005-05-19,0.0004284228769497
2005-05-20,0.0004281260824385
2005-05-23,0.0004303534303534
2005-05-24,0.0004289674289674
2005-05-26,0.0004294627383015
2005-05-27,0.0004277296360485
2005-05-30,0.0004278779472954
2005-05-31,0.0004276795005202
2005-06-01,0.0004279279279279
2005-06-02,0.0004284228769497
2005-06-03,0.0004284727021423
2005-06-06,0.0004272884283246
2005-06-07,0.0004291637871458
2005-06-08,0.000424723756906
2005-06-09,0.0004245250431778
2005-06-10,0.0004273858921161
2005-06-13,0.0004270833333333
2005-06-14,0.0004291681169509
2005-06-15,0.0004289190128606
2005-06-16,0.0004304105775922
2005-06-17,0.0004307103064066
2005-06-21,0.0004322063436737
2005-06-22,0.0004312630844382
2005-06-23,0.0004314066852367
2005-06-24,0.0004309027777777
2005-06-27,0.0004302526825891
2005-06-28,0.0004291637871458
2005-06-29,0.0004300518134715
2005-06-30,0.0004298579840665
2005-07-01,0.0004300069300069
2005-07-04,0.0004301559792027
2005-07-05,0.0004275814275814
2005-07-06,0.0004283234987851
2005-07-07,0.0004291174426685
2005-07-08,0.00042941791565
2005-07-11,0.0004306136680613
2005-07-12,0.0004305603898364
2005-07-13,0.000429766469153
2005-07-14,0.0004291201117318
2005-07-15,0.0004285714285714
2005-07-18,0.0004319134078212
2005-07-19,0.0004325646401118
2005-07-20,0.0004325646401118
2005-07-21,0.0004323663054875
2005-07-22,0.00043206426825
2005-07-25,0.000432215234102
2005-07-26,0.0004318658280922
2005-07-27,0.0004324607329842
2005-07-28,0.0004331121201536
2005-07-29,0.0004337644180356
2005-08-01,0.0004332167832167
2005-08-02,0.0004337180832458
2005-08-03,0.0004335664335664
2005-08-04,0.0004338106880894
2005-08-05,0.0004338568935427
2005-08-08,0.0004336005576856
2005-08-09,0.0004336930038287
2005-08-10,0.0004330434782608
2005-08-11,0.0004344803614876
2005-08-12,0.0004335761359694
2005-08-16,0.0004359418282548
2005-08-17,0.0004334600760456
2005-08-18,0.0004335519502934
2005-08-19,0.0004334365325077
2005-08-22,0.0004344685242518
2005-08-23,0.0004339752407152
2005-08-24,0.0004337805297557
2005-08-25,0.0004334365325077
2005-08-26,0.0004334822963217
2005-08-29,0.0004339169241331
2005-08-30,0.0004340659340659
2005-08-31,0.0004345585709378
2005-09-01,0.0004353951890034
2005-09-02,0.0004353951890034
2005-09-05,0.0004355005159958
2005-09-06,0.000437908496732
2005-09-07,0.0004388984509466
2005-09-08,0.0004345730027548
2005-09-09,0.0004335279972518
2005-09-12,0.0004340075419952
2005-09-13,0.0004364508393285
2005-09-14,0.0004357656731757
2005-09-15,0.0004354838709677
2005-09-16,0.0004349020954998
2005-09-19,0.0004349020954998
2005-09-20,0.0004354838709677
2005-09-21,0.000436513383665
2005-09-22,0.0004364697802197
2005-09-23,0.0004367697594501
2005-09-26,0.0004371134020618
2005-09-27,0.0004371134020618
2005-09-28,0.0004363636363636
2005-09-29,0.0004367066895368
2005-09-30,0.0004374570446735
2005-10-03,0.0004372636644895
2005-10-04,0.0004371997254632
2005-10-05,0.0004372220321587
2005-10-06,0.0004333901192504
2005-10-07,0.0004364998297582
2005-10-11,0.0004356804333107
2005-10-12,0.0004344013490725
2005-10-13,0.0004356568364611
2005-10-14,0.0004355435880175
2005-10-17,0.0004351633546648
2005-10-18,0.0004385314920848
2005-10-19,0.0004382778338378
2005-10-20,0.0004366197183098
2005-10-21,0.0004372904091213
2005-10-24,0.0004368703828072
2005-10-25,0.000437751004016
2005-10-26,0.0004371457152384
2005-10-27,0.0004367130550033
2005-10-28,0.000436815920398
2005-10-31,0.0004380413057961
2005-11-01,0.0004368315508021
2005-11-02,0.000438044206296
2005-11-03,0.0004366197183098
2005-11-04,0.0004382964453386
2005-11-07,0.0004376051126807
2005-11-08,0.0004384070199122
2005-11-09,0.0004385314920848
2005-11-10,0.000437037037037
2005-11-11,0.0004371418941691
2005-11-14,0.0004381112984822
2005-11-15,0.0004386856368563
2005-11-16,0.0004389830508474
2005-11-17,0.0004390078151546
2005-11-18,0.0004390078151546
2005-11-21,0.0004396053079278
2005-11-22,0.0004390492359932
2005-11-23,0.0004393220338983
2005-11-24,0.0004391069012178
2005-11-25,0.0004402558061258
2005-11-28,0.0004397993311036
2005-11-29,0.0004398521505376
2005-11-30,0.0004399865138233
2005-12-01,0.0004398925453324
2005-12-02,0.0004394498490439
2005-12-05,0.0004396006655574
2005-12-06,0.0004397731064397
2005-12-07,0.0004398395721925
2005-12-09,0.0004396809571286
2005-12-12,0.0004396151293961
2005-12-13,0.0004394141145139
2005-12-14,0.0004392928619079
2005-12-15,0.0004391376451077
2005-12-16,0.0004388797364085
2005-12-19,0.0004370247933884
2005-12-20,0.000437376400791
2005-12-21,0.00043752060666
2005-12-22,0.0004379755210056
2005-12-23,0.0004383063182269
2005-12-26,0.0004383697813121
2005-12-27,0.0004378912685337
2005-12-28,0.0004381578947368
2005-12-29,0.0004372937293729
2005-12-30,0.0004376649076517
2006-01-02,0.0004376237623762
2006-01-03,0.0004384463462804
2006-01-04,0.0004383020730503
2006-01-05,0.0004390163934426
2006-01-06,0.0004388888888888
2006-01-09,0.0004392950391644
2006-01-10,0.0004393195943735
2006-01-11,0.0004398557849885
2006-01-12,0.0004396182954919
2006-01-13,0.0004405271828665
2006-01-16,0.0004405271828665
2006-01-17,0.0004405778069599
2006-01-18,0.0004404722859954
2006-01-19,0.0004405778069599
2006-01-20,0.0004407504937458
2006-01-23,0.0004430546412113
2006-01-24,0.0004402370760619
2006-01-25,0.0004409836065573
2006-01-26,0.0004399738305528
2006-01-27,0.0004409551848217
2006-01-30,0.0004410323423717
2006-01-31,0.0004409654272667
2006-02-01,0.0004410039113428
2006-02-02,0.0004415118931247
2006-02-03,0.0004421258558852
2006-02-06,0.0004424894102313
2006-02-07,0.0004430709173715
2006-02-08,0.0004427083333333
2006-02-09,0.0004432485322896
2006-02-10,0.0004437561134659
2006-02-13,0.0004441186054089
2006-02-14,0.0004431781178769
2006-02-15,0.0004438293715402
2006-02-16,0.0004437561134659
2006-02-17,0.0004436114732724
2006-02-20,0.00044357469015
2006-02-21,0.000443973941368
2006-02-22,0.0004445167588675
2006-02-23,0.0004446974625894
2006-02-24,0.0004452032520325
2006-02-27,0.0004448780487804
2006-02-28,0.0004456733897202
2006-03-01,0.000444589308996
2006-03-02,0.0004431040104336
2006-03-03,0.0004432150992515
2006-03-06,0.0004429639259018
2006-03-07,0.0004431818181818
2006-03-08,0.0004433992864093
2006-03-09,0.0004421018488485
2006-03-10,0.0004419208306294
2006-03-13,0.0004415584415584
2006-03-14,0.0004424577373211
2006-03-15,0.0004423828124999
2006-03-16,0.0004432150992515
2006-03-17,0.0004432150992515
2006-03-20,0.0004430709173715
2006-03-21,0.0004424202992843
2006-03-22,0.0004416260162601
2006-03-23,0.0004413770704774
2006-03-27,0.0004408044112877
2006-03-28,0.0004390006489292
2006-03-29,0.0004366883116883
2006-03-30,0.0004355728659526
2006-03-31,0.0004367293964957
2006-04-03,0.0004353322528363
2006-04-04,0.0004369120986052
2006-04-05,0.0004353896103896
2006-04-06,0.000431633647288
2006-04-07,0.0004235637779941
2006-04-10,0.0004268094774423
2006-04-11,0.0004276893077673
2006-04-12,0.0004275503573749
2006-04-17,0.0004249024707412
2006-04-18,0.0004267100977198
2006-04-19,0.0004276401564537
2006-04-20,0.0004275907159202
2006-04-21,0.0004279176201372
2006-04-24,0.0004286183130948
2006-04-25,0.0004251890825386
2006-04-26,0.0004208621256992
2006-04-27,0.000420170827858
2006-04-28,0.0004209317585301
2006-05-02,0.0004206896551724
2006-05-03,0.0004197896120973
2006-05-04,0.0004202564945741
2006-05-05,0.0004225583689575
2006-05-08,0.0004282894736842
2006-05-09,0.000427490956922
2006-05-10,0.0004286184210526
2006-05-11,0.0004245220830586
2006-05-12,0.0004196310935441
2006-05-15,0.0004117066754357
2006-05-16,0.0004145299145299
2006-05-17,0.0004074803149606
2006-05-18,0.0004092992796332
2006-05-19,0.0004067408376963
2006-05-22,0.0004000651041666
2006-05-23,0.0004013671875
2006-05-24,0.0003939000648929
2006-05-26,0.0003788860103626
2006-05-29,0.0004065648358791
2006-05-30,0.0004009067357512
2006-05-31,0.0004016207455429
2006-06-01,0.0004051948051948
2006-06-02,0.0004085742124066
2006-06-05,0.0004107142857142
2006-06-06,0.0004044761595848
2006-06-07,0.0004026606099935
2006-06-08,0.0003976646123905
2006-06-09,0.0003977936404931
2006-06-12,0.0003933787731256
2006-06-13,0.0003885825494648
2006-06-14,0.000387788242936
2006-06-15,0.000388961038961
2006-06-16,0.0003907112698928
2006-06-20,0.0003898635477582
2006-06-21,0.0003895934959349
2006-06-22,0.0003879142300194
2006-06-23,0.0003836416747809
2006-06-26,0.0003836681788723
2006-06-27,0.0003805825242718
2006-06-28,0.0003788860103626
2006-06-29,0.0003798575129533
2006-06-30,0.0003885288399222
2006-07-03,0.0003886547811993
2006-07-04,0.0003886547811993
2006-07-05,0.0003880790411402
2006-07-06,0.0003930654569021
2006-07-07,0.000397926117952
2006-07-10,0.0004027867790019
2006-07-11,0.0004001297016861
2006-07-12,0.0003983133311709
2006-07-13,0.00039364461738
2006-07-14,0.0003918261433668
2006-07-17,0.0003916288124594
2006-07-18,0.0003935756002595
2006-07-19,0.0003936342968496
2006-07-20,0.0003935756002595
2006-07-21,0.0004052563270603
2006-07-24,0.0004051948051948
2006-07-25,0.0004061078622482
2006-07-26,0.0004066363044892
2006-07-27,0.0004091647708807
2006-07-28,0.0004124146896327
2006-07-31,0.000412109375
2006-08-01,0.0004115923152067
2006-08-02,0.000413220449365
2006-08-03,0.000415309446254
2006-08-04,0.0004187031606386
2006-08-07,0.0004186197916666
2006-08-08,0.0004205729166666
2006-08-09,0.0004235907461713
2006-08-10,0.0004209840338872
2006-08-11,0.0004223380006512
2006-08-14,0.00042081300813
2006-08-15,0.0004237012987012
2006-08-16,0.0004229017566688
2006-08-17,0.0004224025974025
2006-08-18,0.0004224529526281
2006-08-22,0.0004052563270603
2006-08-23,0.0004206092028515
2006-08-24,0.000415289925494
2006-08-25,0.000413001293661
2006-08-28,0.0004171779141104
2006-08-29,0.0004168012924071
2006-08-30,0.0004175008072328
2006-08-31,0.0004175008072328
2006-09-01,0.0004186046511627
2006-09-04,0.000418552036199
2006-09-05,0.0004205939315687
2006-09-06,0.0004202384788913
2006-09-07,0.0004198128428525
2006-09-08,0.0004192196065785
2006-09-11,0.0004150821785368
2006-09-12,0.0004164789185709
2006-09-13,0.0004176603287141
2006-09-14,0.0004177419354838
2006-09-15,0.0004176888315041
2006-09-18,0.0004173660426081
2006-09-19,0.0004165321278656
2006-09-20,0.000417043253712
2006-09-21,0.0004146498870603
2006-09-22,0.0004143272023233
2006-09-25,0.0004132258064516
2006-09-26,0.0004158607350096
2006-09-27,0.0004174725983236
2006-09-28,0.0004178479381443
2006-09-29,0.0004175257731958
2006-10-02,0.0004179825974863
2006-10-03,0.0004172036082474
2006-10-04,0.0004170692431561
2006-10-05,0.0004177133655394
2006-10-06,0.0004175788795878
2006-10-09,0.0004175788795878
2006-10-10,0.0004187318957193
2006-10-11,0.0004191886670959
2006-10-12,0.0004239690721649
2006-10-13,0.0004237834353851
2006-10-17,0.0004238709677419
2006-10-18,0.0004257521837593
2006-10-19,0.0004273227581741
2006-10-20,0.0004275080906148
2006-10-23,0.0004275080906148
2006-10-24,0.0004271844660194
2006-10-25,0.0004277400581959
2006-10-26,0.0004305600517966
2006-10-27,0.0004324499030381
2006-10-30,0.0004314802844214
2006-10-31,0.0004341210747814
2006-11-01,0.0004337544541626
2006-11-02,0.0004352903016542
2006-11-03,0.0004346415828738
2006-11-07,0.0004374390640233
2006-11-08,0.0004392310198761
2006-11-09,0.0004393741851368
2006-11-10,0.0004387222946544
2006-11-13,0.0004388816644993
2006-11-14,0.000439453125
2006-11-15,0.000439700130378
2006-11-16,0.0004376018246985
2006-11-17,0.0004381912817176
2006-11-20,0.0004382314694408
2006-11-21,0.000437987012987
2006-11-22,0.0004373576309794
2006-11-23,0.0004373168349071
2006-11-24,0.0004344715447154
2006-11-27,0.0004301494476933
2006-11-28,0.0004327485380116
2006-11-29,0.0004349381912817
2006-11-30,0.0004357887874837
2006-12-01,0.00043533638145
2006-12-04,0.0004372549019607
2006-12-05,0.0004389525368248
2006-12-06,0.0004386653581943
2006-12-07,0.0004388489208633
2006-12-11,0.0004401960784313
2006-12-12,0.0004397511460379
2006-12-13,0.0004397905759162
2006-12-14,0.0004408109875735
2006-12-15,0.0004432450114491
2006-12-18,0.0004435721295387
2006-12-19,0.0004460431654676
2006-12-20,0.0004479030144167
2006-12-21,0.0004484908136482
2006-12-22,0.0004493464052287
2006-12-26,0.0004491856677524
2006-12-27,0.00044733420026
2006-12-28,0.0004469401041666
2006-12-29,0.0004467668190725
2007-01-02,0.000448986265533
2007-01-03,0.000451781627983
2007-01-04,0.0004514973958333
2007-01-05,0.0004476933073424
2007-01-08,0.0004476933073424
2007-01-09,0.0004463185209211
2007-01-10,0.0004459591041869
2007-01-11,0.00045
2007-01-12,0.0004508276533592
2007-01-15,0.0004507957128937
2007-01-16,0.00045
2007-01-17,0.0004498213705748
2007-01-18,0.0004493835171966
2007-01-19,0.000448152948801
2007-01-22,0.0004444444444444
2007-01-23,0.0004444803098773
2007-01-24,0.0004441214470284
2007-01-25,0.0004435119431891
2007-01-26,0.0004452672247263
2007-01-29,0.0004414414414414
2007-01-30,0.0004435146443514
2007-01-31,0.0004441583521081
2007-02-01,0.0004453754431195
2007-02-02,0.0004465956760245
2007-02-05,0.0004485981308411
2007-02-06,0.0004480980012894
2007-02-07,0.0004477756286266
2007-02-08,0.000447342995169
2007-02-09,0.000448808757244
2007-02-12,0.0004494201030927
2007-02-13,0.0004506769825918
2007-02-14,0.0004509360877985
2007-02-15,0.0004503225806451
2007-02-16,0.0004505636070853
2007-02-19,0.000450531743474
2007-02-20,0.0004503865979381
2007-02-21,0.0004507405022537
2007-02-22,0.0004516752577319
2007-02-23,0.000451030927835
2007-02-26,0.0004527876248791
2007-02-27,0.000448564979039
2007-02-28,0.000448064516129
2007-03-01,0.0004455925088795
2007-03-02,0.0004800648298217
2007-03-05,0.0004464861379754
2007-03-06,0.000450531743474
2007-03-07,0.0004507087628865
2007-03-08,0.0004515297906602
2007-03-09,0.0004526722472633
2007-03-12,0.0004537544311956
2007-03-13,0.0004527571751048
2007-03-14,0.000453518398967
2007-03-15,0.0004548095545513
2007-03-16,0.0004540470815865
2007-03-19,0.000454193548387
2007-03-20,0.0004578896418199
2007-03-21,0.0004603225806451
2007-03-22,0.00046111648919
2007-03-23,0.000460025789813
2007-03-26,0.0004610180412371
2007-03-27,0.0004607211848036
2007-03-28,0.0004629510309278
2007-03-29,0.0004655061250805
2007-03-30,0.000454193548387
2007-04-03,0.0004617865204772
2007-04-04,0.0004612903225806
2007-04-09,0.0004633516306102
2007-04-10,0.0004634776987718
2007-04-11,0.0004645745713361
2007-04-12,0.0004648298217179
2007-04-13,0.0004686084142394
2007-04-16,0.0004677680596047
2007-04-17,0.0004670775218942
2007-04-18,0.0004651539708265
2007-04-19,0.0004689119170984
2007-04-20,0.0004721502590673
2007-04-23,0.0004725916315277
2007-04-24,0.0004719429127473
2007-04-25,0.0004737524303305
2007-04-26,0.0004737694300518
2007-04-27,0.0004734627831715
2007-04-30,0.0004757281553398
2007-05-02,0.0004800648298217
2007-05-03,0.0004805447470817
2007-05-04,0.000484268569575
2007-05-07,0.0004821428571428
2007-05-08,0.0004847402597402
2007-05-09,0.0004904189671971
2007-05-10,0.0004894514767932
2007-05-11,0.0004957792207792
2007-05-14,0.0004996751137102
2007-05-15,0.0005009752925877
2007-05-16,0.0005030874228144
2007-05-17,0.0005043902439024
2007-05-18,0.0005051981806367
2007-05-21,0.0005040650406504
2007-05-22,0.0005116959064327
2007-05-23,0.0005089198832306
2007-05-24,0.000510700389105
2007-05-28,0.0005105416801816
2007-05-29,0.0005196364816617
2007-05-30,0.0005217532467532
2007-05-31,0.0005268118297042
2007-06-01,0.0005292778139232
2007-06-04,0.0005345052083333
2007-06-05,0.0005326616834579
2007-06-06,0.0005312093628088
2007-06-07,0.0005225869353266
2007-06-08,0.0005198309492847
2007-06-11,0.0005232520325203
2007-06-12,0.0005175666883539
2007-06-13,0.0005091086532205
2007-06-14,0.0005133463541666
2007-06-15,0.000523236919077
2007-06-19,0.0005292778139232
2007-06-20,0.0005173757713543
2007-06-21,0.0005223880597014
2007-06-22,0.0005126541207008
2007-06-25,0.0005152399481193
2007-06-26,0.0005074481865284
2007-06-27,0.0005043675186023
2007-06-28,0.0005106796116504
2007-06-29,0.000506951180084
2007-07-02,0.0005105143966353
2007-07-03,0.0005108379165318
2007-07-04,0.0005109961190168
2007-07-05,0.0005072510473735
2007-07-06,0.0005114331723027
2007-07-10,0.0005095069287786
2007-07-11,0.000510158013544
2007-07-12,0.0005116129032258
2007-07-13,0.0005119354838709
2007-07-16,0.0005166075459529
2007-07-17,0.000518864882296
2007-07-18,0.0005180412371134
2007-07-19,0.0005209407216494
2007-07-20,0.0005201923076923
2007-07-23,0.0005243122200895
2007-07-24,0.0005212025316455
2007-07-25,0.0005125786163522
2007-07-26,0.0005025493945188
2007-07-27,0.0005060936497754
2007-07-30,0.0005070422535211
2007-07-31,0.0005120153796859
2007-08-01,0.0005075007979572
2007-08-02,0.0005111536010197
2007-08-03,0.0005085987261146
2007-08-06,0.0005066878980891
2007-08-07,0.0005065265838904
2007-08-08,0.0005116501755505
2007-08-09,0.0005039770919503
2007-08-10,0.0005009529860228
2007-08-13,0.0005
2007-08-14,0.0004941213854464
2007-08-15,0.0004892131979695
2007-08-16,0.0004651898734177
2007-08-17,0.0004733840304182
2007-08-21,0.0004648734177215
2007-08-22,0.0004652777777777
2007-08-23,0.0004679043423536
2007-08-24,0.0004753943217665
2007-08-27,0.0004731861198738
2007-08-28,0.0004658659924146
2007-08-29,0.0004616113744075
2007-08-30,0.0004601013299556
2007-08-31,0.0004626108998732
2007-09-03,0.0004626818469323
2007-09-04,0.0004638230647709
2007-09-05,0.0004639696586599
2007-09-06,0.0004604930467762
2007-09-07,0.0004579380139152
2007-09-10,0.0004552073440962
2007-09-11,0.0004566253574833
2007-09-12,0.0004596748485814
2007-09-13,0.0004675822420951
2007-09-14,0.0004708320051004
2007-09-17,0.0004676236044657
2007-09-18,0.0004722576530612
2007-09-19,0.0004870648355158
2007-09-20,0.0004869343530911
2007-09-21,0.0004931637519872
2007-09-24,0.0004925278219395
2007-09-25,0.0004925325707022
2007-09-26,0.0004952350698856
2007-09-27,0.0004955555555555
2007-09-28,0.0004949206349206
2007-10-01,0.0004976182915211
2007-10-02,0.0004958703939008
2007-10-03,0.0004947635671215
2007-10-04,0.0004960380348652
2007-10-05,0.0004958808618504
2007-10-08,0.0004960430515986
2007-10-09,0.000508378122036
2007-10-10,0.0005053865652724
2007-10-11,0.0005091888466413
2007-10-12,0.0005074437757364
2007-10-16,0.0005009493670886
2007-10-17,0.0004954128440366
2007-10-18,0.0005015812776723
2007-10-19,0.0004995257666772
2007-10-22,0.0004966866519406
2007-10-23,0.0004973211471793
2007-10-24,0.0004919786096256
2007-10-25,0.0004941805599245
2007-10-26,0.0004979501734468
2007-10-29,0.0005007918910357
2007-10-30,0.0005012706480304
2007-10-31,0.0005047740292807
2007-11-01,0.0004984035759897
2007-11-02,0.0004976030680728
2007-11-05,0.0004972869454197
2007-11-07,0.000493282149712
2007-11-08,0.0004920127795527
2007-11-09,0.0004876957494407
2007-11-12,0.0004878671775223
2007-11-13,0.0004893141945773
2007-11-14,0.0004923273657289
2007-11-15,0.0004900768245838
2007-11-16,0.0004904214559386
2007-11-19,0.0004865814696485
2007-11-20,0.0004865900383141
2007-11-21,0.00048072634597
2007-11-22,0.0004807386182744
2007-11-23,0.0004813872096722
2007-11-26,0.0004807508749602
2007-11-27,0.000479365079365
2007-11-28,0.0004836456017783
2007-11-29,0.0004860228716645
2007-11-30,0.0004877583465818
2007-12-03,0.0004880535202293
2007-12-04,0.0004872448979591
2007-12-05,0.000493295019157
2007-12-06,0.0004952137843012
2007-12-07,0.0004958572339069
2007-12-10,0.0004971319311663
2007-12-11,0.0004995221408091
2007-12-12,0.0004985664224275
2007-12-13,0.0004971355824315
2007-12-14,0.0004980903882877
2007-12-17,0.0004984076433121
2007-12-18,0.0004976091807459
2007-12-19,0.0004984035759897
2007-12-20,0.0004996811224489
2007-12-21,0.000502387774594
2007-12-26,0.0005028625954198
2007-12-27,0.0004973007303906
2007-12-28,0.0004976182915211
2007-12-31,0.000495712924738
2008-01-02,0.000495707472178
2008-01-03,0.0004969754855141
2008-01-04,0.0004968152866242
2008-01-07,0.0004974489795918
2008-01-08,0.0004996805111821
2008-01-09,0.0004985618408437
2008-01-10,0.0004992010226909
2008-01-11,0.0005067135549872
2008-01-14,0.0005138667516735
2008-01-15,0.0005125756128621
2008-01-16,0.0005101716465352
2008-01-17,0.0005104761904761
2008-01-18,0.0005053934010152
2008-01-21,0.0005053831538948
2008-01-22,0.0005017421602787
2008-01-23,0.0005006333122229
2008-01-24,0.0005074532191563
2008-01-25,0.0005079365079365
2008-01-28,0.0005087273881307
2008-01-29,0.0005139593908629
2008-01-30,0.0005167934093789
2008-01-31,0.0005174160861304
2008-02-01,0.0005206087507926
2008-02-04,0.0005218492716909
2008-02-05,0.0005189633375474
2008-02-06,0.0005203534237929
2008-02-07,0.0005187756390028
2008-02-08,0.000521300094667
2008-02-11,0.0005236742424242
2008-02-12,0.0005259329538266
2008-02-13,0.0005266159695817
2008-02-14,0.0005275665399239
2008-02-15,0.0005252140818268
2008-02-18,0.0005252140818268
2008-02-19,0.0005275840202916
2008-02-20,0.0005233259282767
2008-02-21,0.0005277689622342
2008-02-22,0.000528032942667
2008-02-25,0.0005297656744775
2008-02-26,0.0005337132003798
2008-02-27,0.0005408486383787
2008-02-28,0.0005432372505543
2008-02-29,0.0005434988927554
2008-03-03,0.0005425767647989
2008-03-04,0.0005385347288296
2008-03-05,0.0005377538071065
2008-03-06,0.0005307545973367
2008-03-07,0.0005269328263624
2008-03-10,0.0005351488283723
2008-03-11,0.0005352157360406
2008-03-12,0.000540926395939
2008-03-13,0.0005381194409148
2008-03-14,0.0005410044500953
2008-03-17,0.0005397077509529
2008-03-18,0.0005510009532888
2008-03-19,0.0005492556224263
2008-03-25,0.0005474383301707
2008-03-26,0.0005509624487219
2008-03-27,0.0005532385466034
2008-03-28,0.0005458570524984
2008-03-31,0.0005464015151515
2008-04-01,0.0005473186119873
2008-04-03,0.0005493046776232
2008-04-04,0.000550742965539
2008-04-07,0.0005514403292181
2008-04-08,0.0005530231085786
2008-04-09,0.0005561886672997
2008-04-10,0.0005576679340937
2008-04-11,0.0005569299080241
2008-04-14,0.0005570703868103
2008-04-15,0.0005552040493514
2008-04-16,0.0005571699305116
2008-04-17,0.0005586380832282
2008-04-18,0.0005611987381703
2008-04-21,0.0005619496855345
2008-04-22,0.0005641106222501
2008-04-23,0.0005671172587236
2008-04-24,0.0005662688442211
2008-04-25,0.0005639571518588
2008-04-28,0.0005658890290037
2008-04-29,0.0005614145879381
2008-04-30,0.000567635903919
2008-05-02,0.0005693568726355
2008-05-05,0.0005696282293635
2008-05-06,0.0005662574756059
2008-05-07,0.0005562185929648
2008-05-08,0.0005609065155807
2008-05-09,0.0005609065155807
2008-05-12,0.0005612212779351
2008-05-13,0.0005617693522906
2008-05-14,0.0005592791653493
2008-05-15,0.0005577348940208
2008-05-16,0.0005610298792116
2008-05-19,0.0005614480787551
2008-05-20,0.0005598726114649
2008-05-21,0.0005611235237791
2008-05-22,0.0005628589661774
2008-05-23,0.0005631780472239
2008-05-26,0.0005630171865054
2008-05-27,0.000564578005115
2008-05-28,0.000566110397946
2008-05-29,0.000575056252009
2008-05-30,0.0005659890287189
2008-06-02,0.0005727243278263
2008-06-03,0.000578552803129
2008-06-04,0.000580351333767
2008-06-05,0.0005854295981705
2008-06-06,0.0005902868318122
2008-06-09,0.000590731070496
2008-06-10,0.0005911908646003
2008-06-11,0.0005880431231623
2008-06-12,0.0005876187356698
2008-06-13,0.0005878289473684
2008-06-17,0.0006039538714991
2008-06-18,0.0006003294892915
2008-06-19,0.0005971673254281
2008-06-20,0.0005978905735003
2008-06-23,0.0005793309042729
2008-06-24,0.000571949602122
2008-06-25,0.0005629555997349
2008-06-26,0.0005348529897588
2008-06-27,0.000526768010575
2008-06-30,0.0005229752066115
2008-07-01,0.0005337524818001
2008-07-02,0.0005619205298013
2008-07-03,0.0005739762219286
2008-07-04,0.0005740251156642
2008-07-07,0.0005710971163407
2008-07-08,0.0005749834107498
2008-07-10,0.0005719019218025
2008-07-11,0.000566181336863
2008-07-14,0.0005684523809523
2008-07-15,0.0005648148148148
2008-07-16,0.0005643989431968
2008-07-17,0.0005699636123056
2008-07-18,0.0005547469401257
2008-07-21,0.0005562169312169
2008-07-22,0.0005580549123387
2008-07-23,0.0005646123260437
2008-07-24,0.0005621478289691
2008-07-25,0.0005596421471172
2008-07-28,0.0005609271523178
2008-07-29,0.0005603305785123
2008-07-30,0.0005545274289491
2008-07-31,0.0005578186596583
2008-08-01,0.0005660749506903
2008-08-04,0.0005645161290322
2008-08-05,0.0005641025641025
2008-08-06,0.000562417871222
2008-08-07,0.000562192320315
2008-08-08,0.0005547182175622
2008-08-11,0.0005440158259149
2008-08-12,0.0005451251646903
2008-08-13,0.0005412541254125
2008-08-14,0.0005371409706173
2008-08-15,0.0005339933993399
2008-08-19,0.0005300528401585
2008-08-20,0.0005310435931307
2008-08-21,0.000537520661157
2008-08-22,0.0005348760330578
2008-08-25,0.0005323859881031
2008-08-26,0.0005287508261731
2008-08-27,0.0005265939874463
2008-08-28,0.0005206475057813
2008-08-29,0.000516501650165
2008-09-01,0.0005165125495376
2008-09-02,0.0005055957867017
2008-09-03,0.0004991768192295
2008-09-04,0.0004911125740618
2008-09-05,0.0004950657894736
2008-09-08,0.0004839344262295
2008-09-09,0.0004838076545632
2008-09-10,0.0004869876382563
2008-09-11,0.0004801948051948
2008-09-12,0.0004879948085658
2008-09-15,0.0004839650145772
2008-09-16,0.0004756058158319
2008-09-17,0.0004615136876006
2008-09-18,0.000457197819814
2008-09-19,0.0004869983948635
2008-09-22,0.0004893548387096
2008-09-23,0.0004749919328815
2008-09-24,0.0004639407598197
2008-09-25,0.0004818503051718
2008-09-26,0.0004788189987163
2008-09-29,0.0004592687620269
2008-09-30,0.0004586921850079
2008-10-01,0.0004661774090619
2008-10-02,0.0004576972010178
2008-10-03,0.0004614168247944
2008-10-06,0.0004441664060056
2008-10-07,0.0004385692068429
2008-10-08,0.0004343779087806
2008-10-09,0.000447539461467
2008-10-10,0.0004314516129032
2008-10-14,0.0004436090225563
2008-10-15,0.0004327704815509
2008-10-16,0.0004386895475819
2008-10-17,0.0004339565741857
2008-10-20,0.0004444444444444
2008-10-21,0.0004353783867953
2008-10-22,0.0004247595408004
2008-10-23,0.0004227342549923
2008-10-24,0.0004203782794386
2008-10-27,0.0004227272727272
2008-10-28,0.000418052256532
2008-10-29,0.0004231454005934
2008-10-30,0.0004230428360413
2008-10-31,0.0004197166469893
2008-11-03,0.0004201358134041
2008-11-04,0.0004267884322678
2008-11-05,0.0004323262839879
2008-11-07,0.0004321136982159
2008-11-10,0.0004363636363636
2008-11-11,0.0004363636363636
2008-11-12,0.0004284417549167
2008-11-13,0.0004283987915407
2008-11-14,0.0004336149668074
2008-11-17,0.0004339565741857
2008-11-18,0.0004293887383318
2008-11-19,0.0004268109407874
2008-11-20,0.0004244517873235
2008-11-21,0.0004236423642364
2008-11-24,0.0004328537170263
2008-11-25,0.0004329341317365
2008-11-26,0.0004324970131421
2008-11-27,0.0004324404761904
2008-11-28,0.0004316632078268
2008-12-01,0.0004315696127697
2008-12-02,0.0004316843345111
2008-12-03,0.0004317981812848
2008-12-04,0.0004307290153935
2008-12-05,0.0004273356401384
2008-12-09,0.0004334788937409
2008-12-10,0.0004336749633967
2008-12-11,0.0004395894428152
2008-12-12,0.0004411335086181
2008-12-15,0.0004441520467836
2008-12-16,0.000450911228689
2008-12-17,0.000460023515579
2008-12-18,0.0004602055800293
2008-12-19,0.0004598946135831
2008-12-22,0.0004601459854014
2008-12-23,0.0004569015725101
2008-12-24,0.0004544395924308
2008-12-26,0.0004517441860465
2008-12-29,0.0004487663280116
2008-12-30,0.0004478563151796
2008-12-31,0.000445120185346
2009-01-02,0.000447946790052
2009-01-05,0.000450014488554
2009-01-06,0.0004555459021141
2009-01-07,0.0004523878437047
2009-01-08,0.0004515942028985
2009-01-09,0.0004514351986082
2009-01-12,0.0004499855030443
2009-01-13,0.0004511735728774
2009-01-14,0.0004468270066647
2009-01-15,0.0004454097885896
2009-01-16,0.0004476273148148
2009-01-19,0.0004476273148148
2009-01-20,0.0004459537572254
2009-01-21,0.0004458213256484
2009-01-22,0.0004443165467625
2009-01-23,0.0004371945961483
2009-01-26,0.0004372306808388
2009-01-27,0.0004319747416762
2009-01-28,0.0004243119266055
2009-01-29,0.0004177905308464
2009-01-30,0.0004122706422018
2009-02-02,0.0004076195932397
2009-02-03,0.0004091428571428
2009-02-04,0.0004055061657585
2009-02-05,0.0004050487664945
2009-02-06,0.0004073436603557
2009-02-09,0.0004075136220246
2009-02-10,0.0004001148105625
2009-02-11,0.0003934097421203
2009-02-12,0.0003978802635348
2009-02-13,0.0003987414187643
2009-02-16,0.0003986273949099
2009-02-17,0.0003909817351598
2009-02-18,0.000391168091168
2009-02-19,0.0003913412563667
2009-02-20,0.0003860938383267
2009-02-23,0.0003881059751972
2009-02-24,0.0003857625211029
2009-02-25,0.0003879043600562
2009-02-26,0.0003906689151208
2009-02-27,0.0003924866834875
2009-03-02,0.0003851707858928
2009-03-03,0.0003849349210744
2009-03-04,0.0003911000552791
2009-03-05,0.0003887355052457
2009-03-06,0.0003916276507849
2009-03-09,0.0003909815782238
2009-03-10,0.0003959307121253
2009-03-11,0.0003989566172432
2009-03-12,0.0004053757542512
2009-03-13,0.0004093150684931
2009-03-16,0.0004194345319791
2009-03-17,0.0004185855263157
2009-03-18,0.0004198577680525
2009-03-19,0.0004277884351877
2009-03-20,0.0004230243368881
2009-03-23,0.0004245052859853
2009-03-25,0.0004145878524945
2009-03-26,0.0004109366540335
2009-03-27,0.0004015069967707
2009-03-30,0.0003898305084745
2009-03-31,0.0003927419354838
2009-04-01,0.0004005926724137
2009-04-03,0.0004147265836491
2009-04-06,0.0004156232988568
2009-04-07,0.0004134458356015
2009-04-08,0.0004150122382376
2009-04-13,0.0004195652173913
2009-04-14,0.0004187058183795
2009-04-15,0.0004218112591786
2009-04-16,0.0004262027724925
2009-04-17,0.0004269815418023
2009-04-20,0.0004209812957441
2009-04-21,0.0004295774647887
2009-04-22,0.0004318181818181
2009-04-23,0.0004344062753583
2009-04-24,0.0004362997024614
2009-04-27,0.0004273758099352
2009-04-28,0.0004292249730893
2009-04-29,0.0004364418167159
2009-04-30,0.0004364566505115
2009-05-04,0.0004387009472259
2009-05-05,0.0004444444444444
2009-05-06,0.0004483966585825
2009-05-07,0.0004512227895726
2009-05-08,0.000454178984144
2009-05-11,0.0004502688172043
2009-05-12,0.0004477291050792
2009-05-13,0.0004440268456375
2009-05-14,0.0004432519452642
2009-05-15,0.0004423283261802
2009-05-18,0.0004453984437885
2009-05-19,0.0004511802575107
2009-05-20,0.000456323687031
2009-05-21,0.0004539614561027
2009-05-22,0.0004535723842654
2009-05-26,0.0004511901577962
2009-05-27,0.0004516992239764
2009-05-28,0.0004599358974358
2009-05-29,0.0004678580954921
2009-06-01,0.0004763684913217
2009-06-02,0.0004846379909163
2009-06-03,0.0004797008547008
2009-06-04,0.0004865081485439
2009-06-05,0.0004854937450093
2009-06-08,0.0004783187017823
2009-06-09,0.0004867021276595
2009-06-10,0.0004877659574468
2009-06-11,0.0004965425531914
2009-06-12,0.0004965462274176
2009-06-16,0.0004912373871481
2009-06-17,0.0004820812317494
2009-06-18,0.0004787685774946
2009-06-19,0.0004725827814569
2009-06-22,0.0004805606982279
2009-06-23,0.000462430793567
2009-06-24,0.0004601793248945
2009-06-25,0.0004616600790513
2009-06-26,0.0004665613480779
2009-06-29,0.0004646437994722
2009-06-30,0.0004669475902027
2009-07-01,0.0004798631218741
2009-07-02,0.0004767166535122
2009-07-03,0.0004793584012621
2009-07-06,0.0004754141467262
2009-07-07,0.0004777923784494
2009-07-08,0.0004724264705882
2009-07-13,0.0004829306722689
2009-07-14,0.000488964792433
2009-07-15,0.0004964539007092
2009-07-16,0.0004946151825584
2009-07-17,0.0004986869747899
2009-07-20,0.0004986869747899
2009-07-21,0.0005039390756302
2009-07-22,0.0005078781512605
2009-07-23,0.0005123424369747
2009-07-24,0.00050406930953
2009-07-27,0.0005020997375328
2009-07-28,0.0004938401048492
2009-07-29,0.000482740585774
2009-07-30,0.000489161661008
2009-07-31,0.0004916449086161
2009-08-03,0.0004979090433873
2009-08-04,0.0005022233847763
2009-08-05,0.0005030065359477
2009-08-06,0.0004981704129639
2009-08-07,0.0004980402403971
2009-08-10,0.0004922956385479
2009-08-11,0.0004891673192377
2009-08-12,0.0004968701095461
2009-08-13,0.0004985665884805
2009-08-14,0.00049609375
2009-08-18,0.0004911596463858
2009-08-19,0.0004955821205821
2009-08-20,0.0004964925954793
2009-08-21,0.0005001299038711
2009-08-24,0.0004992207792207
2009-08-25,0.0004955844155844
2009-08-26,0.0004914241164241
2009-08-27,0.0004927234927234
2009-08-28,0.000490909090909
2009-08-31,0.0004861075045442
2009-09-01,0.00048244473342
2009-09-02,0.0004872594903796
2009-09-03,0.0004945397815912
2009-09-04,0.0004949311151546
2009-09-07,0.0004949337490257
2009-09-08,0.0005001298364061
2009-09-09,0.0004976647638816
2009-09-10,0.0005022060731897
2009-09-11,0.0005023352361183
2009-09-14,0.0005013014055179
2009-09-15,0.0005063951970764
2009-09-16,0.0005109717868338
2009-09-17,0.000509133611691
2009-09-18,0.0005126334983068
2009-09-21,0.0005174661105318
2009-09-22,0.0005207193119624
2009-09-23,0.0005217617930675
2009-09-24,0.0005191555903049
2009-09-25,0.0005221469515372
2009-09-28,0.0005214787815673
2009-09-29,0.0005183450429352
2009-09-30,0.0005222482435597
2009-10-01,0.0005189906347554
2009-10-02,0.0005210718002081
2009-10-05,0.0005195312499999
2009-10-06,0.0005242566510172
2009-10-07,0.0005297339593114
2009-10-08,0.0005390033915992
2009-10-09,0.0005424392791851
2009-10-13,0.0005479738562091
2009-10-14,0.000547619047619
2009-10-15,0.0005417648599109
2009-10-16,0.0005430515571839
2009-10-19,0.0005353218210361
2009-10-20,0.0005208060717089
2009-10-21,0.000528133996336
2009-10-22,0.0005222396650968
2009-10-23,0.000521727748691
2009-10-26,0.0005133507853403
2009-10-27,0.0005060209424083
2009-10-28,0.0004965968586387
2009-10-29,0.0005070680628272
2009-10-30,0.0005011783189316
2009-11-02,0.0005022257135375
2009-11-03,0.0005031430068098
2009-11-04,0.0005099528548978
2009-11-05,0.0005051087241288
2009-11-09,0.0005081236897274
2009-11-10,0.0005072083879423
2009-11-11,0.0005072121688958
2009-11-12,0.0005081279496591
2009-11-13,0.0005089145254326
2009-11-16,0.0005087811271297
2009-11-17,0.0005081279496591
2009-11-18,0.0005128608923884
2009-11-19,0.0005085458848277
2009-11-20,0.0005073684210526
2009-11-23,0.0005088181100289
2009-11-24,0.000506575486586
2009-11-25,0.000506705232711
2009-11-26,0.0005065685759327
2009-11-27,0.0005027566290364
2009-11-30,0.000499606402519
2009-12-01,0.0005026232948583
2009-12-02,0.0005019679874048
2009-12-03,0.000502231556839
2009-12-04,0.0004980299448384
2009-12-07,0.0004984227129337
2009-12-09,0.0004959199789418
2009-12-10,0.0004975006577216
2009-12-11,0.0005011832763607
2009-12-14,0.0005027551823668
2009-12-15,0.0004998688008396
2009-12-16,0.0004989501312335
2009-12-17,0.0004955497382198
2009-12-18,0.0004933123524783
2009-12-21,0.0004910714285714
2009-12-22,0.0004860526315789
2009-12-23,0.0004882740447957
2009-12-24,0.0004889240506329
2009-12-28,0.0004898657541458
2009-12-29,0.0004894172981447
2009-12-30,0.0004892105263157
2009-12-31,0.0004892105263157
2010-01-04,0.0004971037388098
2010-01-05,0.0005027638852329
2010-01-06,0.0005070866141732
2010-01-07,0.0005080368906455
2010-01-08,0.0005084254870984
2010-01-11,0.0005089615181866
2010-01-12,0.0005100158144438
2010-01-13,0.0005069791941006
2010-01-14,0.0005072425599157
2010-01-15,0.0005077692915459
2010-01-18,0.0005077652013687
2010-01-19,0.0005109181794264
2010-01-20,0.000508937960042
2010-01-21,0.0005063025210084
2010-01-22,0.0005080115576569
2010-01-25,0.000510246978455
2010-01-26,0.0005078657577346
2010-01-27,0.0005028841111693
2010-01-28,0.0005017020162346
2010-01-29,0.0005045632333767
2010-02-01,0.0005080813347236
2010-02-02,0.000509394572025
2010-02-03,0.000508085550339
2010-02-04,0.000502473314241
2010-02-05,0.0004979166666666
2010-02-08,0.0004990887789638
2010-02-09,0.0005084569346864
2010-02-10,0.0005102677410969
2010-02-11,0.0005166233766233
2010-02-12,0.0005168655941878
2010-02-15,0.0005165803108808
2010-02-16,0.0005187969924812
2010-02-17,0.0005173755186721
2010-02-18,0.0005178849144634
2010-02-19,0.0005204769310523
2010-02-22,0.0005210975925446
2010-02-23,0.0005181347150259
2010-02-24,0.0005165803108808
2010-02-25,0.0005146410987302
2010-02-26,0.0005190463850738
2010-03-01,0.0005229452942701
2010-03-02,0.0005273670557717
2010-03-03,0.0005188067444876
2010-03-04,0.0005215248962655
2010-03-05,0.0005273386887794
2010-03-08,0.0005270795542886
2010-03-09,0.000529777317452
2010-03-10,0.0005285121824779
2010-03-11,0.0005283752267426
2010-03-12,0.0005264248704663
2010-03-15,0.0005280869790318
2010-03-16,0.0005261522527187
2010-03-17,0.0005282237182806
2010-03-18,0.0005258933195235
2010-03-19,0.0005243271221532
2010-03-22,0.0005243271221532
2010-03-23,0.0005239327296248
2010-03-25,0.0005190069821567
2010-03-26,0.0005161623997931
2010-03-29,0.0005166537567776
2010-03-30,0.0005184516129032
2010-03-31,0.0005206291903042
2010-04-05,0.0005235885537509
2010-04-06,0.0005221649484536
2010-04-07,0.0005183178534571
2010-04-08,0.0005201238390092
2010-04-09,0.0005185758513931
2010-04-12,0.000519597730789
2010-04-13,0.0005150812064965
2010-04-14,0.0005134158926728
2010-04-15,0.0005160123966942
2010-04-16,0.0005135693977772
2010-04-19,0.0005124031007751
2010-04-20,0.0005135623869801
2010-04-21,0.0005133040557995
2010-04-22,0.000511754068716
2010-04-23,0.0005126549586776
2010-04-26,0.0005132971856442
2010-04-27,0.0005092831356369
2010-04-28,0.0005057974748776
2010-04-29,0.0005104300798351
2010-04-30,0.0005110596707818
2010-05-03,0.0005066872427983
2010-05-04,0.0005032092426187
2010-05-05,0.0005008985879332
2010-05-06,0.0004955070603337
2010-05-07,0.0004939666238767
2010-05-10,0.0005032092426187
2010-05-11,0.0005066735112936
2010-05-12,0.0005093709884467
2010-05-13,0.0005121951219512
2010-05-14,0.0005050038491147
2010-05-17,0.0005055085831411
2010-05-18,0.0005044768482987
2010-05-19,0.0005
2010-05-20,0.0004970550576184
2010-05-21,0.0005023041474654
2010-05-26,0.0005065200715929
2010-05-27,0.0005079243353783
2010-05-28,0.0005071428571428
2010-05-31,0.0005069992364469
2010-06-01,0.0005071246819338
2010-06-02,0.0005085350318471
2010-06-03,0.0005104591836734
2010-06-04,0.0005086646279306
2010-06-07,0.0005086690464048
2010-06-08,0.0005099591419816
2010-06-09,0.000515190196579
2010-06-10,0.0005190099515182
2010-06-11,0.0005195003823604
2010-06-14,0.0005198675496688
2010-06-15,0.000521141110545
2010-06-16,0.000523178807947
2010-06-17,0.0005257259296994
2010-06-18,0.0005236882322975
2010-06-22,0.0005293967930771
2010-06-23,0.0005276292335115
2010-06-24,0.0005272264631043
2010-06-25,0.0005264496439471
2010-06-28,0.0005245359776252
2010-06-29,0.0005208545269582
2010-06-30,0.0005263291783261
2010-07-01,0.0005268243071446
2010-07-02,0.0005294865277071
2010-07-05,0.0005298602287166
2010-07-06,0.00052833545108
2010-07-07,0.000524644308943
2010-07-08,0.0005306070612141
2010-07-12,0.0005325203252032
2010-07-13,0.0005340620233858
2010-07-14,0.0005343162175902
2010-07-15,0.0005346886912325
2010-07-16,0.0005325368581596
2010-07-19,0.0005331639135959
2010-07-20,0.0005335536349771
2010-07-21,0.000535587188612
2010-07-22,0.0005368769074262
2010-07-23,0.0005352327651996
2010-07-26,0.0005378942014242
2010-07-27,0.0005405542842613
2010-07-28,0.0005420584498094
2010-07-29,0.0005425450850901
2010-07-30,0.000542385786802
2010-08-02,0.0005457084814626
2010-08-03,0.0005460091509913
2010-08-04,0.0005484363081617
2010-08-05,0.0005499618611746
2010-08-06,0.0005506103763987
2010-08-09,0.0005528992878942
2010-08-10,0.0005527587083651
2010-08-11,0.0005551601423487
2010-08-12,0.0005479277904907
2010-08-13,0.0005443681667937
2010-08-17,0.0005533807829181
2010-08-18,0.0005518292682926
2010-08-19,0.0005501651003302
2010-08-20,0.0005495175215845
2010-08-23,0.0005516628585935
2010-08-24,0.0005502283105022
2010-08-25,0.0005500633713561
2010-08-26,0.0005504563894523
2010-08-27,0.0005502028397565
2010-08-30,0.0005473417721518
2010-08-31,0.0005475949367088
2010-09-01,0.0005518987341772
2010-09-02,0.0005515581454269
2010-09-03,0.0005531051964512
2010-09-06,0.0005540060851926
2010-09-07,0.0005535850012667
2010-09-08,0.0005539787126203
2010-09-09,0.0005543726235741
2010-09-10,0.0005558935361216
2010-09-13,0.0005582573454913
2010-09-14,0.0005586224360597
2010-09-15,0.0005534177215189
2010-09-16,0.0005522917194226
2010-09-17,0.0005542900531511
2010-09-20,0.0005554430379746
2010-09-21,0.0005540369526702
2010-09-22,0.0005546558704453
2010-09-23,0.0005519858335441
2010-09-24,0.0005547979797979
2010-09-27,0.0005545202719717
2010-09-28,0.0005544928265794
2010-09-29,0.0005554994954591
2010-09-30,0.0005547979797979
2010-10-01,0.0005561726836657
2010-10-04,0.0005542929292929
2010-10-05,0.0005555836280949
2010-10-06,0.0005588383838383
2010-10-07,0.0005596260737746
2010-10-08,0.0005596562184024
2010-10-12,0.0005587863463969
2010-10-13,0.000558451417004
2010-10-14,0.000554964539007
2010-10-15,0.0005529709228824
2010-10-18,0.0005526049570055
2010-10-19,0.0005506696992671
2010-10-20,0.0005528044466902
2010-10-21,0.0005497726124305
2010-10-22,0.0005480283114256
2010-10-25,0.0005466498103666
2010-10-26,0.000543456291056
2010-10-28,0.0005446044983573
2010-10-29,0.0005438463482436
2010-11-01,0.0005435716089921
2010-11-02,0.0005421930267812
2010-11-03,0.0005443517816527
2010-11-04,0.000549886334933
2010-11-05,0.0005492673067205
2010-11-08,0.0005457986373959
2010-11-09,0.0005429076224129
2010-11-10,0.0005395102246907
2010-11-11,0.0005381120646138
2010-11-12,0.0005354350567465
2010-11-15,0.0005355163727959
2010-11-16,0.0005310848225522
2010-11-17,0.0005336018122325
2010-11-18,0.0005348603070727
2010-11-19,0.0005328467153284
2010-11-23,0.0005283161339038
2010-11-24,0.0005288195318399
2010-11-25,0.0005288050314465
2010-11-26,0.0005238693467336
2010-11-29,0.0005199498117942
2010-11-30,0.0005142928786359
2010-12-01,0.0005171980918905
2010-12-02,0.0005246231155778
2010-12-03,0.0005309200603318
2010-12-06,0.0005291603821015
2010-12-07,0.0005279034690799
2010-12-09,0.0005240130751822
2010-12-10,0.0005313207547169
2010-12-13,0.0005247923483513
2010-12-14,0.0005269250125817
2010-12-15,0.0005244086562657
2010-12-16,0.0005217610062893
2010-12-17,0.0005211373930548
2010-12-20,0.0005186210367388
2010-12-21,0.0005167379813742
2010-12-22,0.0005203927492447
2010-12-23,0.000516339869281
2010-12-27,0.0005105421686746
2010-12-28,0.00049334338106
2010-12-29,0.0005115635997988
2010-12-30,0.0005221327967806
2010-12-31,0.0005241448692152
2011-01-03,0.0005278127359677
2011-01-04,0.0005270576390636
2011-01-05,0.0005289526686807
2011-01-06,0.0005352467270896
2011-01-07,0.0005361990950226
2011-01-10,0.0005346907993966
2011-01-11,0.0005387129210658
2011-01-12,0.0005359657947686
2011-01-13,0.0005362173038229
2011-01-14,0.000534188034188
2011-01-17,0.0005322945463684
2011-01-18,0.0005385387898568
2011-01-19,0.000543057996485
2011-01-20,0.000540547326136
2011-01-21,0.0005428069294501
2011-01-24,0.000539774153074
2011-01-25,0.0005383458646616
2011-01-26,0.0005365914786967
2011-01-27,0.0005376720901126
2011-01-28,0.0005371157210697
2011-01-31,0.0005356786427145
2011-02-01,0.000539785482664
2011-02-02,0.0005377147124719
2011-02-03,0.0005362391033623
2011-02-04,0.0005342295245207
2011-02-07,0.0005354565812391
2011-02-08,0.0005302464525765
2011-02-09,0.0005292506845904
2011-02-10,0.0005315920398009
2011-02-11,0.0005305818000994
2011-02-14,0.0005274670643798
2011-02-15,0.0005244720496894
2011-02-16,0.0005234899328859
2011-02-17,0.0005295725646123
2011-02-18,0.0005329192546583
2011-02-21,0.0005330188679245
2011-02-22,0.0005275571002979
2011-02-23,0.0005259369570613
2011-02-24,0.0005268123138033
2011-02-25,0.000524447753785
2011-02-28,0.0005240694789081
2011-03-01,0.000521706772513
2011-03-02,0.0005225806451612
2011-03-03,0.0005266815586994
2011-03-04,0.0005277915632754
2011-03-09,0.0005328539548723
2011-03-10,0.0005355991069213
2011-03-11,0.0005347567030784
2011-03-14,0.0005321419707123
2011-03-15,0.0005290034705007
2011-03-16,0.0005284794452699
2011-03-17,0.0005318148056449
2011-03-18,0.0005335479078979
2011-03-21,0.0005340262311309
2011-03-22,0.0005356259277585
2011-03-23,0.0005356259277585
2011-03-28,0.000532393669634
2011-03-29,0.0005302693353101
2011-03-30,0.000533086419753
2011-03-31,0.0005345337937839
2011-04-01,0.0005407005426739
2011-04-04,0.0005407206317867
2011-04-05,0.000544893931919
2011-04-06,0.0005463739516526
2011-04-07,0.000547989143844
2011-04-08,0.0005503703703703
2011-04-11,0.0005503703703703
2011-04-12,0.0005494451294697
2011-04-13,0.0005497782158698
2011-04-14,0.0005542168674698
2011-04-15,0.0005560196560196
2011-04-18,0.0005559646539027
2011-04-19,0.0005591265947006
2011-04-20,0.0005611669526844
2011-04-25,0.000560999510044
2011-04-26,0.0005583047525722
2011-04-27,0.0005632802937576
2011-04-28,0.000565931372549
2011-04-29,0.000565931372549
2011-05-02,0.0005643540083353
2011-05-03,0.0005664541441883
2011-05-04,0.0005668055896052
2011-05-05,0.0005666666666666
2011-05-06,0.0005657926978681
2011-05-09,0.0005585497305242
2011-05-10,0.0005595296423321
2011-05-11,0.0005520450649032
2011-05-12,0.0005556099951004
2011-05-13,0.0005532696546656
2011-05-16,0.0005492164544564
2011-05-17,0.0005478580171358
2011-05-18,0.0005504160548213
2011-05-19,0.0005505260582334
2011-05-20,0.0005509055310817
2011-05-23,0.000547345241008
2011-05-24,0.0005460107684777
2011-05-26,0.0005477239353891
2011-05-27,0.0005531081742535
2011-05-30,0.0005528375733855
2011-05-31,0.0005589242053789
2011-06-01,0.000558327219369
2011-06-02,0.000560391198044
2011-06-03,0.0005606356968215
2011-06-06,0.0005608504398826
2011-06-07,0.0005657380254154
2011-06-08,0.0005645161290322
2011-06-09,0.0005646225262643
2011-06-10,0.0005625610948191
2011-06-13,0.0005613391984359
2011-06-14,0.0005646225262643
2011-06-15,0.0005586223742061
2011-06-16,0.000557645334636
2011-06-17,0.0005579975579975
2011-06-21,0.000561737432894
2011-06-22,0.000561844352281
2011-06-23,0.0005594047328616
2011-06-24,0.0005575609756097
2011-06-27,0.0005658215504631
2011-06-28,0.0005611598440545
2011-06-29,0.0005620437956204
2011-06-30,0.0005647201946472
2011-07-01,0.0005673965936739
2011-07-04,0.0005679222357229
2011-07-05,0.0005653547133138
2011-07-06,0.0005662943176299
2011-07-07,0.0005678233438485
2011-07-08,0.0005680660033972
2011-07-11,0.0005650169820475
2011-07-12,0.0005669577874818
2011-07-13,0.000568898592916
2011-07-14,0.0005718098010674
2011-07-15,0.000568898592916
2011-07-18,0.0005690406976744
2011-07-19,0.0005691489361702
2011-07-20,0.0005684235976789
2011-07-21,0.0005701860352742
2011-07-22,0.0005694612225175
2011-07-25,0.0005668681983071
2011-07-26,0.0005685279187817
2011-07-27,0.0005659739004349
2011-07-28,0.0005642201834862
2011-07-29,0.0005623642943305
2011-08-01,0.000565710151917
2011-08-02,0.0005646094503375
2011-08-03,0.0005646832088653
2011-08-04,0.0005600770527329
2011-08-05,0.0005587102983638
2011-08-08,0.0005510351468464
2011-08-09,0.000551840269425
2011-08-10,0.0005568919894154
2011-08-11,0.0005587881702332
2011-08-12,0.0005598845598845
2011-08-15,0.0005611631819274
2011-08-16,0.0005632957002161
2011-08-17,0.0005661147108231
2011-08-18,0.0005626647495806
2011-08-19,0.000560794638583
2011-08-23,0.000559034416826
2011-08-24,0.0005597228858098
2011-08-25,0.0005584229390681
2011-08-26,0.000557361376673
2011-08-29,0.0005596943648519
2011-08-30,0.0005597139451728
2011-08-31,0.0005623809523809
2011-09-01,0.0005620265151515
2011-09-02,0.0005609233698238
2011-09-05,0.0005591730038022
2011-09-06,0.00055822243346
2011-09-07,0.0005585928214879
2011-09-08,0.0005590195145168
2011-09-09,0.0005560314061384
2011-09-12,0.0005492388201712
2011-09-13,0.000551617507136
2011-09-14,0.0005473358705994
2011-09-15,0.0005491082045184
2011-09-16,0.0005491082045184
2011-09-19,0.000538644470868
2011-09-20,0.0005377088305489
2011-09-21,0.0005335402243972
2011-09-22,0.0005235714285714
2011-09-23,0.0005253269916765
2011-09-26,0.0005236623067776
2011-09-27,0.0005296076099881
2011-09-28,0.0005215219976218
2011-09-29,0.0005215219976218
2011-09-30,0.0005177170035671
2011-10-03,0.0005098692033293
2011-10-04,0.0005039239001189
2011-10-05,0.0005098645115284
2011-10-06,0.0005137767220902
2011-10-07,0.000516864608076
2011-10-11,0.0005222037520778
2011-10-12,0.0005274281643315
2011-10-13,0.000525990980299
2011-10-14,0.0005301233396584
2011-10-17,0.0005137767220902
2011-10-18,0.0005254437869822
2011-10-19,0.0005256198347107
2011-10-20,0.0005239669421487
2011-10-21,0.000528453364817
2011-10-24,0.0005342304060434
2011-10-25,0.0005325779036827
2011-10-26,0.000532105760151
2011-10-27,0.000537299338999
2011-10-28,0.0005370632672332
2011-10-31,0.0005358829084041
2011-11-01,0.0005286489035604
2011-11-02,0.0005244705882352
2011-11-03,0.0005249411764705
2011-11-04,0.0005232612781954
2011-11-07,0.0005230046948356
2011-11-08,0.0005232394366197
2011-11-09,0.0005225352112676
2011-11-10,0.0005224020642739
2011-11-11,0.0005231741573033
2011-11-14,0.0005223391812865
2011-11-15,0.0005221674876847
2011-11-16,0.0005245478036175
2011-11-17,0.0005209116541353
2011-11-18,0.0005224336387127
2011-11-21,0.0005185533114138
2011-11-22,0.0005212491195116
2011-11-23,0.0005167879783986
2011-11-24,0.0005174759558996
2011-11-25,0.0005111423879896
2011-11-29,0.0005092397660818
2011-11-30,0.0005127306704041
2011-12-01,0.000513778608127
2011-12-02,0.0005152930189119
2011-12-05,0.0005165655622958
2011-12-06,0.0005172978027115
2011-12-07,0.0005198690977092
2011-12-12,0.0005178780088805
2011-12-13,0.0005183454078055
2011-12-14,0.0005160009343611
2011-12-15,0.000516573295985
2011-12-16,0.0005151515151515
2011-12-19,0.0005167832167832
2011-12-20,0.000517008387698
2011-12-21,0.0005177073625349
2011-12-22,0.0005200372786579
2011-12-23,0.0005212022367194
2011-12-27,0.0005202419730107
2011-12-28,0.0005151233131689
2011-12-29,0.0005154543341854
2011-12-30,0.0005157992565055
2012-01-03,0.0005243959107806
2012-01-04,0.0005301904319554
2012-01-05,0.0005316631871955
2012-01-06,0.0005318508223303
2012-01-09,0.0005317570700046
2012-01-10,0.0005374449339207
2012-01-11,0.0005405844155844
2012-01-12,0.0005440630797773
2012-01-13,0.0005431354359925
2012-01-16,0.0005418114431318
2012-01-17,0.000544233441408
2012-01-18,0.0005486111111111
2012-01-19,0.0005477898634575
2012-01-20,0.0005482303955586
2012-01-23,0.0005512939001848
2012-01-24,0.0005512228887863
2012-01-25,0.0005516366989396
2012-01-26,0.0005523523985239
2012-01-27,0.0005534025374855
2012-01-30,0.0005501730103806
2012-01-31,0.00055245561448
2012-02-01,0.0005556068297185
2012-02-02,0.0005573505654281
2012-02-03,0.000560350796215
2012-02-06,0.0005594276482806
2012-02-07,0.0005610880590133
2012-02-08,0.0005619530170428
2012-02-09,0.0005628163828808
2012-02-10,0.000560414269275
2012-02-13,0.0005623561895996
2012-02-14,0.000558519199816
2012-02-15,0.0005568834750632
2012-02-16,0.0005603032391454
2012-02-17,0.0005622416169039
2012-02-22,0.0005610932475884
2012-02-23,0.0005629306384933
2012-02-24,0.0005630309988518
2012-02-28,0.0005658861340679
2012-02-29,0.0005659857700252
2012-03-01,0.0005651173492867
2012-03-02,0.0005637831603229
2012-03-05,0.0005642445213379
2012-03-06,0.0005615774907749
2012-03-07,0.0005653677657366
2012-03-08,0.0005664899746485
2012-03-09,0.0005673497582316
2012-03-12,0.000566927322907
2012-03-13,0.0005688031242821
2012-03-14,0.0005669038329125
2012-03-15,0.0005680147058823
2012-03-16,0.0005683486238532
2012-03-19,0.0005681870272748
2012-03-20,0.0005688430698739
2012-03-21,0.0005683535607968
2012-03-22,0.0005680256527714
2012-03-23,0.000568093385214
2012-03-26,0.0005679322964318
2012-03-27,0.0005668877201006
2012-03-28,0.000563557384545
2012-03-29,0.0005581448480694
2012-03-30,0.0005590317424069
2012-04-03,0.0005652670013692
2012-04-04,0.0005640382862351
2012-04-09,0.0005606751824817
2012-04-10,0.0005574817518248
2012-04-11,0.0005592255125284
2012-04-12,0.0005626848691695
2012-04-13,0.0005632680928538
2012-04-16,0.000563040509786
2012-04-17,0.0005649306345235
2012-04-18,0.0005633802816901
2012-04-19,0.0005638056312443
2012-04-20,0.0005646845211075
2012-04-23,0.0005651384475714
2012-04-24,0.0005651779641804
2012-04-25,0.0005675124603534
2012-04-26,0.0005675124603534
2012-04-27,0.0005666742132669
2012-05-02,0.0005691369182105
2012-05-03,0.0005693315266485
2012-05-04,0.0005686540198735
2012-05-07,0.000569754338517
2012-05-08,0.0005662460567823
2012-05-09,0.0005657657657657
2012-05-10,0.0005672448749718
2012-05-11,0.0005673423423423
2012-05-14,0.0005644834571235
2012-05-15,0.0005598829356145
2012-05-16,0.000557229592984
2012-05-17,0.00055358346439
2012-05-18,0.0005485534873289
2012-05-21,0.0005464725643896
2012-05-22,0.000547448522829
2012-05-23,0.0005421794584918
2012-05-24,0.0005429530201342
2012-05-28,0.0005471613768439
2012-05-29,0.0005510067114093
2012-05-30,0.0005475285171102
2012-05-31,0.0005470811898904
2012-06-01,0.0005461865354506
2012-06-04,0.0005502905677246
2012-06-05,0.0005579839429081
2012-06-06,0.0005609430604982
2012-06-07,0.0005651204281891
2012-06-08,0.000562862238074
2012-06-11,0.0005630289532293
2012-06-12,0.0005625835189309
2012-06-13,0.000560552092609
2012-06-14,0.0005581757508342
2012-06-15,0.0005604982206405
2012-06-16,0.0005495554109737
2012-06-18,0.0005586666666666
2012-06-19,0.0005647346213635
2012-06-21,0.0005625554569653
2012-06-22,0.0005582890070921
2012-06-25,0.0005547186530793
2012-06-26,0.0005547930042063
2012-06-27,0.0005568835768038
2012-06-28,0.0005536148573955
2012-06-29,0.0005606361829025
2012-07-02,0.0005617679558011
2012-07-03,0.0005650828729281
2012-07-04,0.0005659377070907
2012-07-05,0.0005631346578366
2012-07-06,0.000560308710033
2012-07-10,0.0005597179374173
2012-07-11,0.0005602290244439
2012-07-12,0.0005593928728552
2012-07-13,0.0005630085770837
2012-07-16,0.0005619089509566
2012-07-17,0.0005617311072056
2012-07-18,0.0005630897520298
2012-07-19,0.0005620614035087
2012-07-20,0.0005617879053461
2012-07-23,0.0005589586523736
2012-07-24,0.0005545593702164
2012-07-25,0.0005560175054704
2012-07-26,0.0005581547879317
2012-07-27,0.00055807860262
2012-07-30,0.0005585152838427
2012-07-31,0.0005579062159214
2012-08-01,0.0005596250272509
2012-08-02,0.000558438726559
2012-08-03,0.0005595990411854
2012-08-06,0.0005592334494773
2012-08-07,0.0005597388465723
2012-08-08,0.0005595911265767
2012-08-09,0.0005591304347826
2012-08-10,0.000558574222995
2012-08-13,0.000557437567861
2012-08-14,0.0005544941380807
2012-08-15,0.0005501302083333
2012-08-16,0.0005495554109737
2012-08-17,0.000549610051993
2012-08-21,0.0005513209181463
2012-08-22,0.0005515597920277
2012-08-23,0.0005527398743773
2012-08-24,0.0005511351351351
2012-08-27,0.000548498595809
2012-08-28,0.000546986390149
2012-08-29,0.000546338302009
2012-08-30,0.0005465141377077
2012-08-31,0.0005478654592496
2012-09-03,0.0005492138703424
2012-09-04,0.0005478597547859
2012-09-05,0.0005524505588993
2012-09-06,0.0005553168635875
2012-09-07,0.0005554602016734
2012-09-10,0.0005563183866123
2012-09-11,0.0005564377682403
2012-09-12,0.000555031109204
2012-09-13,0.0005575562700964
2012-09-14,0.0005574823378291
2012-09-17,0.0005558408215661
2012-09-18,0.0005567671584348
2012-09-19,0.0005565050202948
2012-09-20,0.0005573595385601
2012-09-21,0.0005561246265471
2012-09-25,0.0005564086159095
2012-09-26,0.000556289978678
2012-09-27,0.0005558397271952
2012-09-28,0.0005554609325101
2012-10-01,0.0005554373270908
2012-10-02,0.0005559574468085
2012-10-03,0.000554752285775
2012-10-04,0.0005571610709732
2012-10-05,0.0005568061159481
2012-10-09,0.0005559091873541
2012-10-10,0.0005554612937433
2012-10-11,0.000555720338983
2012-10-12,0.0005564260004234
2012-10-15,0.0005561667019251
2012-10-16,0.0005556964700908
2012-10-17,0.0005562130177514
2012-10-18,0.0005567053854276
2012-10-19,0.0005559307724778
2012-10-22,0.000552931252636
2012-10-23,0.0005507063040269
2012-10-24,0.000550547598989
2012-10-25,0.0005500841750841
2012-10-26,0.000547138047138
2012-10-29,0.0005463527433256
2012-10-30,0.0005460844005878
2012-10-31,0.0005457406630297
2012-11-01,0.0005480083857442
2012-11-02,0.0005474942335919
2012-11-05,0.0005465408805031
2012-11-07,0.000551572327044
2012-11-08,0.0005523669878508
2012-11-12,0.0005508881922675
2012-11-13,0.0005502822496341
2012-11-14,0.00054940463756
2012-11-15,0.0005479766374634
2012-11-16,0.0005483333333333
2012-11-19,0.000549843912591
2012-11-20,0.0005506552943623
2012-11-21,0.0005508720930232
2012-11-22,0.0005506945884304
2012-11-23,0.0005483603154836
2012-11-27,0.0005480928689883
2012-11-28,0.0005484472049689
2012-11-29,0.0005508176361001
2012-11-30,0.0005510541546093
2012-12-03,0.0005508054522924
2012-12-04,0.0005514751392613
2012-12-05,0.0005520511234796
2012-12-06,0.0005555784273363
2012-12-07,0.0005566522722599
2012-12-10,0.0005558297347316
2012-12-11,0.0005554642563681
2012-12-12,0.0005570607553366
2012-12-13,0.0005566270004103
2012-12-14,0.0005565805658056
2012-12-17,0.0005567158067158
2012-12-18,0.0005575782368582
2012-12-19,0.0005582107843137
2012-12-20,0.0005591836734693
2012-12-21,0.0005628950050968
2012-12-26,0.0005641547861507
2012-12-27,0.0005638102992061
2012-12-28,0.000567969067969
2012-12-31,0.0005658804392029
2013-01-02,0.0005671065989847
2013-01-03,0.0005672823218997
2013-01-04,0.0005645554202192
2013-01-07,0.0005647941593997
2013-01-08,0.0005646796431467
2013-01-09,0.0005654376012965
2013-01-10,0.0005671188499696
2013-01-11,0.000566976932416
2013-01-14,0.0005685720056554
2013-01-15,0.0005649626187108
2013-01-16,0.0005636620856911
2013-01-17,0.0005662626262626
2013-01-18,0.0005651383558876
2013-01-21,0.0005661557079467
2013-01-22,0.0005624369578374
2013-01-23,0.0005616438356164
2013-01-24,0.000561958492847
2013-01-25,0.0005617321248741
2013-01-28,0.0005618587809293
2013-01-29,0.0005637057877813
2013-01-30,0.0005626757734029
2013-02-01,0.0005630892678034
2013-02-04,0.0005595023078466
2013-02-05,0.0005595906902086
2013-02-06,0.0005582514537798
2013-02-07,0.0005579579579579
2013-02-08,0.0005590472377902
2013-02-13,0.000562350119904
2013-02-14,0.0005607513988808
2013-02-15,0.0005595689483137
2013-02-18,0.000558144165671
2013-02-19,0.000558343289526
2013-02-21,0.0005557764963213
2013-02-22,0.0005558648111332
2013-02-25,0.0005518474374255
2013-02-26,0.0005500198491464
2013-02-27,0.0005513888888888
2013-02-28,0.0005515259611573
2013-03-01,0.0005515943751237
2013-03-04,0.0005514444004748
2013-03-05,0.0005525014830927
2013-03-06,0.0005532503457814
2013-03-07,0.0005548094015405
2013-03-08,0.0005551826258637
2013-03-11,0.0005548768472906
2013-03-12,0.000555533674675
2013-03-13,0.0005562992125984
2013-03-14,0.000556145526057
2013-03-15,0.0005536135113904
2013-03-18,0.0005529827315541
2013-03-19,0.0005520015698587
2013-03-20,0.0005499509322865
2013-03-21,0.0005494806976288
2013-03-22,0.0005469667318982
2013-03-25,0.0005467161845191
2013-03-26,0.0005460937499999
2013-03-27,0.0005478328777821
2013-04-03,0.0005493177387914
2013-04-04,0.0005492793143747
2013-04-05,0.0005469419555901
2013-04-08,0.0005503604130138
2013-04-09,0.0005509051975861
2013-04-10,0.0005496108949416
2013-04-11,0.0005483181022749
2013-04-12,0.0005476791610021
2013-04-15,0.0005452251552795
2013-04-16,0.0005452958292919
2013-04-17,0.0005407292474786
2013-04-18,0.0005431285132777
2013-04-19,0.0005443454686289
2013-04-22,0.0005436423456551
2013-04-23,0.0005440835266821
2013-04-24,0.0005445410628019
2013-04-25,0.0005461047747921
2013-04-26,0.000545191193511
2013-04-29,0.0005472972972972
2013-04-30,0.0005479082321187
2013-05-02,0.0005440015405353
2013-05-03,0.0005451048278515
2013-05-06,0.0005466589861751
2013-05-07,0.0005474088291746
2013-05-08,0.0005462217107786
2013-05-09,0.0005464470407967
2013-05-10,0.0005452285331803
2013-05-13,0.000545385056373
2013-05-14,0.0005436485195797
2013-05-15,0.0005421364418115
2013-05-16,0.0005434741066309
2013-05-17,0.0005429717341482
2013-05-20,0.0005426120114394
2013-05-21,0.0005415396341463
2013-05-22,0.0005387250237868
2013-05-23,0.0005360060801824
2013-05-24,0.0005322825674135
2013-05-27,0.0005299810246679
2013-05-28,0.0005267552182163
2013-05-29,0.0005284306292645
2013-05-30,0.0005291666666666
2013-05-31,0.0005255488266464
2013-06-03,0.0005256289010781
2013-06-04,0.0005278880695783
2013-06-05,0.0005263655263655
2013-06-06,0.0005249952839086
2013-06-07,0.0005284905660377
2013-06-10,0.0005285579641847
2013-06-11,0.0005250470809792
2013-06-12,0.0005268898081985
2013-06-13,0.0005286277454477
2013-06-14,0.0005313320825515
2013-06-17,0.0005300730747611
2013-06-18,0.0005251825500842
2013-06-19,0.0005273882968779
2013-06-24,0.0005152928011935
2013-06-25,0.0005195822454308
2013-06-26,0.0005180633147113
2013-06-27,0.0005199925609075
2013-06-28,0.0005200445434298
2013-07-01,0.0005204081632653
2013-07-02,0.0005224323322209
2013-07-03,0.000522415709522
2013-07-04,0.0005230427540255
2013-07-05,0.0005185048112509
2013-07-08,0.0005192307692307
2013-07-10,0.0005211527803436
2013-07-11,0.0005235283262594
2013-07-12,0.0005250645042388
2013-07-15,0.0005299318474857
2013-07-16,0.000531922723091
2013-07-17,0.0005330882352941
2013-07-18,0.0005304587155963
2013-07-19,0.0005313072134749
2013-07-22,0.0005314045046694
2013-07-23,0.0005294763822775
2013-07-24,0.000528550512445
2013-07-25,0.0005297445255474
2013-07-26,0.0005303776683087
2013-07-29,0.0005295723384895
2013-07-30,0.0005288129431012
2013-07-31,0.0005278837420526
2013-08-01,0.0005265831972418
2013-08-02,0.0005292837715321
2013-08-05,0.0005308820865785
2013-08-06,0.000532018813314
2013-08-07,0.000532007233273
2013-08-08,0.0005328519855595
2013-08-09,0.0005339227715626
2013-08-12,0.0005329610951008
2013-08-13,0.0005312837108953
2013-08-14,0.0005290948275862
2013-08-15,0.00052590069905
2013-08-16,0.0005231622250044
2013-08-20,0.0005204647006255
2013-08-21,0.0005191861502766
2013-08-22,0.0005220876380477
2013-08-23,0.0005216927453769
2013-08-26,0.0005191761363636
2013-08-27,0.0005158603579656
2013-08-28,0.0005157522123893
2013-08-29,0.0005151033386327
2013-08-30,0.0005172778561354
2013-09-03,0.0005142355008787
2013-09-04,0.0005154331813398
2013-09-05,0.0005111423056676
2013-09-06,0.0005127170671811
2013-09-09,0.0005143758765778
2013-09-10,0.000516456582633
2013-09-11,0.0005208879566509
2013-09-12,0.0005206293706293
2013-09-13,0.00052
2013-09-16,0.0005209351011863
2013-09-17,0.0005221177290142
2013-09-18,0.0005244305338202
2013-09-19,0.0005310871830496
2013-09-20,0.0005273390036452
2013-09-23,0.0005286778721192
2013-09-24,0.0005290244325073
2013-09-25,0.0005281580315369
2013-09-26,0.0005255878284923
2013-09-27,0.0005233160621761
2013-09-30,0.0005245986535473
2013-10-01,0.0005282758620689
2013-10-02,0.0005295536791314
2013-10-03,0.000529593943565
2013-10-04,0.0005300189231033
2013-10-07,0.0005299776670675
2013-10-08,0.0005291995877705
2013-10-09,0.0005285935085007
2013-10-10,0.0005301080802882
2013-10-11,0.0005317215363511
2013-10-15,0.000531175059952
2013-10-16,0.0005307310392056
2013-10-17,0.0005325585370022
2013-10-18,0.0005316023231978
2013-10-21,0.0005307062436028
2013-10-22,0.000531980214907
2013-10-23,0.0005312073669849
2013-10-24,0.0005315161839863
2013-10-25,0.0005312606184165
2013-10-28,0.000530549898167
2013-10-29,0.0005308788598574
2013-10-30,0.0005310648383274
2013-10-31,0.0005285859269282
2013-11-01,0.0005253751475299
2013-11-04,0.0005253239104829
2013-11-05,0.0005209068010075
2013-11-07,0.0005185060565275
2013-11-08,0.0005199530516431
2013-11-11,0.0005200066968022
2013-11-12,0.0005169009370816
2013-11-13,0.0005171490714405
2013-11-15,0.0005216013344453
2013-11-18,0.0005214856762158
2013-11-19,0.0005207815863553
2013-11-20,0.0005186900430036
2013-11-21,0.0005180722891566
2013-11-22,0.0005184149950674
2013-11-26,0.0005191140278917
2013-11-27,0.000518985270049
2013-11-28,0.0005195886385896
2013-11-29,0.000517668132226
2013-12-02,0.0005170509905813
2013-12-03,0.0005143227059394
2013-12-04,0.0005130687318489
2013-12-05,0.0005155798265338
2013-12-06,0.0005174623518103
2013-12-09,0.0005170427268362
2013-12-10,0.0005170817369093
2013-12-11,0.0005174446391588
2013-12-12,0.0005171974522292
2013-12-13,0.0005175703609476
2013-12-16,0.0005170229612034
2013-12-17,0.00051468730259
2013-12-18,0.0005147381624333
2013-12-19,0.0005160231358449
2013-12-20,0.0005171232876712
2013-12-23,0.0005194099378881
2013-12-26,0.0005212420824965
2013-12-27,0.000518256046834
2013-12-30,0.0005189388130654
2013-12-31,0.0005180187087869
2014-01-02,0.0005153552330022
2014-01-03,0.0005160945842868
2014-01-06,0.0005159969673995
2014-01-07,0.000518490451652
2014-01-08,0.0005168811506434
2014-01-09,0.0005175067914277
2014-01-10,0.0005195078031212
2014-01-13,0.0005187453323375
2014-01-14,0.0005159463487332
2014-01-15,0.0005147298297557
2014-01-16,0.0005129908473575
2014-01-17,0.00050904810946
2014-01-20,0.0005072527472527
2014-01-21,0.0005035584604212
2014-01-22,0.0005029411764705
2014-01-23,0.0005006451612903
2014-01-24,0.0005015
2014-01-27,0.0004980024968789
2014-01-28,0.0004993757802746
2014-01-29,0.0004980637101811
2014-01-30,0.0004973175296319
2014-01-31,0.0004960049937578
2014-02-03,0.0004885696439725
2014-02-04,0.0004912565575818
2014-02-05,0.0004879746835443
2014-02-06,0.0004894670050761
2014-02-07,0.0004883928571428
2014-02-10,0.0004875959079283
2014-02-11,0.0004907810499359
2014-02-12,0.0004925048046124
2014-02-13,0.0004925564681724
2014-02-14,0.0004958123953098
2014-02-17,0.000495618556701
2014-02-18,0.0004928562234521
2014-02-19,0.0004879835496722
2014-02-20,0.0004891248720573
2014-02-21,0.0004891013384321
2014-02-24,0.0004894971355824
2014-02-25,0.0004893887406277
2014-02-26,0.0004864864864864
2014-02-27,0.0004869874317633
2014-02-28,0.0004886969773939
2014-03-05,0.0004902284263959
2014-03-06,0.0004920594587727
2014-03-07,0.0004910316753593
2014-03-10,0.000489886782852
2014-03-11,0.0004890724269377
2014-03-12,0.0004886378062714
2014-03-13,0.0004884015718088
2014-03-14,0.0004898734177215
2014-03-17,0.0004917929292929
2014-03-18,0.0004924585218702
2014-03-19,0.0004976738337734
2014-03-20,0.0005016949152542
2014-03-21,0.0005013794833207
2014-03-25,0.0005054341036851
2014-03-26,0.0005071866016747
2014-03-27,0.000509125
2014-03-28,0.0005089341496938
2014-03-31,0.000507248187953
2014-04-01,0.0005103724068982
2014-04-03,0.0005085
2014-04-04,0.000512625
2014-04-07,0.000517060367454
2014-04-08,0.0005173103362079
2014-04-09,0.00051875
2014-04-10,0.0005215
2014-04-11,0.00051875
2014-04-14,0.0005194350706161
2014-04-15,0.000516875
2014-04-16,0.0005186851643544
2014-04-21,0.000521125
2014-04-22,0.000517185351831
2014-04-23,0.000517625
2014-04-24,0.0005160604924384
2014-04-25,0.00051475
2014-04-28,0.0005159355080614
2014-04-29,0.00051712071982
2014-04-30,0.0005163709072731
2014-05-05,0.0005195600549931
2014-05-06,0.00052125
2014-05-07,0.0005234345706786
2014-05-08,0.0005261184703824
2014-05-09,0.000525296689569
2014-05-12,0.0005231556609661
2014-05-13,0.0005197606283505
2014-05-14,0.0005201592832254
2014-05-15,0.0005192450956046
2014-05-16,0.0005194934194189
2014-05-19,0.0005211617227255
2014-05-20,0.0005204714640198
2014-05-21,0.0005235673530141
2014-05-22,0.0005249906982512
2014-05-23,0.0005235615079365
2014-05-26,0.0005234316885693
2014-05-27,0.000521744517408
2014-05-28,0.0005237800346792
2014-05-29,0.0005245820433436
2014-05-30,0.000527103960396
2014-06-02,0.0005254174397031
2014-06-03,0.000526991970352
2014-06-04,0.0005267702936096
2014-06-05,0.0005286592865928
2014-06-06,0.0005311193111931
2014-06-09,0.000530381303813
2014-06-10,0.0005311193111931
2014-06-11,0.0005310616311969
2014-06-12,0.0005336449747816
2014-06-13,0.0005314883148831
2014-06-16,0.0005293394021404
2014-06-17,0.0005258949440275
2014-06-18,0.0005291512915129
2014-06-19,0.0005312423124231
2014-06-23,0.000530750307503
2014-06-24,0.0005291512915129
2014-06-25,0.0005316035415641
2014-06-26,0.0005307427447122
2014-06-27,0.0005318494835218
2014-06-30,0.0005326447805237
2014-07-01,0.0005374308543331
2014-07-02,0.0005384615384615
2014-07-03,0.0005422708282133
2014-07-04,0.0005415335463258
2014-07-07,0.0005390663390663
2014-07-08,0.0005391133488886
2014-07-10,0.0005387920451755
2014-07-11,0.0005383388541283
2014-07-14,0.0005374233128834
2014-07-15,0.0005352147239263
2014-07-16,0.0005354427274957
2014-07-17,0.0005333496812162
2014-07-18,0.0005350490196078
2014-07-21,0.0005386029411764
2014-07-22,0.0005417585108988
2014-07-23,0.0005414371404088
2014-07-24,0.0005416513761467
2014-07-25,0.0005405967229151
2014-07-28,0.0005405669599217
2014-07-29,0.0005379638671875
2014-07-30,0.000531642482624
2014-07-31,0.0005329355899184
2014-08-01,0.0005330257406508
2014-08-04,0.000531234866828
2014-08-05,0.0005281809385582
2014-08-06,0.0005302938686661
2014-08-07,0.000528117063732
2014-08-08,0.0005291984040623
2014-08-11,0.0005314389359129
2014-08-12,0.0005330029013539
2014-08-13,0.0005316088480599
2014-08-14,0.0005314727558294
2014-08-15,0.0005307330032604
2014-08-19,0.0005260680666183
2014-08-20,0.000521566742761
2014-08-21,0.000521262656343
2014-08-22,0.0005196906603212
2014-08-25,0.0005165972635336
2014-08-26,0.0005176064715679
2014-08-27,0.0005183906677776
2014-08-28,0.000518976799524
2014-08-29,0.0005206523032972
2014-09-01,0.0005213512549066
2014-09-02,0.0005178932350493
2014-09-03,0.0005200332897396
2014-09-04,0.0005168432329484
2014-09-05,0.0005168152109328
2014-09-08,0.0005138673967384
2014-09-09,0.0005080952380952
2014-09-10,0.0005066666666666
2014-09-11,0.0005047018212117
2014-09-12,0.0005007141156867
2014-09-15,0.000502975482028
2014-09-16,0.0005066047840057
2014-09-17,0.0005065937982654
2014-09-18,0.000507544255673
2014-09-19,0.0005071241985276
2014-09-22,0.000501008662632
2014-09-23,0.0005007125890736
2014-09-24,0.000497862232779
2014-09-25,0.0004953703703703
2014-09-26,0.0004955616049236
2014-09-29,0.0004935662849722
2014-09-30,0.0004938315539739
2014-10-01,0.0004934911242603
2014-10-02,0.0004968620485494
2014-10-03,0.0004932544378698
2014-10-06,0.0004928444707273
2014-10-07,0.0004931992903607
2014-10-08,0.0004883638511518
2014-10-09,0.0004890200708382
2014-10-10,0.0004879518072289
2014-10-14,0.0004880207718635
2014-10-15,0.0004835359376844
2014-10-16,0.000483360868539
2014-10-17,0.0004845445965077
2014-10-20,0.0004845664467483
2014-10-21,0.0004892789820923
2014-10-22,0.0004871009541759
2014-10-23,0.0004862763576392
2014-10-24,0.0004841026848798
2014-10-27,0.0004835294117647
2014-10-28,0.0004864737708774
2014-10-29,0.0004888836607457
2014-10-30,0.0004877647058823
2014-10-31,0.000486
2014-11-03,0.000484485190409
2014-11-04,0.0004816643159379
2014-11-05,0.0004820169252468
2014-11-07,0.0004763807285546
2014-11-10,0.0004743213068515
2014-11-11,0.0004748531139835
2014-11-12,0.0004710928319623
2014-11-13,0.0004658049353701
2014-11-14,0.000463400305487
2014-11-17,0.0004631109022556
2014-11-18,0.0004651080827067
2014-11-19,0.0004630021141649
2014-11-20,0.0004638242894056
2014-11-21,0.0004658290277125
2014-11-25,0.0004632171770503
2014-11-26,0.00046227854042
2014-11-27,0.0004624677457189
2014-11-28,0.0004510793054903
2014-12-01,0.0004415142991092
2014-12-02,0.0004354800936768
2014-12-03,0.0004372512292203
2014-12-04,0.0004386477950637
2014-12-05,0.0004314596236998
2014-12-09,0.0004259822263797
2014-12-10,0.000417261139048
2014-12-11,0.0004153216374269
2014-12-12,0.0004157408490235
2014-12-15,0.0004117647058823
2014-12-16,0.0004122324874283
2014-12-17,0.000416793357502
2014-12-18,0.0004304093567251
2014-12-19,0.0004355046193427
2014-12-22,0.0004297076023391
2014-12-23,0.0004265497076023
2014-12-24,0.0004252309131298
2014-12-29,0.0004192001870907
2014-12-30,0.0004204186644836
2014-12-31,0.0004207695006431
2015-01-02,0.0004212741087083
2015-01-05,0.0004116341548884
2015-01-06,0.0004081894540363
2015-01-07,0.0004118811881188
2015-01-08,0.0004171322160148
2015-01-09,0.0004136887440344
2015-01-12,0.0004136887440344
2015-01-13,0.0004095193762364
2015-01-14,0.0004122164048865
2015-01-15,0.0004146795393742
2015-01-16,0.0004222764794791
2015-01-19,0.000424753050552
2015-01-20,0.0004208570433166
2015-01-21,0.0004208449396471
2015-01-22,0.0004217608166106
2015-01-23,0.0004185507246376
2015-01-26,0.0004184347826086
2015-01-27,0.0004211380229458
2015-01-28,0.0004231259413741
2015-01-29,0.0004146397961547
2015-01-30,0.000409763998149
2015-02-02,0.0004154343807763
2015-02-03,0.0004240849786398
2015-02-04,0.000418129330254
2015-02-05,0.0004206697459584
2015-02-06,0.0004199099203141
2015-02-09,0.0004226863604892
2015-02-10,0.0004198570110701
2015-02-11,0.0004124222171007
2015-02-12,0.0004187305609952
2015-02-13,0.0004193436960276
2015-02-18,0.0004115074798619
2015-02-19,0.000408991606301
2015-02-20,0.0004067562909341
2015-02-23,0.0004001148105625
2015-02-24,0.0004022711631108
2015-02-25,0.000402545287778
2015-02-26,0.000401559454191
2015-02-27,0.0004000687600275
2015-03-02,0.000394366197183
2015-03-03,0.000391577983751
2015-03-04,0.0003935269899359
2015-03-05,0.0003925714285714
2015-03-06,0.0003868463119433
2015-03-09,0.0003835006846188
2015-03-10,0.0003805017103762
2015-03-11,0.0003809957844365
2015-03-12,0.0003805239179954
2015-03-13,0.0003745872708641
2015-03-16,0.0003720824319708
2015-03-17,0.0003760100147945
2015-03-18,0.0003802752815379
2015-03-19,0.0003802592676825
2015-03-20,0.0003886805318786
2015-03-25,0.0003933643904101
2015-03-26,0.0003901885078355
2015-03-27,0.0003910329171396
2015-03-30,0.0003882713248638
2015-03-31,0.0003847200181364
2015-04-01,0.000388240625354
2015-04-06,0.0003945193069867
2015-04-07,0.0003988229968311
2015-04-08,0.000401538287524
2015-04-09,0.0004003391746749
2015-04-10,0.0003986440677966
2015-04-13,0.000390921409214
2015-04-14,0.0003911718220817
2015-04-15,0.0003987141890367
2015-04-16,0.0004027746447101
2015-04-17,0.000400022555543
2015-04-20,0.0004022094465111
2015-04-21,0.0004047780031552
2015-04-22,0.0004016218042572
2015-04-23,0.0004050647158131
2015-04-24,0.0004075365579302
2015-04-27,0.0004145025295109
2015-04-28,0.0004167696976508
2015-04-29,0.0004203549764097
2015-04-30,0.0004196699225328
2015-05-04,0.000415619389587
2015-05-05,0.0004184142648872
2015-05-06,0.0004236718224613
2015-05-07,0.0004217839533841
2015-05-08,0.0004246191756272
2015-05-11,0.0004188962274711
2015-05-12,0.0004197627573858
2015-05-13,0.0004185682326621
2015-05-14,0.000418381037567
2015-05-15,0.0004142170559964
2015-05-18,0.0004110354071261
2015-05-19,0.0004022103148024
2015-05-20,0.0004005802276277
2015-05-21,0.0004028768956289
2015-05-22,0.0004014045256939
2015-05-26,0.0003927378035197
2015-05-27,0.0003944116664811
2015-05-28,0.0003941687068773
2015-05-29,0.0003949065836298
2015-06-01,0.0003902845709204
2015-06-02,0.0003908454616153
2015-06-03,0.0003879205062728
2015-06-04,0.0003862375138734
2015-06-05,0.0003811848236077
2015-06-08,0.000383455311599
2015-06-09,0.0003911116036794
2015-06-10,0.0003957248864769
2015-06-11,0.0003949291408325
2015-06-12,0.0003958171959721
2015-06-15,0.0003942041809534
2015-06-16,0.0003939628482972
2015-06-17,0.000392044198895
2015-06-18,0.0003933937251436
2015-06-19,0.0003916740282685
2015-06-22,0.0003943273369385
2015-06-23,0.0003918367346938
2015-06-24,0.0003906715183592
2015-06-25,0.0003904992835886
2015-06-26,0.0003869795109054
2015-06-29,0.0003859958163602
2015-06-30,0.0003836927816901
2015-07-01,0.0003788628615418
2015-07-02,0.0003797955369902
2015-07-03,0.0003791739894551
2015-07-06,0.0003745059288537
2015-07-07,0.0003715163484748
2015-07-08,0.0003726694450537
2015-07-10,0.0003740683910565
2015-07-13,0.000372370727432
2015-07-14,0.0003722076215505
2015-07-15,0.0003681733610594
2015-07-16,0.000365237366003
2015-07-17,0.0003622348567679
2015-07-20,0.000362036935854
2015-07-21,0.0003610747051114
2015-07-22,0.0003583669905032
2015-07-23,0.0003528641571194
2015-07-24,0.0003505671902268
2015-07-27,0.000349503979069
2015-07-28,0.0003495314883416
2015-07-29,0.0003509039424961
2015-07-30,0.0003476651790573
2015-07-31,0.0003472252448313
2015-08-03,0.0003426862425231
2015-08-04,0.0003420652173913
2015-08-05,0.0003389462248777
2015-08-06,0.0003402106634813
2015-08-07,0.0003404601693075
2015-08-10,0.0003438177874186
2015-08-11,0.0003397637368592
2015-08-12,0.0003401581627125
2015-08-13,0.0003351737577135
2015-08-14,0.0003340909090909
2015-08-18,0.0003329367225527
2015-08-19,0.0003307750513458
2015-08-20,0.0003266342517558
2015-08-21,0.0003218142548596
2015-08-24,0.0003088378115895
2015-08-25,0.0003116911130284
2015-08-26,0.0003066063153357
2015-08-27,0.0003161352865144
2015-08-28,0.0003250807319698
2015-08-31,0.0003275602409638
2015-09-01,0.0003212596732588
2015-09-02,0.0003151450053705
2015-09-03,0.0003216700654717
2015-09-04,0.0003198884359579
2015-09-07,0.000316488222698
2015-09-08,0.0003210881439434
2015-09-09,0.0003212756849315
2015-09-10,0.000327807486631
2015-09-11,0.0003286294633311
2015-09-14,0.0003301634790041
2015-09-15,0.0003306994127068
2015-09-16,0.0003371038309678
2015-09-17,0.0003355017596246
2015-09-18,0.000335109784694
2015-09-21,0.0003322680302546
2015-09-22,0.0003254179533595
2015-09-23,0.0003208129389231
2015-09-24,0.0003218843045512
2015-09-25,0.0003252896778994
2015-09-28,0.0003204038257173
2015-09-29,0.000321474086661
2015-09-30,0.0003239227340267
2015-10-01,0.0003265111346765
2015-10-02,0.0003312142403051
2015-10-05,0.0003375688267683
2015-10-06,0.0003432441011533
2015-10-07,0.0003448604060913
2015-10-08,0.0003484143763213
2015-10-09,0.0003485472794506
2015-10-13,0.0003433607768629
2015-10-14,0.0003418082076168
2015-10-15,0.0003455293125263
2015-10-16,0.0003467860906217
2015-10-19,0.0003425984417772
2015-10-20,0.0003406986531986
2015-10-21,0.0003378193670486
2015-10-22,0.0003443346647046
2015-10-23,0.0003429621848739
2015-10-26,0.0003414506140442
2015-10-27,0.0003391377320885
2015-10-28,0.0003426294820717
2015-10-29,0.0003430098511842
2015-10-30,0.0003452755080662
2015-11-02,0.0003452642595499
2015-11-03,0.0003572474377745
2015-11-04,0.0003526953614709
2015-11-05,0.0003497912317327
2015-11-09,0.0003417127359966
2015-11-10,0.0003399333055439
2015-11-11,0.0003398937831927
2015-11-12,0.0003292771710868
2015-11-13,0.0003251246882793
2015-11-16,0.0003250648676699
2015-11-17,0.0003246214478323
2015-11-18,0.0003222429519071
2015-11-19,0.0003252562907735
2015-11-20,0.0003264377327265
2015-11-23,0.0003232009925558
2015-11-24,0.0003258217903659
2015-11-25,0.0003240338912998
2015-11-26,0.0003230006199628
2015-11-30,0.0003178158546655
2015-12-01,0.0003200659929882
2015-12-02,0.0003162014625605
2015-12-03,0.0003181069958847
2015-12-04,0.0003123329907502
2015-12-09,0.0003044371405094
2015-12-10,0.0003078658599118
2015-12-11,0.0003002148777243
2015-12-14,0.0002984876353975
2015-12-15,0.0003016520497654
2015-12-16,0.0002998168125381
2015-12-17,0.0002988059701492
2015-12-18,0.0003003773584905
2015-12-21,0.000300466562986
2015-12-22,0.0003017719568567
2015-12-23,0.0003111367127496
2015-12-24,0.0003168195718654
2015-12-28,0.000314923076923
2015-12-29,0.0003155133842474
2015-12-30,0.0003149260628465
2015-12-31,0.0003150306748466
2016-01-04,0.000310606060606
2016-01-05,0.0003113553113553
2016-01-06,0.0003070554355651
2016-01-07,0.0003048920863309
2016-01-08,0.0003060518731988
2016-01-11,0.0003063003663003
2016-01-12,0.0003053136531365
2016-01-13,0.0003072378138847
2016-01-14,0.0003095094339622
2016-01-15,0.0003029104477611
2016-01-18,0.0003029498525073
2016-01-19,0.0003021593447505
2016-01-20,0.0002945185185185
2016-01-21,0.0003013235294117
2016-01-22,0.0003022578295702
2016-01-25,0.0002942795076031
2016-01-26,0.0002971119133574
2016-01-27,0.0002980547550432
2016-01-28,0.0003046965317919
2016-01-29,0.0003044412607449
2016-02-01,0.0003004953998584
2016-02-02,0.0002946586487442
2016-02-03,0.0002963276836158
2016-02-04,0.0003012649332396
2016-02-05,0.0002999791100898
2016-02-10,0.0002948275862068
2016-02-11,0.0002907103825136
2016-02-12,0.0002955872369314
2016-02-15,0.0002956081081081
2016-02-16,0.0002927618277395
2016-02-17,0.0002975316877918
2016-02-18,0.0002990703851261
2016-02-19,0.000297941567065
2016-02-22,0.0003020327868852
2016-02-23,0.0003005228758169
2016-02-24,0.0002993485342019
2016-02-25,0.0003017543859649
2016-02-26,0.0002992243051066
2016-02-29,0.0003036708860759
2016-03-01,0.0003096835443037
2016-03-02,0.0003119412515964
2016-03-03,0.0003130921052631
2016-03-04,0.0003167763157894
2016-03-07,0.000321064589419
2016-03-08,0.0003119943038384
2016-03-09,0.0003138581652569
2016-03-10,0.0003101043024771
2016-03-11,0.0003173737373737
2016-03-14,0.0003170945945945
2016-03-15,0.0003160468319559
2016-03-16,0.0003164271047227
2016-03-17,0.0003253511705685
2016-03-18,0.000325406504065
2016-03-21,0.0003254319281271
2016-03-22,0.0003300208478109
2016-03-23,0.0003255862068965
2016-03-28,0.0003304113283884
2016-03-29,0.000326930963773
2016-03-30,0.0003317808219178
2016-03-31,0.0003330612244897
2016-04-01,0.0003292765382014
2016-04-04,0.0003264086897488
2016-04-05,0.0003241825613079
2016-04-06,0.0003245890410958
2016-04-07,0.0003218382861091
2016-04-08,0.0003236187845303
2016-04-11,0.0003274793388429
2016-04-12,0.000331234866828
2016-04-13,0.0003324765543591
2016-04-14,0.0003339148639218
2016-04-15,0.000333665480427
2016-04-18,0.000336775106082
2016-04-19,0.00034496124031
2016-04-20,0.0003451185495118
2016-04-21,0.0003399439383321
2016-04-22,0.0003393006993006
2016-04-25,0.0003369155617585
2016-04-26,0.0003384346610761
2016-04-27,0.0003408738548273
2016-04-28,0.0003477622377622
2016-04-29,0.0003508771929824
2016-05-02,0.0003527131782945
2016-05-03,0.0003431690140845
2016-05-04,0.0003384129213483
2016-05-05,0.0003385533707865
2016-05-06,0.0003380717804363
2016-05-09,0.0003380400421496
2016-05-10,0.0003362371785864
2016-05-11,0.0003401829697396
2016-05-12,0.0003393789696541
2016-05-13,0.0003342049469964
2016-05-16,0.0003301973544599
2016-05-17,0.0003318953323903
2016-05-18,0.0003303855677396
2016-05-19,0.0003270921985815
2016-05-20,0.0003276807980049
2016-05-23,0.0003268048606147
2016-05-24,0.0003263345195729
2016-05-26,0.0003276170060735
2016-05-27,0.0003256465517241
2016-05-30,0.0003258041458184
2016-05-31,0.0003236366235437
2016-06-01,0.0003212186379928
2016-06-02,0.0003240287769784
2016-06-03,0.0003311674247346
2016-06-06,0.0003311546840958
2016-06-07,0.0003398843930635
2016-06-08,0.0003419424460431
2016-06-09,0.0003402315484804
2016-06-10,0.0003365942028985
2016-06-13,0.0003336231884057
2016-06-14,0.0003325818181818
2016-06-15,0.0003359039650782
2016-06-16,0.0003315373563218
2016-06-21,0.0003360773085182
2016-06-22,0.0003425728500355
2016-06-23,0.0003451211072664
2016-06-24,0.000336503683858
2016-06-27,0.0003270588235294
2016-06-28,0.0003354362416107
2016-06-29,0.0003429906542056
2016-06-30,0.0003424202127659
2016-07-01,0.0003409333333333
2016-07-04,0.0003409694555112
2016-07-05,0.0003354729729729
2016-07-06,0.0003331745491663
2016-07-07,0.0003347368421052
2016-07-11,0.0003405737704918
2016-07-12,0.0003425824175824
2016-07-13,0.0003405628002745
2016-07-14,0.0003428765264586
2016-07-15,0.0003420735785953
2016-07-18,0.0003423762376237
2016-07-19,0.0003415333333333
2016-07-20,0.0003414731254147
2016-07-21,0.0003398666666666
2016-07-22,0.000338900067069
2016-07-25,0.0003320401337792
2016-07-26,0.0003269565217391
2016-07-27,0.0003241333333333
2016-07-28,0.000323204787234
2016-07-29,0.0003255829447035
2016-08-01,0.0003238446081714
2016-08-02,0.0003223569023569
2016-08-03,0.0003231338264963
2016-08-04,0.0003243771043771
2016-08-05,0.000329141311697
2016-08-08,0.0003335378323108
2016-08-09,0.0003350033852403
2016-08-10,0.0003398773006134
2016-08-11,0.0003458390177353
2016-08-12,0.0003412406271301
2016-08-16,0.0003445807770961
2016-08-17,0.0003435047361299
2016-08-18,0.00034718875502
2016-08-19,0.0003499128569513
2016-08-22,0.0003461174881836
2016-08-23,0.0003421832884097
2016-08-24,0.0003399057873485
2016-08-25,0.000345130960376
2016-08-26,0.0003459333333333
2016-08-29,0.0003427814569536
2016-08-30,0.0003398401065956
2016-08-31,0.000336503683858
2016-09-01,0.0003342953020134
2016-09-02,0.0003405603735823
2016-09-05,0.0003387483355525
2016-09-06,0.0003488681757656
2016-09-07,0.0003495681063122
2016-09-08,0.0003517584605175
2016-09-09,0.0003425233644859
2016-09-12,0.0003403344481605
2016-09-13,0.000336
2016-09-14,0.000338988689288
2016-09-15,0.0003414731254147
2016-09-16,0.0003380700594844
2016-09-19,0.0003424422442244
2016-09-20,0.0003429326287978
2016-09-21,0.0003455746367239
2016-09-22,0.0003468741756792
2016-09-23,0.0003428062771989
2016-09-26,0.0003422572178477
2016-09-27,0.0003462696335078
2016-09-28,0.000343469785575
2016-09-29,0.0003456260162601
2016-09-30,0.0003469627694317
2016-10-03,0.0003411648568608
2016-10-04,0.0003359920896506
2016-10-05,0.0003413429888084
2016-10-06,0.0003443129520052
2016-10-07,0.0003416529469871
2016-10-11,0.0003423203691496
2016-10-12,0.0003442601194426
2016-10-13,0.0003426513349193
2016-10-14,0.0003422075782537
2016-10-17,0.0003424792735886
2016-10-18,0.0003440294581799
2016-10-19,0.0003428101349128
2016-10-20,0.0003412735070933
2016-10-21,0.0003409316154608
2016-10-24,0.0003402878647827
2016-10-25,0.0003405778069599
2016-10-26,0.0003365340348569
2016-10-27,0.0003378146830104
2016-10-28,0.0003346280447662
2016-10-31,0.000332607260726
2016-11-01,0.00032815920398
2016-11-02,0.0003255459960291
2016-11-03,0.0003254304635761
2016-11-04,0.000326759628154
2016-11-07,0.0003289700996677
2016-11-08,0.0003387139986604
2016-11-09,0.0003332439678284
2016-11-10,0.0003207584830339
2016-11-11,0.0003284320104098
2016-11-14,0.0003201277955271
2016-11-15,0.0003205161290322
2016-11-16,0.0003192258064516
2016-11-17,0.0003166020671834
2016-11-18,0.0003142210730446
2016-11-21,0.0003175170620734
2016-11-22,0.000317281553398
2016-11-23,0.0003150579150579
2016-11-24,0.0003150579150579
2016-11-25,0.0003151495657767
2016-11-29,0.0003164968152866
2016-11-30,0.0003253718174943
2016-12-01,0.0003254419191919
2016-12-02,0.0003237766624843
2016-12-05,0.0003290907945309
2016-12-06,0.0003329773869346
2016-12-07,0.0003328330206378
2016-12-12,0.0003340611353711
2016-12-13,0.000336527621195
2016-12-14,0.0003375704445835
2016-12-15,0.0003330827067669
2016-12-16,0.0003324528301886
2016-12-19,0.0003325757575757
2016-12-20,0.0003338587641866
2016-12-21,0.0003338188727042
2016-12-22,0.0003337571519389
2016-12-23,0.0003332903142543
2016-12-26,0.0003332689832689
2016-12-27,0.0003335691318327
2016-12-28,0.0003302222222222
2016-12-29,0.0003330612757408
2016-12-30,0.0003331025802391
2017-01-02,0.000333228643216
2017-01-03,0.0003350893697083
2017-01-04,0.0003367537313432
2017-01-05,0.0003412280701754
2017-01-06,0.0003420619860847
2017-01-09,0.0003413912496065
2017-01-10,0.0003384858044164
2017-01-11,0.0003362776025236
2017-01-12,0.0003419987349778
2017-01-13,0.0003393048634327
2017-01-16,0.0003395465994962
2017-01-17,0.0003425105286315
2017-01-18,0.0003409076682316
2017-01-19,0.0003392452830188
2017-01-20,0.0003423814011938
2017-01-23,0.000341530740276
2017-01-24,0.000341180163214
2017-01-25,0.0003417110623628
2017-01-26,0.0003401381909547
2017-01-27,0.0003410062893081
2017-01-30,0.0003410175879396
2017-01-31,0.0003424545511731
2017-02-01,0.0003441772151898
2017-02-02,0.0003474489795918
2017-02-03,0.0003506402048655
2017-02-06,0.0003500633713561
2017-02-07,0.0003503668261562
2017-02-08,0.0003471132376395
2017-02-09,0.0003495836002562
2017-02-10,0.0003503861003861
2017-02-13,0.0003479496286729
2017-02-14,0.0003478991596638
2017-02-15,0.0003482421875
2017-02-16,0.0003476514415289
2017-02-17,0.0003458545918367
2017-02-20,0.0003467644246094
2017-02-21,0.0003446508648302
2017-02-22,0.0003453902987471
2017-02-23,0.0003485806451612
2017-02-24,0.0003459948320413
2017-03-01,0.0003406614785992
2017-03-02,0.0003354545454545
2017-03-03,0.0003354045307443
2017-03-06,0.0003364341085271
2017-03-07,0.0003383279742765
2017-03-08,0.0003339725151805
2017-03-09,0.0003335479716677
2017-03-10,0.0003352067183462
2017-03-13,0.0003351351351351
2017-03-14,0.0003336337302864
2017-03-15,0.0003366088631984
2017-03-16,0.0003422408242112
2017-03-17,0.0003432519280205
2017-03-20,0.0003433141394753
2017-03-21,0.0003426923076923
2017-03-22,0.0003423089222897
2017-03-23,0.0003426555484284
2017-03-27,0.0003425634436235
2017-03-28,0.0003438022911571
2017-03-29,0.000346986390149
2017-03-30,0.0003467878001297
2017-03-31,0.0003479532163742
2017-04-03,0.0003484897694056
2017-04-04,0.000348990228013
2017-04-05,0.0003496940502538
2017-04-06,0.0003501624431448
2017-04-07,0.0003492994460736
2017-04-10,0.0003490466798159
2017-04-11,0.0003477235506059
2017-04-12,0.00034818959842
2017-04-17,0.0003504605263157
2017-04-18,0.0003522452447872
2017-04-19,0.0003485064935064
2017-04-20,0.0003506400675807
2017-04-21,0.0003474499677211
2017-04-24,0.0003480181936322
2017-04-25,0.0003445525291828
2017-04-26,0.0003411878631375
2017-04-27,0.0003404020752269
2017-04-28,0.0003398051948051
2017-05-02,0.0003398692810457
2017-05-03,0.0003412688031393
2017-05-04,0.0003355976485956
2017-05-05,0.0003390370852309
2017-05-08,0.0003377504848093
2017-05-09,0.0003367471819645
2017-05-10,0.0003396518375241
2017-05-11,0.0003414965986394
2017-05-12,0.0003426813471502
2017-05-15,0.0003455891822279
2017-05-16,0.0003470474967907
2017-05-17,0.0003450352338244
2017-05-18,0.0003416875
2017-05-19,0.0003466043613707
2017-05-22,0.0003442075996292
2017-05-23,0.0003438160348042
2017-05-24,0.0003438781852082
2017-05-26,0.0003435352904434
2017-05-29,0.0003434809731752
2017-05-30,0.000342600619195
2017-05-31,0.0003429192546583
2017-06-01,0.0003456413449564
2017-06-02,0.000345375
2017-06-05,0.0003450453266645
2017-06-06,0.0003455965021861
2017-06-07,0.0003429018136335
2017-06-08,0.0003425786163522
2017-06-09,0.0003427763819095
2017-06-12,0.0003410361067503
2017-06-13,0.0003409691629955
2017-06-14,0.0003407230129739
2017-06-15,0.0003387984981226
2017-06-16,0.0003361596009975
2017-06-19,0.0003360371517027
2017-06-21,0.0003270036991368
2017-06-22,0.0003303189842056
2017-06-23,0.0003307573415765
2017-06-26,0.0003310049019607
2017-06-27,0.0003301219512195
2017-06-28,0.0003312462006079
2017-06-29,0.0003281212121212
2017-06-30,0.0003283223090799
2017-07-03,0.0003282738095238
2017-07-04,0.0003282929710572
2017-07-05,0.0003242123687281
2017-07-06,0.0003231264637002
2017-07-07,0.0003237926972909
2017-07-10,0.0003265666372462
2017-07-11,0.0003253529411764
2017-07-12,0.0003278659507935
2017-07-13,0.000328436578171
2017-07-14,0.0003302670623145
2017-07-17,0.0003299468399291
2017-07-18,0.0003320348837209
2017-07-19,0.000332886297376
2017-07-20,0.0003332558139534
2017-07-21,0.000331745120551
2017-07-24,0.0003300057372346
2017-07-25,0.0003299199084668
2017-07-26,0.0003313714285714
2017-07-27,0.0003319160997732
2017-07-28,0.0003332771219786
2017-07-31,0.0003349206349206
2017-08-01,0.0003368403093721
2017-08-02,0.0003374431818181
2017-08-03,0.0003385398981324
2017-08-04,0.00033480475382
2017-08-07,0.0003352542372881
2017-08-08,0.0003336906844213
2017-08-09,0.0003330508474576
2017-08-10,0.0003336533032185
2017-08-11,0.0003358554488989
2017-08-14,0.0003370694687682
2017-08-15,0.0003371411833626
2017-08-16,0.0003368390470656
2017-08-17,0.0003343894009216
2017-08-18,0.0003346844238563
2017-08-22,0.0003350377687391
2017-08-23,0.0003353453279164
2017-08-24,0.0003379430563625
2017-08-25,0.0003417537746806
2017-08-28,0.0003392919326755
2017-08-29,0.0003406151192871
2017-08-30,0.0003385853939045
2017-08-31,0.0003393991912189
2017-09-01,0.0003411627906976
2017-09-04,0.0003410911201392
2017-09-05,0.0003408352668213
2017-09-06,0.000324016064257
2017-09-07,0.0003440116279069
2017-09-08,0.0003440116279069
2017-09-11,0.0003421574344023
2017-09-12,0.0003437609841827
2017-09-13,0.000343468072642
2017-09-14,0.0003449087698646
2017-09-15,0.0003451546391752
2017-09-18,0.0003439088518843
2017-09-19,0.000344399066511
2017-09-20,0.0003458406050029
2017-09-21,0.0003429646786334
2017-09-22,0.0003441363373772
2017-09-25,0.0003417475728155
2017-09-26,0.0003420364050056
2017-09-27,0.0003405466970387
2017-09-28,0.000339794168096
2017-09-29,0.0003403812824956
2017-10-02,0.0003390180878552
2017-10-03,0.0003385587137525
2017-10-04,0.0003403237886731
2017-10-05,0.0003416259695489
2017-10-06,0.000340154772141
2017-10-09,0.0003384879725085
2017-10-10,0.0003384218077474
2017-10-11,0.0003385004018831
2017-10-12,0.000339879414298
2017-10-13,0.0003407518450184
2017-10-17,0.0003392558407845
2017-10-18,0.0003419596541786
2017-10-19,0.0003425214899713
2017-10-20,0.0003404133180252
2017-10-23,0.000338730979041
2017-10-24,0.0003360571428571
2017-10-25,0.0003335048599199
2017-10-26,0.0003316534541336
2017-10-27,0.0003322553191489
2017-10-30,0.0003307344632768
2017-10-31,0.0003287453979042
2017-11-01,0.0003262350936967
2017-11-02,0.0003301369863013
2017-11-03,0.0003291950113378
2017-11-07,0.0003291784702549
2017-11-08,0.0003312214611872
2017-11-09,0.0003320011418783
2017-11-10,0.000332494998571
2017-11-13,0.0003324571428571
2017-11-14,0.0003314857142857
2017-11-15,0.0003301714285714
2017-11-16,0.0003316174788377
2017-11-17,0.0003331426937374
2017-11-21,0.0003337907375643
2017-11-22,0.0003359150889271
2017-11-23,0.0003358208955223
2017-11-24,0.0003352737752161
2017-11-27,0.0003327944572748
2017-11-28,0.0003337172473365
2017-11-29,0.0003325681492109
2017-11-30,0.0003315226813059
2017-12-01,0.0003334881021474
2017-12-04,0.0003341976375684
2017-12-05,0.0003337189126662
2017-12-06,0.000332193567082
2017-12-07,0.0003321759259259
2017-12-11,0.0003317865429234
2017-12-12,0.0003300864553314
2017-12-13,0.0003318890814558
2017-12-14,0.0003337535816618
2017-12-15,0.0003335426777048
2017-12-18,0.0003356858281161
2017-12-19,0.0003356858281161
2017-12-20,0.0003381193693693
2017-12-21,0.0003371762740183
2017-12-22,0.0003377421140011
2017-12-26,0.0003372238887373
2017-12-27,0.0003361358212193
2017-12-28,0.0003348958333333
2017-12-29,0.0003349241246179
2018-01-02,0.0003410646387832
2018-01-03,0.000344537815126
2018-01-04,0.0003463768115942
2018-01-05,0.0003441675503711
2018-01-08,0.0003441408302679
2018-01-09,0.0003435816164817
2018-01-10,0.0003460794844253
2018-01-11,0.0003499732763228
2018-01-12,0.0003496522204387
2018-01-15,0.0003519978689397
2018-01-16,0.0003491005291005
2018-01-17,0.0003514588859416
2018-01-18,0.0003517223105458
2018-01-19,0.0003507238747038
2018-01-22,0.0003506215397472
2018-01-23,0.0003500905094388
2018-01-24,0.0003553180661577
2018-01-25,0.0003583844580777
2018-01-26,0.0003554931016862
2018-01-29,0.0003521961184882
2018-01-30,0.0003509549274255
2018-01-31,0.0003532315521628
2018-02-01,0.0003577915376676
2018-02-02,0.0003518850987432
2018-02-05,0.0003517453798767
2018-02-06,0.0003533742331288
2018-02-07,0.0003512058898197
2018-02-08,0.0003462694041061
2018-02-09,0.00034004004004
2018-02-14,0.0003485929648241
2018-02-15,0.0003500508646998
2018-02-16,0.0003524291497975
2018-02-19,0.0003515577889447
2018-02-20,0.0003494710327455
2018-02-21,0.0003469008782936
2018-02-22,0.000349573934837
2018-02-23,0.0003514514514514
2018-02-26,0.0003522772277227
2018-02-27,0.0003497524752475
2018-02-28,0.000349129786176
2018-03-01,0.0003473276760458
2018-03-02,0.0003491366551554
2018-03-05,0.0003502226620484
2018-03-06,0.0003503933136676
2018-03-07,0.0003489465948064
2018-03-08,0.0003476424361493
2018-03-09,0.0003483950617283
2018-03-12,0.0003511386138613
2018-03-13,0.0003504945598417
2018-03-14,0.0003516559565002
2018-03-15,0.0003514376996805
2018-03-16,0.0003503465346534
2018-03-19,0.0003502475247524
2018-03-20,0.0003483839131507
2018-03-21,0.0003507646768623
2018-03-22,0.0003496662546353
2018-03-23,0.0003518573551263
2018-03-26,0.0003570579494799
2018-03-27,0.0003593316144387
2018-03-28,0.0003577845054345
2018-04-03,0.0003598612487611
2018-04-04,0.0003579781962338
2018-04-05,0.0003583168316831
2018-04-06,0.0003580773042616
2018-04-09,0.000360029717682
2018-04-10,0.0003607638888888
2018-04-11,0.0003677608092026
2018-04-12,0.0003695200395843
2018-04-13,0.0003686943620178
2018-04-16,0.0003666666666666
2018-04-17,0.0003671456888007
2018-04-18,0.0003689595232182
2018-04-19,0.0003660714285714
2018-04-20,0.0003623576027736
2018-04-23,0.0003554787759131
2018-04-24,0.0003591806515301
2018-04-25,0.0003552735532293
2018-04-26,0.0003549391727493
2018-04-27,0.000356329113924
2018-05-02,0.0003529245283018
2018-05-03,0.0003499130434782
2018-05-04,0.0003542201834862
2018-05-07,0.0003551912568306
2018-05-08,0.0003480357142857
2018-05-09,0.0003495598591549
2018-05-10,0.0003543411194358
2018-05-11,0.0003525795356835
2018-05-14,0.0003525810324129
2018-05-15,0.0003480249480249
2018-05-16,0.0003496088925483
2018-05-17,0.0003442434210526
2018-05-18,0.000342038477282
2018-05-21,0.0003476567304932
2018-05-22,0.0003505354200988
2018-05-23,0.0003477834525025
2018-05-24,0.000350406504065
2018-05-28,0.0003475920679886
2018-05-29,0.0003441626409017
2018-05-30,0.0003476133172884
2018-05-31,0.0003459935897435
2018-06-01,0.0003488288288288
2018-06-04,0.000348778534241
2018-06-05,0.0003505608974358
2018-06-06,0.0003534939759036
2018-06-07,0.0003509705823494
2018-06-08,0.000349743184512
2018-06-11,0.0003500769230769
2018-06-12,0.0003494757281553
2018-06-13,0.0003502692307692
2018-06-14,0.0003492057761732
2018-06-15,0.0003453615520282
2018-06-18,0.0003420594633792
2018-06-19,0.0003421469740634
2018-06-21,0.0003385818181818
2018-06-22,0.0003429840799703
2018-06-25,0.0003425987449243
2018-06-26,0.0003411808118081
2018-06-27,0.000339358600583
2018-06-28,0.0003390391459074
2018-06-29,0.0003411091854419
2018-07-02,0.0003410954063604
2018-07-03,0.0003438489208633
2018-07-04,0.0003442465265407
2018-07-05,0.0003476292335115
2018-07-06,0.0003481362007168
2018-07-10,0.0003484472049689
2018-07-11,0.0003454180357794
2018-07-12,0.0003476680132207
2018-07-13,0.0003496876148474
2018-07-16,0.0003479532163742
2018-07-17,0.0003483484573502
2018-07-18,0.0003489020943546
2018-07-19,0.0003468784898591
2018-07-20,0.0003473531544597
2018-07-23,0.0003442795076031
2018-07-24,0.0003453056768558
2018-07-25,0.0003467688937568
2018-07-26,0.0003472455308281
2018-07-27,0.0003464958828911
2018-07-30,0.0003481929921115
2018-07-31,0.0003461875228018
2018-08-01,0.0003452861035422
2018-08-02,0.0003440801457194
2018-08-03,0.000345767680469
2018-08-06,0.0003446395901939
2018-08-07,0.0003448439496258
2018-08-08,0.0003435081374321
2018-08-09,0.0003431874777659
2018-08-10,0.0003395555555555
2018-08-13,0.0003328989139515
2018-08-14,0.0003319486659912
2018-08-15,0.0003277
2018-08-16,0.0003307975871313
2018-08-17,0.0003300167504187
2018-08-21,0.0003356333333333
2018-08-22,0.0003377520661157
2018-08-23,0.0003347654968842
2018-08-24,0.0003380906148867
2018-08-27,0.0003398773006134
2018-08-28,0.0003346730462519
2018-08-29,0.0003334117647058
2018-08-30,0.0003297074468085
2018-08-31,0.0003281139755766
2018-09-03,0.0003277807486631
2018-09-04,0.0003234053497942
2018-09-05,0.00032296875
2018-09-06,0.000324016064257
2018-09-07,0.00032700729927
2018-09-10,0.0003261637239165
2018-09-11,0.0003243193379194
2018-09-12,0.0003273202614379
2018-09-13,0.0003315297092288
2018-09-14,0.0003307576517812
2018-09-17,0.0003312673918542
2018-09-18,0.00033183156729
2018-09-19,0.0003301708747768
2018-09-20,0.0003326963350785
2018-09-21,0.0003324899057873
2018-09-24,0.0003332171581769
2018-09-25,0.0003330971128608
2018-09-26,0.0003334198909374
2018-09-27,0.0003347607052896
2018-09-28,0.0003371393939393
2018-10-01,0.0003334343434343
2018-10-02,0.0003314435695538
2018-10-03,0.0003316529583443
2018-10-04,0.0003294778067885
2018-10-05,0.0003299154334038
2018-10-08,0.000328380545163
2018-10-09,0.000326724137931
2018-10-10,0.00032322147651
2018-10-11,0.0003238446814328
2018-10-12,0.0003231292517006
2018-10-16,0.0003276111111111
2018-10-17,0.0003260364842454
2018-10-18,0.0003234106412005
2018-10-19,0.0003247673782156
2018-10-22,0.0003241086121777
2018-10-23,0.0003206067231484
2018-10-24,0.0003159459459459
2018-10-25,0.0003150040771948
2018-10-26,0.0003144136807817
2018-10-29,0.0003137398373983
2018-10-30,0.0003117406701171
2018-10-31,0.0003105702364394
2018-11-01,0.0003130081300813
2018-11-02,0.0003140884756269
2018-11-05,0.0003141093969144
2018-11-07,0.0003195121951219
2018-11-08,0.0003171549295774
2018-11-09,0.0003144350282485
2018-11-12,0.0003144463181562
2018-11-13,0.0003132593619972
2018-11-14,0.0003123119777158
2018-11-15,0.0003134257975034
2018-11-16,0.0003157806846646
2018-11-20,0.0003126589275843
2018-11-21,0.0003134740035857
2018-11-22,0.0003135342465753
2018-11-23,0.0003097872340425
2018-11-26,0.0003081690140845
2018-11-27,0.0003064332036316
2018-11-28,0.0003057982319292
2018-11-29,0.0003088016967126
2018-12-03,0.0003135616438356
2018-12-04,0.0003148663101604
2018-12-05,0.000316341789052
2018-12-06,0.0003137665782493
2018-12-07,0.0003177272727272
2018-12-10,0.0003135156664896
2018-12-11,0.000313700079344
2018-12-12,0.0003154030327214
2018-12-13,0.0003145387258789
2018-12-14,0.0003128373067854
2018-12-17,0.0003144014636696
2018-12-18,0.0003119184526921
2018-12-19,0.0003105551211884
2018-12-20,0.0003059921156373
2018-12-21,0.000303831468071
2018-12-26,0.0003044818652849
2018-12-27,0.0003051697127937
2018-12-28,0.0003074005305039
2018-12-31,0.0003077188328912
2019-01-02,0.000308791500664
2019-01-03,0.0003082777036048
2019-01-04,0.0003131388814557
2019-01-07,0.0003146495107894
2019-01-08,0.0003173138297872
2019-01-09,0.000318999197217
2019-01-10,0.000318851132686
2019-01-11,0.0003186720867208
2019-01-14,0.0003184054054054
2019-01-15,0.0003182479784366
2019-01-16,0.0003207466666666
2019-01-17,0.0003191726332537
2019-01-18,0.0003200372538584
2019-01-21,0.0003200265251989
2019-01-22,0.00031793232081
2019-01-23,0.0003173855165069
2019-01-24,0.000315294117647
2019-01-25,0.0003172562786929
2019-01-28,0.0003164737550471
2019-01-29,0.0003170026525198
2019-01-30,0.0003160757131431
2019-01-31,0.0003219009370816
2019-02-01,0.0003234597793919
2019-02-04,0.0003238236084969
2019-02-05,0.0003218548387096
2019-02-06,0.0003220149253731
2019-02-07,0.0003207033315705
2019-02-08,0.0003208718626155
2019-02-11,0.0003184384067528
2019-02-12,0.0003197420373782
2019-02-13,0.0003184196755625
2019-02-14,0.0003172946101517
2019-02-15,0.0003190574831693
2019-02-18,0.0003198711340206
2019-02-19,0.0003210338680926
2019-02-20,0.0003213763549281
2019-02-21,0.0003201113078674
2019-02-22,0.0003219530851606
2019-02-25,0.0003219032497631
2019-02-26,0.0003242089014664
2019-02-27,0.0003255795981452
2019-02-28,0.0003246743295019
2019-03-01,0.0003229339361969
2019-03-06,0.0003219386503067
2019-03-07,0.0003181647058823
2019-03-08,0.0003150485436893
2019-03-11,0.0003145520581113
2019-03-12,0.0003175421686746
2019-03-13,0.0003178640776699
2019-03-14,0.0003182241844493
2019-03-15,0.0003205749999999
2019-03-18,0.000322725
2019-03-19,0.0003228641975308
2019-03-20,0.0003238188494492
2019-03-21,0.0003236540803897
2019-03-22,0.0003190909090909
2019-03-25,0.0003191777566539
2019-03-26,0.0003168621013133
2019-03-27,0.0003146113517209
2019-03-28,0.0003146458858583
2019-03-29,0.0003136101499423
2019-04-01,0.0003181690470615
2019-04-03,0.0003201539538138
2019-04-04,0.000319534669431
2019-04-05,0.0003201229228317
2019-04-08,0.0003209839816933
2019-04-09,0.0003222376009227
2019-04-10,0.0003229946524064
2019-04-11,0.000320514619883
2019-04-12,0.0003209815078236
2019-04-15,0.0003184766938971
2019-04-16,0.0003163953762679
2019-04-17,0.0003166825775656
2019-04-22,0.0003168549905838
2019-04-23,0.0003144103773584
2019-04-24,0.000310534698521
2019-04-25,0.0003091536748329
2019-04-26,0.0003097019795518
2019-04-29,0.0003074111675126
2019-04-30,0.0003093091732729
2019-05-02,0.0003071205357142
2019-05-03,0.0003087533753375
2019-05-06,0.0003072564389697
2019-05-07,0.0003029781601588
2019-05-08,0.0003036363636363
2019-05-09,0.0003051712707182
2019-05-10,0.0003054464285714
2019-05-13,0.0003026385809312
2019-05-14,0.0003038470091171
2019-05-15,0.0003043555555555
2019-05-16,0.000303081044876
2019-05-17,0.0003011555555555
2019-05-20,0.0002982739544146
2019-05-21,0.000299173553719
2019-05-22,0.0002997772828507
2019-05-23,0.0002960079840319
2019-05-24,0.0002977242302543
2019-05-27,0.0002977257525083
2019-05-28,0.0002959051241888
2019-05-29,0.0002982677165354
2019-05-30,0.0002972615039281
2019-05-31,0.0002959338695263
2019-06-03,0.0002959438377535
2019-06-04,0.0003037128159248
2019-06-05,0.0003024721603563
2019-06-06,0.0003038281771644
2019-06-07,0.0003059085841694
2019-06-10,0.0003068596881959
2019-06-11,0.0003068232662192
2019-06-12,0.0003058850469429
2019-06-13,0.0003059718699561
2019-06-14,0.000305435524221
2019-06-18,0.0003071757129714
2019-06-19,0.000308545034642
2019-06-21,0.0003122224818882
2019-06-24,0.0003121583411875
2019-06-25,0.0003134025483718
2019-06-26,0.0003138778375848
2019-06-27,0.0003127166276346
2019-06-28,0.000311376963474
2019-07-01,0.0003117772008496
2019-07-02,0.0003114454976303
2019-07-03,0.0003128479657387
2019-07-04,0.0003123326959847
2019-07-05,0.0003114934289127
2019-07-10,0.0003118842659014
2019-07-11,0.0003125419664268
2019-07-12,0.0003132451923076
2019-07-15,0.0003133726415094
2019-07-16,0.0003124941397093
2019-07-17,0.0003139529411764
2019-07-18,0.0003147467608951
2019-07-19,0.0003150400754361
2019-07-22,0.000314628975265
2019-07-23,0.0003136661978434
2019-07-24,0.0003125728947982
2019-07-25,0.0003107908692644
2019-07-26,0.0003088581314878
2019-07-29,0.0003044033766826
2019-07-30,0.0003027543819713
2019-07-31,0.0003048541476754
2019-08-01,0.0002993237150586
2019-08-02,0.0002954535274356
2019-08-05,0.00028931633326
2019-08-06,0.0002916777041942
2019-08-07,0.0002916867734152
2019-08-08,0.0002967934542237
2019-08-09,0.000294497237569
2019-08-12,0.0002918113207547
2019-08-13,0.0002929928315412
2019-08-14,0.0002890894039735
2019-08-15,0.0002880349344978
2019-08-16,0.0002918181818181
2019-08-20,0.0002933333333333
2019-08-21,0.0002961105052708
2019-08-22,0.0002949718642221
2019-08-23,0.0002921124206708
2019-08-26,0.0002902514017001
2019-08-27,0.000288134991119
2019-08-28,0.0002875903614457
2019-08-29,0.0002907599309153
2019-08-30,0.0002904889934464
2019-09-02,0.0002901428571428
2019-09-03,0.0002904430153626
2019-09-04,0.0002943928571428
2019-09-05,0.0002957864667023
2019-09-06,0.000297921891795
2019-09-09,0.0002965548018564
2019-09-10,0.0002974647384395
2019-09-11,0.0002962442150231
2019-09-12,0.0002970944741532
2019-09-13,0.000297291035466
2019-09-16,0.000297263681592
2019-09-17,0.0002953982300884
2019-09-18,0.0002963552724699
2019-09-19,0.0002953862471274
2019-09-20,0.000292641609317
2019-09-23,0.0002909170765987
2019-09-24,0.0002910497626164
2019-09-25,0.0002912532865907
2019-09-26,0.000290054186331
2019-09-27,0.0002890614096301
2019-09-30,0.00028751519361
2019-10-01,0.0002859646079111
2019-10-02,0.0002860428917329
2019-10-03,0.0002897800103932
2019-10-04,0.0002910271955655
2019-10-07,0.0002896957123098
2019-10-08,0.0002895073465859
2019-10-09,0.0002884807725469
2019-10-10,0.0002890479475681
2019-10-11,0.0002914900947459
2019-10-15,0.0002897202677192
2019-10-16,0.0002891101665866
2019-10-17,0.0002897511960081
2019-10-18,0.0002918766066838
2019-10-21,0.000290018800205
2019-10-22,0.0002914236999147
2019-10-23,0.0002946779661016
2019-10-24,0.0002935912531539
2019-10-25,0.0002944657442907
2019-10-28,0.0002956470588235
2019-10-29,0.0002960652429796
2019-10-30,0.0002950100468854
2019-10-31,0.0002958270487682
2019-11-01,0.0003008870292887
2019-11-04,0.0003009212730318
2019-11-05,0.0003020284995808
2019-11-07,0.0003011744966442
2019-11-08,0.0002994621848739
2019-11-11,0.0002996997497914
2019-11-12,0.0002933333333333
2019-11-13,0.0002916275954454
2019-11-14,0.0002895010046885
2019-11-15,0.0002918384447796
2019-11-19,0.0002907857262523
2019-11-20,0.000290423572744
2019-11-21,0.0002923913043478
2019-11-22,0.0002919692153254
2019-11-25,0.0002910735220231
2019-11-26,0.0002876042709376
2019-11-27,0.0002849590095365
2019-11-28,0.0002846449456975
2019-11-29,0.0002843176509843
2019-12-02,0.0002849854105877
2019-12-03,0.0002853566958698
2019-12-04,0.0002880761523046
2019-12-05,0.0002891556222388
2019-12-06,0.0002921254587921
2019-12-09,0.0002924847777129
2019-12-10,0.0002935839598997
2019-12-11,0.0002961798879879
2019-12-12,0.0002964640976343
2019-12-13,0.0002952721679818
2019-12-16,0.0002981359190838
2019-12-17,0.0002992058848115
2019-12-18,0.000300610214829
2019-12-19,0.0003016968987712
2019-12-20,0.0003001755412521
2019-12-23,0.0003019003167194
2019-12-26,0.0003040407413591
2019-12-27,0.0003029082400133
2019-12-30,0.000304424778761
2019-12-31,0.0003041910168642
2020-01-02,0.0003071136002674
2020-01-03,0.0003073476552704
2020-01-06,0.0003080498202791
2020-01-07,0.000305475215247
2020-01-08,0.0003079829474212
2020-01-09,0.0003070968820529
2020-01-10,0.0003056205697472
2020-01-13,0.0003058381984987
2020-01-14,0.0003042124542124
2020-01-15,0.0003031359466221
2020-01-16,0.0003009420591913
2020-01-17,0.0003001083243063
2020-01-20,0.0002999333999333
2020-01-21,0.0002981198003327
2020-01-22,0.0003000499417346
2020-01-23,0.0002975033288948
2020-01-24,0.0002970328335358
2020-01-27,0.0002941332890144
2020-01-28,0.0002953639082751
2020-01-29,0.0002950522995185
2020-01-30,0.0002928298755186
2020-01-31,0.0002923446561723
2020-02-03,0.0002944765999669
2020-02-04,0.000297474413998
2020-02-05,0.0002973923089618
2020-02-06,0.0002958642280441
2020-02-07,0.0002927607765712
2020-02-10,0.0002895142510413
2020-02-11,0.00029241316121
2020-02-12,0.0002950562641885
2020-02-13,0.0002961931290622
2020-02-14,0.0002947493450918
2020-02-17,0.0002943456193549
2020-02-18,0.0002938438584541
2020-02-19,0.0002953231058335
2020-02-20,0.0002937577886031
2020-02-21,0.0002956386746228
2020-02-26,0.000289052811287
2020-02-27,0.0002855694491382
2020-02-28,0.0002837485934737
2020-03-02,0.0002889060216193
2020-03-03,0.000288738384503
2020-03-04,0.0002875126284898
2020-03-05,0.000282414008555
2020-03-06,0.0002786971830985
2020-03-09,0.0002622901007516
2020-03-10,0.0002659253223409
2020-03-11,0.0002569650550502
2020-03-12,0.0002517072860121
2020-03-13,0.0002497337000588
2020-03-16,0.0002450387855137
2020-03-17,0.0002421690751673
2020-03-18,0.0002403126480341
2020-03-19,0.0002445357125997
2020-03-20,0.0002427316920181
2020-03-25,0.0002461826697892
2020-03-26,0.0002509146958538
2020-03-27,0.0002516729028551
2020-03-30,0.0002459631761001
2020-04-01,0.0002448356552867
2020-04-02,0.0002474814585908
2020-04-03,0.0002482822369434
2020-04-06,0.0002511617171872
2020-04-07,0.0002558975856398
2020-04-08,0.00025646101903
2020-04-13,0.0002581829305598
2020-04-14,0.0002598015267175
2020-04-15,0.0002551547570063
2020-04-16,0.0002513386066321
2020-04-17,0.000253750379593
2020-04-20,0.0002514095180357
2020-04-21,0.0002470419125435
2020-04-22,0.0002479691982485
2020-04-23,0.0002486127864897
2020-04-24,0.0002473731747704
2020-04-27,0.000246264842928
2020-04-28,0.0002476061834008
2020-04-29,0.0002546666666666
2020-04-30,0.0002522890484739
2020-05-04,0.0002507694606305
2020-05-05,0.000254223880597
2020-05-06,0.0002522503725782
2020-05-07,0.0002548295877362
2020-05-08,0.0002568752787275
2020-05-11,0.0002565682054326
2020-05-12,0.0002575007411799
2020-05-13,0.0002555670713651
2020-05-14,0.0002536221170904
2020-05-15,0.000255455485014
2020-05-18,0.0002595694485402
2020-05-19,0.0002608100147275
2020-05-20,0.0002621323529411
2020-05-21,0.0002652812454104
2020-05-22,0.0002648430624816
2020-05-26,0.0002679800790977
2020-05-27,0.0002678759508484
2020-05-28,0.0002702994886778
2020-05-29,0.0002680332652465
2020-06-01,0.0002688474428092
2020-06-02,0.0002749963615194
2020-06-03,0.0002773143438453
2020-06-04,0.000278534107402
2020-06-05,0.0002797072039426
2020-06-08,0.0002769976838448
2020-06-09,0.0002734277866126
2020-06-10,0.0002721195495235
2020-06-11,0.0002650122637426
2020-06-12,0.0002646100619864
2020-06-16,0.0002668725757793
2020-06-17,0.0002667145112674
2020-06-18,0.0002664324634356
2020-06-19,0.0002666905444126
2020-06-22,0.0002676861512076
2020-06-23,0.0002701842067685
2020-06-24,0.0002683024251069
2020-06-25,0.0002679019384264
2020-06-26,0.0002666761606379
2020-06-29,0.0002662357954545
2020-06-30,0.0002660942378654
2020-07-01,0.0002691576857629
2020-07-02,0.0002743128364975
2020-07-03,0.0002738958097395
2020-07-06,0.0002749929398475
2020-07-07,0.0002757866516156
2020-07-08,0.0002745982520439
2020-07-13,0.0002761931499157
2020-07-14,0.0002759887798036
2020-07-15,0.0002759389013452
2020-07-16,0.0002745309437132
2020-07-17,0.0002738668158925
2020-07-20,0.0002737929109684
2020-07-21,0.000275962074735
2020-07-22,0.0002748119253273
2020-07-23,0.0002726197104677
2020-07-24,0.000270695410292
2020-07-27,0.0002719200887902
2020-07-28,0.0002683670640421
2020-07-29,0.0002697922437673
2020-07-30,0.0002685303072239
2020-07-31,0.0002679065265486
2020-08-03,0.0002653061224489
2020-08-04,0.0002644481190574
2020-08-05,0.0002647893142385
2020-08-06,0.0002671114167812
2020-08-07,0.0002665384086848
2020-08-10,0.0002648937628512
2020-08-11,0.0002672602739726
2020-08-12,0.0002660643394934
2020-08-13,0.0002651347284913
2020-08-14,0.0002638737014762
2020-08-18,0.0002642370572207
2020-08-19,0.0002654055525313
2020-08-20,0.0002637698898408
2020-08-21,0.0002606142973634
2020-08-24,0.0002592431845924
2020-08-25,0.0002585286546538
2020-08-26,0.0002606959111833
2020-08-27,0.0002620232621044
2020-08-28,0.0002664729729729
2020-08-31,0.0002672957670531
2020-09-01,0.0002718249158249
2020-09-02,0.0002734930032292
2020-09-03,0.0002713229362731
2020-09-04,0.0002691698011821
2020-09-07,0.0002692029470864
2020-09-08,0.0002675813144157
2020-09-09,0.0002693326200347
2020-09-10,0.0002697487974345
2020-09-11,0.0002696836203444
2020-09-14,0.00027095314164
2020-09-15,0.0002703019018486
2020-09-16,0.0002708704318936
2020-09-17,0.0002694237918215
2020-09-18,0.0002677633324489
2020-09-21,0.0002638576531287
2020-09-22,0.0002611500330469
2020-09-23,0.000258914421553
2020-09-24,0.0002612958564264
2020-09-25,0.0002572577455504
2020-09-28,0.0002582303444648
2020-09-29,0.0002572385706778
2020-09-30,0.0002611971646101
2020-10-01,0.0002600262295081
2020-10-02,0.0002583625730994
2020-10-05,0.0002611349175431
2020-10-06,0.0002609366891541
2020-10-07,0.0002606795486966
2020-10-08,0.0002604201789651
2020-10-09,0.0002612961762799
2020-10-13,0.0002588919023634
2020-10-14,0.0002606091894682
2020-10-15,0.0002597779785723
2020-10-16,0.0002597652218782
2020-10-19,0.0002601185872647
2020-10-20,0.0002615216271884
2020-10-21,0.0002651832797427
2020-10-22,0.0002641777663934
2020-10-23,0.0002640343018046
2020-10-26,0.0002621518016866
2020-10-27,0.0002624393358876
2020-10-28,0.0002610522283233
2020-10-29,0.0002591187739463
2020-10-30,0.0002587078651685
2020-11-02,0.0002582539077392
2020-11-03,0.0002621310021538
2020-11-04,0.0002621536125521
2020-11-05,0.0002661188369152
2020-11-09,0.0002739760554505
2020-11-10,0.0002753997230265
2020-11-11,0.0002749905648509
2020-11-12,0.0002744595274007
2020-11-13,0.0002743322884012
2020-11-16,0.0002749280980367
2020-11-17,0.0002743503248375
2020-11-18,0.0002744603867747
2020-11-19,0.0002740159441953
2020-11-20,0.000275183571873
2020-11-24,0.0002748822800495
2020-11-25,0.0002763832157445
2020-11-26,0.0002762269749041
2020-11-27,0.0002772788947822
2020-11-30,0.0002780100848604
2020-12-01,0.0002818125997789
2020-12-02,0.0002836912504601
2020-12-03,0.0002879843060323
2020-12-04,0.0002885241886099
2020-12-09,0.0002878108239882
2020-12-10,0.0002922805308657
2020-12-11,0.0002907188906459
2020-12-14,0.0002917161916312
2020-12-15,0.0002924027626317
2020-12-16,0.0002923263132413
2020-12-17,0.0002929150042316
2020-12-18,0.0002925519072911
2020-12-21,0.0002915694527961
2020-12-22,0.0002888768768768
2020-12-23,0.0002858085412667
2020-12-28,0.000285315852205
2020-12-29,0.0002876934063318
2020-12-30,0.0002916815210932
2020-12-31,0.0002916934046345
2021-01-04,0.0002899409681227
2021-01-05,0.0002901662539794
2021-01-06,0.0002919679660817
2021-01-07,0.0002878470588235
2021-01-08,0.0002876997180451
2021-01-11,0.0002877005973995
2021-01-12,0.0002870714870714
2021-01-13,0.0002874576271186
2021-01-14,0.0002888486688463
2021-01-15,0.0002885467693025
2021-01-18,0.0002873257434944
2021-01-19,0.0002867764760468
2021-01-20,0.0002880370584829
2021-01-21,0.0002873654980909
2021-01-22,0.0002835277809864
2021-01-25,0.0002786191024165
2021-01-26,0.0002780625143645
2021-01-27,0.0002761565836298
2021-01-28,0.000279873853211
2021-01-29,0.0002796633459292
2021-02-01,0.000280205479452
2021-02-02,0.0002832611174458
2021-02-03,0.0002834054669703
2021-02-04,0.0002812535547719
2021-02-05,0.000281909090909
2021-02-08,0.000280787115799
2021-02-09,0.0002791298436437
2021-02-10,0.0002810547759167
2021-02-11,0.000283470887507
2021-02-12,0.0002848881861305
2021-02-17,0.0002824488419158
2021-02-18,0.0002825061756119
2021-02-19,0.0002802221225039
2021-02-22,0.0002782623280778
2021-02-23,0.0002783201161621
2021-02-24,0.0002804638715432
2021-02-25,0.0002774707520891
2021-02-26,0.0002743486973947
2021-03-01,0.0002762126762126
2021-03-02,0.0002745091514143
2021-03-03,0.0002716834755624
2021-03-04,0.0002741942629305
2021-03-05,0.0002749474383091
2021-03-08,0.000277177873468
2021-03-09,0.0002778954334877
2021-03-10,0.0002791556437389
2021-03-11,0.0002822648160387
2021-03-12,0.0002802531645569
2021-03-15,0.0002799363057324
2021-03-16,0.0002810161308021
2021-03-17,0.0002803179824561
2021-03-18,0.0002800547645125
2021-03-19,0.0002810748686514
2021-03-22,0.0002808670962105
2021-03-23,0.0002768114360541
2021-03-25,0.0002729650212487
2021-03-26,0.0002710801393728
2021-03-29,0.0002691437275595
2021-03-30,0.0002681383210091
2021-03-31,0.0002729673913043
2021-04-05,0.0002725390286209
2021-04-06,0.0002745990463805
2021-04-07,0.0002738979746561
2021-04-08,0.0002749837627192
2021-04-09,0.0002738533102553
2021-04-12,0.0002731259451285
2021-04-13,0.0002726840855106
2021-04-14,0.0002734757742527
2021-04-15,0.0002763373597929
2021-04-16,0.0002770283374636
2021-04-19,0.0002776259147653
2021-04-20,0.0002747660535656
2021-04-21,0.0002757067612598
2021-04-22,0.0002749006124422
2021-04-23,0.0002747530068728
2021-04-26,0.00027378578321
2021-04-27,0.0002691417550626
2021-04-28,0.0002696275684931
2021-04-29,0.0002695080213903
2021-04-30,0.0002681060282171
2021-05-03,0.0002618020711006
2021-05-04,0.0002614448831501
2021-05-05,0.0002600426666666
2021-05-06,0.0002616910118349
2021-05-07,0.0002657005860415
2021-05-10,0.000267348025125
2021-05-11,0.0002696327833954
2021-05-12,0.0002668759310491
2021-05-13,0.0002681097755557
2021-05-14,0.0002699383241173
2021-05-17,0.0002699351960055
2021-05-18,0.0002734175870858
2021-05-19,0.0002714437367303
2021-05-20,0.0002689197792869
2021-05-21,0.0002673703192956
2021-05-26,0.0002671253175275
2021-05-27,0.0002679361049402
2021-05-28,0.0002695431472081
2021-05-31,0.000269555579014
2021-06-01,0.0002725113480418
2021-06-02,0.0002737891737891
2021-06-03,0.0002733466933867
2021-06-04,0.0002769555133881
2021-06-07,0.0002767845862286
2021-06-08,0.0002780970424165
2021-06-09,0.0002786322987901
2021-06-10,0.0002779939017979
2021-06-11,0.0002748659728792
2021-06-14,0.0002737532808398
2021-06-15,0.0002704407135362
2021-06-16,0.0002715769593956
2021-06-17,0.0002681031770997
2021-06-18,0.0002659746251441
2021-06-22,0.0002651272384542
2021-06-23,0.0002643986182351
2021-06-24,0.000265473574045
2021-06-25,0.0002665585774058
2021-06-28,0.0002690145260737
2021-06-29,0.000265562637133
2021-06-30,0.000266307981613
2021-07-01,0.0002646512113617
2021-07-02,0.0002667710616974
2021-07-05,0.0002671255736337
2021-07-06,0.0002645500990511
2021-07-07,0.00026191369606
2021-07-08,0.00025994374414
2021-07-12,0.0002615048392132
2021-07-13,0.0002616625052018
2021-07-14,0.0002632591514143
2021-07-15,0.0002630068621334
2021-07-16,0.0002619413843275
2021-07-19,0.0002604090956286
2021-07-20,0.0002604733236454
2021-07-21,0.0002592777085927
2021-07-22,0.0002583653148013
2021-07-23,0.0002576851275668
2021-07-26,0.0002556246115599
2021-07-27,0.000254457906182
2021-07-28,0.0002568367663802
2021-07-29,0.0002594060430463
2021-07-30,0.000257979108491
2021-08-02,0.0002571340014464
2021-08-03,0.0002557793616361
2021-08-04,0.0002561189713931
2021-08-05,0.0002553823924037
2021-08-06,0.000252249742002
2021-08-09,0.0002501649484536
2021-08-10,0.0002518499433165
2021-08-11,0.0002534315746084
2021-08-12,0.0002591222828886
2021-08-13,0.0002601173926475
2021-08-17,0.000257737789203
2021-08-18,0.0002595681233933
2021-08-19,0.0002583984375
2021-08-20,0.0002583187750488
2021-08-23,0.0002578850102669
2021-08-24,0.0002586454592098
2021-08-25,0.0002587812884694
2021-08-26,0.0002585358351276
2021-08-27,0.000260762607626
2021-08-30,0.0002620407327806
2021-08-31,0.0002647943523634
2021-09-01,0.0002653507874821
2021-09-02,0.0002634570172748
2021-09-03,0.0002633762517882
2021-09-06,0.0002633792751403
2021-09-07,0.0002625471986937
2021-09-08,0.0002617488011427
2021-09-09,0.0002609790922998
2021-09-10,0.0002604037108777
2021-09-13,0.0002610245442509
2021-09-14,0.0002611343040423
2021-09-15,0.0002620966921119
2021-09-16,0.0002620142421159
2021-09-17,0.0002611935746238
2021-09-20,0.0002602478163721
2021-09-21,0.0002605463592972
2021-09-22,0.0002608082038785
2021-09-23,0.0002607874974629
2021-09-24,0.0002606128246753
2021-09-27,0.0002603163337726
2021-09-28,0.0002605513886073
2021-09-29,0.0002605551053484
2021-09-30,0.0002626189993923
2021-10-01,0.0002637412693592
2021-10-04,0.0002637467125227
2021-10-05,0.0002641520881787
2021-10-06,0.000264041649818
2021-10-07,0.0002650192035577
2021-10-12,0.0002685740236148
2021-10-13,0.0002673224374495
2021-10-14,0.0002654195240016
2021-10-15,0.0002656886469046
2021-10-18,0.0002654679157852
2021-10-19,0.000265491894069
2021-10-20,0.0002653950679416
2021-10-21,0.0002644258830632
2021-10-22,0.0002650467853908
2021-10-25,0.0002655609167671
2021-10-26,0.0002652169546002
2021-10-27,0.0002659307576517
2021-10-28,0.0002648811315076
2021-10-29,0.000265443241075
2021-11-01,0.0002659553150986
2021-11-02,0.0002635489685559
2021-11-03,0.0002608047242518
2021-11-04,0.0002584433773509
2021-11-05,0.000257794676806
2021-11-08,0.0002579836131095
2021-11-09,0.0002583258415742
2021-11-10,0.0002579630554168
2021-11-11,0.0002577019067585
2021-11-12,0.0002574136898822
2021-11-15,0.0002572653834646
2021-11-16,0.0002567554093129
2021-11-17,0.0002550871948181
2021-11-18,0.0002539288915446
2021-11-19,0.000255315548477
2021-11-23,0.0002532266083325
2021-11-24,0.0002511329755515
2021-11-25,0.0002513011521652
2021-11-26,0.0002490575396825
2021-11-29,0.0002478601149197
2021-11-30,0.0002500396196513
2021-12-01,0.0002517920792079
2021-12-02,0.0002537487636003
2021-12-03,0.0002520561486753
2021-12-06,0.000254186413902
2021-12-07,0.0002556892131729
2021-12-09,0.0002562241481189
2021-12-10,0.0002563269325455
2021-12-13,0.0002571189773844
2021-12-14,0.0002498034977402
2021-12-15,0.0002501866038106
2021-12-16,0.0002489990186457
2021-12-17,0.0002514806824867
2021-12-20,0.0002496132380299
2021-12-21,0.0002501369327073
2021-12-22,0.0002500782319577
2021-12-23,0.000250009775171
2021-12-27,0.0002503510825043
2021-12-28,0.0002495614889885
2021-12-29,0.0002476431632255
2021-12-30,0.0002461059190031
2021-12-31,0.0002460085669781
2022-01-03,0.0002461067961165
2022-01-04,0.0002450286157726
2022-01-05,0.0002481190614698
2022-01-06,0.0002479465323518
2022-01-07,0.0002468144848954
2022-01-10,0.0002460052168872
2022-01-11,0.0002502607184241
2022-01-12,0.000251630015432
2022-01-13,0.0002522694420352
2022-01-14,0.0002496340523882
2022-01-17,0.0002491834774255
2022-01-18,0.000247700873572
2022-01-19,0.0002501822716807
2022-01-20,0.0002514907487297
2022-01-21,0.0002527314548591
2022-01-24,0.0002516502439491
2022-01-25,0.0002520741731982
2022-01-26,0.0002541833810888
2022-01-27,0.0002525818459482
2022-01-28,0.0002525371995421
2022-01-31,0.0002536469243953
2022-02-01,0.0002546232876712
2022-02-02,0.000254258555133
2022-02-03,0.0002529199506219
2022-02-04,0.0002527274452139
2022-02-07,0.0002522899318697
2022-02-08,0.0002530901530901
2022-02-09,0.0002539049957503
2022-02-10,0.0002552400716913
2022-02-11,0.0002546490814884
2022-02-14,0.0002536761940579
2022-02-15,0.0002531041607964
2022-02-16,0.0002522518296115
2022-02-17,0.0002539514390175
2022-02-18,0.0002545233189735
2022-02-21,0.00025360612855
2022-02-22,0.0002544267189103
2022-02-23,0.0002555648769574
2022-02-24,0.0002546470478673
2022-02-25,0.000255523499302
2022-03-02,0.0002604558510145
2022-03-03,0.0002662408590206
2022-03-04,0.0002614538056043
2022-03-07,0.0002624400590188
2022-03-08,0.0002649871039056
2022-03-09,0.0002672524843577
2022-03-10,0.0002618828721154
2022-03-11,0.0002618111682586
2022-03-14,0.0002632967032967
2022-03-15,0.0002609678009513
2022-03-16,0.0002605794717119
2022-03-17,0.0002616564697287
2022-03-18,0.0002618322698268
2022-03-21,0.0002636446303537
2022-03-22,0.0002657490687744
2022-03-23,0.0002646306044654
2022-03-25,0.0002636981337198
2022-03-28,0.0002641940730032
2022-03-29,0.0002660259880887
2022-03-30,0.0002662638650915
2022-03-31,0.0002656427348887
2022-04-01,0.0002662347012239
2022-04-04,0.000269794747692
2022-04-05,0.0002675290957923
2022-04-06,0.0002667262809621
2022-04-07,0.0002654996874162
2022-04-08,0.0002660663338088
2022-04-11,0.0002673121335938
2022-04-12,0.0002665927633912
2022-04-13,0.0002685226166238
2022-04-18,0.0002678958021649
2022-04-19,0.0002665231147829
2022-04-20,0.0002660056160056
2022-04-21,0.0002652555000438
2022-04-22,0.0002596953514838
2022-04-25,0.0002542727589815
2022-04-26,0.0002539138006094
2022-04-27,0.000252564325452
2022-04-28,0.0002513283556172
2022-04-29,0.000252363194866
2022-05-02,0.0002495290762982
2022-05-03,0.0002483559161128
2022-05-04,0.0002459834511291
2022-05-05,0.0002446625344352
2022-05-06,0.0002469733447979
2022-05-09,0.0002445481798715
2022-05-10,0.0002452492944496
2022-05-11,0.0002448838401093
2022-05-12,0.0002432324093816
2022-05-13,0.0002432768457804
2022-05-16,0.0002464025114542
2022-05-17,0.0002479800118573
2022-05-19,0.000246704411019
2022-05-20,0.0002514939230249
2022-05-23,0.000251715150496
2022-05-24,0.0002515405927294
2022-05-26,0.0002547944058286
2022-05-27,0.0002545964031785
2022-05-30,0.0002624697941838
2022-05-31,0.0002649833610648
2022-06-01,0.0002629155585106
2022-06-02,0.0002649676241075
2022-06-03,0.0002646917467683
2022-06-06,0.0002634959953761
2022-06-07,0.0002640695852914
2022-06-08,0.0002629312474269
2022-06-09,0.0002602039138299
2022-06-10,0.0002540602676738
2022-06-13,0.0002514799672935
2022-06-14,0.0002520163265306
2022-06-15,0.0002565362673186
2022-06-16,0.0002563130491376
2022-06-21,0.0002488639120239
2022-06-22,0.0002487525232135
2022-06-23,0.0002439484286865
2022-06-24,0.0002416934964584
2022-06-27,0.0002419693689359
2022-06-28,0.0002439096660526
2022-06-29,0.0002429462571976
2022-06-30,0.0002408688014054
2022-07-01,0.0002382861697887
2022-07-04,0.000238705835649
2022-07-05,0.0002344374009508
2022-07-06,0.0002305957749821
2022-07-07,0.0002280104298356
2022-07-08,0.000227216088328
2022-07-11,0.0002192618767177
2022-07-12,0.0002162708676228
2022-07-13,0.0002218823345329
2022-07-14,0.0002219609375
2022-07-15,0.0002287719298245
2022-07-18,0.0002319990691179
2022-07-19,0.0002316865417376
2022-07-20,0.0002303292626371
2022-07-21,0.0002260842722642
2022-07-22,0.0002241251734237
2022-07-25,0.0002241564417177
2022-07-26,0.0002248546066727
2022-07-27,0.000226056069055
2022-07-28,0.0002286836485661
2022-07-29,0.000232802620553
2022-08-01,0.0002345591022822
2022-08-02,0.0002313767019667
2022-08-03,0.000231996677239
2022-08-04,0.0002332780458383
2022-08-05,0.0002301979080442
2022-08-08,0.0002318185221232
2022-08-09,0.0002301979828165
2022-08-10,0.0002340320775829
2022-08-11,0.0002364489461532
2022-08-12,0.0002401738613567
2022-08-16,0.0002355353580137
2022-08-17,0.0002306647974618
2022-08-18,0.0002275405007363
2022-08-19,0.0002281339502092
2022-08-22,0.0002273931498829
2022-08-23,0.0002293464768163
2022-08-24,0.0002269121399927
2022-08-25,0.0002276055312954
2022-08-26,0.0002271604938271
2022-08-29,0.0002287087912087
2022-08-30,0.0002262698412698
2022-08-31,0.0002258848122251
2022-09-01,0.0002229159174278
2022-09-05,0.0002234245794126
2022-09-06,0.0002232712009106
2022-09-07,0.0002267471590909
2022-09-08,0.0002272830322352
2022-09-09,0.0002296505870703
2022-09-12,0.0002294278886702
2022-09-13,0.0002266026090615
2022-09-14,0.0002279955207166
2022-09-15,0.0002263966480446
2022-09-16,0.0002254668338907
2022-09-19,0.0002268823162706
2022-09-20,0.0002260854535398
2022-09-21,0.0002270619090344
2022-09-22,0.0002287751446679
2022-09-23,0.000224951870187
2022-09-26,0.0002206481608095
2022-09-27,0.0002193764071774
2022-09-28,0.0002229265967588
2022-09-29,0.000220860814578
2022-09-30,0.000217071680695
2022-10-03,0.0002205221615057
2022-10-04,0.0002224577697018
2022-10-05,0.0002185451370231
2022-10-06,0.0002168967828418
2022-10-11,0.0002170416086004
2022-10-12,0.000217002118644
2022-10-13,0.0002183344348975
2022-10-14,0.0002131231864943
2022-10-17,0.0002115344262295
2022-10-18,0.00020984818741
2022-10-19,0.0002065935500718
2022-10-20,0.000203895511693
2022-10-21,0.0002034072436439
2022-10-24,0.000200355434923
2022-10-25,0.0002012058292494
2022-10-26,0.0002046013256966
2022-10-27,0.0002074185882201
2022-10-28,0.0002068837328547
2022-10-31,0.0002027595436874
2022-11-01,0.0001999936419125
2022-11-02,0.0001998794416243
2022-11-03,0.0001972834346504
2022-11-04,0.0001963987869598
2022-11-07,0.0001955010353265
2022-11-08,0.0002010456452319
2022-11-09,0.000204224471941
2022-11-10,0.0002082673483384
2022-11-11,0.0002080833851897
2022-11-14,0.000208103597478
2022-11-15,0.0002063348137182
2022-11-16,0.0002023758232289
2022-11-17,0.0002000245730433
2022-11-18,0.0002004289741389
2022-11-22,0.0002037870038295
2022-11-23,0.0002046651298228
2022-11-24,0.0002036862175413
2022-11-25,0.000205495500936
2022-11-28,0.000206806722689
2022-11-29,0.0002078521801629
2022-11-30,0.0002070121951219
2022-12-01,0.0002097305032196
2022-12-02,0.0002094830150514
2022-12-05,0.0002067096240245
2022-12-06,0.0002068853619682
2022-12-07,0.0002072454384932
2022-12-12,0.0002061854466942
2022-12-13,0.0002098480880041
2022-12-14,0.0002091717523975
2022-12-15,0.0002085967863565
2022-12-16,0.0002087550665894
2022-12-19,0.0002092569124423
2022-12-20,0.0002096360604841
2022-12-21,0.0002097372044985
2022-12-22,0.0002100383888156
2022-12-23,0.0002112788835506
2022-12-26,0.0002112786661355
2022-12-27,0.0002098437943765
2022-12-28,0.0002094331065759
2022-12-29,0.0002061488856205
2022-12-30,0.0002061526303906
2023-01-02,0.0002062699971933
2023-01-03,0.0002042890782686
2023-01-04,0.0002028321952311
2023-01-05,0.0002013524086285
2023-01-06,0.0002056569037656
2023-01-09,0.0002060525292909
2023-01-10,0.0002088646191373
2023-01-11,0.000211280234682
2023-01-12,0.0002133779079405
2023-01-13,0.0002132399183538
2023-01-16,0.0002141657519209
2023-01-17,0.0002114088443202
2023-01-18,0.0002128165855259
2023-01-19,0.0002140680465294
2023-01-20,0.0002165331152902
2023-01-23,0.0002201171557194
2023-01-24,0.0002211218799068
2023-01-25,0.0002205264011241
2023-01-26,0.0002212767105547
2023-01-27,0.000218560422391
2023-01-30,0.000214890651801
2023-01-31,0.0002141122994652
2023-02-01,0.0002161834588071
2023-02-02,0.0002165431572213
2023-02-03,0.0002128816083395
2023-02-06,0.0002089313098196
2023-02-07,0.0002114605318699
2023-02-08,0.0002099815643929
2023-02-09,0.0002111298039009
2023-02-10,0.0002083355204451
2023-02-13,0.0002087555439603
2023-02-14,0.0002084796083129
2023-02-15,0.0002032383823682
2023-02-16,0.0002029611574962
2023-02-17,0.0002038718360163
2023-02-22,0.0002042318543216
2023-02-23,0.0002058419947775
2023-02-24,0.0002066026165167
2023-02-27,0.0002100401402367
2023-02-28,0.0002057671823484
2023-03-01,0.0002070304195981
2023-03-02,0.0002077020265831
2023-03-03,0.000208982247327
2023-03-06,0.0002126066017858
2023-03-07,0.000209820713141
2023-03-08,0.0002093423355838
2023-03-09,0.0002107007386703
2023-03-10,0.0002120759228814
2023-03-13,0.0002096007133656
2023-03-14,0.000210867521156
2023-03-15,0.0002052971958925
2023-03-16,0.0002066127919582
2023-03-17,0.0002065161797973
2023-03-20,0.0002075979073974
2023-03-21,0.0002082674860989
2023-03-22,0.0002094020839419
2023-03-23,0.0002107930799883
2023-03-27,0.0002138993346832
2023-03-28,0.0002137413394919
2023-03-29,0.0002167450792126
2023-03-30,0.000215326717484
2023-03-31,0.0002144442849624
2023-04-03,0.0002172553120692
2023-04-04,0.0002181658601385
2023-04-05,0.0002187718966007
2023-04-10,0.0002194198416045
2023-04-11,0.0002217954715568
2023-04-12,0.0002246079163554
2023-04-13,0.0002267467859139
2023-04-14,0.0002265364946536
2023-04-17,0.000225593862649
2023-04-18,0.00022271134876
2023-04-19,0.000220870884679
2023-04-20,0.000220909216019
2023-04-21,0.0002214478561295
2023-04-24,0.0002238545025203
2023-04-25,0.0002216960202834
2023-04-26,0.0002208737644988
2023-04-27,0.0002149594594594
2023-04-28,0.0002129153942877
2023-05-02,0.0002129935455152
2023-05-03,0.0002160790408525
2023-05-04,0.0002169206911829
2023-05-05,0.0002208928176795
2023-05-08,0.0002219855040632
2023-05-09,0.0002193422495066
2023-05-10,0.0002196455142231
2023-05-11,0.0002174366812227
2023-05-12,0.0002193586387434
2023-05-15,0.0002225444299956
2023-05-16,0.0002209086975335
2023-05-17,0.0002224562918195
2023-05-18,0.0002206807410598
2023-05-19,0.0002207776584317
2023-05-22,0.0002208534243652
2023-05-23,0.0002231879123217
2023-05-24,0.0002248950159066
2023-05-29,0.0002253347324239
2023-05-30,0.0002276742725559
2023-05-31,0.0002248141962421
2023-06-01,0.0002274380853277
2023-06-02,0.0002300685073697
2023-06-05,0.0002334144329896
2023-06-06,0.0002366783144912
2023-06-07,0.0002375277207392
2023-06-08,0.0002397709142974
2023-06-09,0.0002388691569708
2023-06-12,0.0002391815235008
2023-06-13,0.0002394860380412
2023-06-14,0.0002397862903225
2023-06-15,0.0002409583249446
2023-06-16,0.0002408739226297
2023-06-21,0.0002411554496724
2023-06-22,0.0002435510688836
2023-06-23,0.0002391739130434
2023-06-26,0.0002399332285938
2023-06-27,0.0002399451518119
2023-06-28,0.0002410826656243
2023-06-29,0.0002391022638563
2023-06-30,0.0002397039345539
2023-07-03,0.0002400659170221
2023-07-04,0.0002418199344515
2023-07-05,0.000242007707129
2023-07-06,0.0002364669738863
2023-07-07,0.0002401340996168
2023-07-10,0.0002406057142857
2023-07-11,0.0002389399696048
2023-07-12,0.0002415981821624
2023-07-13,0.0002438698694912
2023-07-14,0.0002448443689869
2023-07-17,0.0002475876288659
2023-07-18,0.0002497179151877
2023-07-19,0.0002514163090128
2023-07-20,0.0002512988462969
2023-07-21,0.0002518797550565
2023-07-24,0.0002530516605166
2023-07-25,0.0002518372606774
2023-07-26,0.0002531339449541
2023-07-27,0.0002535847674844
2023-07-28,0.0002553927658019
2023-07-31,0.0002548083560399
2023-08-01,0.0002499366286438
2023-08-02,0.0002466077865897
2023-08-03,0.0002408018698309
2023-08-04,0.0002465079649185
2023-08-07,0.0002485381355932
2023-08-08,0.0002453237156931
2023-08-09,0.000248865509381
2023-08-10,0.0002530992313067
2023-08-11,0.0002522846702627
2023-08-14,0.0002478325475067
2023-08-15,0.0002447028571428
2023-08-16,0.0002424203457636
2023-08-17,0.0002438548364052
2023-08-18,0.000242688955565
2023-08-22,0.0002428375482211
2023-08-23,0.0002453179025575
2023-08-24,0.0002444428571428
2023-08-25,0.0002422679234504
2023-08-28,0.0002431890270038
2023-08-29,0.0002439114285714
2023-08-30,0.0002441885714285
2023-08-31,0.0002443714285714
2023-09-01,0.0002464867180805
2023-09-04,0.0002468914285714
2023-09-05,0.0002449514285714
2023-09-06,0.0002455142857142
2023-09-07,0.0002485355050721
2023-09-08,0.0002490555793684
2023-09-11,0.0002507415345049
2023-09-12,0.0002514444920702
2023-09-13,0.0002532695329238
2023-09-14,0.0002552028571428
2023-09-15,0.00025458
2023-09-18,0.0002567142857142
2023-09-19,0.0002554879268466
2023-09-20,0.0002565067123678
2023-09-21,0.0002540314285714
2023-09-22,0.0002508755892015
2023-09-25,0.0002468247393229
2023-09-26,0.0002457628571428
2023-09-27,0.0002436285714285
2023-09-28,0.0002452649621482
2023-09-29,0.0002452378911273
2023-10-02,0.0002414969290101
2023-10-03,0.000237106127696
2023-10-04,0.0002342257142857
2023-10-05,0.0002298428571428
2023-10-06,0.0002313310482719
2023-10-09,0.0002314852899171
2023-10-10,0.0002363638960297
2023-10-11,0.0002363296201085
2023-10-12,0.0002346335190741
2023-10-17,0.0002382347900599
2023-10-18,0.0002350985432733
2023-10-19,0.0002358479782826
2023-10-20,0.0002366166595227
2023-10-23,0.0002363337619659
2023-10-24,0.0002371767395342
2023-10-25,0.0002378577549271
2023-10-26,0.0002422574653521
2023-10-27,0.0002435290755822
2023-10-30,0.0002458036862408
2023-10-31,0.0002425885714285
2023-11-01,0.0002433747678239
2023-11-02,0.0002472607826335
2023-11-03,0.0002513767495001
2023-11-07,0.0002492171428571
2023-11-08,0.0002446435205029
2023-11-09,0.0002489098442634
2023-11-10,0.0002477868266895
2023-11-13,0.0002484440634376
2023-11-14,0.0002520137103684
2023-11-15,0.0002485847853803
2023-11-16,0.0002446031970575
2023-11-17,0.0002443311202147
2023-11-21,0.0002454052535468
2023-11-22,0.000245655772198
2023-11-23,0.000245799131531
2023-11-24,0.0002475671140939
2023-11-27,0.0002518161559888
2023-11-28,0.0002528789986091
2023-11-29,0.000250525
2023-11-30,0.000247975034674
2023-12-01,0.0002522902243145
2023-12-04,0.0002488425989791
2023-12-05,0.000249898099697
2023-12-06,0.0002499120153973
2023-12-07,0.0002507454545454
2023-12-11,0.0002510151660062
2023-12-12,0.0002502496930004
2023-12-13,0.0002502068879304
2023-12-14,0.0002520349781386
2023-12-15,0.0002538696791911
2023-12-18,0.0002541191128831
2023-12-19,0.0002541729440328
2023-12-20,0.0002538185890257
2023-12-21,0.0002531745834369
2023-12-22,0.0002561814228021
2023-12-26,0.0002591485406209
2023-12-27,0.000261802080753
2023-12-28,0.0002589838480103
2023-12-29,0.0002580406951573
2024-01-02,0.0002576304428271
2024-01-03,0.0002551165084453
2024-01-04,0.0002542626586177
2024-01-05,0.0002578736764343
2024-01-08,0.0002575964610469
2024-01-09,0.0002538040275049
2024-01-10,0.0002542041968339
2024-01-11,0.0002545989698307
2024-01-12,0.0002557034313725
2024-01-15,0.0002560604207436
2024-01-16,0.0002536474758586
2024-01-17,0.000252279501588
2024-01-18,0.0002553649902343
2024-01-19,0.000255671587166
2024-01-22,0.0002562990017044
2024-01-23,0.0002526718578902
2024-01-24,0.0002554632782101
2024-01-25,0.0002537205346294
2024-01-26,0.0002556806314511
2024-01-29,0.0002545516238487
2024-01-30,0.0002552391909894
2024-01-31,0.0002553642303969
2024-02-01,0.0002572197363647
2024-02-02,0.0002541605221805
2024-02-05,0.0002525126658624
2024-02-06,0.000252653405666
2024-02-07,0.0002527836665863
2024-02-08,0.0002532506621719
2024-02-09,0.0002550126308191
2024-02-14,0.0002553819402806
2024-02-15,0.0002557471539844
2024-02-16,0.0002558670658682
2024-02-19,0.0002554260786422
2024-02-20,0.0002548889154323
2024-02-21,0.0002547499701635
2024-02-22,0.0002545329834188
2024-02-23,0.000252277983073
2024-02-26,0.0002525660242683
2024-02-27,0.0002542872428962
2024-02-28,0.0002547047641677
2024-02-29,0.0002547090952267
2024-03-01,0.0002532866468842
2024-03-04,0.0002536824644549
2024-03-05,0.0002534639053254
2024-03-06,0.0002549461856889
2024-03-07,0.0002552730496453
2024-03-08,0.0002561252215002
2024-03-11,0.0002554634433962
2024-03-12,0.0002548768414849
2024-03-13,0.0002561753972925
2024-03-14,0.0002569658823529
2024-03-15,0.0002575873015873
2024-03-18,0.0002567073313782
2024-03-19,0.0002579742086752
2024-03-20,0.000256855803048
2024-03-21,0.0002563044496487
2024-03-22,0.0002568461088355
2024-03-25,0.0002563714953271
2024-03-26,0.0002592702860478
2024-03-27,0.000259458041958
2024-04-03,0.0002622845528455
2024-04-04,0.0002654207777132
2024-04-05,0.0002655269565217
2024-04-08,0.0002651377314814
2024-04-09,0.000264905725853
2024-04-10,0.0002624520231213
2024-04-11,0.0002613460427498
2024-04-12,0.0002593398730525
2024-04-15,0.0002558341013824
2024-04-16,0.0002552815198618
2024-04-17,0.0002563197239792
2024-04-18,0.0002537425287356
2024-04-19,0.0002561055651176
2024-04-22,0.0002555344036697
2024-04-23,0.0002557810888252
2024-04-24,0.0002539014891179
2024-04-25,0.0002528066361556
2024-04-26,0.0002562697142857
2024-04-29,0.0002586651454649
2024-04-30,0.0002549891614375
2024-05-02,0.0002561970387243
2024-05-03,0.0002555355719977
2024-05-06,0.0002566306818181
2024-05-07,0.0002572345258375
2024-05-08,0.0002565161656267
2024-05-09,0.0002566315192743
2024-05-10,0.0002570617563739
2024-05-13,0.0002570610859728
2024-05-14,0.0002598892655367
2024-05-15,0.0002615200451722
2024-05-16,0.0002611060948081
2024-05-17,0.0002611370558375
2024-05-20,0.000261947101857
2024-05-21,0.0002621698537682
2024-05-22,0.0002612917369308
2024-05-23,0.0002585910112359
2024-05-24,0.0002581987647389
2024-05-27,0.0002584141018466
2024-05-28,0.0002599955232232
2024-05-29,0.000258180190263
2024-05-30,0.0002586487695749
2024-05-31,0.0002585192629815
2024-06-03,0.0002589531772575
2024-06-04,0.0002541248606465
2024-06-05,0.0002540267111853
2024-06-06,0.0002540723830734
2024-06-07,0.0002542825361512
2024-06-10,0.0002524101995565
2024-06-11,0.0002506141906873
2024-06-12,0.0002482351636161
2024-06-13,0.0002411895787139
2024-06-14,0.0002417111234089
2024-06-18,0.0002411524861878
2024-06-19,0.0002402655647382
2024-06-24,0.0002444843148046
2024-06-25,0.0002439834983498
2024-06-26,0.0002416860592755
2024-06-27,0.0002400625342841
2024-06-28,0.0002410405701754
2024-07-01,0.0002410940919037
2024-07-02,0.0002426451612903
2024-07-03,0.0002437890710382
2024-07-04,0.0002444596069868
2024-07-05,0.0002448660130718
2024-07-08,0.0002469842133913
2024-07-10,0.0002519206090266
2024-07-11,0.0002512
2024-07-12,0.0002549983722192
2024-07-15,0.0002537031419284
2024-07-16,0.0002511142393069
2024-07-17,0.0002502478354978
2024-07-18,0.00024709454349
2024-07-19,0.0002476668463611
2024-07-22,0.0002502817053426
2024-07-23,0.0002492772384034
2024-07-24,0.0002473566810344
2024-07-25,0.0002481709677419
2024-07-26,0.0002486205045625
2024-07-29,0.0002459120171673
2024-07-30,0.0002448761394101
2024-07-31,0.0002460343347639
2024-08-01,0.0002447642015005
2024-08-02,0.0002417935828877
2024-08-05,0.0002405451630144
2024-08-06,0.0002416657768286
2024-08-07,0.0002416775226908
2024-08-08,0.0002459210245464
2024-08-09,0.0002456070287539
2024-08-12,0.0002467440127727
2024-08-13,0.0002480191387559
2024-08-14,0.0002488522848034
2024-08-15,0.000249326606479
2024-08-16,0.0002481440677966
2024-08-19,0.0002480974576271
2024-08-20,0.0002492747485442
2024-08-21,0.0002481375661375
2024-08-22,0.0002461152219873
2024-08-23,0.0002482846599894
2024-08-26,0.0002484134665965
2024-08-27,0.0002476347368421
2024-08-28,0.0002441727224855
2024-08-29,0.0002427192429022
2024-08-30,0.0002393759832197
2024-09-02,0.0002408373557187
2024-09-03,0.0002389889879391
2024-09-04,0.0002396081718177
2024-09-05,0.0002404044002095
2024-09-06,0.0002396659707724
2024-09-09,0.0002356797078768
2024-09-10,0.0002336210855949
2024-09-11,0.0002341418883672
2024-09-12,0.0002375950026028
2024-09-13,0.0002390675675675
2024-09-16,0.000235869022869
2024-09-17,0.0002375051975051
2024-09-18,0.0002389974052932
2024-09-19,0.0002403404255319
2024-09-20,0.0002408762299326
2024-09-23,0.0002404710144927
2024-09-24,0.0002408318675633
2024-09-25,0.0002381620227038
2024-09-26,0.0002404192049561
2024-09-27,0.0002393659793814
2024-09-30,0.0002378495620814
2024-10-01,0.0002368053553038
2024-10-02,0.0002390200720535
2024-10-03,0.0002388047276464
2024-10-04,0.000239849153412
2024-10-07,0.0002372793439261
2024-10-08,0.0002365310097385
2024-10-09,0.0002362090163934
2024-10-10,0.0002379989785495
2024-10-14,0.0002378010204081
2024-10-15,0.0002354676185619
2024-10-16,0.0002345015290519
2024-10-17,0.0002349699439633
2024-10-18,0.0002342579989842
2024-10-21,0.0002336747967479
2024-10-22,0.0002344530218384
2024-10-23,0.0002313424657534
2024-10-24,0.0002326369168356
2024-10-25,0.0002308127530364
2024-10-28,0.0002305381891755
2024-10-29,0.0002275581395348
2024-10-30,0.0002264363636363
2024-10-31,0.0002259223790322
2024-11-01,0.0002254340382678
2024-11-04,0.0002262316213494
2024-11-05,0.0002266686777275
2024-11-07,0.0002318552763819
2024-11-08,0.0002292798395185
2024-11-11,0.0002292795591182
2024-11-12,0.0002246659989984
2024-11-13,0.0002231081081081
2024-11-14,0.0002229794897448
2024-11-15,0.0002255690773067
2024-11-19,0.0002276879361914
2024-11-20,0.0002271380169407
2024-11-21,0.0002276756218905
2024-11-22,0.000226399205561
2024-11-25,0.0002279394240317
2024-11-26,0.000227115079365
2024-11-27,0.0002278869608329
2024-11-28,0.0002264261645193
2024-11-29,0.0002255818091942
2024-12-02,0.0002242745679012
2024-12-03,0.000225197037037
2024-12-04,0.0002263810463968
2024-12-05,0.0002264903798717
2024-12-06,0.0002268488429345
2024-12-09,0.0002286876537137
2024-12-10,0.0002287050147492
2024-12-11,0.0002299783783783
2024-12-12,0.0002300343473994
2024-12-13,0.000231611954924
2024-12-16,0.000231262591687
2024-12-17,0.000229977484092
2024-12-18,0.0002286718826405
2024-12-19,0.0002284007820136
2024-12-20,0.0002278419512195
2024-12-23,0.0002262809917355
2024-12-26,0.0002276891694997
2024-12-27,0.0002269190499272
2024-12-30,0.0002269941860465
2024-12-31,0.0002269825581395
2025-01-02,0.0002281268765133
2025-01-03,0.0002300956059874
2025-01-06,0.0002302095605987
2025-01-07,0.0002304362934362
2025-01-08,0.0002310313555233
2025-01-09,0.0002308462650602
2025-01-10,0.0002301212121212
2025-01-13,0.0002321259615384
2025-01-14,0.0002328607108549
2025-01-15,0.0002323589251439
2025-01-16,0.0002301986564299
2025-01-17,0.0002306417624521
2025-01-20,0.0002323334925943
2025-01-21,0.0002322941738299
2025-01-22,0.0002343883587786
2025-01-23,0.0002363090128755
2025-01-24,0.0002393489037178
2025-01-27,0.0002382122798667
2025-01-28,0.0002370019029495
2025-01-29,0.0002398573466476
2025-01-30,0.0002406482889733
2025-01-31,0.0002376136687233
2025-02-03,0.000240344320607
2025-02-04,0.0002403737253972
2025-02-05,0.0002394604077761
2025-02-06,0.0002416989808011
2025-02-07,0.0002426152024627
2025-02-10,0.0002416781826786
2025-02-11,0.0002416308566019
2025-02-12,0.0002399460610361
2025-02-13,0.0002415580241077
2025-02-14,0.0002423926293408
2025-02-17,0.0002422449846589
2025-02-18,0.0002443729933899
2025-02-19,0.0002438281803162
2025-02-20,0.0002453172918141
2025-02-21,0.0002450379448503
2025-02-24,0.0002428378887841
2025-02-25,0.0002422816768723
2025-02-26,0.0002436204379562
2025-02-27,0.0002420447164038
2025-02-28,0.0002407363230805
2025-03-05,0.0002431477566361
2025-03-06,0.0002436655706904
2025-03-07,0.0002421153305203
2025-03-10,0.0002391857410881
2025-03-11,0.0002418977965307
2025-03-12,0.0002434459807827
2025-03-13,0.0002424714151827
2025-03-14,0.0002438895648104
2025-03-17,0.0002455788488535
2025-03-18,0.0002428129092609
2025-03-19,0.0002402467866323
2025-03-20,0.0002396895745675
2025-03-21,0.0002412804479701
2025-03-25,0.0002434784231397
2025-03-26,0.000242104035456
2025-03-27,0.0002398004196782
2025-03-28,0.0002379357242664
2025-03-31,0.000239033519553
2025-04-01,0.00024117794836
2025-04-03,0.0002406427906976
2025-04-04,0.0002339479553903
2025-04-07,0.0002279832713754
2025-04-08,0.0002259735191637
2025-04-09,0.0002313678347644
2025-04-10,0.0002307325905292
2025-04-11,0.0002337736549165
2025-04-14,0.0002320734557595
2025-04-15,0.0002296466666666
2025-04-16,0.0002322466960352
2025-04-21,0.0002335840950639
2025-04-22,0.0002328297101449
2025-04-23,0.0002322344827586
2025-04-24,0.0002343620102214
2025-04-25,0.0002370987601539
2025-04-28,0.0002370585738539
2025-04-29,0.0002387690987124
2025-04-30,0.0002366529914529
2025-05-05,0.0002325558333333
2025-05-06,0.0002322839195979
2025-05-07,0.0002332553380782
2025-05-08,0.0002351741472172
2025-05-09,0.0002366971830985
2025-05-12,0.000236601590106
2025-05-13,0.0002370457574411
2025-05-14,0.0002390768551236
2025-05-15,0.0002380738137082
2025-05-16,0.0002394063047285
2025-05-19,0.0002396275197195
2025-05-20,0.0002398503282275
2025-05-21,0.0002394310645724
2025-05-22,0.0002395015411712
2025-05-23,0.0002408213498014
2025-05-26,0.0002409230096237
2025-05-27,0.0002430813148788
2025-05-28,0.0002423905172413
2025-05-29,0.0002426813186813
2025-05-30,0.0002404175084175
2025-06-02,0.0002404176196526
2025-06-03,0.00024334375
2025-06-04,0.0002433386756642
2025-06-05,0.0002433862300587
2025-06-06,0.0002429287220582
2025-06-09,0.0002412953586497
2025-06-10,0.0002376777450567
2025-06-11,0.0002391294416243
2025-06-12,0.0002406945147679
2025-06-13,0.0002419060913705
2025-06-17,0.000243823275862
2025-06-18,0.0002457759299781
2025-06-19,0.0002448029259896
2025-06-23,0.0002444030742954
2025-06-24,0.0002452371221796
2025-06-25,0.0002462022660511
2025-06-26,0.0002473812526271
2025-06-27,0.0002440050462573
2025-06-30,0.0002446414937759
2025-07-01,0.0002482283142389
2025-07-02,0.0002503213995117
2025-07-03,0.0002509163281884
2025-07-04,0.0002508153225806
2025-07-07,0.0002473101265822
2025-07-08,0.0002468677290836
2025-07-10,0.0002493003984063
2025-07-11,0.0002499437177962
2025-07-14,0.00024970859375
2025-07-15,0.000247938095238
2025-07-16,0.0002490079302141
2025-07-17,0.000248638932496
2025-07-18,0.000249098755832
2025-07-21,0.0002472352941176
2025-07-22,0.0002454588141663
2025-07-23,0.000247309495431
2025-07-24,0.0002454984276729
2025-07-25,0.000241371875
2025-07-28,0.0002399413127413
2025-07-29,0.0002414949651432
2025-07-30,0.0002391490494296
2025-07-31,0.000238847889374
2025-08-01,0.000242163489736
2025-08-04,0.00024405
2025-08-05,0.0002444422861412
2025-08-06,0.0002471186186186
2025-08-07,0.0002470780248774
2025-08-08,0.0002468574660633
2025-08-11,0.0002478804841149
2025-08-12,0.0002488159392789
2025-08-13,0.0002482003046458
2025-08-14,0.0002467061538461
2025-08-18,0.0002481276102088
2025-08-19,0.000247893230174
2025-08-20,0.0002487255956956
2025-08-21,0.000248088973384
2025-08-22,0.0002493126419379
2025-08-25,0.0002483392070484
2025-08-26,0.0002466221894581
2025-08-27,0.0002481059651722
2025-08-28,0.0002483023255813
2025-08-29,0.0002489388971684
2025-09-01,0.000248970845481
2025-09-02,0.0002497200587803
2025-09-03,0.0002496107234667
2025-09-04,0.0002507640366972
2025-09-05,0.0002525188191881
2025-09-08,0.0002537366926898
2025-09-09,0.000254921284857
2025-09-10,0.000254769933263
2025-09-11,0.0002567339385474
2025-09-12,0.0002565615966964
2025-09-15,0.0002560136332651
2025-09-16,0.0002583812117086
2025-09-17,0.0002577748389284
2025-09-18,0.0002566978636826
2025-09-19,0.000258707118644
2025-09-22,0.0002599296875
2025-09-23,0.0002592585829072
2025-09-24,0.0002573846728971
2025-09-25,0.000256047868362
2025-09-26,0.0002563009049773
2025-09-29,0.0002551352941176
2025-09-30,0.0002550210144927
2025-10-01,0.000257672522839
2025-10-02,0.0002573415233415
2025-10-03,0.0002584415584415
2025-10-06,0.0002592811188811
2025-10-07,0.0002579636236446
2025-10-08,0.0002568419580419
2025-10-09,0.0002573154929577
2025-10-13,0.0002549651593773
2025-10-14,0.0002547257352941
2025-10-15,0.0002567333333333
2025-10-16,0.0002597296718972
2025-10-17,0.0002610144827586
2025-10-20,0.000257353898305
2025-10-21,0.0002568205300234
2025-10-22,0.0002557441235728
2025-10-23,0.0002575726842461
2025-10-24,0.0002595475871313
2025-10-27,0.0002598181184668
2025-10-28,0.0002566061224489
2025-10-29,0.0002581190807799
2025-10-30,0.0002589228094575
2025-10-31,0.0002593377162629
2025-11-03,0.0002593029689608
2025-11-04,0.0002592097661623
2025-11-05,0.0002607300275482
2025-11-07,0.0002642431095406
2025-11-10,0.0002662583597324
2025-11-11,0.0002674430290162
2025-11-12,0.0002696685552407
2025-11-13,0.0002669153627311
2025-11-14,0.0002661945830363
2025-11-17,0.0002662299927901
2025-11-18,0.0002684585714285
2025-11-19,0.000269222182723
2025-11-20,0.0002656792982456
2025-11-25,0.0002621354058721
2025-11-26,0.0002679745442036
2025-11-27,0.0002671468965517
2025-11-28,0.0002663293145022
2025-12-01,0.0002621391663796
2025-12-02,0.0002621360824742
2025-12-03,0.0002655209910529
2025-12-04,0.0002632333795013
2025-12-05,0.0002602543554006
2025-12-09,0.0002588432732316
2025-12-10,0.000260244173913
2025-12-11,0.0002625188022284
2025-12-12,0.0002630229007633
2025-12-15,0.0002611790059089
2025-12-16,0.0002600882150241
2025-12-17,0.0002587319090282
2025-12-18,0.0002589241902136
2025-12-19,0.000261428275862
2025-12-22,0.0002638966942148
2025-12-23,0.0002658904203997
2025-12-26,0.0002699793459552
2025-12-29,0.0002672319835277
2025-12-30,0.0002648652920962
2025-12-31,0.000264920274914
2026-01-02,0.0002647552542372
2026-01-05,0.0002661727891156
2026-01-06,0.0002690275979557
2026-01-07,0.0002670671232876
2026-01-08,0.0002682404371584
2026-01-09,0.0002691849829351
2026-01-12,0.0002691850085178
2026-01-13,0.0002741832532601
2026-01-14,0.0002714948382656
2026-01-15,0.0002713997224149
2026-01-16,0.0002705342657342
2026-01-19,0.0002720871383757
2026-01-20,0.000271416521436
2026-01-21,0.000272125131073
2026-01-22,0.0002772325988107
2026-01-23,0.000274142358688
2026-01-26,0.0002717022608695
2026-01-27,0.000274140034662
2026-01-28,0.0002720256143994
2026-01-29,0.0002736635514018
2026-01-30,0.0002704968901174
2026-02-02,0.0002760689179875
2026-02-03,0.0002744661134163
2026-02-04,0.0002741243523316
2026-02-05,0.000269535367545
2026-02-06,0.0002716222067039
2026-02-09,0.000272263418079
2026-02-10,0.000272493598862
2026-02-11,0.0002725735714285
2026-02-12,0.0002727799283154
2026-02-13,0.0002730510896748
2026-02-18,0.0002715315186246
2026-02-19,0.0002703484521238
2026-02-20,0.0002698161337209
2026-02-23,0.0002710441444728
2026-02-24,0.0002697624049257
2026-02-25,0.0002705496783416
2026-02-26,0.0002655326704545
2026-02-27,0.0002661825340014
2026-03-02,0.0002659390681003
2026-03-03,0.0002629992932862
2026-03-04,0.0002665933595144
2026-03-05,0.0002650170575692
2026-03-06,0.0002647464689265
2026-03-09,0.0002655508474576
2026-03-10,0.0002699057142857
2026-03-11,0.0002700128939828
2026-03-12,0.0002710103979921
2026-03-13,0.0002703157142857
2026-03-16,0.0002703975644699
2026-03-17,0.0002707929799426
2026-03-18,0.000270344332855
2026-03-19,0.000271662244532
2026-03-20,0.0002691571377202
2026-03-25,0.0002714163339382
2026-03-26,0.0002720497076023
2026-03-27,0.0002725432188065
2026-03-30,0.0002723276108726
2026-03-31,0.0002722424023154
2026-04-01,0.0002735925394548
2026-04-06,0.0002718111988513
2026-04-07,0.0002718671454219
2026-04-08,0.0002745924324324
2026-04-09,0.0002744127443881
2026-04-10,0.0002751218978102
2026-04-13,0.0002786329394387
2026-04-14,0.0002789831378299
2026-04-15,0.0002771501103752
2026-04-16,0.0002770066273932
2026-04-17,0.0002786397947966
2026-04-20,0.0002799818445896
2026-04-21,0.0002794402035623
2026-04-22,0.000280571843251
2026-04-23,0.0002809734195402
2026-04-24,0.0002811489817792
2026-04-27,0.0002750127028934
2026-04-28,0.000277147739409
2026-04-29,0.0002759504132231
2026-04-30,0.0002748159597411
2026-05-04,0.0002685739750445
2026-05-05,0.0002695850681981
2026-05-06,0.0002693386167146
2026-05-07,0.0002676138968481
2026-05-08,0.00026730472103
2026-05-11,0.0002663054257994
2026-05-12,0.0002648114161849
2026-05-13,0.0002645294540229
2026-05-14,0.0002641531272465
2026-05-15,0.0002631373252061
2026-05-18,0.0002630372226198
2026-05-19,0.0002639685264663
2026-05-20,0.0002686270579813
2026-05-21,0.0002712500899604
2026-05-22,0.0002729344262295
2026-05-26,0.000272639262934
2026-05-27,0.0002755008849557
2026-05-28,0.0002745539007092
2026-05-29,0.0002710191761363
2026-06-01,0.0002812187938288
2026-06-02,0.0002794288717589
2026-06-03,0.0002800862009037
2026-06-04,0.0002806933518969
2026-06-05,0.0002783144741409
2026-06-08,0.000278367092983
2026-06-09,0.0002797987508674
2026-06-10,0.0002815616055846
2026-06-11,0.0002861256544502
2026-06-12,0.0002874642857142
2026-06-16,0.0002921928297946
2026-06-17,0.0002903454734651
2026-06-18,0.0002901488628532
2026-06-19,0.0002890930869267
2026-06-22,0.0002913479302086
2026-06-23,0.0002926381243628
2026-06-24,0.0002914976335361
2026-06-25,0.0002910507786052
2026-06-26,0.0002896113744075
2026-06-29,0.0002895875801552
2026-06-30,0.0002925492577597
2026-07-01,0.0002961786433848
2026-07-02,0.000297375672043
2026-07-03,0.0002998286865972
2026-07-06,0.0002984372687521
2026-07-07,0.0003003579088471
2026-07-08,0.0002993629032258
2026-07-13,0.0003082233468286
2026-07-14,0.0003075983690112
2026-07-15,0.0003098806375042
2026-07-16,0.0003095840108401
2026-07-17,0.000307047361299
2026-07-20,0.0003069837947332
2026-07-21,0.0003101637901861
2026-07-22,0.0003114848280512
2026-07-23,0.0003119946272666
2026-07-24,0.0003104769539078
2026-07-27,0.0003124742818971
2026-07-28,0.0003125680907877
2026-07-29,0.0003122627005347
2026-07-30,0.0003208541666666
2026-07-31,0.0003172006734006
2026-08-03,0.0003093143812709
2026-08-04,0.0003128923796791
2026-08-05,0.0003148666889408
2026-08-06,0.0003165168389463
2026-08-07,0.0003164958291624
2026-08-10,0.0003185757271815
2026-08-11,0.0003192848037571
2026-08-12,0.000318101240362
2026-08-13,0.0003203894101876
2026-08-14,0.0003189620168067
2026-08-18,0.0003224889632107
2026-08-19,0.000328
2026-08-20,0.0003253881095524
2026-08-21,0.0003288165443629
2026-08-24,0.0003269331125827
2026-08-25,0.0003236222295732
2026-08-26,0.0003194755614266
2026-08-27,0.0003168346560846
2026-08-28,0.000312093253968254
2026-08-31,0.00031016506463374215
2026-09-01,0.00031570059484467946
