,usd_por_unidad
1997-11-21,0.030181
1997-11-24,0.029953
1997-11-25,0.029953
1997-11-26,0.029953
1997-11-27,0.029953
1997-11-28,0.029953
1997-12-01,0.028373
1997-12-02,0.028373
1997-12-03,0.028373
1997-12-04,0.028373
1997-12-05,0.028373
1997-12-09,0.028436
1997-12-10,0.028436
1997-12-11,0.028436
1997-12-12,0.028436
1997-12-15,0.028436
1997-12-16,0.028833
1997-12-17,0.028833
1997-12-18,0.028833
1997-12-19,0.028833
1997-12-22,0.028833
1997-12-23,0.028901
1997-12-24,0.028901
1997-12-26,0.028901
1997-12-29,0.028901
1997-12-30,0.028901
1998-01-02,0.028901
1998-01-05,0.028248
1998-01-06,0.028248
1998-01-07,0.028248
1998-01-08,0.028248
1998-01-09,0.028248
1998-01-12,0.027918
1998-01-13,0.027918
1998-01-14,0.027918
1998-01-15,0.027918
1998-01-16,0.027918
1998-01-19,0.027918
1998-01-27,0.031644
1998-02-02,0.028693
1998-02-03,0.028548
1998-02-04,0.028548
1998-02-05,0.028548
1998-02-06,0.028548
1998-02-09,0.028548
1998-02-10,0.028918
1998-02-11,0.028918
1998-02-12,0.028918
1998-02-13,0.028918
1998-02-16,0.028918
1998-02-17,0.028798
1998-02-18,0.028798
1998-02-19,0.028798
1998-02-20,0.028798
1998-02-23,0.029492
1998-02-24,0.029492
1998-02-25,0.029492
1998-02-26,0.029492
1998-02-27,0.029492
1998-03-02,0.029619
1998-03-03,0.029619
1998-03-04,0.029619
1998-03-05,0.029619
1998-03-06,0.029619
1998-03-09,0.029619
1998-03-10,0.029329
1998-03-11,0.029329
1998-03-12,0.029329
1998-03-13,0.029329
1998-03-16,0.029329
1998-03-17,0.029448
1998-03-18,0.029448
1998-03-19,0.029448
1998-03-20,0.029448
1998-03-23,0.029448
1998-03-24,0.029401
1998-03-25,0.029401
1998-03-26,0.029401
1998-03-27,0.029401
1998-03-30,0.029401
1998-03-31,0.029265
1998-04-01,0.029265
1998-04-02,0.029265
1998-04-03,0.029265
1998-04-06,0.029265
1998-04-07,0.029094
1998-04-08,0.029094
1998-04-13,0.029149
1998-04-14,0.029149
1998-04-15,0.029149
1998-04-16,0.029149
1998-04-17,0.029149
1998-04-20,0.029149
1998-04-21,0.029149
1998-04-22,0.029859
1998-04-23,0.029859
1998-04-24,0.029859
1998-04-27,0.029859
1998-04-28,0.030236
1998-04-29,0.030236
1998-04-30,0.030236
1998-05-04,0.030236
1998-05-05,0.030646
1998-05-06,0.030646
1998-05-07,0.030646
1998-05-08,0.030646
1998-05-11,0.030646
1998-05-12,0.030753
1998-05-13,0.030753
1998-05-14,0.030753
1998-05-15,0.030753
1998-05-18,0.030753
1998-05-19,0.03064
1998-05-20,0.03064
1998-05-21,0.03064
1998-05-22,0.03064
1998-05-26,0.03064
1998-05-27,0.03064
1998-05-28,0.02999
1998-05-29,0.02999
1998-06-01,0.030047
1998-06-02,0.030047
1998-06-03,0.030047
1998-06-04,0.030047
1998-06-05,0.030047
1998-06-09,0.030047
1998-06-10,0.030171
1998-06-11,0.030171
1998-06-12,0.030171
1998-06-16,0.029653
1998-06-17,0.029653
1998-06-18,0.029653
1998-06-19,0.029653
1998-06-22,0.029653
1998-06-23,0.030086
1998-06-24,0.030086
1998-06-25,0.030086
1998-06-26,0.030086
1998-06-29,0.030086
1998-06-30,0.030086
1998-07-01,0.030047
1998-07-02,0.030047
1998-07-03,0.030047
1998-07-07,0.030047
1998-07-08,0.030875
1998-07-10,0.030875
1998-07-13,0.031023
1998-07-14,0.031023
1998-07-15,0.031023
1998-07-16,0.031023
1998-07-17,0.031023
1998-07-20,0.031023
1998-07-21,0.032005
1998-07-22,0.032005
1998-07-23,0.032005
1998-07-24,0.032005
1998-07-27,0.031738
1998-07-28,0.031738
1998-07-29,0.031738
1998-07-30,0.031738
1998-07-31,0.031738
1998-08-03,0.031738
1998-08-04,0.031738
1998-08-05,0.031738
1998-08-06,0.031738
1998-08-07,0.031738
1998-08-10,0.031738
1998-08-11,0.032167
1998-08-12,0.032167
1998-08-13,0.032167
1998-08-14,0.032167
1998-08-18,0.032167
1998-08-19,0.032167
1998-08-20,0.032167
1998-08-21,0.032167
1998-08-24,0.030258
1998-08-25,0.030258
1998-08-26,0.030258
1998-08-27,0.030258
1998-08-28,0.030258
1998-08-31,0.030667
1998-09-01,0.030667
1998-09-02,0.030667
1998-09-03,0.030667
1998-09-04,0.030667
1998-09-07,0.030667
1998-09-08,0.030667
1998-09-09,0.030667
1998-09-10,0.030667
1998-09-11,0.030667
1998-09-14,0.030667
1998-09-15,0.030667
1998-09-16,0.032426
1998-09-17,0.032426
1998-09-18,0.032426
1998-09-21,0.032457
1998-09-22,0.032457
1998-09-23,0.032457
1998-09-24,0.032457
1998-09-25,0.032457
1998-09-28,0.033097
1998-09-29,0.033097
1998-09-30,0.033097
1998-10-01,0.033097
1998-10-02,0.033097
1998-10-05,0.033097
1998-10-06,0.033097
1998-10-07,0.033097
1998-10-08,0.033097
1998-10-09,0.033097
1998-10-13,0.034473
1998-10-14,0.034473
1998-10-15,0.034473
1998-10-16,0.034473
1998-10-19,0.035053
1998-10-20,0.035053
1998-10-21,0.035053
1998-10-22,0.035053
1998-10-23,0.035053
1998-10-26,0.035053
1998-10-27,0.034551
1998-10-28,0.034551
1998-10-29,0.034551
1998-10-30,0.034551
1998-11-02,0.034551
1998-11-03,0.034551
1998-11-04,0.03475
1998-11-05,0.03475
1998-11-06,0.03475
1998-11-09,0.033971
1998-11-10,0.033971
1998-11-11,0.033971
1998-11-12,0.033971
1998-11-13,0.033971
1998-11-16,0.033971
1998-11-17,0.033761
1998-11-18,0.033761
1998-11-19,0.033761
1998-11-20,0.033761
1998-11-23,0.03259
1998-11-24,0.03259
1998-11-25,0.03259
1998-11-26,0.03259
1998-11-27,0.03259
1998-11-30,0.032856
1998-12-01,0.032856
1998-12-02,0.032856
1998-12-03,0.032856
1998-12-04,0.032856
1998-12-09,0.033016
1998-12-10,0.033016
1998-12-11,0.033016
1998-12-14,0.033642
1998-12-15,0.033642
1998-12-16,0.033642
1998-12-17,0.033642
1998-12-18,0.033642
1998-12-21,0.033574
1998-12-22,0.033574
1998-12-23,0.033574
1998-12-24,0.033574
1998-12-28,0.033279
1998-12-29,0.033279
1998-12-30,0.033279
1999-01-04,0.033279
1999-01-05,0.033681
1999-01-06,0.033681
1999-01-07,0.033681
1999-01-08,0.033681
1999-01-11,0.033681
1999-01-12,0.033681
1999-01-13,0.033681
1999-01-14,0.033681
1999-01-15,0.032578
1999-01-18,0.032578
1999-01-19,0.032578
1999-01-20,0.032578
1999-01-21,0.032029
1999-01-22,0.032029
1999-01-28,0.031644
1999-02-01,0.031644
1999-02-02,0.030512
1999-02-03,0.030512
1999-02-04,0.030512
1999-02-05,0.030512
1999-02-08,0.02958
1999-02-09,0.02958
1999-02-12,0.029915
1999-02-16,0.029247
1999-02-17,0.029247
1999-02-18,0.029595
1999-02-19,0.029595
1999-02-22,0.029285
1999-02-23,0.029289
1999-02-26,0.028862
1999-03-01,0.029158
1999-03-02,0.029043
1999-03-03,0.029015
1999-03-04,0.029015
1999-03-05,0.02905
1999-03-08,0.02905
1999-03-09,0.02898
1999-03-10,0.02898
1999-03-11,0.028987
1999-03-12,0.028987
1999-03-15,0.028927
1999-03-16,0.028889
1999-03-17,0.028889
1999-03-18,0.028889
1999-03-22,0.028781
1999-03-23,0.028501
1999-03-24,0.028501
1999-03-25,0.028501
1999-03-26,0.028501
1999-03-29,0.027695
1999-03-30,0.027695
1999-03-31,0.028137
1999-04-05,0.027975
1999-04-06,0.027975
1999-04-07,0.02828
1999-04-08,0.02828
1999-04-09,0.028307
1999-04-12,0.028508
1999-04-13,0.028508
1999-04-14,0.027752
1999-04-15,0.027752
1999-04-16,0.027752
1999-04-19,0.028178
1999-04-20,0.028178
1999-04-21,0.028178
1999-04-23,0.028218
1999-04-26,0.028218
1999-04-27,0.02805
1999-04-30,0.02817
1999-05-03,0.02817
1999-05-04,0.02817
1999-05-05,0.02817
1999-05-06,0.02817
1999-05-07,0.02817
1999-05-10,0.028672
1999-05-11,0.028671
1999-05-12,0.028672
1999-05-14,0.028672
1999-05-17,0.028414
1999-05-18,0.028672
1999-05-20,0.028214
1999-05-28,0.028672
1999-05-31,0.028672
1999-06-01,0.02776
1999-06-02,0.02776
1999-06-03,0.028672
1999-06-04,0.028672
1999-06-07,0.028672
1999-06-10,0.02776
1999-06-11,0.02776
1999-06-15,0.02776
1999-06-17,0.02776
1999-06-18,0.02776
1999-06-22,0.02776
1999-06-23,0.02776
1999-06-24,0.02776
1999-06-25,0.02776
1999-06-28,0.02776
1999-06-29,0.02776
1999-06-30,0.02776
1999-07-01,0.02776
1999-07-02,0.02834
1999-07-05,0.02834
1999-07-06,0.028281
1999-07-07,0.028281
1999-07-12,0.028281
1999-07-13,0.027919
1999-07-19,0.027726
1999-07-20,0.027726
1999-07-21,0.027726
1999-07-22,0.027726
1999-07-23,0.028715
1999-07-26,0.028715
1999-07-27,0.029035
1999-07-28,0.029035
1999-07-29,0.029035
1999-07-30,0.029168
1999-08-02,0.029168
1999-08-03,0.029168
1999-08-04,0.029168
1999-08-05,0.029168
1999-08-06,0.029168
1999-08-09,0.029168
1999-08-10,0.029168
1999-08-11,0.029168
1999-08-12,0.029168
1999-08-13,0.029168
1999-08-17,0.029168
1999-08-18,0.029168
1999-08-19,0.029168
1999-08-20,0.029168
1999-08-23,0.029168
1999-08-24,0.02901
1999-08-25,0.02901
1999-08-26,0.02901
1999-08-27,0.02901
1999-08-30,0.028552
1999-08-31,0.028552
1999-09-02,0.028552
1999-09-03,0.028552
1999-09-06,0.029061
1999-09-07,0.029061
1999-09-08,0.028941
1999-09-09,0.028941
1999-09-10,0.028941
1999-09-13,0.028482
1999-09-14,0.028292
1999-09-15,0.028292
1999-09-16,0.028292
1999-09-17,0.028292
1999-09-20,0.028292
1999-09-21,0.028292
1999-09-22,0.028292
1999-09-24,0.028292
1999-09-28,0.028292
1999-09-29,0.028292
1999-09-30,0.028292
1999-10-01,0.028292
1999-10-04,0.030032
1999-10-05,0.030032
1999-10-06,0.030032
1999-10-07,0.030032
1999-10-08,0.030032
1999-10-12,0.030032
1999-10-13,0.030032
1999-10-14,0.030032
1999-10-19,0.030032
1999-10-20,0.030032
1999-10-21,0.030032
1999-10-22,0.030032
1999-10-25,0.030032
1999-10-26,0.029127
1999-10-27,0.029127
1999-10-28,0.029127
1999-11-01,0.028724
1999-11-02,0.028724
1999-11-03,0.028724
1999-11-04,0.028596
1999-11-05,0.028596
1999-11-08,0.028459
1999-11-09,0.028459
1999-11-10,0.028459
1999-11-11,0.028459
1999-11-12,0.028459
1999-11-15,0.028459
1999-11-16,0.028459
1999-11-17,0.028401
1999-11-18,0.028401
1999-11-19,0.028401
1999-11-22,0.028401
1999-11-23,0.028532
1999-11-24,0.028532
1999-11-25,0.028532
1999-11-26,0.028532
1999-11-29,0.028066
1999-11-30,0.028066
1999-12-01,0.028066
1999-12-02,0.028066
1999-12-03,0.028066
1999-12-06,0.028066
1999-12-07,0.028066
1999-12-09,0.028066
1999-12-10,0.028066
1999-12-13,0.028066
1999-12-14,0.028066
1999-12-15,0.028066
1999-12-16,0.028066
1999-12-17,0.028066
1999-12-20,0.028066
1999-12-21,0.027941
1999-12-22,0.027941
1999-12-23,0.027941
2000-01-03,0.028041
2000-01-04,0.028041
2000-01-05,0.028041
2000-01-06,0.028041
2000-01-07,0.028041
2000-01-12,0.028041
2000-01-13,0.028041
2000-01-14,0.028041
2000-01-17,0.028041
2000-01-18,1.001548
2000-01-20,0.028041
2000-01-21,0.028041
2000-01-24,0.028041
2000-01-25,0.028041
2000-01-26,0.028041
2000-01-27,0.028041
2000-01-28,0.028041
2000-01-29,0.027246
2000-02-01,0.027246
2000-02-02,0.027246
2000-02-03,0.027246
2000-02-04,0.027246
2000-02-07,0.027246
2000-02-08,0.027246
2000-02-09,0.027246
2000-02-10,0.027246
2000-02-11,0.027246
2000-02-14,0.027246
2000-02-15,0.027246
2000-02-16,0.027246
2000-02-17,0.027246
2000-02-18,0.027246
2000-02-21,0.027246
2000-02-22,0.027246
2000-02-23,0.027246
2000-02-24,0.027246
2000-02-25,0.027246
2000-02-28,0.027246
2000-02-29,0.027246
2000-03-01,0.027246
2000-03-02,0.027246
2000-03-03,0.027246
2000-03-06,0.027246
2000-03-07,0.027246
2000-03-08,0.027246
2000-03-09,0.027246
2000-03-10,0.027246
2000-03-13,0.027246
2000-03-14,0.027337
2000-03-15,0.027337
2000-03-16,0.027337
2000-03-17,0.027337
2000-03-20,0.027337
2000-03-21,0.027331
2000-03-22,0.027331
2000-03-23,0.027331
2000-03-24,0.027331
2000-03-27,0.027228
2000-03-28,0.027228
2000-03-29,0.027228
2000-03-30,0.027228
2000-03-31,0.027228
2000-04-03,0.027228
2000-04-04,0.027228
2000-04-05,0.027228
2000-04-06,0.027228
2000-04-07,0.027228
2000-04-10,0.027228
2000-04-11,0.027228
2000-04-12,0.027228
2000-04-13,0.027228
2000-04-14,0.027228
2000-04-17,0.027228
2000-04-18,0.026048
2000-04-19,0.026048
2000-04-24,0.026048
2000-04-25,0.026048
2000-04-26,0.026048
2000-04-27,0.026048
2000-04-28,0.026048
2000-05-02,0.026048
2000-05-03,0.026048
2000-05-04,0.026048
2000-05-05,0.026048
2000-05-08,0.026048
2000-05-16,0.02462
2000-05-17,0.02462
2000-05-18,0.02462
2000-05-19,0.02462
2000-05-22,0.02462
2000-05-23,0.02462
2000-05-24,0.02462
2000-05-26,0.02462
2000-05-29,0.02462
2000-05-30,0.02462
2000-05-31,0.02462
2000-06-01,0.02462
2000-06-02,0.02462
2000-06-05,0.026212
2000-06-06,0.026212
2000-06-07,0.026212
2000-06-08,0.026212
2000-06-09,0.026212
2000-06-12,0.026212
2000-06-13,0.026212
2000-06-14,0.026212
2000-06-15,0.026212
2000-06-16,0.026212
2000-06-20,0.026212
2000-06-21,0.026212
2000-06-22,0.026212
2000-06-23,0.026019
2000-06-26,0.026019
2000-06-27,0.026137
2000-06-28,0.026137
2000-06-29,0.026137
2000-06-30,0.026137
2000-07-03,0.026137
2000-07-04,0.026137
2000-07-05,0.026137
2000-07-06,0.026137
2000-07-07,0.026137
2000-07-10,0.026137
2000-07-11,0.026137
2000-07-12,0.026137
2000-07-17,0.026137
2000-07-18,0.026288
2000-07-19,0.026288
2000-07-20,0.026288
2000-07-21,0.026288
2000-07-24,0.026246
2000-07-27,0.026246
2000-07-28,0.026246
2000-07-31,0.026246
2000-08-01,0.026179
2000-08-02,0.026179
2000-08-03,0.026179
2000-08-04,0.026179
2000-08-07,0.026179
2000-08-09,0.026179
2000-08-10,0.026179
2000-08-11,0.026179
2000-08-14,0.026179
2000-08-15,0.026179
2000-08-16,0.026179
2000-08-17,0.026179
2000-08-18,0.026179
2000-08-22,0.026179
2000-08-23,0.025477
2000-08-24,0.025477
2000-08-25,0.025477
2000-08-29,0.025491
2000-08-30,0.025491
2000-08-31,0.025491
2000-09-01,0.025491
2000-09-04,0.025491
2000-09-05,0.025165
2000-09-06,0.025165
2000-09-07,0.025165
2000-09-08,0.025165
2000-09-11,0.025165
2000-09-12,0.025165
2000-09-13,0.025165
2000-09-14,0.025165
2000-09-15,0.025165
2000-09-18,0.023955
2000-09-19,0.023955
2000-09-20,0.023955
2000-09-21,0.023955
2000-09-22,0.023955
2000-09-25,0.02469
2000-09-26,0.02469
2000-09-27,0.02469
2000-09-28,0.02469
2000-09-29,0.02469
2000-10-02,0.024733
2000-10-03,0.024733
2000-10-04,0.024733
2000-10-05,0.024733
2000-10-06,0.024733
2000-10-09,0.024733
2000-10-10,0.024521
2000-10-11,0.024521
2000-10-12,0.024521
2000-10-13,0.024521
2000-10-17,0.024521
2000-10-18,0.024521
2000-10-19,0.024521
2000-10-20,0.024521
2000-10-23,0.024107
2000-10-24,0.024107
2000-10-25,0.024107
2000-10-26,0.024107
2000-10-31,0.024314
2000-11-01,0.024314
2000-11-02,0.024314
2000-11-03,0.024314
2000-11-07,0.024978
2000-11-08,0.024978
2000-11-09,0.024978
2000-11-10,0.024978
2000-11-13,0.024816
2000-11-14,0.024816
2000-11-15,0.024816
2000-11-16,0.024816
2000-11-17,0.024816
2000-11-20,0.024458
2000-11-21,0.024458
2000-11-22,0.024458
2000-11-23,0.024458
2000-11-27,0.024458
2000-11-28,0.024593
2000-11-29,0.024593
2000-11-30,0.024593
2000-12-01,0.024593
2000-12-04,0.025521
2000-12-05,0.025521
2000-12-06,0.025521
2000-12-07,0.025521
2000-12-11,0.02528
2000-12-12,0.02528
2000-12-13,0.02528
2000-12-19,0.025841
2000-12-20,0.025841
2000-12-21,0.025841
2000-12-22,0.025841
2000-12-26,0.025841
2000-12-27,0.02663
2000-12-28,0.02663
2001-01-02,0.026454
2001-01-04,0.026876
2001-01-05,0.026876
2001-01-08,0.026876
2001-01-09,0.027014
2001-01-10,0.027014
2001-01-11,0.027014
2001-01-12,0.027014
2001-01-15,0.027014
2001-01-17,0.027014
2001-01-24,0.027014
2001-01-26,0.027014
2001-01-29,0.026454
2001-01-30,0.026454
2001-01-31,0.026454
2001-02-01,0.026454
2001-02-05,0.027066
2001-02-06,0.027066
2001-02-07,0.027066
2001-02-08,0.027066
2001-02-09,0.027066
2001-02-12,0.027066
2001-02-13,0.027066
2001-02-15,0.027066
2001-02-16,0.027066
2001-02-23,0.02622
2001-02-26,0.026905
2001-02-27,0.026905
2001-02-28,0.026905
2001-03-01,0.026905
2001-03-02,0.026905
2001-03-05,0.026905
2001-03-06,0.026905
2001-03-07,0.026905
2001-03-08,0.026905
2001-03-09,0.026905
2001-03-12,0.026905
2001-03-13,0.026905
2001-03-14,0.026905
2001-03-15,0.026905
2001-03-16,0.026905
2001-03-19,0.026905
2001-03-20,0.026905
2001-03-22,0.026905
2001-03-23,0.026905
2001-03-26,0.026044
2001-03-27,0.026044
2001-03-28,0.026044
2001-03-30,0.026044
2001-04-03,0.025482
2001-04-04,0.025482
2001-04-05,0.025482
2001-04-06,0.025482
2001-04-09,0.025482
2001-04-10,0.0257
2001-04-11,0.0257
2001-04-16,0.025633
2001-04-17,0.025633
2001-04-18,0.025633
2001-04-19,0.025633
2001-04-20,0.025633
2001-04-23,0.026201
2001-04-24,0.026201
2001-04-25,0.026201
2001-04-26,0.026201
2001-04-30,0.025753
2001-05-02,0.025753
2001-05-03,0.025753
2001-05-04,0.025753
2001-05-07,0.025828
2001-05-08,0.025828
2001-05-09,0.025828
2001-05-10,0.025828
2001-05-11,0.025828
2001-05-16,0.025828
2001-05-17,0.025828
2001-05-18,0.025828
2001-05-21,0.025828
2001-05-22,0.025828
2001-05-24,0.025828
2001-05-28,0.025828
2001-05-29,0.025828
2001-05-30,0.025828
2001-06-01,0.025828
2001-06-06,0.025093
2001-06-07,0.025093
2001-06-08,0.025093
2001-06-12,0.025093
2001-06-13,0.025093
2001-06-14,0.025093
2001-06-15,0.025093
2001-06-19,0.025093
2001-06-20,0.025093
2001-06-21,0.025093
2001-06-22,0.025093
2001-06-25,0.025384
2001-06-26,0.025384
2001-06-27,0.025384
2001-06-28,0.025384
2001-06-29,0.025384
2001-07-02,0.025058
2001-07-03,0.025058
2001-07-04,0.025058
2001-07-05,0.025058
2001-07-06,0.025058
2001-07-10,0.025058
2001-07-11,0.025058
2001-07-12,0.025058
2001-07-13,0.025058
2001-07-16,0.025348
2001-07-17,0.025348
2001-07-18,0.025348
2001-07-19,0.025348
2001-07-20,0.025348
2001-07-23,0.025636
2001-07-24,0.025636
2001-07-25,0.025636
2001-07-26,0.025636
2001-07-27,0.025636
2001-07-30,0.025636
2001-07-31,0.025636
2001-08-01,0.025636
2001-08-02,0.025636
2001-08-03,0.025636
2001-08-06,0.025971
2001-08-07,0.025971
2001-08-08,0.025971
2001-08-09,0.025971
2001-08-10,0.025971
2001-08-13,0.026527
2001-08-14,0.026527
2001-08-15,0.026527
2001-08-16,0.026527
2001-08-17,0.026527
2001-08-21,0.026527
2001-08-22,0.026527
2001-08-23,0.026527
2001-08-24,0.026527
2001-08-27,0.026527
2001-08-28,0.026527
2001-08-29,0.026527
2001-08-30,0.026527
2001-08-31,0.026527
2001-09-03,0.026527
2001-09-04,0.026527
2001-09-05,0.026527
2001-09-06,0.026231
2001-09-07,0.026231
2001-09-10,0.026231
2001-09-12,0.026231
2001-09-13,0.026231
2001-09-14,0.026231
2001-09-17,0.027013
2001-09-18,0.027013
2001-09-19,0.027013
2001-09-21,0.027013
2001-09-24,0.026762
2001-09-25,0.026762
2001-09-26,0.026762
2001-09-27,0.026762
2001-09-28,0.026762
2001-10-02,0.026762
2001-10-03,0.026762
2001-10-09,0.027336
2001-10-10,0.026762
2001-10-11,0.026762
2001-10-12,0.027336
2001-10-15,0.027336
2001-10-16,0.027336
2001-10-17,0.027336
2001-10-18,0.027336
2001-10-19,0.027336
2001-10-24,0.026854
2001-10-25,0.026854
2001-10-26,0.026854
2001-10-29,0.026862
2001-10-30,0.026862
2001-10-31,0.026862
2001-11-01,0.026862
2001-11-02,0.026862
2001-11-05,0.026778
2001-11-07,0.026778
2001-11-08,0.026778
2001-11-09,0.026778
2001-11-12,0.026778
2001-11-13,0.026579
2001-11-15,0.026579
2001-11-19,0.026548
2001-11-20,0.026548
2001-11-22,0.026548
2001-11-23,0.026548
2001-11-26,0.026548
2001-11-27,0.026548
2001-11-28,0.026548
2001-11-29,0.026548
2001-12-04,0.026548
2001-12-05,0.026548
2001-12-06,0.026548
2001-12-07,0.026548
2001-12-10,0.026548
2001-12-11,0.026548
2001-12-12,0.026548
2001-12-14,0.026548
2001-12-18,0.026548
2001-12-19,0.026548
2001-12-20,0.026548
2002-01-11,0.027456249999999998
2002-01-14,0.027456249999999998
2002-01-15,0.027455882352941177
2002-01-16,0.02745578947368421
2002-01-17,0.02745578947368421
2002-01-18,0.02745589743589744
2002-01-21,0.02745589743589744
2002-01-22,0.02745589743589744
2002-01-23,0.02745589743589744
2002-01-24,0.02745589743589744
2002-01-25,0.02745589743589744
2002-01-28,0.027456038647342997
2002-01-29,0.027456097560975612
2002-01-30,0.027456097560975612
2002-01-31,0.027456097560975612
2002-02-01,0.027456097560975612
2002-02-11,0.027731794871794873
2002-02-12,0.027685405405405403
2002-02-13,0.027541176470588236
2002-02-14,0.027465
2002-02-15,0.027510555555555555
2002-02-18,0.0275105
2002-02-19,0.027337142857142855
2002-02-20,0.027397142857142856
2002-02-21,0.0273825
2002-02-22,0.027495238095238093
2002-02-25,0.0274647619047619
2002-02-26,0.027307619047619046
2002-02-27,0.027270232558139536
2002-02-28,0.02736744186046512
2002-03-01,0.027495238095238093
2002-03-04,0.027427317073170733
2002-03-06,0.02766232558139535
2002-03-07,0.027601363636363632
2002-03-08,0.027839555555555555
2002-03-11,0.027654893617021278
2002-03-12,0.027693333333333334
2002-03-13,0.027670042194092824
2002-03-14,0.027870886075949366
2002-03-15,0.028074025974025977
2002-03-18,0.027925210084033612
2002-03-19,0.02816115702479339
2002-03-20,0.02816895161290323
2002-03-21,0.028264705882352942
2002-03-22,0.028248474576271186
2002-03-25,0.028176825396825398
2002-03-26,0.02808206896551724
2002-03-27,0.02809
2002-04-02,0.028727457627118643
2002-04-03,0.028943728813559323
2002-04-04,0.028710820895522387
2002-04-05,0.028555272727272728
2002-04-08,0.028555272727272728
2002-04-09,0.02900214285714286
2002-04-10,0.028985357142857143
2002-04-11,0.029265263157894735
2002-04-12,0.029291034482758622
2002-04-15,0.029273898305084745
2002-04-16,0.029256785714285718
2002-04-19,0.028661587301587303
2002-04-29,0.029594576271186442
2002-04-30,0.029385906040268455
2002-05-02,0.029507096774193546
2002-05-03,0.029655937499999997
2002-05-06,0.029994062499999998
2002-05-07,0.030029999999999998
2002-05-08,0.029904375
2002-05-09,0.029744200626959247
2002-05-10,0.029797230769230767
2002-05-13,0.029788615384615382
2002-05-14,0.029638461538461537
2002-05-15,0.029797230769230767
2002-05-16,0.030066153846153847
2002-05-17,0.030120588235294118
2002-05-20,0.030102253521126762
2002-05-22,0.029948985507246374
2002-05-23,0.03010235294117647
2002-05-28,0.030349142857142856
2002-05-29,0.03046
2002-05-31,0.03085472222222222
2002-06-03,0.0306560773480663
2002-06-04,0.031084806629834254
2002-06-05,0.03075972602739726
2002-06-06,0.03075972602739726
2002-06-10,0.030931142857142855
2002-06-11,0.030988571428571428
2002-06-12,0.031133142857142856
2002-06-13,0.030912
2002-06-14,0.03119159663865546
2002-06-18,0.030940563380281692
2002-06-19,0.0313873595505618
2002-06-20,0.03147617728531856
2002-06-21,0.03182680965147453
2002-06-24,0.03229973614775725
2002-06-25,0.03247820512820513
2002-06-26,0.033200519480519476
2002-06-27,0.03301421052631579
2002-06-28,0.034036842105263164
2002-07-01,0.03400211081794195
2002-07-02,0.03353452054794521
2002-07-03,0.0333
2002-07-11,0.033635933147632316
2002-07-12,0.03367
2002-07-15,0.03416472222222222
2002-07-16,0.034364145658263304
2002-07-17,0.0339327731092437
2002-07-18,0.03385252808988764
2002-07-19,0.03387541899441341
2002-07-22,0.03322265193370166
2002-07-23,0.03290544959128065
2002-07-24,0.03276538461538461
2002-07-25,0.033046849315068495
2002-07-26,0.0326051912568306
2002-07-29,0.03228934426229508
2002-07-30,0.03252038043478261
2002-07-31,0.03228918918918919
2002-08-01,0.03221662049861496
2002-08-02,0.03242534435261708
2002-08-05,0.03235192307692308
2002-08-06,0.031907988980716256
2002-08-07,0.031605494505494505
2002-08-08,0.031545753424657534
2002-08-09,0.0313576923076923
2002-08-12,0.03154585635359116
2002-08-13,0.031347933884297526
2002-08-14,0.031417032967032965
2002-08-15,0.03128901098901098
2002-08-16,0.03148626373626374
2002-08-20,0.03193856749311295
2002-08-21,0.03172590529247911
2002-08-22,0.0315058495821727
2002-08-23,0.031496132596685086
2002-08-26,0.03172589531680441
2002-08-27,0.03180662983425415
2002-08-28,0.0320409972299169
2002-08-29,0.032258011049723756
2002-08-30,0.032341597796143255
2002-09-02,0.032341597796143255
2002-09-03,0.032637087912087914
2002-09-04,0.03274383561643836
2002-09-05,0.032819283746556474
2002-09-06,0.032905509641873276
2002-09-09,0.03264765840220386
2002-09-10,0.032584022038567494
2002-09-11,0.032748618784530385
2002-09-12,0.032748618784530385
2002-09-13,0.032658402203856754
2002-09-16,0.03182465753424658
2002-09-17,0.03175619834710744
2002-09-18,0.032039452054794526
2002-09-19,0.032260217983651224
2002-09-20,0.03234836065573771
2002-09-23,0.03254141689373297
2002-09-24,0.03236246575342466
2002-09-25,0.032216621253406
2002-09-26,0.032584022038567494
2002-09-27,0.032278933333333336
2002-09-30,0.032278933333333336
2002-10-01,0.03247807486631016
2002-10-02,0.03240453333333333
2002-10-03,0.03256266666666666
2002-10-04,0.03256266666666666
2002-10-07,0.0323416
2002-10-08,0.032320588235294115
2002-10-09,0.032
2002-10-10,0.03127945945945946
2002-10-11,0.03212324324324324
2002-10-15,0.0318775956284153
2002-10-16,0.03177638888888889
2002-10-17,0.031655555555555555
2002-10-18,0.03127945945945946
2002-10-21,0.031907988980716256
2002-10-22,0.03193867403314917
2002-10-23,0.03173601108033241
2002-10-24,0.03154570637119113
2002-10-25,0.0315756906077348
2002-10-28,0.03152583333333333
2002-10-29,0.03178631284916201
2002-10-30,0.03179661971830986
2002-10-31,0.032051420454545454
2002-11-01,0.03229971590909091
2002-11-04,0.0323624649859944
2002-11-05,0.03239378531073446
2002-11-07,0.032414845938375354
2002-11-08,0.032701123595505616
2002-11-11,0.032701123595505616
2002-11-12,0.03287308781869689
2002-11-13,0.032808498583569407
2002-11-14,0.03290561797752809
2002-11-15,0.03286242937853107
2002-11-18,0.0329271954674221
2002-11-19,0.03316761363636364
2002-11-20,0.03277613636363636
2002-11-21,0.032754700854700856
2002-11-22,0.03271171428571428
2002-11-25,0.032299714285714286
2002-11-26,0.03229971264367816
2002-11-27,0.032082
2002-11-29,0.032174999999999995
2002-12-02,0.03207178770949721
2002-12-03,0.032249717514124296
2002-12-04,0.0321957507082153
2002-12-05,0.03236232294617564
2002-12-06,0.032289235127478756
2002-12-09,0.03247818696883853
2002-12-10,0.032478125
2002-12-11,0.032467521367521374
2002-12-12,0.03260514285714285
2002-12-13,0.03271193181818182
2002-12-16,0.03269039548022599
2002-12-17,0.03290564971751413
2002-12-18,0.03281914285714286
2002-12-19,0.032873198847262246
2002-12-20,0.03284068767908309
2002-12-23,0.0328193083573487
2002-12-24,0.03299250720461095
2002-12-26,0.03311264705882353
2002-12-27,0.033123529411764704
2002-12-30,0.03312366863905326
2002-12-31,0.03324480712166172
2003-01-02,0.03309074626865671
2003-01-03,0.0331125748502994
2003-01-06,0.03353453453453453
2003-01-07,0.03332225609756098
2003-01-08,0.03306878787878788
2003-01-09,0.03333323353293413
2003-01-10,0.03307970149253731
2003-01-13,0.03314564564564564
2003-01-14,0.03331107692307692
2003-01-15,0.03300340557275542
2003-01-16,0.033579447852760735
2003-01-17,0.03390993788819875
2003-01-20,0.03390971786833856
2003-01-21,0.034164516129032256
2003-01-22,0.033898387096774195
2003-01-23,0.034199681528662415
2003-01-24,0.034411464968152866
2003-01-27,0.03462590361445783
2003-01-28,0.0343171686746988
2003-01-29,0.03472235649546828
2003-01-30,0.034223076923076926
2003-01-31,0.03430529595015576
2003-02-03,0.03400188679245283
2003-02-04,0.03425835962145111
2003-02-05,0.03432879746835443
2003-02-06,0.0341996835443038
2003-02-07,0.0340136507936508
2003-02-10,0.03401373801916933
2003-02-11,0.03369260450160772
2003-02-12,0.0337951768488746
2003-02-13,0.03418789808917198
2003-02-14,0.034340566037735845
2003-02-17,0.03434050632911392
2003-02-18,0.03393280757097792
2003-02-19,0.03396739811912226
2003-02-20,0.03407165109034268
2003-02-21,0.03416479750778816
2003-02-24,0.03390977917981073
2003-02-25,0.034118037974683546
2003-02-26,0.03404605678233438
2003-02-27,0.03402507836990595
2003-02-28,0.03393291536050157
2003-03-03,0.03421152647975078
2003-03-04,0.03430534591194968
2003-03-05,0.03447097791798107
2003-03-06,0.034542452830188676
2003-03-07,0.034662025316455694
2003-03-10,0.03473439490445859
2003-03-11,0.03481884984025559
2003-03-12,0.034891961414791
2003-03-13,0.034340705128205126
2003-03-14,0.034013461538461534
2003-03-17,0.033602258064516125
2003-03-18,0.03362483660130719
2003-03-19,0.033489700996677745
2003-03-20,0.03360231023102311
2003-03-21,0.033255629139072845
2003-03-24,0.0335571906354515
2003-03-25,0.03369285714285714
2003-03-26,0.033613448275862066
2003-03-27,0.03363611111111111
2003-03-28,0.03385234899328859
2003-04-01,0.03395574324324324
2003-04-02,0.033692758620689656
2003-04-03,0.03373827586206896
2003-04-04,0.03377241379310345
2003-04-07,0.033613448275862066
2003-04-08,0.03394417808219178
2003-04-09,0.03434075342465753
2003-04-10,0.03430519031141868
2003-04-11,0.034083103448275864
2003-04-14,0.034164505119453924
2003-04-15,0.034316949152542374
2003-04-16,0.034554266211604096
2003-04-21,0.034411418685121105
2003-04-22,0.0346140350877193
2003-04-23,0.03457816901408451
2003-04-24,0.034855244755244756
2003-04-25,0.0349527972027972
2003-04-28,0.034855244755244756
2003-04-29,0.03514947368421053
2003-04-30,0.03556170212765958
2003-05-02,0.0359068100358423
2003-05-05,0.03603607142857143
2003-05-06,0.036430000000000004
2003-05-07,0.036218637992831544
2003-05-08,0.03664337436640116
2003-05-09,0.03654964028776979
2003-05-12,0.036791696750902526
2003-05-13,0.036670397111913354
2003-05-14,0.03652285714285714
2003-05-15,0.036456338028169014
2003-05-16,0.0369547619047619
2003-05-19,0.037119520547945206
2003-05-20,0.03717465277777778
2003-05-21,0.03718866596268919
2003-05-22,0.03735513043478261
2003-05-23,0.037636551724137934
2003-05-26,0.03763658536585366
2003-05-27,0.03789303135888502
2003-05-28,0.03755173611111111
2003-05-29,0.037936111111111115
2003-05-30,0.037594035087719295
2003-06-02,0.037594035087719295
2003-06-03,0.03752332155477032
2003-06-04,0.037009567682494686
2003-06-05,0.03780706713780919
2003-06-06,0.037369148936170216
2003-06-09,0.03752362344582593
2003-06-10,0.03734128113879003
2003-06-11,0.037608079376328846
2003-06-12,0.03767912552891396
2003-06-13,0.03793617021276596
2003-06-17,0.03772178571428572
2003-06-18,0.037161001788908764
2003-06-19,0.037230000000000006
2003-06-20,0.036791800356506234
2003-06-23,0.03669713261648746
2003-06-24,0.03646967509025271
2003-06-25,0.03690036101083032
2003-06-26,0.036284587813620074
2003-06-27,0.03629747958821441
2003-06-30,0.036430000000000004
2003-07-01,0.03657642857142857
2003-07-02,0.03646964285714286
2003-07-03,0.03632415026833632
2003-07-04,0.03632415026833632
2003-07-07,0.03585529622980251
2003-07-08,0.035803963963963965
2003-07-10,0.03599710459645313
2003-07-11,0.03556195652173914
2003-07-14,0.03548628158844765
2003-07-15,0.035026353790613717
2003-07-16,0.03514928057553957
2003-07-17,0.035087813620071684
2003-07-18,0.03522357142857143
2003-07-21,0.035100000000000006
2003-07-22,0.035014028776978415
2003-07-23,0.03568884892086331
2003-07-24,0.03558718861209965
2003-07-25,0.035984042553191486
2003-07-28,0.03591957671957672
2003-07-29,0.0359195079086116
2003-07-30,0.03548605851979346
2003-07-31,0.03474623287671233
2003-08-01,0.03481904761904762
2003-08-04,0.035260913705583756
2003-08-05,0.035285860306643956
2003-08-06,0.03532307692307692
2003-08-07,0.035461092150170646
2003-08-08,0.03524863387978142
2003-08-11,0.03531080617495712
2003-08-12,0.035248620689655175
2003-08-13,0.035273483535528595
2003-08-14,0.03496511226252159
2003-08-15,0.03496511226252159
2003-08-19,0.03426996197718631
2003-08-20,0.03425831903945111
2003-08-21,0.03371559322033898
2003-08-22,0.03371559322033898
2003-08-25,0.03355692307692308
2003-08-26,0.03359081632653061
2003-08-27,0.033388851351351355
2003-08-28,0.033512203389830506
2003-08-29,0.0338064952638701
2003-09-01,0.03380675675675676
2003-09-02,0.033467114093959735
2003-09-03,0.03354563758389262
2003-09-04,0.03345602165087957
2003-09-05,0.033978839590443684
2003-09-08,0.03388673469387755
2003-09-09,0.034293537414965984
2003-09-10,0.034048414592567335
2003-09-11,0.03439965517241379
2003-09-12,0.03463793103448276
2003-09-15,0.03460207612456748
2003-09-16,0.034211472011057356
2003-09-17,0.03456632302405498
2003-09-18,0.034770446735395186
2003-09-19,0.0354233676975945
2003-09-22,0.036048881239242686
2003-09-23,0.03625827586206897
2003-09-24,0.03601003460207612
2003-09-25,0.03620552677029361
2003-09-26,0.036310843373493974
2003-09-29,0.03637697594501718
2003-09-30,0.03652315608919383
2003-10-01,0.0365631669535284
2003-10-02,0.036710743801652894
2003-10-03,0.03635043327556326
2003-10-06,0.03677820468040517
2003-10-07,0.03687330316742081
2003-10-08,0.036873293664683233
2003-10-09,0.036469696969696964
2003-10-10,0.03681888653981677
2003-10-14,0.03658970743743391
2003-10-15,0.0362580985915493
2003-10-16,0.036350580781414996
2003-10-17,0.036509666080843585
2003-10-20,0.03669737302977233
2003-10-21,0.03654982456140351
2003-10-22,0.03710561403508772
2003-10-23,0.036818692902319046
2003-10-24,0.036819014084507044
2003-10-27,0.03662992957746479
2003-10-28,0.03637684210526316
2003-10-29,0.036429772329246934
2003-10-30,0.036377003484320554
2003-10-31,0.03624502617801047
2003-11-03,0.03576532399299475
2003-11-04,0.03606199649737303
2003-11-05,0.03582942206654991
2003-11-07,0.0360231822971549
2003-11-10,0.035984210526315785
2003-11-11,0.03598426573426574
2003-11-12,0.03646970227670753
2003-11-13,0.03653647469458988
2003-11-14,0.03667038327526132
2003-11-17,0.036778359511343804
2003-11-18,0.03739720767888307
2003-11-19,0.037425043478260867
2003-11-20,0.037369097222222224
2003-11-21,0.037425259515570936
2003-11-24,0.03691404901622368
2003-11-25,0.03703698630136986
2003-11-26,0.03735536912751678
2003-11-27,0.03735514333895447
2003-11-28,0.03750936454849498
2003-12-01,0.03714697986577181
2003-12-02,0.03734117647058823
2003-12-03,0.037257912457912455
2003-12-04,0.037313468013468014
2003-12-05,0.03752344013490725
2003-12-09,0.03805170068027211
2003-12-10,0.038037414965986394
2003-12-11,0.03790745762711864
2003-12-12,0.03834359147784917
2003-12-15,0.038372847011144885
2003-12-16,0.03813886080215706
2003-12-17,0.03827008777852802
2003-12-18,0.038387672617042776
2003-12-19,0.03818240053944706
2003-12-22,0.03815337837837838
2003-12-23,0.038197159283057155
2003-12-24,0.03822635135135135
2003-12-26,0.03813898305084745
2003-12-29,0.03841706322229775
2003-12-30,0.03838773424190801
2003-12-31,0.038940955631399314
2004-01-02,0.03901678082191781
2004-01-05,0.03918506944444444
2004-01-06,0.03941675392670157
2004-01-07,0.03910841704191202
2004-01-08,0.039447786998616875
2004-01-09,0.03937024221453287
2004-01-12,0.03933919156414763
2004-01-13,0.039093193717277486
2004-01-14,0.03906260869565217
2004-01-15,0.038520767888307154
2004-01-16,0.03767893092676154
2004-01-19,0.0376790294627383
2004-01-20,0.0381099204977532
2004-01-21,0.03849106529209622
2004-01-22,0.038624870466321244
2004-01-23,0.03825567010309278
2004-01-26,0.03805189003436426
2004-01-27,0.03827026098901099
2004-01-28,0.038095205479452054
2004-01-29,0.03717479674796748
2004-01-30,0.037439207650273226
2004-02-02,0.03718837606837607
2004-02-03,0.037721540558963866
2004-02-04,0.037821610601427115
2004-02-05,0.03787884940778342
2004-02-06,0.0382994923857868
2004-02-09,0.03824088586030665
2004-02-10,0.0384320272572402
2004-02-11,0.03901666666666667
2004-02-12,0.03901672925913281
2004-02-13,0.03920034246575343
2004-02-16,0.03920047978067169
2004-02-17,0.039401093269559276
2004-02-18,0.03907765667574932
2004-02-19,0.0388954003407155
2004-02-20,0.03850580204778157
2004-02-23,0.03858022579541567
2004-02-24,0.038971203291052456
2004-02-25,0.038595075239398084
2004-02-26,0.03844672131147541
2004-02-27,0.038314060896339375
2004-03-01,0.038284931506849314
2004-03-02,0.037119520547945206
2004-03-03,0.03683230240549828
2004-03-04,0.0368187414500684
2004-03-05,0.03760805735745989
2004-03-08,0.03763642564802183
2004-03-09,0.037636519944979366
2004-03-10,0.03694109589041096
2004-03-11,0.037216271884655
2004-03-12,0.03684596912521441
2004-03-15,0.036900206469373704
2004-03-16,0.036900276052449964
2004-03-17,0.03687318087318087
2004-03-18,0.037467267059231035
2004-03-19,0.03699582608695652
2004-03-22,0.03734124214933705
2004-03-23,0.03748137835015663
2004-03-24,0.037341327771984706
2004-03-25,0.03729937413073713
2004-03-26,0.03702326388888889
2004-03-29,0.036913967258794846
2004-03-30,0.03707832167832168
2004-03-31,0.03750944055944056
2004-04-01,0.03780731364275668
2004-04-02,0.03681894736842105
2004-04-06,0.037064424778761054
2004-04-07,0.037230110595790226
2004-04-12,0.037257651245551596
2004-04-13,0.037174777975133216
2004-04-14,0.0370921052631579
2004-04-15,0.036982256919801275
2004-04-16,0.03703687943262411
2004-04-19,0.0369412805093739
2004-04-20,0.03672435671483962
2004-04-21,0.03654959691552751
2004-04-22,0.036643529822113705
2004-04-23,0.0366031523642732
2004-04-26,0.03648305084745763
2004-04-27,0.03658970743743391
2004-04-28,0.03621879382889201
2004-04-29,0.03676487053883835
2004-04-30,0.036873239436619715
2004-05-03,0.03672421052631578
2004-05-04,0.03748111888111888
2004-05-05,0.03784996510816469
2004-05-06,0.03765076071922545
2004-05-07,0.0369277397260274
2004-05-10,0.036995887594242625
2004-05-11,0.0367781217750258
2004-05-12,0.03713333333333334
2004-05-13,0.03695484091686623
2004-05-14,0.03718864027538727
2004-05-17,0.03783573883161512
2004-05-18,0.03763639490884073
2004-05-19,0.03772170622635019
2004-05-20,0.037411186440677965
2004-05-21,0.03772163901117508
2004-05-24,0.0378070826306914
2004-05-26,0.038109723160027004
2004-05-27,0.038520875420875414
2004-05-28,0.03855038759689922
2004-05-31,0.03855033783783784
2004-06-01,0.03895608108108108
2004-06-02,0.03891057463447807
2004-06-03,0.039053234501347706
2004-06-04,0.03910849056603773
2004-06-07,0.03950992931672837
2004-06-08,0.03926358420519743
2004-06-09,0.03847027027027027
2004-06-10,0.03863991908293998
2004-06-11,0.038211855843718424
2004-06-14,0.038240971987850154
2004-06-15,0.038182588075880756
2004-06-16,0.037821319796954314
2004-06-17,0.03803006756756757
2004-06-18,0.03812735849056604
2004-06-22,0.037893243243243245
2004-06-23,0.03794937138973836
2004-06-24,0.03851340346114693
2004-06-25,0.03831573604060914
2004-06-28,0.03815919055649242
2004-06-29,0.0380546190155091
2004-06-30,0.03805476673427992
2004-07-01,0.03822628726287263
2004-07-02,0.0382264406779661
2004-07-05,0.038226376614547926
2004-07-06,0.03869965986394558
2004-07-07,0.039338988802171695
2004-07-08,0.039354631507775524
2004-07-12,0.03944617467840217
2004-07-13,0.03913907734056988
2004-07-14,0.039435122282608696
2004-07-15,0.03928362771739131
2004-07-16,0.03989466530750934
2004-07-19,0.039867706919945727
2004-07-20,0.03941030857917939
2004-07-21,0.038868269556383346
2004-07-22,0.0389895199459094
2004-07-23,0.03841860465116279
2004-07-26,0.038386294927779646
2004-07-27,0.03813012777404169
2004-07-28,0.03811563025210084
2004-07-29,0.03788608870967742
2004-07-30,0.03789597315436242
2004-08-02,0.03803883495145631
2004-08-03,0.03795495495495496
2004-08-04,0.03797951090548579
2004-08-05,0.03796666666666667
2004-08-06,0.038952941176470586
2004-08-09,0.03904422442244225
2004-08-10,0.03924196221411999
2004-08-11,0.03884561983471074
2004-08-12,0.0388937583001328
2004-08-13,0.039382421227197345
2004-08-17,0.039206507304116865
2004-08-18,0.039083997343957504
2004-08-19,0.03906848404255319
2004-08-20,0.03889996676636757
2004-08-23,0.03849119308740446
2004-08-24,0.0381403743315508
2004-08-25,0.038001003009027076
2004-08-26,0.03788467929544699
2004-08-27,0.03775731382978723
2004-08-30,0.03777419354838709
2004-08-31,0.03825992659325993
2004-09-01,0.03834931734931735
2004-09-02,0.038396402398401065
2004-09-03,0.03799666332999667
2004-09-06,0.03799665775401069
2004-09-07,0.0379939879759519
2004-09-08,0.03836866666666667
2004-09-09,0.03838774150566289
2004-09-10,0.03881534373962139
2004-09-13,0.03891791791791792
2004-09-14,0.03906091030789826
2004-09-15,0.03862793821356615
2004-09-16,0.03869665551839464
2004-09-17,0.03885150501672241
2004-09-20,0.03878838451268358
2004-09-21,0.03902729693741678
2004-09-22,0.03884841402337228
2004-09-23,0.03900901803607214
2004-09-24,0.03885313751668892
2004-09-27,0.03901970607882431
2004-09-28,0.03905187416331995
2004-09-29,0.03889544235924933
2004-09-30,0.03939349211673935
2004-10-01,0.039323489932885904
2004-10-04,0.038948450134770884
2004-10-05,0.039214189643577674
2004-10-06,0.03909289801413665
2004-10-07,0.03926193678547411
2004-10-08,0.039611859838274935
2004-10-12,0.03961165375547323
2004-10-13,0.0390121130551817
2004-10-14,0.039380840336134454
2004-10-15,0.03968566610455312
2004-10-18,0.039808798646362095
2004-10-19,0.03985651586765698
2004-10-20,0.03998885135135135
2004-10-21,0.04006423258958756
2004-10-22,0.040104321404456446
2004-10-25,0.040599393530997306
2004-10-26,0.04029667003027246
2004-10-27,0.04033546433378196
2004-10-28,0.04034697986577181
2004-10-29,0.04056969696969697
2004-11-01,0.04046446615021893
2004-11-02,0.040422049374365915
2004-11-03,0.0406752281176073
2004-11-04,0.0409064505234718
2004-11-05,0.04113031735313977
2004-11-08,0.04117585743106926
2004-11-09,0.04115223981138431
2004-11-10,0.041049158249158245
2004-11-11,0.041049207954162455
2004-11-12,0.041186148648648654
2004-11-15,0.04120656959024721
2004-11-16,0.041407859078590785
2004-11-17,0.04171881390593047
2004-11-18,0.04153163265306123
2004-11-19,0.04201663837011885
2004-11-22,0.04200983050847457
2004-11-23,0.042222448979591834
2004-11-24,0.04246838885112168
2004-11-25,0.04246822969758749
2004-11-26,0.04293675620537232
2004-11-29,0.042900033886818026
2004-11-30,0.04283191850594228
2004-12-01,0.0431015625
2004-12-02,0.043040540540540545
2004-12-03,0.043591871011084984
2004-12-06,0.04371189279731994
2004-12-07,0.04373875083948959
2004-12-09,0.04314818548387097
2004-12-10,0.04312189388851578
2004-12-13,0.04345931405514458
2004-12-14,0.04345
2004-12-15,0.04388272849462365
2004-12-16,0.04334626965540315
2004-12-17,0.043672037596508895
2004-12-20,0.0439504048582996
2004-12-21,0.043802157061004376
2004-12-22,0.04385391363022942
2004-12-23,0.04414996614759648
2004-12-24,0.04451168303420251
2004-12-27,0.04467274569402229
2004-12-28,0.044581176470588235
2004-12-29,0.044553205773749584
2004-12-30,0.04482487394957983
2004-12-31,0.044976166498825104
2005-01-03,0.04429076819407008
2005-01-04,0.04367589466576637
2005-01-05,0.04378855218855219
2005-01-06,0.04336513823331086
2005-01-07,0.0429057239057239
2005-01-10,0.04323955525606469
2005-01-11,0.043310705842620735
2005-01-12,0.043736842105263164
2005-01-13,0.043470868824531515
2005-01-14,0.04304594962559564
2005-01-17,0.04304607508532422
2005-01-18,0.04292032686414709
2005-01-19,0.04300883452259599
2005-01-20,0.04272597623089983
2005-01-21,0.04308494733265375
2005-01-24,0.04330310262529834
2005-01-25,0.04313518138261464
2005-01-26,0.04355407255304585
2005-01-27,0.04315926179084074
2005-01-28,0.04318995558592415
2005-01-31,0.04344630642954857
2005-02-01,0.04342529914529915
2005-02-02,0.04337264957264958
2005-02-03,0.043166666666666666
2005-02-04,0.043021917808219186
2005-02-07,0.04270948955121617
2005-02-08,0.04265648592999313
2005-02-09,0.04275524235132348
2005-02-10,0.04299416609471517
2005-02-11,0.04282480247337685
2005-02-14,0.0431702786377709
2005-02-15,0.04334263085399449
2005-02-16,0.04319281271596406
2005-02-17,0.0436605851979346
2005-02-18,0.043740829619472066
2005-02-21,0.043740817027119815
2005-02-22,0.04433116660964762
2005-02-23,0.04422044293015333
2005-02-24,0.044286103542234334
2005-02-25,0.04454731109598366
2005-02-28,0.044720558202859084
2005-03-01,0.04450576662143826
2005-03-02,0.04432025701724721
2005-03-03,0.0443319783197832
2005-03-04,0.04481477698331631
2005-03-07,0.04476484641638225
2005-03-08,0.045407028317980214
2005-03-09,0.04571623465211459
2005-03-10,0.045599727241732016
2005-03-11,0.04570586218717861
2005-03-14,0.04509178082191781
2005-03-15,0.04480369989722508
2005-03-16,0.04494383561643835
2005-03-17,0.04495784784098698
2005-03-18,0.04476482687692836
2005-03-21,0.04390778196777512
2005-03-22,0.04414221916867056
2005-03-23,0.043051475634866165
2005-03-28,0.04280082135523614
2005-03-29,0.04279356384799726
2005-03-30,0.043166780821917806
2005-03-31,0.04324511484401783
2005-04-01,0.043048646796848236
2005-04-04,0.04282185680027407
2005-04-05,0.04291761071060762
2005-04-06,0.04301446779193937
2005-04-07,0.04295712309820194
2005-04-08,0.04321132596685083
2005-04-11,0.04346885813148788
2005-04-12,0.043012456747404844
2005-04-13,0.04323098298020146
2005-04-14,0.04270034602076125
2005-04-15,0.042947931034482766
2005-04-18,0.043133356305995865
2005-04-19,0.042949000689179874
2005-04-20,0.04346896551724138
2005-04-21,0.04322080606269377
2005-04-22,0.04310517241379311
2005-04-25,0.04292864529472596
2005-04-26,0.042921988263721095
2005-04-27,0.0428248275862069
2005-04-28,0.0421584737023032
2005-04-29,0.04215154639175258
2005-05-02,0.042424137931034486
2005-05-03,0.04250604073179151
2005-05-04,0.04294233425414365
2005-05-05,0.04322644114601312
2005-05-06,0.042992411176267675
2005-05-09,0.04298100172711571
2005-05-10,0.04285585896992741
2005-05-11,0.0428228591160221
2005-05-12,0.04245818935729095
2005-05-13,0.04200794473229706
2005-05-16,0.041888349514563106
2005-05-17,0.04174740124740125
2005-05-18,0.042007969507969506
2005-05-19,0.041875909878682845
2005-05-20,0.041457568410114304
2005-05-23,0.04155751905751905
2005-05-24,0.04133090783090783
2005-05-26,0.04100207972270364
2005-05-27,0.04130710571923744
2005-05-30,0.041306865464632456
2005-05-31,0.040615678113076654
2005-06-01,0.0403021483021483
2005-06-02,0.040611438474870025
2005-06-03,0.04058431237042156
2005-06-06,0.04076131260794473
2005-06-07,0.04077816171389081
2005-06-08,0.04072824585635359
2005-06-09,0.040661830742659756
2005-06-10,0.04046300138312586
2005-06-13,0.04032430555555556
2005-06-14,0.040239819004524884
2005-06-15,0.040440041710114706
2005-06-16,0.040413709116214336
2005-06-17,0.0409533426183844
2005-06-21,0.040638898570930636
2005-06-22,0.04071493370551291
2005-06-23,0.040402506963788304
2005-06-24,0.04042777777777778
2005-06-27,0.040459674627898935
2005-06-28,0.040199378023496886
2005-06-29,0.040217271157167535
2005-06-30,0.04021544856252165
2005-07-01,0.0398995148995149
2005-07-04,0.039899480069324096
2005-07-05,0.0397092862092862
2005-07-06,0.0396879555709823
2005-07-07,0.039506949270326615
2005-07-08,0.03969362147089578
2005-07-11,0.03989644351464435
2005-07-12,0.04057466063348416
2005-07-13,0.03987417218543046
2005-07-14,0.039950418994413414
2005-07-15,0.03986762137617884
2005-07-18,0.0400481843575419
2005-07-19,0.03991684136967156
2005-07-20,0.04006743535988819
2005-07-21,0.040436560643131766
2005-07-22,0.039945511701012924
2005-07-25,0.039880503144654085
2005-07-26,0.03977707896575821
2005-07-27,0.04003211169284467
2005-07-28,0.0402804750261963
2005-07-29,0.04024466969591052
2005-08-01,0.04064055944055944
2005-08-02,0.04071493529206016
2005-08-03,0.04132237762237762
2005-08-04,0.04151973454418442
2005-08-05,0.04156439790575916
2005-08-08,0.042064482398048095
2005-08-09,0.04191994430908458
2005-08-10,0.042208347826086956
2005-08-11,0.042270768161279115
2005-08-12,0.042331599028789454
2005-08-16,0.0421637811634349
2005-08-17,0.041778085032837885
2005-08-18,0.04141974456334139
2005-08-19,0.04129858961128311
2005-08-22,0.04139938080495356
2005-08-23,0.041323933975240715
2005-08-24,0.04138562091503268
2005-08-25,0.04149879600963192
2005-08-26,0.04155929872808525
2005-08-29,0.04138379677308617
2005-08-30,0.041211538461538466
2005-08-31,0.04193060803847475
2005-09-01,0.042487972508591064
2005-09-02,0.043198281786941586
2005-09-05,0.0431984864121087
2005-09-06,0.042872377020983836
2005-09-07,0.042498795180722894
2005-09-08,0.042383608815427
2005-09-09,0.04252799725180351
2005-09-12,0.04211244429208091
2005-09-13,0.04186913326481672
2005-09-14,0.04195340870161014
2005-09-15,0.041879547014413175
2005-09-16,0.04208931638612161
2005-09-19,0.04140776365510134
2005-09-20,0.041552505147563486
2005-09-21,0.04149382292381606
2005-09-22,0.04125240384615385
2005-09-23,0.040953264604810996
2005-09-26,0.040956701030927835
2005-09-27,0.040956701030927835
2005-09-28,0.04085145797598627
2005-09-29,0.04073653516295026
2005-09-30,0.04066357388316151
2005-10-03,0.040238226194568585
2005-10-04,0.04037302676733013
2005-10-05,0.040404036948340744
2005-10-06,0.0409717206132879
2005-10-07,0.040913176710929526
2005-10-11,0.04067670954637779
2005-10-12,0.04060741989881956
2005-10-13,0.04033076407506702
2005-10-14,0.04087815550319757
2005-10-17,0.0404513304142809
2005-10-18,0.04027551364095656
2005-10-19,0.040281870164816685
2005-10-20,0.04033869885982561
2005-10-21,0.04007679409792086
2005-10-24,0.040338817998656816
2005-10-25,0.04091666666666667
2005-10-26,0.04059586528842947
2005-10-27,0.040919814446653414
2005-10-28,0.040613930348258706
2005-10-31,0.04041372418387742
2005-11-01,0.0405745320855615
2005-11-02,0.04093335565974548
2005-11-03,0.04083299798792756
2005-11-04,0.040467806841046276
2005-11-07,0.040303060881264716
2005-11-08,0.04024130948363145
2005-11-09,0.040051195688784104
2005-11-10,0.04007710437710437
2005-11-11,0.040076845298281094
2005-11-14,0.039901180438448564
2005-11-15,0.039905826558265585
2005-11-16,0.039864406779661014
2005-11-17,0.03992184845395855
2005-11-18,0.04010601427115188
2005-11-21,0.0401446070091868
2005-11-22,0.04013650254668931
2005-11-23,0.040441694915254234
2005-11-24,0.0404414749661705
2005-11-25,0.040322450353416354
2005-11-28,0.04063210702341137
2005-11-29,0.040627352150537636
2005-11-30,0.040786244099797704
2005-12-01,0.04054331766286098
2005-12-02,0.04047769204964777
2005-12-05,0.04088319467554077
2005-12-06,0.04059092425759092
2005-12-07,0.04037633689839572
2005-12-09,0.04065204386839482
2005-12-12,0.041354678168546787
2005-12-13,0.041170772303595206
2005-12-14,0.04151967978652435
2005-12-15,0.04136683250414593
2005-12-16,0.041400988467874794
2005-12-19,0.04153520661157025
2005-12-20,0.04099868160843771
2005-12-21,0.04081305637982196
2005-12-22,0.04106615944426067
2005-12-23,0.04091994707244459
2005-12-26,0.040919814446653414
2005-12-27,0.04097693574958814
2005-12-28,0.04096348684210526
2005-12-29,0.0407996699669967
2005-12-30,0.04071174142480211
2006-01-02,0.04071155115511551
2006-01-03,0.04123370638578012
2006-01-04,0.04186015136558078
2006-01-05,0.04193737704918033
2006-01-06,0.042091176470588236
2006-01-09,0.04207702349869452
2006-01-10,0.04195518482172064
2006-01-11,0.04227794165847263
2006-01-12,0.04177986179664363
2006-01-13,0.04212652388797364
2006-01-16,0.04212652388797364
2006-01-17,0.04202724885095207
2006-01-18,0.041944571990816665
2006-01-19,0.0422403151674327
2006-01-20,0.042333443054641214
2006-01-23,0.043123765635286374
2006-01-24,0.04314619690484031
2006-01-25,0.04335934426229508
2006-01-26,0.043068040562643115
2006-01-27,0.04291854759568205
2006-01-30,0.042614831754328654
2006-01-31,0.04296999347684279
2006-02-01,0.042439374185136894
2006-02-02,0.04244477028347996
2006-02-03,0.042270948809911967
2006-02-06,0.04221733463668948
2006-02-07,0.04199739752765127
2006-02-08,0.042064453125
2006-02-09,0.04222961513372473
2006-02-10,0.04215487447016628
2006-02-13,0.041765721733463664
2006-02-14,0.04169098013676327
2006-02-15,0.04190947574080105
2006-02-16,0.04190251059667427
2006-02-17,0.04192177314211213
2006-02-20,0.04192172211350294
2006-02-21,0.04178338762214984
2006-02-22,0.04184445167588676
2006-02-23,0.04202927781392323
2006-02-24,0.04193756097560975
2006-02-27,0.041932357723577236
2006-02-28,0.04209629147690306
2006-03-01,0.04204335071707953
2006-03-02,0.04218682751874796
2006-03-03,0.04210348193947283
2006-03-06,0.04212122196945076
2006-03-07,0.04139058441558442
2006-03-08,0.04136166072007784
2006-03-09,0.041510866039571846
2006-03-10,0.0413565866320571
2006-03-13,0.041378896103896105
2006-03-14,0.04190572171651495
2006-03-15,0.04195345052083333
2006-03-16,0.04276797917344614
2006-03-17,0.04265115522290921
2006-03-20,0.04266037735849057
2006-03-21,0.04225992192582954
2006-03-22,0.04215317073170731
2006-03-23,0.041839233517375764
2006-03-27,0.04197632176451508
2006-03-28,0.04211940298507463
2006-03-29,0.041930519480519485
2006-03-30,0.04252612788055826
2006-03-31,0.042629461388708635
2006-04-03,0.04268038897893031
2006-04-04,0.042992215374635094
2006-04-05,0.04301461038961039
2006-04-06,0.04288535238713868
2006-04-07,0.04226712106458942
2006-04-10,0.042336903602726385
2006-04-11,0.04250991225219369
2006-04-12,0.04234762833008447
2006-04-17,0.04296098829648894
2006-04-18,0.04308859934853421
2006-04-19,0.043427314211212514
2006-04-20,0.043359594638770836
2006-04-21,0.04351814318404707
2006-04-24,0.04372333442730555
2006-04-25,0.04379052943110819
2006-04-26,0.04382889108259296
2006-04-27,0.04407621550591327
2006-04-28,0.04442880577427822
2006-05-02,0.04459704433497537
2006-05-03,0.04465483234714004
2006-05-04,0.04482505754685958
2006-05-05,0.045041104899704046
2006-05-08,0.045026644736842106
2006-05-09,0.045118053271950016
2006-05-10,0.04530822368421052
2006-05-11,0.0456704021094265
2006-05-12,0.04561429512516469
2006-05-15,0.04526734626767511
2006-05-16,0.04553320184089415
2006-05-17,0.04481299212598425
2006-05-18,0.04524492468893255
2006-05-19,0.04523462041884817
2006-05-22,0.04542154947916666
2006-05-23,0.04558919270833334
2006-05-24,0.045318624269954574
2006-05-26,0.044212435233160624
2006-05-29,0.04525284367890803
2006-05-30,0.045616256476683936
2006-05-31,0.045524797406807135
2006-06-01,0.0453987012987013
2006-06-02,0.045846378694381296
2006-06-05,0.04577272727272727
2006-06-06,0.045518650664936745
2006-06-07,0.04540914990266061
2006-06-08,0.044772624067466744
2006-06-09,0.04479688513951979
2006-06-12,0.04463875365141188
2006-06-13,0.04424975673045734
2006-06-14,0.04455147775251705
2006-06-15,0.04445227272727273
2006-06-16,0.0443163364728808
2006-06-20,0.04420272904483431
2006-06-21,0.04467089430894309
2006-06-22,0.044196881091617936
2006-06-23,0.04398896462187602
2006-06-26,0.04433408943616332
2006-06-27,0.044275080906148866
2006-06-28,0.044212435233160624
2006-06-29,0.04395012953367876
2006-06-30,0.0448451069345431
2006-07-03,0.04509983792544571
2006-07-04,0.04509983792544571
2006-07-05,0.0446051182377713
2006-07-06,0.044855152300712894
2006-07-07,0.045091704471808165
2006-07-10,0.04471678548282567
2006-07-11,0.044915693904020754
2006-07-12,0.0445971456373662
2006-07-13,0.04447211413748379
2006-07-14,0.04444437236457995
2006-07-17,0.04397534068786503
2006-07-18,0.04395619727449709
2006-07-19,0.04443455667424488
2006-07-20,0.04454931862426996
2006-07-21,0.04475665152498378
2006-07-24,0.0445038961038961
2006-07-25,0.04441682910981157
2006-07-26,0.04475666883539363
2006-07-27,0.044782905427364315
2006-07-28,0.044808904777380566
2006-07-31,0.04487727864583334
2006-08-01,0.045010420058612825
2006-08-02,0.04498013676326929
2006-08-03,0.045167100977198706
2006-08-04,0.04554154447702835
2006-08-07,0.045524739583333335
2006-08-08,0.045506184895833336
2006-08-09,0.04597491039426523
2006-08-10,0.04559954382535028
2006-08-11,0.04554965809182677
2006-08-14,0.0453040650406504
2006-08-15,0.045570454545454546
2006-08-16,0.04573519843851659
2006-08-17,0.04571233766233766
2006-08-18,0.04559539260220637
2006-08-22,0.04475665152498378
2006-08-23,0.04542579390797149
2006-08-24,0.04527146096533851
2006-08-25,0.0452529107373868
2006-08-28,0.04539877300613497
2006-08-29,0.04534539579967689
2006-08-30,0.04542557313529222
2006-08-31,0.04537003551824346
2006-09-01,0.04548772609819122
2006-09-04,0.045487718164188756
2006-09-05,0.04555616526791479
2006-09-06,0.04533290364163712
2006-09-07,0.04508551145530817
2006-09-08,0.04486101257658819
2006-09-11,0.04474863035771834
2006-09-12,0.04476086256839395
2006-09-13,0.044535610699323235
2006-09-14,0.04477064516129032
2006-09-15,0.044855067785668175
2006-09-18,0.04462104583602324
2006-09-19,0.044539554407491126
2006-09-20,0.04468269851517108
2006-09-21,0.044951919974185225
2006-09-22,0.04491965150048402
2006-09-25,0.04484709677419355
2006-09-26,0.0446428110896196
2006-09-27,0.044873307543520306
2006-09-28,0.04486533505154639
2006-09-29,0.04481088917525773
2006-10-02,0.045114083145343216
2006-10-03,0.045081507731958764
2006-10-04,0.044968115942028986
2006-10-05,0.04511819645732689
2006-10-06,0.0447005795235029
2006-10-09,0.0447005795235029
2006-10-10,0.04447409076279369
2006-10-11,0.04435962652929813
2006-10-12,0.0444603737113402
2006-10-13,0.04430647760232033
2006-10-17,0.044334193548387094
2006-10-18,0.044304755742478164
2006-10-19,0.044636775655551963
2006-10-20,0.04460097087378641
2006-10-23,0.04431844660194175
2006-10-24,0.044316504854368936
2006-10-25,0.044369544131910764
2006-10-26,0.044754613143412114
2006-10-27,0.04495378151260504
2006-10-30,0.04504104718810602
2006-10-31,0.045411136290061514
2006-11-01,0.04554162617427923
2006-11-02,0.04546902367823548
2006-11-03,0.045396691534219914
2006-11-07,0.04582125446863829
2006-11-08,0.04562039752362333
2006-11-09,0.04560169491525424
2006-11-10,0.04577900912646675
2006-11-13,0.04562873862158648
2006-11-14,0.0456162109375
2006-11-15,0.045682855280312906
2006-11-16,0.04571847507331378
2006-11-17,0.04572901756668836
2006-11-20,0.04597074122236671
2006-11-21,0.0459262987012987
2006-11-22,0.0463498210218028
2006-11-23,0.046350048844024744
2006-11-24,0.04673560975609756
2006-11-27,0.04694184535412606
2006-11-28,0.04696393762183236
2006-11-29,0.04699674690956409
2006-11-30,0.04747001303780964
2006-12-01,0.04756694970607447
2006-12-04,0.04761895424836601
2006-12-05,0.04768248772504091
2006-12-06,0.04753091265947006
2006-12-07,0.04756474820143885
2006-12-11,0.047467647058823524
2006-12-12,0.04746299934512115
2006-12-13,0.04742244764397906
2006-12-14,0.04767822105951603
2006-12-15,0.047301602878639194
2006-12-18,0.04726561988877985
2006-12-19,0.047778286461739705
2006-12-20,0.04800524246395806
2006-12-21,0.04768733595800525
2006-12-22,0.04751045751633987
2006-12-26,0.04737752442996743
2006-12-27,0.04760533159947985
2006-12-28,0.04787890625
2006-12-29,0.047924885695623774
2007-01-02,0.04846370176586004
2007-01-03,0.04786302713305001
2007-01-04,0.04734635416666667
2007-01-05,0.04710981156595192
2007-01-08,0.04719200779727096
2007-01-09,0.04699902692182938
2007-01-10,0.04673547549496917
2007-01-11,0.04652662337662338
2007-01-12,0.04657676079195067
2007-01-15,0.046576485872036374
2007-01-16,0.04644675324675324
2007-01-17,0.0465267944137707
2007-01-18,0.04663951979234264
2007-01-19,0.04669183408943616
2007-01-22,0.04646834625322997
2007-01-23,0.04641446094254358
2007-01-24,0.04616375968992248
2007-01-25,0.04603615235635894
2007-01-26,0.04594526722472634
2007-01-29,0.04594337194337194
2007-01-30,0.04586739620212423
2007-01-31,0.046232056646282584
2007-02-01,0.04634128262971318
2007-02-02,0.045964181994191666
2007-02-05,0.04612117305833064
2007-02-06,0.04604061895551258
2007-02-07,0.04622791747259832
2007-02-08,0.04614235104669888
2007-02-09,0.04607018673535093
2007-02-12,0.04585889175257732
2007-02-13,0.04623855577047067
2007-02-14,0.046474822466107166
2007-02-15,0.046526774193548386
2007-02-16,0.046494363929146534
2007-02-19,0.04649436029648727
2007-02-20,0.04662210051546392
2007-02-21,0.046446877012234385
2007-02-22,0.04647261597938144
2007-02-23,0.046483569587628865
2007-02-26,0.046311311633902674
2007-02-27,0.04665914221218962
2007-02-28,0.04685161290322581
2007-03-01,0.046840490797546014
2007-03-02,0.04840518638573744
2007-03-05,0.046518052869116706
2007-03-06,0.04659619722848855
2007-03-07,0.046763853092783504
2007-03-08,0.04667020933977456
2007-03-09,0.0465592401802962
2007-03-12,0.046748630357718333
2007-03-13,0.04683392454047081
2007-03-14,0.04701678502259523
2007-03-15,0.04717430600387347
2007-03-16,0.047823927765237015
2007-03-19,0.04795709677419355
2007-03-20,0.04780574378831881
2007-03-21,0.04764612903225807
2007-03-22,0.047709906421426265
2007-03-23,0.04759864603481625
2007-03-26,0.04767815721649485
2007-03-27,0.04773052157115261
2007-03-28,0.04761436855670103
2007-03-29,0.04755125725338492
2007-03-30,0.04777612903225806
2007-04-03,0.0477829732344405
2007-04-04,0.047952580645161294
2007-04-09,0.047897319987084276
2007-04-10,0.04810471881060117
2007-04-11,0.04791556130702038
2007-04-12,0.04828589951377634
2007-04-13,0.04846148867313916
2007-04-16,0.048494331065759635
2007-04-17,0.04870677911125527
2007-04-18,0.04853419773095624
2007-04-19,0.04867130829015544
2007-04-20,0.04853432642487047
2007-04-23,0.04845896853713915
2007-04-24,0.04858384690236782
2007-04-25,0.048506156837329874
2007-04-26,0.04848963730569948
2007-04-27,0.04845436893203883
2007-04-30,0.04858155339805825
2007-05-02,0.04840518638573744
2007-05-03,0.04821595330739299
2007-05-04,0.04829516704508595
2007-05-07,0.04826266233766234
2007-05-08,0.04788116883116883
2007-05-09,0.048035401104254624
2007-05-10,0.04776014281077572
2007-05-11,0.04786071428571428
2007-05-14,0.04789961013645225
2007-05-15,0.04808159947984395
2007-05-16,0.048037699057523565
2007-05-17,0.04794308943089431
2007-05-18,0.047931773879142305
2007-05-21,0.047833170731707314
2007-05-22,0.047703053931124104
2007-05-23,0.047643853389555624
2007-05-24,0.047539883268482484
2007-05-28,0.04753973402530003
2007-05-29,0.04753748782862707
2007-05-30,0.047388961038961036
2007-05-31,0.047569060773480665
2007-06-01,0.047521795705920626
2007-06-04,0.047521809895833336
2007-06-05,0.0476145596360091
2007-06-06,0.047546488946684
2007-06-07,0.047247968800779985
2007-06-08,0.04700130039011704
2007-06-11,0.04692845528455284
2007-06-12,0.04686922576447626
2007-06-13,0.04657026675341575
2007-06-14,0.046635416666666665
2007-06-15,0.04687780305492363
2007-06-19,0.04695510735198439
2007-06-20,0.046963949334199416
2007-06-21,0.046842634652822845
2007-06-22,0.04693510707332901
2007-06-25,0.04691083009079118
2007-06-26,0.04688665803108808
2007-06-27,0.04707214493691361
2007-06-28,0.046919741100323625
2007-06-29,0.04712770772712577
2007-07-02,0.04742478162406988
2007-07-03,0.04738434163701068
2007-07-04,0.04738454075032342
2007-07-05,0.047535288430551076
2007-07-06,0.04763027375201288
2007-07-10,0.04803061553335482
2007-07-11,0.04857433086101258
2007-07-12,0.04879483870967742
2007-07-13,0.048949999999999994
2007-07-16,0.04879006772009029
2007-07-17,0.04874008384392132
2007-07-18,0.04891881443298969
2007-07-19,0.048911726804123715
2007-07-20,0.0490125
2007-07-23,0.04896928982725528
2007-07-24,0.049137658227848095
2007-07-25,0.04873301886792453
2007-07-26,0.04917399617590822
2007-07-27,0.04872097498396408
2007-07-30,0.04881145966709347
2007-07-31,0.04889266260813842
2007-08-01,0.04878040217044366
2007-08-02,0.04891395793499044
2007-08-03,0.049169108280254774
2007-08-06,0.049164331210191085
2007-08-07,0.04890926456542503
2007-08-08,0.04898116820938398
2007-08-09,0.048723512567610566
2007-08-10,0.04889485387547649
2007-08-13,0.048668893129771
2007-08-14,0.04854845884969813
2007-08-15,0.04839562182741117
2007-08-16,0.04874968354430379
2007-08-17,0.04869486692015209
2007-08-21,0.04871645569620253
2007-08-22,0.04886616161616161
2007-08-23,0.04900755191944619
2007-08-24,0.04933880126182965
2007-08-27,0.04916908517350158
2007-08-28,0.049351137800252846
2007-08-29,0.04947298578199052
2007-08-30,0.04924414186193794
2007-08-31,0.04927820025348542
2007-09-03,0.04927798861480076
2007-09-04,0.049248973143759874
2007-09-05,0.04948546144121365
2007-09-06,0.049622945638432364
2007-09-07,0.049977545857052504
2007-09-10,0.04993004115226338
2007-09-11,0.05012043215761043
2007-09-12,0.05057156518967166
2007-09-13,0.050594378792717984
2007-09-14,0.05063021995537137
2007-09-17,0.05045422647527911
2007-09-18,0.050556122448979585
2007-09-19,0.050535611625678704
2007-09-20,0.05123199490121096
2007-09-21,0.051203179650238476
2007-09-24,0.05115612082670906
2007-09-25,0.05145344772799492
2007-09-26,0.05120584498094028
2007-09-27,0.05131365079365079
2007-09-28,0.051843174603174606
2007-10-01,0.05192092727850111
2007-10-02,0.051427255400254133
2007-10-03,0.05130847350047604
2007-10-04,0.05129001584786054
2007-10-05,0.051313688212927755
2007-10-08,0.051313706869262427
2007-10-09,0.05133733797028138
2007-10-10,0.05148003802281369
2007-10-11,0.05172782002534854
2007-10-12,0.051570161545771306
2007-10-16,0.05144018987341772
2007-10-17,0.051621006010756094
2007-10-18,0.05235325743200506
2007-10-19,0.05249067341131838
2007-10-22,0.052031871252761125
2007-10-23,0.052460447526000625
2007-10-24,0.052397294746775715
2007-10-25,0.052915696759987425
2007-10-26,0.05363670766319774
2007-10-29,0.05349604054482104
2007-10-30,0.053708703939008895
2007-10-31,0.05377211966900063
2007-11-01,0.05363952745849298
2007-11-02,0.05396644295302014
2007-11-05,0.05373443983402489
2007-11-07,0.05453454894433781
2007-11-08,0.054752396166134185
2007-11-09,0.05525471396612336
2007-11-12,0.05525478927203065
2007-11-13,0.05496618819776715
2007-11-14,0.055151214833759586
2007-11-15,0.05506594110115237
2007-11-16,0.05505683269476373
2007-11-19,0.05490894568690096
2007-11-20,0.055462962962962964
2007-11-21,0.0553494743548901
2007-11-22,0.055349570200573066
2007-11-23,0.05541393573019408
2007-11-26,0.0555618835507477
2007-11-27,0.05557396825396825
2007-11-28,0.05584725309622102
2007-11-29,0.05624936467598475
2007-11-30,0.05610397456279809
2007-12-03,0.05594711691621536
2007-12-04,0.056016262755102034
2007-12-05,0.055994252873563216
2007-12-06,0.05610402042118698
2007-12-07,0.05614181007010835
2007-12-10,0.0567119184193754
2007-12-11,0.056554635234151
2007-12-12,0.0563380057343103
2007-12-13,0.055713558243157234
2007-12-14,0.05472851686823679
2007-12-17,0.05441878980891719
2007-12-18,0.05522123047497609
2007-12-19,0.05465676883780332
2007-12-20,0.05425063775510204
2007-12-21,0.05431550461636422
2007-12-26,0.0547045165394402
2007-12-27,0.05506605271514767
2007-12-28,0.05529152111781518
2007-12-31,0.05503270879644332
2008-01-02,0.055897297297297296
2008-01-03,0.05639828080229226
2008-01-04,0.05659299363057325
2008-01-07,0.05619866071428571
2008-01-08,0.056509904153354634
2008-01-09,0.056487695749440715
2008-01-10,0.05691530840524129
2008-01-11,0.057149296675191814
2008-01-14,0.05761045584953777
2008-01-15,0.057392231773320604
2008-01-16,0.05593165924984107
2008-01-17,0.05618920634920635
2008-01-18,0.05577252538071066
2008-01-21,0.055772324255858145
2008-01-22,0.056019322141273364
2008-01-23,0.05592526915769474
2008-01-24,0.057041864890580406
2008-01-25,0.0567184126984127
2008-01-28,0.057152649952396065
2008-01-29,0.05681821065989848
2008-01-30,0.056921736375158426
2008-01-31,0.05710354654844838
2008-02-01,0.057500951173113504
2008-02-04,0.05790373654211526
2008-02-05,0.05696049304677623
2008-02-06,0.05732944146418428
2008-02-07,0.05633796150205112
2008-02-08,0.05648753550015778
2008-02-11,0.056577020202020205
2008-02-12,0.05712650221378874
2008-02-13,0.057149239543726235
2008-02-14,0.057947401774397965
2008-02-15,0.05831937836980653
2008-02-18,0.05831937836980653
2008-02-19,0.058190234622701335
2008-02-20,0.058152967311964454
2008-02-21,0.05901110758489369
2008-02-22,0.059231232182451694
2008-02-25,0.0593752374920836
2008-02-26,0.05945299145299146
2008-02-27,0.060598796706776446
2008-02-28,0.060419385492556224
2008-02-29,0.06061341347674786
2008-03-03,0.06114339981006648
2008-03-04,0.0610837297811608
2008-03-05,0.06132709390862944
2008-03-06,0.0612707672796449
2008-03-07,0.06127091254752851
2008-03-10,0.06130842305256492
2008-03-11,0.06139118020304569
2008-03-12,0.061865799492385784
2008-03-13,0.06228208386277
2008-03-14,0.06236363636363637
2008-03-17,0.06274301143583227
2008-03-18,0.06219288210994599
2008-03-19,0.0616065885334178
2008-03-25,0.06127450980392157
2008-03-26,0.06214641842852635
2008-03-27,0.06254312796208532
2008-03-28,0.06234408602150538
2008-03-31,0.06254703282828282
2008-04-01,0.06225867507886436
2008-04-03,0.06298830594184576
2008-04-04,0.06268795447360102
2008-04-07,0.0629446027223805
2008-04-08,0.06270781893004115
2008-04-09,0.06311142766698323
2008-04-10,0.06290906210392902
2008-04-11,0.06344370440849983
2008-04-14,0.06410240963855422
2008-04-15,0.06365770325846251
2008-04-16,0.06414782059380922
2008-04-17,0.06354035308953342
2008-04-18,0.06294069400630915
2008-04-21,0.06341949685534591
2008-04-22,0.06393463230672533
2008-04-23,0.06340364665199623
2008-04-24,0.062305276381909545
2008-04-25,0.06195022054190296
2008-04-28,0.06212326607818411
2008-04-29,0.061713293337543426
2008-04-30,0.06173609355246523
2008-05-02,0.06097572509457755
2008-05-05,0.06175897920604915
2008-05-06,0.06171325149512118
2008-05-07,0.06130841708542713
2008-05-08,0.061297135662574755
2008-05-09,0.06183160214038401
2008-05-12,0.0625350960025181
2008-05-13,0.06220853080568721
2008-05-14,0.06177426493834968
2008-05-15,0.061629547611515345
2008-05-16,0.06235982199618564
2008-05-19,0.06208859955541442
2008-05-20,0.06264490445859872
2008-05-21,0.06271560804340887
2008-05-22,0.06259380982769625
2008-05-23,0.06298819400127632
2008-05-26,0.06298822406110757
2008-05-27,0.0625
2008-05-28,0.062111681643132216
2008-05-29,0.06197332047573127
2008-05-30,0.062216198773798
2008-06-02,0.06246873987690314
2008-06-03,0.062484354628422424
2008-06-04,0.06283376707872479
2008-06-05,0.06329108134596537
2008-06-06,0.06408604954367667
2008-06-09,0.06380809399477806
2008-06-10,0.06324698205546493
2008-06-11,0.06390591310029403
2008-06-12,0.0639715034392401
2008-06-13,0.06360526315789473
2008-06-17,0.06424250411861615
2008-06-18,0.06477100494233937
2008-06-19,0.06433761528326745
2008-06-20,0.06475411997363217
2008-06-23,0.06446207353428288
2008-06-24,0.06477088859416445
2008-06-25,0.06461630218687874
2008-06-26,0.06541063759497853
2008-06-27,0.06609385327164574
2008-06-30,0.06598479338842976
2008-07-01,0.06642322964923891
2008-07-02,0.0666046357615894
2008-07-03,0.06607892998678995
2008-07-04,0.06607898215465961
2008-07-07,0.06713655949618827
2008-07-08,0.0664495686794957
2008-07-10,0.0672269715043075
2008-07-11,0.06798544010589014
2008-07-14,0.06826884920634921
2008-07-15,0.06823611111111111
2008-07-16,0.06862483487450463
2008-07-17,0.06854019186238836
2008-07-18,0.06903704928878597
2008-07-21,0.0692089947089947
2008-07-22,0.06721799536883889
2008-07-23,0.06588469184890657
2008-07-24,0.06602419622141201
2008-07-25,0.06607190192180253
2008-07-28,0.06648509933774834
2008-07-29,0.06569884297520662
2008-07-30,0.06550066093853271
2008-07-31,0.06517641261498028
2008-08-01,0.06526134122287969
2008-08-04,0.0650279789335089
2008-08-05,0.06445364891518737
2008-08-06,0.06444546649145862
2008-08-07,0.06338332786347227
2008-08-08,0.06177424639580603
2008-08-11,0.061789317507418395
2008-08-12,0.0630197628458498
2008-08-13,0.06210396039603961
2008-08-14,0.0606282601518653
2008-08-15,0.05976930693069308
2008-08-19,0.06065389696169088
2008-08-20,0.06032100396301189
2008-08-21,0.06112462809917356
2008-08-22,0.060690578512396696
2008-08-25,0.06050330469266359
2008-08-26,0.059570059484467947
2008-08-27,0.0596408985794516
2008-08-28,0.05946349520977865
2008-08-29,0.059122772277227724
2008-09-01,0.059122523117569346
2008-09-02,0.058823568136932194
2008-09-03,0.05840763911755021
2008-09-04,0.05776991441737986
2008-09-05,0.05727368421052631
2008-09-08,0.05656426229508197
2008-09-09,0.05727706902191691
2008-09-10,0.057310019518542615
2008-09-11,0.056795454545454545
2008-09-12,0.058969175859831274
2008-09-15,0.059105280207321025
2008-09-16,0.05918546042003231
2008-09-17,0.05928373590982286
2008-09-18,0.0597941647964091
2008-09-19,0.060302728731942215
2008-09-22,0.06167129032258064
2008-09-23,0.060782833171990965
2008-09-24,0.0600888602704443
2008-09-25,0.059866045615162226
2008-09-26,0.06004910141206675
2008-09-29,0.058775176395125084
2008-09-30,0.05748102073365232
2008-10-01,0.057365666879387364
2008-10-02,0.055947201017811705
2008-10-03,0.05589405439595193
2008-10-06,0.05444541757898029
2008-10-07,0.055209020217729395
2008-10-08,0.0555708966801117
2008-10-09,0.055306716186939026
2008-10-10,0.053757754342431754
2008-10-14,0.055663847117794485
2008-10-15,0.05446622889305816
2008-10-16,0.053607800312012475
2008-10-17,0.050152895054282276
2008-10-20,0.05285692116697704
2008-10-21,0.05120865773902211
2008-10-22,0.049224635432826555
2008-10-23,0.051101382488479265
2008-10-24,0.05103874313605857
2008-10-27,0.050656060606060614
2008-10-28,0.05149584323040381
2008-10-29,0.05442759643916914
2008-10-30,0.05298286558345643
2008-10-31,0.05294362455726093
2008-11-03,0.05218393858872158
2008-11-04,0.05397534246575342
2008-11-05,0.05318580060422961
2008-11-07,0.05098125188993045
2008-11-10,0.050543333333333336
2008-11-11,0.050543333333333336
2008-11-12,0.049314674735249614
2008-11-13,0.04964018126888218
2008-11-14,0.05022601086300543
2008-11-17,0.050152895054282276
2008-11-18,0.04911352002408913
2008-11-19,0.04913044785091674
2008-11-20,0.04898588164613998
2008-11-21,0.048531953195319534
2008-11-24,0.0508621103117506
2008-11-25,0.05171976047904192
2008-11-26,0.051551672640382316
2008-11-27,0.05155178571428572
2008-11-28,0.05019567150904239
2008-12-01,0.04934614247709134
2008-12-02,0.04934363957597173
2008-12-03,0.04926606042827809
2008-12-04,0.05020331106593087
2008-12-05,0.048971453287197236
2008-12-09,0.05029927219796215
2008-12-10,0.05040819912152269
2008-12-11,0.051612903225806445
2008-12-12,0.05128980426526439
2008-12-15,0.05235877192982456
2008-12-16,0.05240828924162257
2008-12-17,0.05437448559670782
2008-12-18,0.054333039647577096
2008-12-19,0.05239724824355972
2008-12-22,0.053358832116788324
2008-12-23,0.05308707047175305
2008-12-24,0.05338165938864629
2008-12-26,0.053322093023255815
2008-12-29,0.05344731494920175
2008-12-30,0.05331344148319815
2008-12-31,0.05199391833188532
2009-01-02,0.05190485829959514
2009-01-05,0.05129006085192697
2009-01-06,0.05191572545612511
2009-01-07,0.05238060781476121
2009-01-08,0.05240260869565217
2009-01-09,0.05088547405044941
2009-01-12,0.04987793563351696
2009-01-13,0.049645030425963486
2009-01-14,0.0485389742103738
2009-01-15,0.04798233420214307
2009-01-16,0.04805844907407407
2009-01-19,0.04805844907407407
2009-01-20,0.04675953757225433
2009-01-21,0.04668097982708933
2009-01-22,0.04644690647482014
2009-01-23,0.04587352687553895
2009-01-26,0.04746768170066073
2009-01-27,0.047548794489093
2009-01-28,0.048285837155963296
2009-01-29,0.04697044476327116
2009-01-30,0.04591571100917431
2009-02-02,0.04539071899169292
2009-02-03,0.04564114285714286
2009-02-04,0.04543590478921709
2009-02-05,0.046012908777969014
2009-02-06,0.046119047619047615
2009-02-09,0.04721422426154288
2009-02-10,0.04575832376578645
2009-02-11,0.0453269340974212
2009-02-12,0.04480292179891148
2009-02-13,0.045004576659038904
2009-02-16,0.04500457535030026
2009-02-17,0.04264925799086758
2009-02-18,0.043491452991452996
2009-02-19,0.04393293718166384
2009-02-20,0.043990955342001134
2009-02-23,0.04509977452085682
2009-02-24,0.044913618458075406
2009-02-25,0.04466075949367088
2009-02-26,0.045341202922990445
2009-02-27,0.04519568264648163
2009-03-02,0.04460705359622327
2009-03-03,0.04494987538078095
2009-03-04,0.04607435046987286
2009-03-05,0.04502263942573164
2009-03-06,0.045930597631506476
2009-03-09,0.045892493813582624
2009-03-10,0.04712977728897443
2009-03-11,0.04722322899505766
2009-03-12,0.04786286341195831
2009-03-13,0.048430958904109596
2009-03-16,0.04891161130936042
2009-03-17,0.04888294956140351
2009-03-18,0.04943408096280087
2009-03-19,0.05083365305563168
2009-03-20,0.05095788898003828
2009-03-23,0.05076389265383573
2009-03-25,0.049608188720173536
2009-03-26,0.05010259880887926
2009-03-27,0.048690258342303554
2009-03-30,0.047641646489104114
2009-03-31,0.04861209677419354
2009-04-01,0.04893561422413793
2009-04-03,0.05083107742284786
2009-04-06,0.05046434403919434
2009-04-07,0.049865269461077846
2009-04-08,0.05010008158825129
2009-04-13,0.05065597826086956
2009-04-14,0.049897770527460576
2009-04-15,0.049212673375033995
2009-04-16,0.04910138624626258
2009-04-17,0.04861916395222584
2009-04-20,0.04781946326917864
2009-04-21,0.04836294691224268
2009-04-22,0.048468344155844154
2009-04-23,0.04870435488233703
2009-04-24,0.04989532053015958
2009-04-27,0.04873299136069114
2009-04-28,0.049132938643702904
2009-04-29,0.04994759473259876
2009-04-30,0.04955896607431341
2009-05-04,0.050540730717185386
2009-05-05,0.05021843741551771
2009-05-06,0.04982565346267853
2009-05-07,0.05024617038430529
2009-05-08,0.05093469497446923
2009-05-11,0.05076666666666666
2009-05-12,0.050887933351249665
2009-05-13,0.0504641610738255
2009-05-14,0.05083632948752348
2009-05-15,0.05010783261802575
2009-05-18,0.050609873893211706
2009-05-19,0.05113251072961374
2009-05-20,0.051996784565916394
2009-05-21,0.0521975374732334
2009-05-22,0.052731602890018735
2009-05-26,0.05256244985290185
2009-05-27,0.052080545892427076
2009-05-28,0.051875267094017095
2009-05-29,0.05249346492397973
2009-06-01,0.05342456608811749
2009-06-02,0.053490248463799094
2009-06-03,0.05265090811965811
2009-06-04,0.05268982099919851
2009-06-05,0.05187809422411498
2009-06-08,0.05174647512636339
2009-06-09,0.052496276595744684
2009-06-10,0.052039893617021285
2009-06-11,0.0531406914893617
2009-06-12,0.05272582359192349
2009-06-16,0.051789431757833244
2009-06-17,0.05217839129280595
2009-06-18,0.05267595541401274
2009-06-19,0.053398940397351
2009-06-22,0.053427400158688174
2009-06-23,0.053815449512259424
2009-06-24,0.0537837552742616
2009-06-25,0.053908300395256924
2009-06-26,0.05413296471827277
2009-06-29,0.05445725593667546
2009-06-30,0.05409217803529101
2009-07-01,0.055111608317978414
2009-07-02,0.05422415153906867
2009-07-03,0.054048119905337894
2009-07-06,0.053890875624506965
2009-07-07,0.053749014454664915
2009-07-08,0.05318303571428572
2009-07-13,0.05368828781512605
2009-07-14,0.0536768260641093
2009-07-15,0.054644864722878904
2009-07-16,0.05451956921460467
2009-07-17,0.05461502100840336
2009-07-20,0.05513287815126051
2009-07-21,0.05505698529411765
2009-07-22,0.05529149159663865
2009-07-23,0.055608193277310924
2009-07-24,0.05588474665266474
2009-07-27,0.05589081364829396
2009-07-28,0.05553079947575361
2009-07-29,0.05482766736401674
2009-07-30,0.05516636197440585
2009-07-31,0.05584099216710183
2009-08-03,0.056334814427600625
2009-08-04,0.05587208998168978
2009-08-05,0.05563581699346405
2009-08-06,0.05551228437009932
2009-08-07,0.054978311993728775
2009-08-10,0.05494202141551319
2009-08-11,0.055002349256068915
2009-08-12,0.055132759520083466
2009-08-13,0.05543862392494135
2009-08-14,0.05529453125
2009-08-18,0.05526391055642226
2009-08-19,0.05558030145530146
2009-08-20,0.05592829306313327
2009-08-21,0.056284229670044164
2009-08-24,0.05640155844155844
2009-08-25,0.05650363636363637
2009-08-26,0.056044438669438666
2009-08-27,0.05611356548856549
2009-08-28,0.056621818181818176
2009-08-31,0.056423786029602706
2009-09-01,0.05541690507152145
2009-09-02,0.05555876235049402
2009-09-03,0.05578185127405096
2009-09-04,0.056274499610085786
2009-09-07,0.056274616783580145
2009-09-08,0.05701895611529473
2009-09-09,0.057090555267254796
2009-09-10,0.05734933817804308
2009-09-11,0.05740866632070576
2009-09-14,0.05737558563248308
2009-09-15,0.05781336465674759
2009-09-16,0.05846577847439917
2009-09-17,0.0586062108559499
2009-09-18,0.0586030216202136
2009-09-21,0.058459071949947865
2009-09-22,0.05888923638259056
2009-09-23,0.0587234818868908
2009-09-24,0.0581495960385718
2009-09-25,0.058329338196977595
2009-09-28,0.05794740952876855
2009-09-29,0.0580856102003643
2009-09-30,0.05801483216237315
2009-10-01,0.05723777315296566
2009-10-02,0.05750754422476587
2009-10-05,0.05750442708333334
2009-10-06,0.05745800730307772
2009-10-07,0.0570678142931664
2009-10-08,0.05730993999478215
2009-10-09,0.056744058500914074
2009-10-13,0.05716235294117647
2009-10-14,0.057686813186813186
2009-10-15,0.057897093479968575
2009-10-16,0.057686731222193144
2009-10-19,0.0580989010989011
2009-10-20,0.057833551426328185
2009-10-21,0.058173253075111224
2009-10-22,0.05785688121402407
2009-10-23,0.05795759162303665
2009-10-26,0.05719188481675393
2009-10-27,0.05643664921465969
2009-10-28,0.05545706806282723
2009-10-29,0.05658979057591623
2009-10-30,0.05554621628698612
2009-11-02,0.05602566116784499
2009-11-03,0.05598795180722892
2009-11-04,0.057195128339444734
2009-11-05,0.057457951270631386
2009-11-09,0.05865801886792453
2009-11-10,0.05859266055045872
2009-11-11,0.05859270915289798
2009-11-12,0.05836680650235973
2009-11-13,0.05865443104352386
2009-11-16,0.05886867627785059
2009-11-17,0.058220765600419506
2009-11-18,0.058906561679790026
2009-11-19,0.05804838285564029
2009-11-20,0.05735263157894737
2009-11-23,0.05794761779415636
2009-11-24,0.05742188321935823
2009-11-25,0.058095713910071
2009-11-26,0.05809563846558066
2009-11-27,0.05733289577316881
2009-11-30,0.057349252164786146
2009-12-01,0.05826154249737671
2009-12-02,0.05822067698766728
2009-12-03,0.0585513258072985
2009-12-04,0.058095613343840294
2009-12-07,0.05798449001051525
2009-12-09,0.05699631481968939
2009-12-10,0.05720178900289397
2009-12-11,0.05666368656323954
2009-12-14,0.05665074783521386
2009-12-15,0.05538336394647075
2009-12-16,0.055450918635170605
2009-12-17,0.05465078534031414
2009-12-18,0.054448465774980324
2009-12-21,0.05452573529411765
2009-12-22,0.054227105263157896
2009-12-23,0.05436548089591568
2009-12-24,0.05458227848101266
2009-12-28,0.054498815477757305
2009-12-29,0.05437366083093807
2009-12-30,0.05426605263157895
2009-12-31,0.05441236842105263
2010-01-04,0.05505871511321748
2010-01-05,0.05478257436167413
2010-01-06,0.05485721784776903
2010-01-07,0.054436100131752305
2010-01-08,0.054785939968404425
2010-01-11,0.05541091196626252
2010-01-12,0.055325777543489725
2010-01-13,0.05544061100869107
2010-01-14,0.055723729259942054
2010-01-15,0.05537687648143271
2010-01-18,0.0553769413003422
2010-01-19,0.055333859510655094
2010-01-20,0.054206361724500524
2010-01-21,0.05397268907563025
2010-01-22,0.05436695560809036
2010-01-25,0.05441671045717288
2010-01-26,0.054151022548505505
2010-01-27,0.053593340325117984
2010-01-28,0.05321628698612202
2010-01-29,0.0530897001303781
2010-02-01,0.053621220020855065
2010-02-02,0.05372755741127349
2010-02-03,0.05339827856025039
2010-02-04,0.05234027596979953
2010-02-05,0.05207395833333334
2010-02-08,0.052332725852642537
2010-02-09,0.052754879000780644
2010-02-10,0.05264387834676371
2010-02-11,0.05269896103896103
2010-02-12,0.052508562532433835
2010-02-15,0.05221062176165803
2010-02-16,0.052904329789992224
2010-02-17,0.05270098547717843
2010-02-18,0.05291575946086055
2010-02-19,0.052780974598237426
2010-02-22,0.05280662697385452
2010-02-23,0.05245440414507772
2010-02-24,0.05238341968911917
2010-02-25,0.05205752785695777
2010-02-26,0.052453226224410475
2010-03-01,0.052366865439460716
2010-03-02,0.052758754863813234
2010-03-03,0.05325784695201037
2010-03-04,0.05265378630705394
2010-03-05,0.05305182689816014
2010-03-08,0.05322104172065302
2010-03-09,0.053165976178146036
2010-03-10,0.05337169517884915
2010-03-11,0.05357372376263281
2010-03-12,0.05389818652849741
2010-03-15,0.0536702045042713
2010-03-16,0.053845416882444326
2010-03-17,0.05426954945624029
2010-03-18,0.0536693423096841
2010-03-19,0.05336309523809524
2010-03-22,0.053258022774327125
2010-03-23,0.053019404915912026
2010-03-25,0.05247970002585984
2010-03-26,0.05258081199896561
2010-03-29,0.052983475342112056
2010-03-30,0.05265987096774193
2010-03-31,0.05328494069107787
2010-04-05,0.05322402681103377
2010-04-06,0.05298582474226804
2010-04-07,0.05309571723426213
2010-04-08,0.05294272445820434
2010-04-09,0.053433694530443755
2010-04-12,0.05391206807632801
2010-04-13,0.05410466615106986
2010-04-14,0.054489422084623325
2010-04-15,0.05396306818181818
2010-04-16,0.0536510726285862
2010-04-19,0.0530968992248062
2010-04-20,0.05315525703952467
2010-04-21,0.05298295014208215
2010-04-22,0.05243296305864118
2010-04-23,0.05269808884297521
2010-04-26,0.05242989930286599
2010-04-27,0.05176121712222795
2010-04-28,0.05149471785622262
2010-04-29,0.05205768735513778
2010-04-30,0.051914866255144035
2010-05-03,0.05162294238683128
2010-05-04,0.050307573812580234
2010-05-05,0.04929268292682927
2010-05-06,0.048401540436456995
2010-05-07,0.04961437740693196
2010-05-10,0.049930166880616175
2010-05-11,0.050050308008213557
2010-05-12,0.04968318356867779
2010-05-13,0.04962772785622593
2010-05-14,0.04857916345907109
2010-05-17,0.04835946707660774
2010-05-18,0.04803069838833462
2010-05-19,0.04836866359447005
2010-05-20,0.048557746478873245
2010-05-21,0.049150793650793646
2010-05-26,0.04783354640756839
2010-05-27,0.04827428425357873
2010-05-28,0.047516071428571435
2010-05-31,0.04820946805803004
2010-06-01,0.047730534351145035
2010-06-02,0.0475375796178344
2010-06-03,0.047004081632653065
2010-06-04,0.04626146788990826
2010-06-07,0.045910504844467105
2010-06-08,0.04585623084780389
2010-06-09,0.04630814398774572
2010-06-10,0.047034447563153864
2010-06-11,0.046809839408615855
2010-06-14,0.04773841059602649
2010-06-15,0.04810748853795212
2010-06-16,0.04793988792664289
2010-06-17,0.04815486500254712
2010-06-18,0.047991594498217015
2010-06-22,0.047713667599898195
2010-06-23,0.04770766488413547
2010-06-24,0.04789796437659033
2010-06-25,0.04809537131230926
2010-06-28,0.047693872362064585
2010-06-29,0.04730925737538148
2010-06-30,0.04769066395319257
2010-07-01,0.04851716247139588
2010-07-02,0.04880427046263345
2010-07-05,0.04906963151207116
2010-07-06,0.049573062261753495
2010-07-07,0.049567581300813006
2010-07-08,0.04984429768859538
2010-07-12,0.04972891260162601
2010-07-13,0.04999593289273004
2010-07-14,0.04999872902897814
2010-07-15,0.05069097839898348
2010-07-16,0.05082918149466192
2010-07-19,0.05106632782719187
2010-07-20,0.05093467208947636
2010-07-21,0.050650737163192676
2010-07-22,0.051289165818921664
2010-07-23,0.05131569575171712
2010-07-26,0.05168133265513734
2010-07-27,0.05186320874650394
2010-07-28,0.052657941550190594
2010-07-29,0.05278994157988316
2010-07-30,0.05266345177664975
2010-08-02,0.05341112239715591
2010-08-03,0.05333096085409252
2010-08-04,0.05337554030002543
2010-08-05,0.05334757182812103
2010-08-06,0.0534117497456765
2010-08-09,0.05347304170905392
2010-08-10,0.0530416984490211
2010-08-11,0.051849771225216064
2010-08-12,0.05169616069158404
2010-08-13,0.05142435799644038
2010-08-17,0.052040416878495165
2010-08-18,0.05197815040650406
2010-08-19,0.05153441706883414
2010-08-20,0.05117724733367191
2010-08-23,0.05111297283574512
2010-08-24,0.05095205479452055
2010-08-25,0.05082205323193917
2010-08-26,0.05115998985801217
2010-08-27,0.05150481744421907
2010-08-30,0.051034683544303794
2010-08-31,0.051281265822784805
2010-09-01,0.05182962025316455
2010-09-02,0.05183506460602989
2010-09-03,0.05216780735107732
2010-09-06,0.052075811359026364
2010-09-07,0.05143374714973397
2010-09-08,0.05157171819564115
2010-09-09,0.051322940430925224
2010-09-10,0.05147731305449937
2010-09-13,0.0522274569402229
2010-09-14,0.05305317801975184
2010-09-15,0.05284481012658228
2010-09-16,0.05290731830843252
2010-09-17,0.05290761832447482
2010-09-20,0.053062025316455694
2010-09-21,0.05328372563907871
2010-09-22,0.054396508097165994
2010-09-23,0.05426536807487984
2010-09-24,0.054664141414141415
2010-09-27,0.054766809367917405
2010-09-28,0.05517543418071986
2010-09-29,0.055438446014127146
2010-09-30,0.05541388888888889
2010-10-01,0.05630623579904065
2010-10-04,0.05585252525252526
2010-10-05,0.05660763011622031
2010-10-06,0.05700277777777778
2010-10-07,0.056567458312278926
2010-10-08,0.05676921132457027
2010-10-12,0.05645259165613148
2010-10-13,0.057051619433198385
2010-10-14,0.05747517730496454
2010-10-15,0.05695625790139064
2010-10-18,0.05710369246332827
2010-10-19,0.056154662623199396
2010-10-20,0.05698155634158666
2010-10-21,0.0564055078322385
2010-10-22,0.056721941354903944
2010-10-25,0.057030341340075855
2010-10-26,0.05609575543203638
2010-10-28,0.056569118018701035
2010-10-29,0.05647889815516806
2010-11-01,0.05672796160646628
2010-11-02,0.05728979282465892
2010-11-03,0.05729188779378317
2010-11-04,0.05784364738570346
2010-11-05,0.05722612430520465
2010-11-08,0.05677617966187232
2010-11-09,0.05640156486622917
2010-11-10,0.055772532188841206
2010-11-11,0.05536168601716305
2010-11-12,0.055465321563682224
2010-11-15,0.05531989924433249
2010-11-16,0.05474955952680594
2010-11-17,0.054933048074502895
2010-11-18,0.0552506921721621
2010-11-19,0.055273596778253206
2010-11-23,0.05422250188774226
2010-11-24,0.05415706015605336
2010-11-25,0.05411069182389937
2010-11-26,0.05354748743718593
2010-11-29,0.05248456712672522
2010-11-30,0.052251755265797395
2010-12-01,0.05250439367311072
2010-12-02,0.05282889447236181
2010-12-03,0.053464555052790345
2010-12-06,0.053113624937154345
2010-12-07,0.05298089492207139
2010-12-09,0.052680160925320595
2010-12-10,0.052526540880503146
2010-12-13,0.053206141454820034
2010-12-14,0.0533427277302466
2010-12-15,0.05279969803724208
2010-12-16,0.05257081761006289
2010-12-17,0.05215601409159537
2010-12-20,0.051923754403623554
2010-12-21,0.051903599295242894
2010-12-22,0.0517356495468278
2010-12-23,0.051870035193564604
2010-12-27,0.051765562248995985
2010-12-28,0.05180859080633007
2010-12-29,0.052122674710910005
2010-12-30,0.05272459758551308
2010-12-31,0.05334708249496982
2011-01-03,0.053442486785804176
2011-01-04,0.05342159577145734
2011-01-05,0.053087361530715006
2011-01-06,0.05283585095669688
2011-01-07,0.05261664152840623
2011-01-10,0.052558320764203116
2011-01-11,0.05306435394670689
2011-01-12,0.05378068410462777
2011-01-13,0.05476911468812878
2011-01-14,0.054767471091000504
2011-01-17,0.054682834883136466
2011-01-18,0.054985187044941
2011-01-19,0.05553401958322872
2011-01-20,0.05532387647501883
2011-01-21,0.05580818478533769
2011-01-24,0.056349058971141786
2011-01-25,0.05636666666666666
2011-01-26,0.056576190476190474
2011-01-27,0.05661426783479349
2011-01-28,0.055981754561359655
2011-01-31,0.05665069860279441
2011-02-01,0.05750486405587427
2011-02-02,0.05718795120736868
2011-02-03,0.056892652552926526
2011-02-04,0.05653398058252426
2011-02-07,0.05622766857427221
2011-02-08,0.056942743340801585
2011-02-09,0.056605924819517046
2011-02-10,0.05631019900497514
2011-02-11,0.055803580308304325
2011-02-14,0.05546308724832215
2011-02-15,0.05549689440993788
2011-02-16,0.055676609495401444
2011-02-17,0.05589562624254473
2011-02-18,0.05593788819875776
2011-02-21,0.05594712015888779
2011-02-22,0.0556362959285005
2011-02-23,0.0559831223628692
2011-02-24,0.05628723932472692
2011-02-25,0.05623827252419956
2011-02-28,0.05664342431761786
2011-03-01,0.05671669560903002
2011-03-02,0.05715111662531017
2011-03-03,0.0573427649540829
2011-03-04,0.05758535980148883
2011-03-09,0.057208281676171584
2011-03-10,0.056693128256015884
2011-03-11,0.0571556603773585
2011-03-14,0.05754107719036982
2011-03-15,0.057294992563212695
2011-03-16,0.05663150074294204
2011-03-17,0.05746620450606586
2011-03-18,0.0579390938351077
2011-03-21,0.05817223459539717
2011-03-22,0.058247897080653144
2011-03-23,0.05786566056407719
2011-03-28,0.05742012858555886
2011-03-29,0.05738893007165802
2011-03-30,0.057550617283950625
2011-03-31,0.057913912185495804
2011-04-01,0.05810952146028613
2011-04-04,0.058107354392892406
2011-04-05,0.058314504193389245
2011-04-06,0.058652688702516026
2011-04-07,0.058426597582038
2011-04-08,0.0589725925925926
2011-04-11,0.059168888888888896
2011-04-12,0.059340073982737364
2011-04-13,0.05922424839822573
2011-04-14,0.05986919104991394
2011-04-15,0.05952653562653562
2011-04-18,0.05886843397152675
2011-04-19,0.059369479882237494
2011-04-20,0.059880607992154944
2011-04-25,0.06049412052915237
2011-04-26,0.06084027437530622
2011-04-27,0.061138800489596086
2011-04-28,0.06149117647058824
2011-04-29,0.06133848039215686
2011-05-02,0.0615668055896053
2011-05-03,0.06135899950956351
2011-05-04,0.061499877420936516
2011-05-05,0.06026642156862745
2011-05-06,0.059708649840725304
2011-05-09,0.059091866731994125
2011-05-10,0.05924179323860853
2011-05-11,0.05851898114131766
2011-05-12,0.058632043116119546
2011-05-13,0.057755326965466564
2011-05-16,0.05813956904995103
2011-05-17,0.05812093023255814
2011-05-18,0.058267009300048946
2011-05-19,0.05861658918522144
2011-05-20,0.05809740577581987
2011-05-23,0.058557377049180334
2011-05-24,0.05749534997552618
2011-05-26,0.057308125305922664
2011-05-27,0.058143906020558
2011-05-30,0.05828522504892368
2011-05-31,0.058514425427872864
2011-06-01,0.05872707263389581
2011-06-02,0.05912322738386308
2011-06-03,0.06012933985330074
2011-06-06,0.060065493646138814
2011-06-07,0.06067106549364614
2011-06-08,0.06028519061583578
2011-06-09,0.06016931346200831
2011-06-10,0.05926808406647117
2011-06-13,0.05967302052785924
2011-06-14,0.0599303689225507
2011-06-15,0.05843746946751343
2011-06-16,0.05848363458720078
2011-06-17,0.05927301587301587
2011-06-21,0.059371888726207904
2011-06-22,0.05927128567943401
2011-06-23,0.05820322029763357
2011-06-24,0.05821975609756098
2011-06-27,0.05850268161872257
2011-06-28,0.05883796296296296
2011-06-29,0.05936131386861313
2011-06-30,0.059691240875912405
2011-07-01,0.059798540145985395
2011-07-04,0.05985346294046172
2011-07-05,0.059724732750242954
2011-07-06,0.05901894123360855
2011-07-07,0.0592293132734773
2011-07-08,0.05897476340694006
2011-07-11,0.05794590004852014
2011-07-12,0.05783624454148472
2011-07-13,0.058005094614264924
2011-07-14,0.05791994177583698
2011-07-15,0.05781174187287725
2011-07-18,0.05745518410852713
2011-07-19,0.0578031914893617
2011-07-20,0.058050531914893615
2011-07-21,0.05879584440686156
2011-07-22,0.05897173230248852
2011-07-25,0.05890157194679565
2011-07-26,0.059693014261542186
2011-07-27,0.059220637989366845
2011-07-28,0.059214389183969096
2011-07-29,0.05937563329312425
2011-08-01,0.05889462261876055
2011-08-02,0.05845298939247831
2011-08-03,0.05913659359190557
2011-08-04,0.05819166867324826
2011-08-05,0.05898339749759384
2011-08-08,0.05878960038517092
2011-08-09,0.05902670194852057
2011-08-10,0.05874573009381766
2011-08-11,0.05858499639336379
2011-08-12,0.05872510822510822
2011-08-15,0.05933141071857727
2011-08-16,0.059000480422772034
2011-08-17,0.059148788096952246
2011-08-18,0.058518811406661875
2011-08-19,0.05873360459550024
2011-08-23,0.058996414913957934
2011-08-24,0.05926564739608218
2011-08-25,0.05930394265232975
2011-08-26,0.060206500956022944
2011-08-29,0.06018767908309456
2011-08-30,0.059921573301549465
2011-08-31,0.059663809523809515
2011-09-01,0.05907362689393939
2011-09-02,0.05823607805806759
2011-09-05,0.057490494296577946
2011-09-06,0.057229562737642584
2011-09-07,0.05761373900641788
2011-09-08,0.0571320799619229
2011-09-09,0.05584534856055198
2011-09-12,0.05524405328258802
2011-09-13,0.05585180780209325
2011-09-14,0.05601617507136061
2011-09-15,0.05662354340071344
2011-09-16,0.05642996432818074
2011-09-19,0.05537717003567182
2011-09-20,0.05512243436754176
2011-09-21,0.055480544282645025
2011-09-22,0.05414333333333333
2011-09-23,0.0546627824019025
2011-09-26,0.054617835909631395
2011-09-27,0.055758145065398335
2011-09-28,0.05518549346016647
2011-09-29,0.05514720570749108
2011-09-30,0.05446230677764566
2011-10-03,0.053293460166468486
2011-10-04,0.05311652794292509
2011-10-05,0.053954837176135015
2011-10-06,0.05418432304038005
2011-10-07,0.05391852731591449
2011-10-11,0.055115649489432435
2011-10-12,0.056087152695321774
2011-10-13,0.05564324709233325
2011-10-14,0.05613187855787476
2011-10-17,0.05418432304038005
2011-10-18,0.055048994082840245
2011-10-19,0.055367886658795745
2011-10-20,0.054779220779220775
2011-10-21,0.055345454545454545
2011-10-24,0.05608215297450425
2011-10-25,0.05593626062322946
2011-10-26,0.05549173748819641
2011-10-27,0.05768980169971672
2011-10-28,0.05740698772426818
2011-10-31,0.056121813031161476
2011-11-01,0.05452322565432681
2011-11-02,0.05459105882352941
2011-11-03,0.055418588235294115
2011-11-04,0.05529910714285714
2011-11-07,0.0547274647887324
2011-11-08,0.0545924882629108
2011-11-09,0.053434507042253526
2011-11-10,0.052982406755805775
2011-11-11,0.05362851123595505
2011-11-14,0.052762105263157895
2011-11-15,0.0525944170771757
2011-11-16,0.052726098191214474
2011-11-17,0.05272650375939849
2011-11-18,0.053090439276485796
2011-11-21,0.05281822451855331
2011-11-22,0.05308640525945057
2011-11-23,0.052044141817328006
2011-11-24,0.051812338728594885
2011-11-25,0.05072531081398076
2011-11-29,0.05213988304093567
2011-11-30,0.05301448259752394
2011-12-01,0.0529549276039234
2011-12-02,0.05322484240018678
2011-12-05,0.05360242650489968
2011-12-06,0.053061944834034605
2011-12-07,0.05318045815801777
2011-12-12,0.05145174106099556
2011-12-13,0.05092755316662772
2011-12-14,0.050663629992992294
2011-12-15,0.0511078431372549
2011-12-16,0.05130839160839161
2011-12-19,0.051280652680652676
2011-12-20,0.05117451071761417
2011-12-21,0.05105288909599255
2011-12-22,0.05079496738117428
2011-12-23,0.05055032618825722
2011-12-27,0.05067054443927408
2011-12-28,0.05016053978594695
2011-12-29,0.050254706019056475
2011-12-30,0.05087662639405204
2012-01-03,0.05076092007434944
2012-01-04,0.05005689735253135
2012-01-05,0.04960194850382742
2012-01-06,0.04912925642807505
2012-01-09,0.04947334260547056
2012-01-10,0.04954254579179226
2012-01-11,0.04913636363636364
2012-01-12,0.050218460111317254
2012-01-13,0.04954058441558441
2012-01-16,0.049482974287699794
2012-01-17,0.049693376563223715
2012-01-18,0.05037152777777777
2012-01-19,0.051128673918074526
2012-01-20,0.050837612768910474
2012-01-23,0.051325554528650646
2012-01-24,0.051397554222427325
2012-01-25,0.05159289995389581
2012-01-26,0.05224515682656826
2012-01-27,0.052450288350634366
2012-01-30,0.051997923875432527
2012-01-31,0.051600645607562834
2012-02-01,0.0523184125519151
2012-02-02,0.052439649203784904
2012-02-03,0.052588968382183236
2012-02-06,0.05263581813985691
2012-02-07,0.05345251267865376
2012-02-08,0.053599953938277295
2012-02-09,0.05304049700874367
2012-02-10,0.052413808975834295
2012-02-13,0.05264012885411873
2012-02-14,0.052123246723384684
2012-02-15,0.051830153987589056
2012-02-16,0.05217160578911096
2012-02-17,0.05258681672025723
2012-02-22,0.052619200734956365
2012-02-23,0.05315066605420303
2012-02-24,0.053895292766934555
2012-02-28,0.054079201101928376
2012-02-29,0.05367477622217122
2012-03-01,0.05375977910722503
2012-03-02,0.05338292964244522
2012-03-05,0.053292041522491354
2012-03-06,0.05266489852398524
2012-03-07,0.05283928983168089
2012-03-08,0.053487669970039176
2012-03-09,0.05322818328344462
2012-03-12,0.053516789328426864
2012-03-13,0.05337835975189525
2012-03-14,0.05282212531558411
2012-03-15,0.05340142463235294
2012-03-16,0.05373577981651376
2012-03-19,0.05412445564978225
2012-03-20,0.05414203894616266
2012-03-21,0.053546141515914816
2012-03-22,0.05328973889143381
2012-03-23,0.05393751430533303
2012-03-26,0.05421340347666972
2012-03-27,0.054310541962039785
2012-03-28,0.053985368084133525
2012-03-29,0.053639250628284216
2012-03-30,0.053682575930577764
2012-04-03,0.05409059790050206
2012-04-04,0.0533049225159526
2012-04-09,0.053100593065693424
2012-04-10,0.05276208941605839
2012-04-11,0.05273576309794989
2012-04-12,0.0533028441410694
2012-04-13,0.05286253982703687
2012-04-16,0.05307965407373691
2012-04-17,0.05308141914942006
2012-04-18,0.052922989550204455
2012-04-19,0.05285376930063579
2012-04-20,0.05301293690422152
2012-04-23,0.052478211529732186
2012-04-24,0.05292564044434369
2012-04-25,0.053329179882193024
2012-04-26,0.05327639329406435
2012-04-27,0.05335159610595427
2012-05-02,0.052718933574333486
2012-05-03,0.05247628726287263
2012-05-04,0.052011065943992775
2012-05-07,0.05206986702727067
2012-05-08,0.051619648490310956
2012-05-09,0.05130833333333333
2012-05-10,0.05137350754674476
2012-05-11,0.051150900900900895
2012-05-14,0.05060522169705155
2012-05-15,0.049709140027014855
2012-05-16,0.05000989431077131
2012-05-17,0.04996248034149629
2012-05-18,0.05025768109441579
2012-05-21,0.0508400895856663
2012-05-22,0.05037197851387646
2012-05-23,0.04927612441262027
2012-05-24,0.049242505592841164
2012-05-28,0.0493808672329012
2012-05-29,0.048971812080536914
2012-05-30,0.048139342428986806
2012-05-31,0.04803533885036905
2012-06-01,0.04797092373070901
2012-06-04,0.04849664729548502
2012-06-05,0.04853434433541481
2012-06-06,0.04935120106761565
2012-06-07,0.049742640499553965
2012-06-08,0.04914444939812751
2012-06-11,0.048918930957683744
2012-06-12,0.04866458797327394
2012-06-13,0.04938757791629563
2012-06-14,0.04938375973303671
2012-06-15,0.049630560498220636
2012-06-16,0.04982194751680764
2012-06-18,0.049169111111111115
2012-06-19,0.050055074394847875
2012-06-21,0.048651730257320315
2012-06-22,0.04876617907801419
2012-06-25,0.048320336730172796
2012-06-26,0.04823400487048926
2012-06-27,0.048221558211598056
2012-06-28,0.04821202741543224
2012-06-29,0.049599734923790585
2012-07-02,0.04925060773480663
2012-07-03,0.04942740331491712
2012-07-04,0.049103379721669976
2012-07-05,0.048347461368653415
2012-07-06,0.04779647188533627
2012-07-10,0.0482864698104892
2012-07-11,0.04834111429200616
2012-07-12,0.04806423229212494
2012-07-13,0.048194193974048824
2012-07-16,0.04845656476797889
2012-07-17,0.048579964850615116
2012-07-18,0.048469826640333544
2012-07-19,0.04827763157894738
2012-07-20,0.04758391761612621
2012-07-23,0.047395755852111136
2012-07-24,0.04714191996501202
2012-07-25,0.0476253829321663
2012-07-26,0.04839833843463052
2012-07-27,0.04867882096069869
2012-07-30,0.04856572052401746
2012-07-31,0.04859018538713195
2012-08-01,0.04862502725092653
2012-08-02,0.048018970780636716
2012-08-03,0.04907714098932229
2012-08-06,0.04927134146341464
2012-08-07,0.0493316648531012
2012-08-08,0.04916985645933015
2012-08-09,0.04897282608695653
2012-08-10,0.04901021517061509
2012-08-13,0.049113572204125946
2012-08-14,0.0492286148501954
2012-08-15,0.049262586805555564
2012-08-16,0.04982194751680764
2012-08-17,0.049475953206239175
2012-08-21,0.05039389346037245
2012-08-22,0.05000823223570191
2012-08-23,0.05044119558154646
2012-08-24,0.050364972972972974
2012-08-27,0.050382588031972354
2012-08-28,0.0507602073882048
2012-08-29,0.05054785050766905
2012-08-30,0.05024260738182603
2012-08-31,0.05060478654592497
2012-09-03,0.050620934740469525
2012-09-04,0.05048268444826845
2012-09-05,0.05085877042132416
2012-09-06,0.051395918367346936
2012-09-07,0.052124651362368594
2012-09-10,0.05206457841664879
2012-09-11,0.05281695278969957
2012-09-12,0.05275284273760996
2012-09-13,0.053099678456591644
2012-09-14,0.0538546349818026
2012-09-17,0.0534165596919127
2012-09-18,0.0524545648920248
2012-09-19,0.05242875453962828
2012-09-20,0.05196026490066225
2012-09-21,0.0523576611182245
2012-09-25,0.05191192151844743
2012-09-26,0.051504690831556496
2012-09-27,0.051535805626598465
2012-09-28,0.05119629550777091
2012-10-01,0.051464779740370295
2012-10-02,0.05167446808510638
2012-10-03,0.051508398894322766
2012-10-04,0.05220378240543986
2012-10-05,0.05235994903376513
2012-10-09,0.051514534266921284
2012-10-10,0.05173764581124072
2012-10-11,0.051912288135593225
2012-10-12,0.051846495871268265
2012-10-15,0.05195832451872223
2012-10-16,0.05259606848446417
2012-10-17,0.05302789518174133
2012-10-18,0.052768321013727554
2012-10-19,0.05237188687209793
2012-10-22,0.05243420497680304
2012-10-23,0.05205186590765338
2012-10-24,0.05186310025273799
2012-10-25,0.0518973063973064
2012-10-26,0.05186510942760943
2012-10-29,0.05154193819634224
2012-10-30,0.05186080201553643
2012-10-31,0.05168946705832984
2012-11-01,0.051354297693920345
2012-11-02,0.05083036275948836
2012-11-05,0.0506685534591195
2012-11-07,0.05026834381551363
2012-11-08,0.050085881860075405
2012-11-09,0.05014085391377146
2012-11-12,0.050093625914315563
2012-11-13,0.04995672172276813
2012-11-14,0.05010277835805306
2012-11-15,0.0499785148101794
2012-11-16,0.04980666666666667
2012-11-19,0.050496566077003126
2012-11-20,0.0505356771375078
2012-11-21,0.05035091362126246
2012-11-22,0.0506077130416753
2012-11-23,0.05122540473225405
2012-11-27,0.051097636815920396
2012-11-28,0.0513072463768116
2012-11-29,0.051469675015524734
2012-11-30,0.05149441918147995
2012-12-03,0.05165964477488642
2012-12-04,0.05185888178254589
2012-12-05,0.05190352504638219
2012-12-06,0.051413132976533556
2012-12-07,0.0513545136746864
2012-12-10,0.05119925971622455
2012-12-11,0.05147391125718981
2012-12-12,0.05187931034482758
2012-12-13,0.051718301189987693
2012-12-14,0.052206437064370635
2012-12-17,0.05215806715806716
2012-12-18,0.05252935160564532
2012-12-19,0.052602532679738565
2012-12-20,0.05252244897959183
2012-12-21,0.05236391437308868
2012-12-26,0.05276904276985743
2012-12-27,0.05268003256665988
2012-12-28,0.05261334961334962
2012-12-31,0.052607970719804796
2013-01-02,0.05227248730964467
2013-01-03,0.051935863608686836
2013-01-04,0.05142387332521315
2013-01-07,0.051261001825187585
2013-01-08,0.05109367396593673
2013-01-09,0.05101782820097245
2013-01-10,0.051733144361206726
2013-01-11,0.05217037636584378
2013-01-14,0.05224257725711978
2013-01-15,0.05216205293998787
2013-01-16,0.05199211802748585
2013-01-17,0.05232585858585858
2013-01-18,0.051970511007877196
2013-01-21,0.0520040338846309
2013-01-22,0.051932217066774256
2013-01-23,0.052000805801772756
2013-01-24,0.05228067700987306
2013-01-25,0.05259556898288016
2013-01-28,0.05241219070609536
2013-01-29,0.05259726688102894
2013-01-30,0.052958617918842904
2013-02-01,0.05323450351053159
2013-02-04,0.05266927553682521
2013-02-05,0.053009630818619584
2013-02-06,0.05329997994786445
2013-02-07,0.053059059059059055
2013-02-08,0.05293294635708566
2013-02-13,0.053020783373301364
2013-02-14,0.05258812949640289
2013-02-15,0.0525348233885452
2013-02-18,0.05262743926722421
2013-02-19,0.05278295499800875
2013-02-21,0.051797176377013324
2013-02-22,0.05165825049701789
2013-02-25,0.05176122367898292
2013-02-26,0.05103136165144898
2013-02-27,0.05111369047619047
2013-02-28,0.05098850574712644
2013-03-01,0.05079679144385026
2013-03-04,0.050670162247724575
2013-03-05,0.05092821831125172
2013-03-06,0.05090219324244221
2013-03-07,0.05146652182500494
2013-03-08,0.051046396841066134
2013-03-11,0.05098502463054187
2013-03-12,0.05082768806616778
2013-03-13,0.050629527559055115
2013-03-14,0.05094355948869223
2013-03-15,0.051093872741555385
2013-03-18,0.050557692307692303
2013-03-19,0.050255102040816325
2013-03-20,0.05039313052011777
2013-03-21,0.05005388986870469
2013-03-22,0.050275733855185904
2013-03-25,0.04988878029710712
2013-03-26,0.049928906249999995
2013-03-27,0.049557789925810225
2013-04-03,0.0497009746588694
2013-04-04,0.050260031164783794
2013-04-05,0.050470588235294114
2013-04-08,0.050591077342684594
2013-04-09,0.05091025890597625
2013-04-10,0.05041031128404669
2013-04-11,0.0506809255298464
2013-04-12,0.05051757622839386
2013-04-15,0.050544642857142864
2013-04-16,0.050995732298739084
2013-04-17,0.05041369278510474
2013-04-18,0.05053343671254119
2013-04-19,0.05060786212238575
2013-04-22,0.05035571898587188
2013-04-23,0.05016047950502707
2013-04-24,0.050206376811594206
2013-04-25,0.05049642373864296
2013-04-26,0.050641367323290845
2013-04-29,0.05098011583011584
2013-04-30,0.05100269905533063
2013-05-02,0.05100866551126517
2013-05-03,0.0510707828428544
2013-05-06,0.050914746543778804
2013-05-07,0.05055604606525912
2013-05-08,0.05087476026083621
2013-05-09,0.05081076422141352
2013-05-10,0.0503296997513865
2013-05-13,0.05012841582266387
2013-05-14,0.05000305635148042
2013-05-15,0.04942174660806421
2013-05-16,0.04960978406267916
2013-05-17,0.04928877005347594
2013-05-20,0.0491954242135367
2013-05-21,0.04955544969512195
2013-05-22,0.04915528068506185
2013-05-23,0.04946551396541896
2013-05-24,0.04980725408279529
2013-05-27,0.049866603415559776
2013-05-28,0.04962656546489564
2013-05-29,0.049954321455648217
2013-05-30,0.05073162878787879
2013-05-31,0.05041483724451174
2013-06-03,0.050916587857007756
2013-06-04,0.050580071847230096
2013-06-05,0.050761670761670756
2013-06-06,0.051553103188077716
2013-06-07,0.05173698113207548
2013-06-10,0.05155570216776626
2013-06-11,0.0518497175141243
2013-06-12,0.052078977059044754
2013-06-13,0.05196808710343533
2013-06-14,0.051758161350844274
2013-06-17,0.05208600337268128
2013-06-18,0.0522570679648006
2013-06-19,0.05211609646662927
2013-06-24,0.05082879522566207
2013-06-25,0.05068481909735174
2013-06-26,0.05021080074487895
2013-06-27,0.049925423098382
2013-06-28,0.050074424647364515
2013-07-01,0.05018441558441559
2013-07-02,0.049828142380422685
2013-07-03,0.04987736198592071
2013-07-04,0.04992393114936147
2013-07-05,0.04939174685418209
2013-07-08,0.049485392011834314
2013-07-10,0.0495847034915943
2013-07-11,0.05030060896844437
2013-07-12,0.05029395503133063
2013-07-15,0.05022453490513906
2013-07-16,0.05072014719411224
2013-07-17,0.05069705882352941
2013-07-18,0.05056330275229357
2013-07-19,0.05059703405346028
2013-07-22,0.050883354696941954
2013-07-23,0.05095093372391066
2013-07-24,0.05099341142020497
2013-07-25,0.05109032846715328
2013-07-26,0.05128991060025542
2013-07-29,0.0512926296633303
2013-07-30,0.05133630249045628
2013-07-31,0.05131444141689374
2013-08-01,0.05083233532934132
2013-08-02,0.05141178603807797
2013-08-05,0.05116138380728129
2013-08-06,0.051253075253256154
2013-08-07,0.05145678119349005
2013-08-08,0.05181480144404332
2013-08-09,0.051647239263803685
2013-08-12,0.051522154178674354
2013-08-13,0.05125710176195613
2013-08-14,0.05139547413793103
2013-08-15,0.051692059508872554
2013-08-16,0.051676623144339115
2013-08-20,0.05204128686327078
2013-08-21,0.05192646796359093
2013-08-22,0.0519682935518347
2013-08-23,0.05217407539118066
2013-08-26,0.052088955965909095
2013-08-27,0.05206007442849549
2013-08-28,0.05186849557522124
2013-08-29,0.051490902667373266
2013-08-30,0.051324224259520455
2013-09-03,0.051055536028119505
2013-09-04,0.05131497720098212
2013-09-05,0.05093805930865064
2013-09-06,0.051028240659533416
2013-09-09,0.05137289621318373
2013-09-10,0.051411239495798323
2013-09-11,0.05171840587309911
2013-09-12,0.05150681818181819
2013-09-13,0.05164331877729258
2013-09-16,0.05184333565945568
2013-09-17,0.05192755137582723
2013-09-18,0.05208694140149538
2013-09-19,0.05247968044459882
2013-09-20,0.052460336747092516
2013-09-23,0.0519814590192341
2013-09-24,0.05206567319355398
2013-09-25,0.052342401663489864
2013-09-26,0.052602005532503465
2013-09-27,0.05257823834196891
2013-09-30,0.052657862938028654
2013-10-01,0.05276103448275862
2013-10-02,0.05306307082543512
2013-10-03,0.05330626290433585
2013-10-04,0.05299139858936866
2013-10-07,0.05318811200824601
2013-10-08,0.053206973548608726
2013-10-09,0.05277571698437231
2013-10-10,0.0529914221993481
2013-10-11,0.05304200960219479
2013-10-15,0.05270863309352518
2013-10-16,0.05274901557952406
2013-10-17,0.05324337720047855
2013-10-18,0.05299897505978817
2013-10-21,0.05301211190719891
2013-10-22,0.05350520211495821
2013-10-23,0.05336613233287859
2013-10-24,0.05369557069846678
2013-10-25,0.05368399592252803
2013-10-28,0.053628479293957906
2013-10-29,0.05334899898201561
2013-10-30,0.05341103775181987
2013-10-31,0.05276623815967524
2013-11-01,0.05215916371606812
2013-11-04,0.05230540131246845
2013-11-05,0.05212057094878253
2013-11-07,0.04968455585464334
2013-11-08,0.04956120053655264
2013-11-11,0.049603214465092915
2013-11-12,0.04973912315930388
2013-11-13,0.04966923205621549
2013-11-14,0.04968442143930539
2013-11-15,0.04964503753127606
2013-11-18,0.04975416389073951
2013-11-19,0.04947905282331512
2013-11-20,0.04929457492557062
2013-11-21,0.04938521208120152
2013-11-22,0.04959585662610984
2013-11-26,0.04957949138638228
2013-11-27,0.04965073649754501
2013-11-28,0.04968723473718576
2013-11-29,0.04963393584106823
2013-12-02,0.04937658330626827
2013-12-03,0.04956772940605276
2013-12-04,0.04949693449499838
2013-12-05,0.049815933183424345
2013-12-06,0.04987776353732778
2013-12-09,0.04996127380380861
2013-12-10,0.05022078544061302
2013-12-11,0.05029042536243428
2013-12-12,0.050023089171974525
2013-12-13,0.04985768802671331
2013-12-16,0.049891053048297704
2013-12-17,0.04967214150347442
2013-12-18,0.04974709940420194
2013-12-19,0.04945286853212443
2013-12-20,0.04956802615193026
2013-12-23,0.049837732919254654
2013-12-26,0.04970276533292137
2013-12-27,0.05018964720382067
2013-12-30,0.0503573071614783
2013-12-31,0.05037264223278638
2014-01-02,0.049692589763178
2014-01-03,0.049358352402746
2014-01-06,0.0496166793025019
2014-01-07,0.049637920581994545
2014-01-08,0.049408327024981075
2014-01-09,0.049543465137337754
2014-01-10,0.049906362545018006
2014-01-13,0.049882748319641526
2014-01-14,0.049888226527570786
2014-01-15,0.04952775721687639
2014-01-16,0.04946693238854444
2014-01-17,0.04926467559217302
2014-01-20,0.04920893772893773
2014-01-21,0.04914030501089325
2014-01-22,0.04931260504201681
2014-01-23,0.049743354838709675
2014-01-24,0.049819875
2014-01-27,0.04967777777777778
2014-01-28,0.049739825218476905
2014-01-29,0.049614740787008116
2014-01-30,0.049103431066749845
2014-01-31,0.04904506866416979
2014-02-03,0.04906483447845096
2014-02-04,0.04906669997501874
2014-02-05,0.04914772151898734
2014-02-06,0.04939860406091371
2014-02-07,0.04947436224489796
2014-02-10,0.049542966751918154
2014-02-11,0.0496235595390525
2014-02-12,0.04936105060858424
2014-02-13,0.049696868583162225
2014-02-14,0.04993763690246102
2014-02-17,0.05002654639175258
2014-02-18,0.0503241086368902
2014-02-19,0.05023428865184424
2014-02-20,0.050042476970317294
2014-02-21,0.05015653282345443
2014-02-24,0.05023488224061107
2014-02-25,0.05032583555724997
2014-02-26,0.04999847735059002
2014-02-27,0.050152977021708775
2014-02-28,0.05051854203708408
2014-03-05,0.0502255076142132
2014-03-06,0.05068301359420658
2014-03-07,0.05074189034473986
2014-03-10,0.05072204554127974
2014-03-11,0.05067776365946633
2014-03-12,0.05082772629173543
2014-03-13,0.050654962606160474
2014-03-14,0.05081430379746835
2014-03-17,0.05083939393939394
2014-03-18,0.05077941176470588
2014-03-19,0.050537658745127625
2014-03-20,0.05017087256748274
2014-03-21,0.0502535741158766
2014-03-25,0.05046858213616489
2014-03-26,0.0502580927384077
2014-03-27,0.05015425
2014-03-28,0.050134074721979255
2014-03-31,0.05018095476130967
2014-04-01,0.05021294676330917
2014-04-03,0.04997825
2014-04-04,0.049936375
2014-04-07,0.05013310836145482
2014-04-08,0.05031496062992126
2014-04-09,0.050424875
2014-04-10,0.050591125
2014-04-11,0.050591125
2014-04-14,0.05032920884889389
2014-04-15,0.05031325
2014-04-16,0.0503275840519935
2014-04-21,0.05021875
2014-04-22,0.050256342957130364
2014-04-23,0.05032175
2014-04-24,0.050394575678040246
2014-04-25,0.050444375
2014-04-28,0.05050193725784277
2014-04-29,0.05032179455136215
2014-04-30,0.05051037240689827
2014-05-05,0.05058430196225472
2014-05-06,0.050792375
2014-05-07,0.05073128358955131
2014-05-08,0.0505509872531867
2014-05-09,0.050224734540911926
2014-05-12,0.050198726750717765
2014-05-13,0.04995249968831816
2014-05-14,0.04989074166251867
2014-05-15,0.04995008691333499
2014-05-16,0.049903898683883785
2014-05-19,0.049908650862603945
2014-05-20,0.049832506203473945
2014-05-21,0.0497478293227487
2014-05-22,0.049696390921493236
2014-05-23,0.049717633928571425
2014-05-26,0.04976506322836598
2014-05-27,0.049665468962953783
2014-05-28,0.04944228387416399
2014-05-29,0.04952557275541796
2014-05-30,0.049649504950495055
2014-06-02,0.04945887445887445
2014-06-03,0.049619394688079056
2014-06-04,0.04954959289415248
2014-06-05,0.04968081180811808
2014-06-06,0.04967515375153751
2014-06-09,0.04948782287822878
2014-06-10,0.049324231242312416
2014-06-11,0.04931037027924714
2014-06-12,0.04945823594538074
2014-06-13,0.04932226322263222
2014-06-16,0.04946057325624308
2014-06-17,0.04934715217123878
2014-06-18,0.049467773677736776
2014-06-19,0.049583517835178344
2014-06-23,0.049538007380073794
2014-06-24,0.0496140221402214
2014-06-25,0.0497126168224299
2014-06-26,0.04956874077717659
2014-06-27,0.04970105755041811
2014-06-30,0.049885282183696054
2014-07-01,0.04986133988936693
2014-07-02,0.04975890882280659
2014-07-03,0.04961477021381175
2014-07-04,0.04953096583927255
2014-07-07,0.04957395577395577
2014-07-08,0.04958713005034999
2014-07-10,0.04956825435796709
2014-07-11,0.04958275058275058
2014-07-14,0.049623067484662574
2014-07-15,0.0494522699386503
2014-07-16,0.04926686288937945
2014-07-17,0.04929095144678764
2014-07-18,0.049305759803921566
2014-07-21,0.04920416666666666
2014-07-22,0.049000857212833704
2014-07-23,0.049026808666911496
2014-07-24,0.049013088685015284
2014-07-25,0.048892638786989476
2014-07-28,0.048891373411534704
2014-07-29,0.04875769042968749
2014-07-30,0.048549567125960244
2014-07-31,0.04838658224765616
2014-08-01,0.04851420592520641
2014-08-04,0.048527481840193704
2014-08-05,0.0480680938558297
2014-08-06,0.0481240778812432
2014-08-07,0.048072076430039905
2014-08-08,0.048123926973763755
2014-08-11,0.04807811366384523
2014-08-12,0.04798005319148936
2014-08-13,0.04794850719207059
2014-08-14,0.04803817808384681
2014-08-15,0.04796208187416979
2014-08-19,0.04767463190924451
2014-08-20,0.047593175537666704
2014-08-21,0.04776759976176296
2014-08-22,0.04749756097560976
2014-08-25,0.047402855443188584
2014-08-26,0.04747299547941946
2014-08-27,0.04767670515414832
2014-08-28,0.04734872099940512
2014-08-29,0.04737424116176646
2014-09-01,0.04731557035803497
2014-09-02,0.04735631910593271
2014-09-03,0.04744418024016169
2014-09-04,0.046885013688846566
2014-09-05,0.04693357100415925
2014-09-08,0.04675300559457208
2014-09-09,0.046607499999999996
2014-09-10,0.04673880952380952
2014-09-11,0.046840852279490544
2014-09-12,0.046963104022851705
2014-09-15,0.04696227088788384
2014-09-16,0.047133404736403664
2014-09-17,0.046902815730070095
2014-09-18,0.04690436022335749
2014-09-19,0.04661659938256946
2014-09-22,0.0466437640916103
2014-09-23,0.04669619952494061
2014-09-24,0.0464416864608076
2014-09-25,0.046335944919278255
2014-09-26,0.0460585868150077
2014-09-29,0.0460782670286861
2014-09-30,0.04590865954922895
2014-10-01,0.045893609467455625
2014-10-02,0.04612291296625222
2014-10-03,0.04554579881656805
2014-10-06,0.04585499704316972
2014-10-07,0.04605795387344766
2014-10-08,0.04616290608387478
2014-10-09,0.0461866587957497
2014-10-10,0.04587195842192299
2014-10-14,0.045926354301900146
2014-10-15,0.046415083205476215
2014-10-16,0.04657009676658013
2014-10-17,0.046465195847097684
2014-10-20,0.046397855796418475
2014-10-21,0.04615103675777569
2014-10-22,0.04567546236305807
2014-10-23,0.04567169277889033
2014-10-24,0.04579969382948657
2014-10-27,0.04582529411764706
2014-10-28,0.04585262291225593
2014-10-29,0.04573367839077756
2014-10-30,0.045479294117647055
2014-10-31,0.04505294117647059
2014-11-03,0.044901386929948287
2014-11-04,0.04519346497414199
2014-11-05,0.04495286788904561
2014-11-07,0.04485851938895417
2014-11-10,0.045014220237395694
2014-11-11,0.045146533490011756
2014-11-12,0.045022091656874264
2014-11-13,0.04508566392479436
2014-11-14,0.04521290095170956
2014-11-17,0.044994360902255635
2014-11-18,0.045291940789473684
2014-11-19,0.045270378200610764
2014-11-20,0.045312074230678887
2014-11-21,0.04476961014560826
2014-11-25,0.04519406312331339
2014-11-26,0.04533192537838789
2014-11-27,0.04517041989209477
2014-11-28,0.04500222900046927
2014-12-01,0.045280590717299576
2014-12-02,0.04484871194379392
2014-12-03,0.04455876843830485
2014-12-04,0.04483483448356533
2014-12-05,0.04451373144793736
2014-12-09,0.0448738306828812
2014-12-10,0.044997427201496895
2014-12-11,0.0448519298245614
2014-12-12,0.04516676412115542
2014-12-15,0.045103964448602506
2014-12-16,0.045339141620863055
2014-12-17,0.04497310256110396
2014-12-18,0.0444953216374269
2014-12-19,0.044300666588703075
2014-12-22,0.044421169590643274
2014-12-23,0.04388140350877193
2014-12-24,0.04386963638489419
2014-12-29,0.04390388213283443
2014-12-30,0.0438468015436791
2014-12-31,0.04364811133200795
2015-01-02,0.04336855639976622
2015-01-05,0.04305244714402523
2015-01-06,0.04310755949603361
2015-01-07,0.04247909143855561
2015-01-08,0.04235998603351955
2015-01-09,0.04204597834943546
2015-01-12,0.0416821091840298
2015-01-13,0.042014313976492496
2015-01-14,0.042024781849912735
2015-01-15,0.04153088286611609
2015-01-16,0.041363213579816295
2015-01-19,0.04153910517141197
2015-01-20,0.041335268842178606
2015-01-21,0.041358170844939646
2015-01-22,0.04087658044310405
2015-01-23,0.04056626086956521
2015-01-26,0.040654840579710146
2015-01-27,0.04071630548151582
2015-01-28,0.040889236473178076
2015-01-29,0.040703381978225615
2015-01-30,0.040691809347524296
2015-02-02,0.04080834103512015
2015-02-03,0.04133679713658931
2015-02-04,0.041145958429561195
2015-02-05,0.04129549653579677
2015-02-06,0.040858297724910494
2015-02-09,0.04087641357027464
2015-02-10,0.040893104243542436
2015-02-11,0.04089098870707536
2015-02-12,0.04118258265176823
2015-02-13,0.041315486470926886
2015-02-18,0.04154683544303797
2015-02-19,0.041529607910773834
2015-02-20,0.041431000804320356
2015-02-23,0.04132330654420206
2015-02-24,0.04127403074099564
2015-02-25,0.04144645723457922
2015-02-26,0.040635592248595344
2015-02-27,0.04072404308961723
2015-03-02,0.04065704797893049
2015-03-03,0.04078189724224739
2015-03-04,0.04029014181152791
2015-03-05,0.040316114285714286
2015-03-06,0.03969981730988811
2015-03-09,0.039814354176175265
2015-03-10,0.039289509692132275
2015-03-11,0.03860897801070981
2015-03-12,0.03884100227790433
2015-03-13,0.03842684731868382
2015-03-16,0.03886621883183423
2015-03-17,0.03889086149994309
2015-03-18,0.039233420543737914
2015-03-19,0.038721514669092565
2015-03-20,0.039491192180929655
2015-03-25,0.040077718441086235
2015-03-26,0.03953736089030207
2015-03-27,0.03966424517593643
2015-03-30,0.03934528130671506
2015-03-31,0.03894763092269327
2015-04-01,0.03906559419961482
2015-04-06,0.04006567772619183
2015-04-07,0.03956009506564056
2015-04-08,0.03938694717792105
2015-04-09,0.03883176936122103
2015-04-10,0.0387316384180791
2015-04-13,0.03864137308039747
2015-04-14,0.039
2015-04-15,0.03889690954207083
2015-04-16,0.03929562373110761
2015-04-17,0.03929322205932107
2015-04-20,0.03910145417653026
2015-04-21,0.03916970926301555
2015-04-22,0.039162743552201826
2015-04-23,0.039506921778278
2015-04-24,0.039534308211473565
2015-04-27,0.03957762788083193
2015-04-28,0.040039676295380466
2015-04-29,0.04053684565266232
2015-04-30,0.040793869989895586
2015-05-04,0.04075516157989227
2015-05-05,0.040854883929572726
2015-05-06,0.041383210042591344
2015-05-07,0.04110354101299866
2015-05-08,0.040885528673835124
2015-05-11,0.04072853464681518
2015-05-12,0.04091573410922113
2015-05-13,0.041354809843400446
2015-05-14,0.04142710196779964
2015-05-15,0.04177366715100034
2015-05-18,0.041279682787892326
2015-05-19,0.04068050904219692
2015-05-20,0.040642936844454365
2015-05-21,0.040605820695807315
2015-05-22,0.04014825548991194
2015-05-26,0.0396455780797505
2015-05-27,0.039710119113881774
2015-05-28,0.03983507678611173
2015-05-29,0.04007851423487544
2015-06-01,0.039808470431302805
2015-06-02,0.04069803355182758
2015-06-03,0.040937493060952596
2015-06-04,0.04093951165371809
2015-06-05,0.040541601952518304
2015-06-08,0.04109514304723885
2015-06-09,0.041155159038013964
2015-06-10,0.04147945508915716
2015-06-11,0.0411541186891054
2015-06-12,0.04130596436870643
2015-06-15,0.04130184714080301
2015-06-16,0.041214727996461746
2015-06-17,0.04144287292817679
2015-06-18,0.041752761820592135
2015-06-19,0.04168164752650177
2015-06-22,0.0417075377993599
2015-06-23,0.04104842801985659
2015-06-24,0.041137391112581315
2015-06-25,0.041170946765127295
2015-06-26,0.040954395241242565
2015-06-29,0.041214466585929754
2015-06-30,0.04088061179577465
2015-07-01,0.04055724183437809
2015-07-02,0.0406901176211938
2015-07-03,0.04093244727592268
2015-07-06,0.04071980676328502
2015-07-07,0.04043339916611806
2015-07-08,0.04070552752796666
2015-07-10,0.04112165716790881
2015-07-13,0.040599255039439085
2015-07-14,0.04068068331143233
2015-07-15,0.040448506074203784
2015-07-16,0.04018770509735288
2015-07-17,0.04010233982068664
2015-07-20,0.040008195825592834
2015-07-21,0.040381498470948005
2015-07-22,0.040321143979914854
2015-07-23,0.04070005455537371
2015-07-24,0.04061889179755672
2015-07-27,0.041068570805625204
2015-07-28,0.040904772281542816
2015-07-29,0.04084763668046177
2015-07-30,0.04037748993142484
2015-07-31,0.04066115342763874
2015-08-03,0.0404915715062534
2015-08-04,0.04033804347826087
2015-08-05,0.04032906029331885
2015-08-06,0.04043642089260507
2015-08-07,0.04057043629259822
2015-08-10,0.04078286334056399
2015-08-11,0.04081554134604964
2015-08-12,0.04133170837395732
2015-08-13,0.04122009310382158
2015-08-14,0.04114123376623376
2015-08-18,0.040806381828015145
2015-08-19,0.04116106366879256
2015-08-20,0.041426364127498644
2015-08-21,0.04201544276457883
2015-08-24,0.04281558217330312
2015-08-25,0.04230047454702329
2015-08-26,0.04188781118655027
2015-08-27,0.04156710469625161
2015-08-28,0.04143896663078579
2015-08-31,0.041523450946643725
2015-09-01,0.04182652622527945
2015-09-02,0.041577658431793764
2015-09-03,0.041194697864119355
2015-09-04,0.0413269684617035
2015-09-07,0.041297537473233406
2015-09-08,0.041295062653957375
2015-09-09,0.041260916095890415
2015-09-10,0.04169529411764706
2015-09-11,0.041870750481077613
2015-09-14,0.041816647077679236
2015-09-15,0.04159305926321409
2015-09-16,0.04171305090171806
2015-09-17,0.04182542390956596
2015-09-18,0.041966744830526544
2015-09-21,0.041379567486950035
2015-09-22,0.041067724416994994
2015-09-23,0.04120312832517557
2015-09-24,0.041213951509995746
2015-09-25,0.04104751780588923
2015-09-28,0.04123453772582359
2015-09-29,0.04135514018691589
2015-09-30,0.04108299724050095
2015-10-01,0.04123966065747614
2015-10-02,0.041360775588048314
2015-10-05,0.04121717492587886
2015-10-06,0.041553274785736956
2015-10-07,0.04146933164128595
2015-10-08,0.04161173361522199
2015-10-09,0.041940517696777604
2015-10-13,0.04193118007177538
2015-10-14,0.04224274712522419
2015-10-15,0.04202435681147195
2015-10-16,0.04205532139093783
2015-10-19,0.04182469993682881
2015-10-20,0.041906355218855225
2015-10-21,0.04188529071601304
2015-10-22,0.04107252470044146
2015-10-23,0.04057531512605042
2015-10-26,0.040778209299884544
2015-10-27,0.04073135424315536
2015-10-28,0.04059614174879429
2015-10-29,0.040465835254663594
2015-10-30,0.04066530483972345
2015-11-02,0.04067388801674516
2015-11-03,0.04048337167956495
2015-11-04,0.040121500208942756
2015-11-05,0.04014968684759916
2015-11-09,0.0397978512569104
2015-11-10,0.03955710712796998
2015-11-11,0.039698427574716234
2015-11-12,0.03987561102444098
2015-11-13,0.039675914380714876
2015-11-16,0.039553710430721326
2015-11-17,0.03938664177556524
2015-11-18,0.039375310945273634
2015-11-19,0.039682820751786266
2015-11-20,0.039367707902358294
2015-11-23,0.03929538875103391
2015-11-24,0.03940500310109572
2015-11-25,0.03929923537921058
2015-11-26,0.03926730729489564
2015-11-30,0.039063274153592065
2015-12-01,0.039288822437616
2015-12-02,0.039163147595014935
2015-12-03,0.04026769547325103
2015-12-04,0.040217163412127444
2015-12-09,0.04070686113393591
2015-12-10,0.040516152189519025
2015-12-11,0.040699580476823906
2015-12-14,0.040744124259145725
2015-12-15,0.04042198653885377
2015-12-16,0.04043181355587217
2015-12-17,0.040014701492537316
2015-12-18,0.04008498113207547
2015-12-21,0.0403649300155521
2015-12-22,0.0405902157164869
2015-12-23,0.0402673579109063
2015-12-24,0.04052668195718655
2015-12-28,0.040624
2015-12-29,0.04044819871943223
2015-12-30,0.04038639864448552
2015-12-31,0.0401944018404908
2016-01-04,0.04003924242424243
2016-01-05,0.03976534798534798
2016-01-06,0.03979985601151907
2016-01-07,0.04021863309352518
2016-01-08,0.04031008645533141
2016-01-11,0.04026608058608058
2016-01-12,0.04010361623616236
2016-01-13,0.04015435745937962
2016-01-14,0.04020098113207547
2016-01-15,0.040545746268656715
2016-01-18,0.0402952802359882
2016-01-19,0.040421221146686524
2016-01-20,0.04039422222222222
2016-01-21,0.040090441176470586
2016-01-22,0.040018281136198104
2016-01-25,0.04008095582910934
2016-01-26,0.040121949458483755
2016-01-27,0.04023659942363112
2016-01-28,0.0405114161849711
2016-01-29,0.04011876790830945
2016-02-01,0.04031252653927813
2016-02-02,0.04036568800848957
2016-02-03,0.04096179378531073
2016-02-04,0.04142916373858046
2016-02-05,0.041141424691873825
2016-02-10,0.041529448275862066
2016-02-11,0.041921516393442625
2016-02-12,0.04158594704684318
2016-02-15,0.04126824324324324
2016-02-16,0.041211618816552095
2016-02-17,0.04123288859239493
2016-02-18,0.04113532536520584
2016-02-19,0.04118532536520584
2016-02-22,0.040744459016393446
2016-02-23,0.04077352941176471
2016-02-24,0.04076560260586319
2016-02-25,0.04080051981806368
2016-02-26,0.04040484809308339
2016-02-29,0.040179177215189876
2016-03-01,0.040164683544303796
2016-03-02,0.04011647509578544
2016-03-03,0.040459934210526315
2016-03-04,0.04065868421052632
2016-03-07,0.04074417396949043
2016-03-08,0.04073486957084601
2016-03-09,0.04076922576447626
2016-03-10,0.04136558018252934
2016-03-11,0.041234545454545454
2016-03-14,0.0409927027027027
2016-03-15,0.04109986225895317
2016-03-16,0.04119753593429158
2016-03-17,0.0418579933110368
2016-03-18,0.0417109756097561
2016-03-21,0.041615894955079474
2016-03-22,0.04151619179986101
2016-03-23,0.041347103448275864
2016-03-28,0.04136675657451113
2016-03-29,0.04167621326042378
2016-03-30,0.04183328767123288
2016-03-31,0.04208755102040816
2016-04-01,0.04213597025016904
2016-04-04,0.04216435845213849
2016-04-05,0.04212125340599455
2016-04-06,0.04217486301369863
2016-04-07,0.04210048375950242
2016-04-08,0.0421853591160221
2016-04-11,0.0421991046831956
2016-04-12,0.04209283984780353
2016-04-13,0.04173713094824592
2016-04-14,0.041700558269364967
2016-04-15,0.04175886120996441
2016-04-18,0.041882743988684586
2016-04-19,0.04210810429880198
2016-04-20,0.04186464435146443
2016-04-21,0.04177722494744219
2016-04-22,0.041490349650349645
2016-04-25,0.04170837404047453
2016-04-26,0.04174751921733054
2016-04-27,0.04172818886539817
2016-04-28,0.04196265734265734
2016-04-29,0.04230926315789473
2016-05-02,0.042605778717406624
2016-05-03,0.04262753521126761
2016-05-04,0.04250709269662921
2016-05-05,0.0421683286516854
2016-05-06,0.04222617874736101
2016-05-09,0.04211113452757288
2016-05-10,0.04208718561191513
2016-05-11,0.04229669247009148
2016-05-12,0.04209731827805222
2016-05-13,0.041831378091872796
2016-05-16,0.04188498266959043
2016-05-17,0.04187920792079208
2016-05-18,0.041659709939865584
2016-05-19,0.04145645390070922
2016-05-20,0.04151428571428571
2016-05-23,0.04151136526090064
2016-05-24,0.04124014234875445
2016-05-26,0.04137634869596284
2016-05-27,0.04114547413793103
2016-05-30,0.04120822015725518
2016-05-31,0.04119805589307412
2016-06-01,0.041363655913978496
2016-06-02,0.041287697841726624
2016-06-03,0.04197184318821745
2016-06-06,0.04207429193899782
2016-06-07,0.04205476878612717
2016-06-08,0.04219352517985611
2016-06-09,0.04191114327062228
2016-06-10,0.041667898550724634
2016-06-13,0.041781884057971015
2016-06-14,0.04144610909090909
2016-06-15,0.041691305929428886
2016-06-16,0.04143534482758621
2016-06-21,0.041610307802433785
2016-06-22,0.041715351812366734
2016-06-23,0.041952456747404845
2016-06-24,0.041113328868050907
2016-06-27,0.04053261437908496
2016-06-28,0.040636375838926174
2016-06-29,0.04098965287049399
2016-06-30,0.04084135638297872
2016-07-01,0.04103066666666667
2016-07-04,0.04119515272244356
2016-07-05,0.04095135135135135
2016-07-06,0.04102225246682545
2016-07-07,0.04088638370118846
2016-07-11,0.0408745218579235
2016-07-12,0.040958447802197796
2016-07-13,0.04110487302676733
2016-07-14,0.04113921302578019
2016-07-15,0.04094013377926422
2016-07-18,0.04098277227722772
2016-07-19,0.04075346666666667
2016-07-20,0.04072043795620438
2016-07-21,0.040737
2016-07-22,0.04057914151576123
2016-07-25,0.0406810033444816
2016-07-26,0.040663946488294314
2016-07-27,0.040591
2016-07-28,0.04096143617021277
2016-07-29,0.04130266489007328
2016-08-01,0.04131975887474883
2016-08-02,0.04153515151515152
2016-08-03,0.04123967720242098
2016-08-04,0.04118612794612795
2016-08-05,0.04105395537525355
2016-08-08,0.041003749147920925
2016-08-09,0.04110575490859851
2016-08-10,0.04135132924335379
2016-08-11,0.04122537517053206
2016-08-12,0.04132283571915474
2016-08-16,0.041742126789366056
2016-08-17,0.041624154262516914
2016-08-18,0.0419739625167336
2016-08-19,0.041897439335031504
2016-08-22,0.04187920324105334
2016-08-23,0.04185101078167116
2016-08-24,0.041681426648721404
2016-08-25,0.04175137676292814
2016-08-26,0.041479133333333335
2016-08-29,0.04140271523178808
2016-08-30,0.04120259826782145
2016-08-31,0.04126175485599464
2016-09-01,0.04142241610738255
2016-09-02,0.041285323549032686
2016-09-05,0.041271970705725705
2016-09-06,0.04166404793608522
2016-09-07,0.04158352159468439
2016-09-08,0.04164047777040478
2016-09-09,0.0414977303070761
2016-09-12,0.041641003344481606
2016-09-13,0.04154373333333334
2016-09-14,0.0416166999334664
2016-09-15,0.04162972793629728
2016-09-16,0.04129656311962987
2016-09-19,0.04134745874587459
2016-09-20,0.04130198150594452
2016-09-21,0.04129927344782034
2016-09-22,0.041503231337378
2016-09-23,0.041587828036397205
2016-09-26,0.0416757217847769
2016-09-27,0.04151996073298429
2016-09-28,0.04149291747888239
2016-09-29,0.041461918699186986
2016-09-30,0.041565708687132594
2016-10-03,0.04151872326423166
2016-10-04,0.04145332893869479
2016-10-05,0.041506714944042136
2016-10-06,0.041283957922419456
2016-10-07,0.04134283832729667
2016-10-11,0.04090613052076467
2016-10-12,0.04080384870603848
2016-10-13,0.04089307427967222
2016-10-14,0.040673542009884676
2016-10-17,0.04070502697723385
2016-10-18,0.04063986059968438
2016-10-19,0.04057321487331359
2016-10-20,0.04046420323325635
2016-10-21,0.040200991080277505
2016-10-24,0.04023332893173115
2016-10-25,0.040315233092580435
2016-10-26,0.04035968431437027
2016-10-27,0.04031850533807829
2016-10-28,0.040658327847267944
2016-10-31,0.04057947194719472
2016-11-01,0.040912703150912104
2016-11-02,0.04109225678358703
2016-11-03,0.041127748344370864
2016-11-04,0.04113313413014608
2016-11-07,0.04086053156146179
2016-11-08,0.040792163429336906
2016-11-09,0.04048827077747989
2016-11-10,0.04029288090485695
2016-11-11,0.04017950553025374
2016-11-14,0.03974402555910543
2016-11-15,0.03967548387096774
2016-11-16,0.03956793548387097
2016-11-17,0.03933242894056847
2016-11-18,0.03916302521008403
2016-11-21,0.03924029899252519
2016-11-22,0.03929734627831716
2016-11-23,0.039050321750321755
2016-11-24,0.039050321750321755
2016-11-25,0.039184946928272756
2016-11-29,0.039288853503184715
2016-11-30,0.03917985883539198
2016-12-01,0.03929198232323232
2016-12-02,0.03945470514429109
2016-12-05,0.039816079642114546
2016-12-06,0.0396212311557789
2016-12-07,0.039764602876798
2016-12-12,0.039369307548346846
2016-12-13,0.03931592133283227
2016-12-14,0.039441515341264874
2016-12-15,0.03853239348370927
2016-12-16,0.038683962264150946
2016-12-19,0.0386592803030303
2016-12-20,0.03847263556116016
2016-12-21,0.038595883470550985
2016-12-22,0.038642848061029876
2016-12-23,0.03866632251403497
2016-12-26,0.03867619047619048
2016-12-27,0.03869221864951768
2016-12-28,0.03839511111111111
2016-12-29,0.03875966850828729
2016-12-30,0.03900918816865953
2017-01-02,0.0387337311557789
2017-01-03,0.038589902790843525
2017-01-04,0.03874664179104478
2017-01-05,0.03924141604010025
2017-01-06,0.039041429475015814
2017-01-09,0.039123197985520934
2017-01-10,0.039080820189274446
2017-01-11,0.03906511041009464
2017-01-12,0.039415053763440865
2017-01-13,0.039373935532706746
2017-01-16,0.039242443324937024
2017-01-17,0.03959846627695015
2017-01-18,0.039534272300469485
2017-01-19,0.03933893081761006
2017-01-20,0.03951165567075087
2017-01-23,0.039694855708908405
2017-01-24,0.03981305712492153
2017-01-25,0.03973694766530868
2017-01-26,0.039553831658291454
2017-01-27,0.039539433962264156
2017-01-30,0.03958454773869347
2017-01-31,0.039907403912687926
2017-02-01,0.03979246835443038
2017-02-02,0.039930676020408166
2017-02-03,0.03990819462227913
2017-02-06,0.039729847908745244
2017-02-07,0.03957416267942584
2017-02-08,0.039582775119617226
2017-02-09,0.039434849455477254
2017-02-10,0.03936106821106821
2017-02-13,0.039216015498869876
2017-02-14,0.039105559146735615
2017-02-15,0.039174023437500004
2017-02-16,0.03943841917719469
2017-02-17,0.03928424744897959
2017-02-20,0.03927344596748485
2017-02-21,0.039018321588725174
2017-02-22,0.0390324445872149
2017-02-23,0.039107290322580646
2017-02-24,0.039116731266149875
2017-03-01,0.03909092088197147
2017-03-02,0.038884025974025974
2017-03-03,0.03905029126213592
2017-03-06,0.03915012919896641
2017-03-07,0.03913022508038585
2017-03-08,0.039003068072866735
2017-03-09,0.039157308435286545
2017-03-10,0.03950413436692506
2017-03-13,0.03944851994851995
2017-03-14,0.0392888960411973
2017-03-15,0.039488246628131024
2017-03-16,0.039659433354797165
2017-03-17,0.03977185089974293
2017-03-20,0.03971170825335892
2017-03-21,0.04000717948717949
2017-03-22,0.040008506555804284
2017-03-23,0.039900256574727386
2017-03-27,0.040222807581111464
2017-03-28,0.04001827777062685
2017-03-29,0.039795917044718083
2017-03-30,0.039394743672939644
2017-03-31,0.03953352826510721
2017-04-03,0.039424098733354986
2017-04-04,0.03942208469055375
2017-04-05,0.03937625309204531
2017-04-06,0.04000240415854451
2017-04-07,0.039823199739328775
2017-04-10,0.03981097961867192
2017-04-11,0.039808123157549946
2017-04-12,0.03967623436471363
2017-04-17,0.03996243421052632
2017-04-18,0.04001679848356102
2017-04-19,0.03983987012987013
2017-04-20,0.03979621807784781
2017-04-21,0.03971626856036152
2017-04-24,0.040384470435347625
2017-04-25,0.040730739299610894
2017-04-26,0.04044932214331827
2017-04-27,0.040254409857328144
2017-04-28,0.04056714285714286
2017-05-02,0.0405816339869281
2017-05-03,0.0408104643557881
2017-05-04,0.04089810581319399
2017-05-05,0.04114918672739103
2017-05-08,0.04099185520361991
2017-05-09,0.040859710144927536
2017-05-10,0.040865506125080595
2017-05-11,0.0408932944606414
2017-05-12,0.041127396373057
2017-05-15,0.041430199613651
2017-05-16,0.042089345314505776
2017-05-17,0.04212652146060218
2017-05-18,0.041727
2017-05-19,0.04231551401869159
2017-05-22,0.042366944701884464
2017-05-23,0.04232299564947173
2017-05-24,0.04228688626476072
2017-05-26,0.04222935665209244
2017-05-29,0.042150530255770424
2017-05-30,0.04224185758513932
2017-05-31,0.0426739751552795
2017-06-01,0.04256444582814446
2017-06-02,0.0427845625
2017-06-05,0.04275423569865583
2017-06-06,0.04283023110555902
2017-06-07,0.04281957473420888
2017-06-08,0.04264540880503145
2017-06-09,0.04277619346733668
2017-06-12,0.0427389010989011
2017-06-13,0.042847262429200755
2017-06-14,0.043058004786497045
2017-06-15,0.04242140175219024
2017-06-16,0.042735598503740646
2017-06-19,0.04257907120743035
2017-06-21,0.04241134401972873
2017-06-22,0.042371074636110256
2017-06-23,0.042634621329211746
2017-06-26,0.042567524509803924
2017-06-27,0.04304890243902439
2017-06-28,0.043287598784194525
2017-06-29,0.043604363636363636
2017-06-30,0.04374666265784727
2017-07-03,0.043481071428571424
2017-07-04,0.0434187832250443
2017-07-05,0.043465052508751455
2017-07-06,0.04370093676814989
2017-07-07,0.04371489988221437
2017-07-10,0.04370326566637246
2017-07-11,0.04387447058823529
2017-07-12,0.04374358369225323
2017-07-13,0.04365575221238938
2017-07-14,0.04398118694362018
2017-07-17,0.044034435912581216
2017-07-18,0.04426796511627907
2017-07-19,0.044147988338192425
2017-07-20,0.04463267441860465
2017-07-21,0.044811308840413316
2017-07-24,0.04469873780837636
2017-07-25,0.04480549199084668
2017-07-26,0.044745714285714284
2017-07-27,0.044753741496598644
2017-07-28,0.0450938167509837
2017-07-31,0.04530419501133787
2017-08-01,0.04520837124658781
2017-08-02,0.04552386363636363
2017-08-03,0.04557866440294284
2017-08-04,0.04500164119977362
2017-08-07,0.04514265536723164
2017-08-08,0.04497376290695706
2017-08-09,0.044898418079096045
2017-08-10,0.044897402597402596
2017-08-11,0.04523308865047995
2017-08-14,0.04507857559836544
2017-08-15,0.04488693614528413
2017-08-16,0.04507815223707147
2017-08-17,0.04505904377880184
2017-08-18,0.045036711059641
2017-08-22,0.04500714700755374
2017-08-23,0.045215089959373185
2017-08-24,0.04524067402672864
2017-08-25,0.04552531939605111
2017-08-28,0.04589367382472432
2017-08-29,0.04596958896234551
2017-08-30,0.045647498562392176
2017-08-31,0.04554916233391104
2017-09-01,0.0455321511627907
2017-09-04,0.04563499709808473
2017-09-05,0.04557720417633411
2017-09-06,0.04517772423025435
2017-09-07,0.0459246511627907
2017-09-08,0.046074883720930236
2017-09-11,0.04586443148688047
2017-09-12,0.04582407732864675
2017-09-13,0.045526772114821326
2017-09-14,0.0457101236021189
2017-09-15,0.045744388807069214
2017-09-18,0.04569027169149869
2017-09-19,0.045944690781796964
2017-09-20,0.045988656195462475
2017-09-21,0.04575865662999421
2017-09-22,0.04584419410745234
2017-09-25,0.0454279268989149
2017-09-26,0.04534635949943118
2017-09-27,0.04520284738041003
2017-09-28,0.045308347627215556
2017-09-29,0.04543038705950318
2017-10-02,0.04523146712604077
2017-10-03,0.04530933103646283
2017-10-04,0.04554024312957308
2017-10-05,0.04532209135305946
2017-10-06,0.04528799082831757
2017-10-09,0.04540171821305842
2017-10-10,0.04562542324246772
2017-10-11,0.04579280055115398
2017-10-12,0.04578082113120873
2017-10-13,0.04574775138376383
2017-10-17,0.04563253533314104
2017-10-18,0.04584
2017-10-19,0.046014670487106016
2017-10-20,0.04596222732491389
2017-10-23,0.04578438128050531
2017-10-24,0.04589474285714286
2017-10-25,0.04610526014865638
2017-10-26,0.04536466591166478
2017-10-27,0.04519018439716312
2017-10-30,0.045298079096045205
2017-10-31,0.04539365618804871
2017-11-01,0.04549074389551391
2017-11-02,0.04535251141552511
2017-11-03,0.04519263038548752
2017-11-07,0.04533235127478754
2017-11-08,0.04530810502283105
2017-11-09,0.045603768198686834
2017-11-10,0.04561669048299514
2017-11-13,0.04560588571428571
2017-11-14,0.0460168
2017-11-15,0.046051942857142855
2017-11-16,0.04604518416838252
2017-11-17,0.04610631970260223
2017-11-21,0.046038593481989715
2017-11-22,0.04628152610441767
2017-11-23,0.0466056831228473
2017-11-24,0.04690103746397695
2017-11-27,0.04682569284064665
2017-11-28,0.046572934062769945
2017-11-29,0.046481377331420375
2017-11-30,0.046634845420398724
2017-12-01,0.04659965177016831
2017-12-04,0.04628729472774416
2017-12-05,0.046015500289184504
2017-12-06,0.0460384236453202
2017-12-07,0.04613165509259259
2017-12-11,0.04602993039443156
2017-12-12,0.04572121037463977
2017-12-13,0.04584673599075679
2017-12-14,0.04586315186246419
2017-12-15,0.04580850699400514
2017-12-18,0.0458766078542971
2017-12-19,0.0458766078542971
2017-12-20,0.046259909909909906
2017-12-21,0.04606594263436369
2017-12-22,0.04599075816270061
2017-12-26,0.046040523588764655
2017-12-27,0.04592633977001519
2017-12-28,0.04675302083333333
2017-12-29,0.04707721593651134
2018-01-02,0.04720320478001086
2018-01-03,0.047117592843589046
2018-01-04,0.047311057434245844
2018-01-05,0.04715312831389184
2018-01-08,0.04686784025223331
2018-01-09,0.04665615425250925
2018-01-10,0.04679500537056928
2018-01-11,0.047184286477819345
2018-01-12,0.04754162653825575
2018-01-15,0.048069525839104954
2018-01-16,0.048093121693121695
2018-01-17,0.048214164456233416
2018-01-18,0.04820646528881823
2018-01-19,0.04815146091076599
2018-01-22,0.048197639193565234
2018-01-23,0.04835681406775278
2018-01-24,0.04883338422391858
2018-01-25,0.04927929447852761
2018-01-26,0.04913643331630046
2018-01-29,0.048855056179775286
2018-01-30,0.04901094983447924
2018-01-31,0.049127022900763366
2018-02-01,0.049542982456140354
2018-02-02,0.04943154655039753
2018-02-05,0.049338860369609855
2018-02-06,0.049104601226993866
2018-02-07,0.04861873571972582
2018-02-08,0.048293540310465705
2018-02-09,0.048104654654654654
2018-02-14,0.048945226130653274
2018-02-15,0.04919323499491353
2018-02-16,0.049063157894736836
2018-02-19,0.04905618090452262
2018-02-20,0.04871395465994962
2018-02-21,0.048611392722710166
2018-02-22,0.048658496240601506
2018-02-23,0.04852907907907908
2018-02-26,0.048496386138613866
2018-02-27,0.04817955445544554
2018-02-28,0.04805867727498757
2018-03-01,0.04802729393082229
2018-03-02,0.04851731623088308
2018-03-05,0.04854606630380999
2018-03-06,0.04881332350049165
2018-03-07,0.048763841254287114
2018-03-08,0.048486001964636545
2018-03-09,0.04836735802469135
2018-03-12,0.048432227722772274
2018-03-13,0.04861167161226509
2018-03-14,0.04862797825012358
2018-03-15,0.04852248709756697
2018-03-16,0.04835940594059406
2018-03-19,0.04854440594059407
2018-03-20,0.048226252158894645
2018-03-21,0.04842096694622595
2018-03-22,0.0484214585908529
2018-03-23,0.04862392273402674
2018-03-26,0.048929172857850416
2018-03-27,0.04871276279254264
2018-03-28,0.04840503250781676
2018-04-03,0.04839687809712587
2018-04-04,0.04847452923686819
2018-04-05,0.04825440594059406
2018-04-06,0.048410901883052526
2018-04-09,0.048581426448736996
2018-04-10,0.04877455357142857
2018-04-11,0.048839349464498215
2018-04-12,0.04872345373577437
2018-04-13,0.04875909990108804
2018-04-16,0.04895123639960435
2018-04-17,0.04890312190287413
2018-04-18,0.04891482493171095
2018-04-19,0.04871919642857143
2018-04-20,0.04844868746904408
2018-04-23,0.04799017769002961
2018-04-24,0.04808963474827246
2018-04-25,0.04782263480150109
2018-04-26,0.04754345498783455
2018-04-27,0.04750842259006816
2018-05-02,0.046787547169811323
2018-05-03,0.04697569565217391
2018-05-04,0.04694550458715596
2018-05-07,0.04673224043715847
2018-05-08,0.046408437500000004
2018-05-09,0.04638217429577465
2018-05-10,0.046808153371529305
2018-05-11,0.046854643164230436
2018-05-14,0.046856622649059626
2018-05-15,0.046359625779625775
2018-05-16,0.046287525730753405
2018-05-17,0.046098889802631576
2018-05-18,0.0458709373720835
2018-05-21,0.04579593259256222
2018-05-22,0.04584357495881383
2018-05-23,0.04524518896833503
2018-05-24,0.045516626016260164
2018-05-28,0.045160987454471876
2018-05-29,0.0444677536231884
2018-05-30,0.045068792619334136
2018-05-31,0.04521245993589743
2018-06-01,0.04520960960960961
2018-06-04,0.04548578293952744
2018-06-05,0.04576346153846154
2018-06-06,0.0458343373493976
2018-06-07,0.04584486692015209
2018-06-08,0.045688581588305015
2018-06-11,0.045943230769230764
2018-06-12,0.045727262135922334
2018-06-13,0.04581376923076923
2018-06-14,0.04507754512635379
2018-06-15,0.04512574955908289
2018-06-18,0.04506250906453952
2018-06-19,0.04479423631123919
2018-06-21,0.04490549090909091
2018-06-22,0.04513998519067012
2018-06-25,0.04514569952011812
2018-06-26,0.044911734317343174
2018-06-27,0.04463786443148688
2018-06-28,0.04462832740213523
2018-06-29,0.04493674176776429
2018-07-02,0.04442667844522968
2018-07-03,0.04463089928057554
2018-07-04,0.04480448877805487
2018-07-05,0.04506089126559715
2018-07-06,0.04532064516129032
2018-07-10,0.045433284618195104
2018-07-11,0.04500693683826214
2018-07-12,0.045071428571428575
2018-07-13,0.045103344358691656
2018-07-16,0.04527591374269006
2018-07-17,0.045091760435571684
2018-07-18,0.04505214145952605
2018-07-19,0.04498627472171188
2018-07-20,0.04530442349528644
2018-07-23,0.04525789283128168
2018-07-24,0.04548224163027656
2018-07-25,0.045602957283680176
2018-07-26,0.04546818679314119
2018-07-27,0.0454948581884721
2018-07-30,0.0457640799853238
2018-07-31,0.04572827435242612
2018-08-01,0.045588628519527705
2018-08-02,0.04518262295081967
2018-08-03,0.04521080982044705
2018-08-06,0.045081595316502014
2018-08-07,0.045261580580397885
2018-08-08,0.045368752260397834
2018-08-09,0.045162433297758806
2018-08-10,0.04441264957264957
2018-08-13,0.04423388471177945
2018-08-14,0.04413353596757852
2018-08-15,0.04397963333333333
2018-08-16,0.04412245308310992
2018-08-17,0.044362043551088776
2018-08-21,0.045024966666666666
2018-08-22,0.045124330578512395
2018-08-23,0.04484244014430961
2018-08-24,0.0451263430420712
2018-08-27,0.04543761704875686
2018-08-28,0.04555725677830941
2018-08-29,0.04544732352941177
2018-08-30,0.04528678191489361
2018-08-31,0.044983256445047484
2018-09-03,0.0451420320855615
2018-09-04,0.0449656378600823
2018-09-05,0.04513958333333334
2018-09-06,0.04517772423025435
2018-09-07,0.0450095701540957
2018-09-10,0.04520591225254146
2018-09-11,0.045184259771750876
2018-09-12,0.04549092810457516
2018-09-13,0.04578083438685209
2018-09-14,0.045676492724535875
2018-09-17,0.04592949658487225
2018-09-18,0.045871561249402226
2018-09-19,0.04575904106095383
2018-09-20,0.046042643979057586
2018-09-21,0.045893674293405115
2018-09-24,0.0459216890080429
2018-09-25,0.04594110236220472
2018-09-26,0.04587681121786549
2018-09-27,0.0454473047858942
2018-09-28,0.045072654545454546
2018-10-01,0.04482093434343434
2018-10-02,0.04476314960629921
2018-10-03,0.04477577606792253
2018-10-04,0.04460462140992167
2018-10-05,0.04471633192389006
2018-10-08,0.04455732228754677
2018-10-09,0.044508943965517245
2018-10-10,0.04460303355704698
2018-10-11,0.04488490566037735
2018-10-12,0.04477779591836734
2018-10-16,0.04481972222222222
2018-10-17,0.04455889994472084
2018-10-18,0.044262482946793996
2018-10-19,0.044511904761904766
2018-10-22,0.04440241360394953
2018-10-23,0.04451210713309647
2018-10-24,0.044062567567567566
2018-10-25,0.0439291927154118
2018-10-26,0.04413257328990228
2018-10-29,0.044047046070460706
2018-10-30,0.04382487060746391
2018-10-31,0.0435899026425591
2018-11-01,0.04419324362209139
2018-11-02,0.044104930966469426
2018-11-05,0.044144263674614305
2018-11-07,0.04432427810485001
2018-11-08,0.044023577464788737
2018-11-09,0.04367957627118644
2018-11-12,0.04332849915682968
2018-11-13,0.04344615811373093
2018-11-14,0.043384512534818946
2018-11-15,0.04353694868238558
2018-11-16,0.04394330642916783
2018-11-20,0.043678800442233275
2018-11-21,0.043811226037787886
2018-11-22,0.04387369863013699
2018-11-23,0.043710106382978724
2018-11-26,0.04374396927016646
2018-11-27,0.04354451361867705
2018-11-28,0.04366944877795112
2018-11-29,0.04384273594909862
2018-12-03,0.04376846575342466
2018-12-04,0.043734572192513366
2018-12-05,0.043813137516688916
2018-12-06,0.044015251989389916
2018-12-07,0.044052085561497326
2018-12-10,0.04391319702602231
2018-12-11,0.043788204178788676
2018-12-12,0.044029981378026065
2018-12-13,0.04399122389637854
2018-12-14,0.0438206444851978
2018-12-17,0.04402182435964454
2018-12-18,0.044163748039728175
2018-12-19,0.04439335418295544
2018-12-20,0.0444385282522996
2018-12-21,0.04402725477287689
2018-12-26,0.04379031088082901
2018-12-27,0.04430738903394257
2018-12-28,0.04445037135278514
2018-12-31,0.044492891246684346
2019-01-02,0.04400884462151394
2019-01-03,0.04442785046728972
2019-01-04,0.044600240834894306
2019-01-07,0.044859134164321135
2019-01-08,0.0446681914893617
2019-01-09,0.04500489697618411
2019-01-10,0.0449603829557713
2019-01-11,0.044938970189701895
2019-01-14,0.04491313513513513
2019-01-15,0.04455870619946091
2019-01-16,0.044645653333333334
2019-01-17,0.044578387695571466
2019-01-18,0.04441325172964343
2019-01-21,0.04442509283819628
2019-01-22,0.044342952304822804
2019-01-23,0.04434787007454739
2019-01-24,0.04389622994652406
2019-01-25,0.04443850931677019
2019-01-28,0.04438387617765814
2019-01-29,0.0443240848806366
2019-01-30,0.04427384697414023
2019-01-31,0.044455716198125834
2019-02-01,0.04460640301318267
2019-02-04,0.044478650174778166
2019-02-05,0.04438645161290322
2019-02-06,0.04409267057569296
2019-02-07,0.04398794288736119
2019-02-08,0.04387582562747688
2019-02-11,0.04354927459773147
2019-02-12,0.04377554619636746
2019-02-13,0.04368681318681319
2019-02-14,0.04377517006802721
2019-02-15,0.04387408078715692
2019-02-18,0.04397538659793815
2019-02-19,0.044211993888464474
2019-02-20,0.04429972271237711
2019-02-21,0.04418482165443967
2019-02-22,0.04421843447220806
2019-02-25,0.04424484621885323
2019-02-26,0.044369513763828146
2019-02-27,0.0443559247810407
2019-02-28,0.04441818646232439
2019-03-01,0.044331549861843754
2019-03-06,0.0441639509202454
2019-03-07,0.043801058823529415
2019-03-08,0.043827742718446604
2019-03-11,0.043825617433414045
2019-03-12,0.0440024578313253
2019-03-13,0.044048203883495146
2019-03-14,0.04404976698552857
2019-03-15,0.044136675
2019-03-18,0.044234075
2019-03-19,0.044304641975308645
2019-03-20,0.04436518971848225
2019-03-21,0.044214713763702805
2019-03-22,0.04383600478468899
2019-03-25,0.04392842205323194
2019-03-26,0.043808348968105065
2019-03-27,0.04366640072942786
2019-03-28,0.043524249369699744
2019-03-29,0.04346313725490196
2019-04-01,0.043499063451182395
2019-04-03,0.04375735945882902
2019-04-04,0.04371011287721723
2019-04-05,0.04374625540632825
2019-04-08,0.04395798627002288
2019-04-09,0.04395817762399077
2019-04-10,0.04403520111601953
2019-04-11,0.043935766081871344
2019-04-12,0.04409229492650545
2019-04-15,0.04408899567515618
2019-04-16,0.043991814107100735
2019-04-17,0.04401427207637232
2019-04-22,0.04379663370998117
2019-04-23,0.04356634433962264
2019-04-24,0.04335367463026166
2019-04-25,0.0432675723830735
2019-04-26,0.043416902327604964
2019-04-29,0.043543575860124084
2019-04-30,0.04378858437146093
2019-05-02,0.04349850446428572
2019-05-03,0.04354243924392439
2019-05-06,0.04355950727883539
2019-05-07,0.04344142951687625
2019-05-08,0.043496230598669625
2019-05-09,0.043631911602209944
2019-05-10,0.04364696428571429
2019-05-13,0.04359008869179601
2019-05-14,0.04354527462752947
2019-05-15,0.043573155555555555
2019-05-16,0.04346483590087073
2019-05-17,0.04333411111111111
2019-05-20,0.04329884930294313
2019-05-21,0.043284409202591016
2019-05-22,0.04323445434298441
2019-05-23,0.043241916167664665
2019-05-24,0.04338112449799197
2019-05-27,0.043299397993311034
2019-05-28,0.04321109867979414
2019-05-29,0.04306557930258718
2019-05-30,0.043098608305274975
2019-05-31,0.043240996425379805
2019-06-03,0.04356177847113885
2019-06-04,0.04377803623350481
2019-06-05,0.04376135857461025
2019-06-06,0.04402007567326953
2019-06-07,0.04431797101449275
2019-06-10,0.04413608017817372
2019-06-11,0.04426187919463087
2019-06-12,0.0441403480650332
2019-06-13,0.04413062024440858
2019-06-14,0.04388503525130771
2019-06-18,0.04372329806807728
2019-06-19,0.04379644341801386
2019-06-21,0.04432523954194905
2019-06-24,0.04457815739868049
2019-06-25,0.04467574327512978
2019-06-26,0.044751135033934006
2019-06-27,0.044673348946135824
2019-06-28,0.044686739043402486
2019-07-01,0.04432780269058296
2019-07-02,0.04440220379146919
2019-07-03,0.04434392100880323
2019-07-04,0.04429952198852772
2019-07-05,0.04398250896057347
2019-07-10,0.04398347680535629
2019-07-11,0.043952949640287765
2019-07-12,0.044031322115384616
2019-07-15,0.04397051886792453
2019-07-16,0.04382119081106423
2019-07-17,0.04385098823529412
2019-07-18,0.0439550765606596
2019-07-19,0.04397284299858557
2019-07-22,0.04392089517078916
2019-07-23,0.04363970932958275
2019-07-24,0.04367002565896898
2019-07-25,0.043632856813465536
2019-07-26,0.043509457900807375
2019-07-29,0.043432922655715266
2019-07-30,0.043472569997723656
2019-07-31,0.04325770282588878
2019-08-01,0.04298034265103697
2019-08-02,0.04313388577827548
2019-08-05,0.04341681688283139
2019-08-06,0.043478123620309055
2019-08-07,0.04350100899320026
2019-08-08,0.04344391862007961
2019-08-09,0.043362585635359115
2019-08-12,0.04340418867924529
2019-08-13,0.04326091397849463
2019-08-14,0.04303897350993378
2019-08-15,0.04297470742358078
2019-08-16,0.04312538181818182
2019-08-20,0.04305221917808219
2019-08-21,0.04302370047255543
2019-08-22,0.04299373752042113
2019-08-23,0.04303666364460562
2019-08-26,0.043057967082655094
2019-08-27,0.04292673179396092
2019-08-28,0.04281700516351119
2019-08-29,0.04269616580310881
2019-08-30,0.04227667618887582
2019-09-02,0.042364428571428574
2019-09-03,0.042479974991068245
2019-09-04,0.04265664285714286
2019-09-05,0.04274142117479021
2019-09-06,0.0427209781440344
2019-09-09,0.042760246340592646
2019-09-10,0.04273502945902517
2019-09-11,0.04249441082235671
2019-09-12,0.04278329768270944
2019-09-13,0.0428568347888077
2019-09-16,0.04254051172707889
2019-09-17,0.0427244424778761
2019-09-18,0.04276592356687897
2019-09-19,0.04271348771433622
2019-09-20,0.04258380095288512
2019-09-23,0.04246103302881237
2019-09-24,0.042580903815720064
2019-09-25,0.04249044697633655
2019-09-26,0.04229223911903513
2019-09-27,0.04231817864619679
2019-09-30,0.04224434797707935
2019-10-01,0.042396217904233174
2019-10-02,0.04250217917675545
2019-10-03,0.04270692880651308
2019-10-04,0.04265664299324442
2019-10-07,0.04259413900414938
2019-10-08,0.04243400172860847
2019-10-09,0.042530022417658214
2019-10-10,0.04266155570886513
2019-10-11,0.042824702842377264
2019-10-15,0.042799227732967224
2019-10-16,0.04298023925413039
2019-10-17,0.043327543339220495
2019-10-18,0.0435416795201371
2019-10-21,0.043592343189198426
2019-10-22,0.043595208866155165
2019-10-23,0.043423118644067796
2019-10-24,0.04338958788898234
2019-10-25,0.04334294049008168
2019-10-28,0.04352517647058824
2019-10-29,0.04346823608542122
2019-10-30,0.043524614869390486
2019-10-31,0.043679369867605164
2019-11-01,0.04374145606694561
2019-11-04,0.04364619765494138
2019-11-05,0.04339146689019279
2019-11-07,0.04326644295302013
2019-11-08,0.0432423025210084
2019-11-11,0.04327224353628023
2019-11-12,0.043122395309882745
2019-11-13,0.04299410582719357
2019-11-14,0.04304685197588748
2019-11-15,0.0432069884364002
2019-11-19,0.043358351482660415
2019-11-20,0.043328494893688264
2019-11-21,0.04331929765886288
2019-11-22,0.043246043165467624
2019-11-25,0.043149941383352874
2019-11-26,0.04320867534200868
2019-11-27,0.04306742512966371
2019-11-28,0.043047585630743526
2019-11-29,0.043124808141474805
2019-12-02,0.04336005002084201
2019-12-03,0.04343783062161035
2019-12-04,0.043341633266533064
2019-12-05,0.043503792614820375
2019-12-06,0.043310660660660666
2019-12-09,0.04332604887813829
2019-12-10,0.04342897243107769
2019-12-11,0.04348317311711109
2019-12-12,0.04351040708852295
2019-12-13,0.043605473451919216
2019-12-16,0.043828889074646826
2019-12-17,0.04382696647997994
2019-12-18,0.04363191507147037
2019-12-19,0.04375792025411686
2019-12-20,0.04352329683189836
2019-12-23,0.04353882313718953
2019-12-26,0.043626198029721154
2019-12-27,0.04390103626943005
2019-12-30,0.04411893471364167
2019-12-31,0.044153998998163295
2020-01-02,0.04409753406336204
2020-01-03,0.04408782078074062
2020-01-06,0.04435927442949093
2020-01-07,0.044148156816851955
2020-01-08,0.04406837749728329
2020-01-09,0.04401233804229709
2020-01-10,0.044038300789086535
2020-01-13,0.044190492076730606
2020-01-14,0.04426148851148851
2020-01-15,0.04450040033361134
2020-01-16,0.04425072113380575
2020-01-17,0.0441070577451879
2020-01-20,0.044177988677988674
2020-01-21,0.04418618968386023
2020-01-22,0.044115049109372396
2020-01-23,0.04391839214380826
2020-01-24,0.04385175816678038
2020-01-27,0.04358854911085259
2020-01-28,0.04367040545031572
2020-01-29,0.04358133820355305
2020-01-30,0.04370896265560166
2020-01-31,0.04393363711681856
2020-02-03,0.043895071936497436
2020-02-04,0.04397807857378673
2020-02-05,0.04385675854101336
2020-02-06,0.043904695996045476
2020-02-07,0.043666781836130306
2020-02-10,0.04356443307422349
2020-02-11,0.04381159704838103
2020-02-12,0.0437972039393098
2020-02-13,0.04356348857287136
2020-02-14,0.04357999642037781
2020-02-17,0.04363096531482593
2020-02-18,0.04324772144919075
2020-02-19,0.04322623078293832
2020-02-20,0.043017770153263524
2020-02-21,0.04331591713966914
2020-02-26,0.04292765224113772
2020-02-27,0.04347068668630007
2020-02-28,0.043191866259443816
2020-03-02,0.0437475866942932
2020-03-03,0.04400207032691907
2020-03-04,0.04394308760563832
2020-03-05,0.044185216039987825
2020-03-06,0.0444645966709347
2020-03-09,0.044872221333759794
2020-03-10,0.044086452891083094
2020-03-11,0.04377419818094782
2020-03-12,0.04276464127095305
2020-03-13,0.04219675988489483
2020-03-16,0.04089059153857136
2020-03-17,0.04052191392709603
2020-03-18,0.03908386230854256
2020-03-19,0.03850403625548789
2020-03-20,0.039130515916575195
2020-03-25,0.0395912568306011
2020-03-26,0.04054014541717916
2020-03-27,0.04057831980002794
2020-03-30,0.04035120755712048
2020-04-01,0.03969591966402703
2020-04-02,0.039301529666254637
2020-04-03,0.038829671853335385
2020-04-06,0.039246761040160026
2020-04-07,0.04020859395411025
2020-04-08,0.040104910988336406
2020-04-13,0.04050714285714286
2020-04-14,0.04090764885496183
2020-04-15,0.04037825934561636
2020-04-16,0.03980953757225434
2020-04-17,0.03994486790160948
2020-04-20,0.039618384358896634
2020-04-21,0.03939163262218187
2020-04-22,0.039160546580099646
2020-04-23,0.03911504825090471
2020-04-24,0.03962089417431883
2020-04-27,0.03965263790771081
2020-04-28,0.03987748761819
2020-04-29,0.04006810486891386
2020-04-30,0.040407301017354874
2020-05-04,0.04027466009263409
2020-05-05,0.040131298507462686
2020-05-06,0.03988448584202683
2020-05-07,0.03976774817681203
2020-05-08,0.03984380853277836
2020-05-11,0.039320528425115034
2020-05-12,0.039589060183812634
2020-05-13,0.03937906425821735
2020-05-14,0.039000340035481966
2020-05-15,0.03901296323637974
2020-05-18,0.03952194043055147
2020-05-19,0.0398100147275405
2020-05-20,0.04019404411764706
2020-05-21,0.04044733441033925
2020-05-22,0.039881299501320036
2020-05-26,0.04061639080123041
2020-05-27,0.04053965769455822
2020-05-28,0.041067757487216944
2020-05-29,0.041215523781733286
2020-06-01,0.04158937782310943
2020-06-02,0.0419996798137098
2020-06-03,0.042230082836796974
2020-06-04,0.042621190130624084
2020-06-05,0.04244445571822004
2020-06-08,0.04253002316155183
2020-06-09,0.042753303455255166
2020-06-10,0.042684695350851856
2020-06-11,0.04229437310633386
2020-06-12,0.04193978665129018
2020-06-16,0.04226613992242494
2020-06-17,0.0422630974594517
2020-06-18,0.04198574706051047
2020-06-19,0.04195792263610315
2020-06-22,0.042216892954123196
2020-06-23,0.04253869770098529
2020-06-24,0.04213577746077033
2020-06-25,0.04200602907639681
2020-06-26,0.04192923668470521
2020-06-29,0.04189042613636363
2020-06-30,0.04212672438262845
2020-07-01,0.042286684628474194
2020-07-02,0.042239713799943325
2020-07-03,0.04213558890147225
2020-07-06,0.042419076532053096
2020-07-07,0.042289911104839845
2020-07-08,0.042509402311812806
2020-07-13,0.04266392476137002
2020-07-14,0.042754221598877984
2020-07-15,0.04275678251121077
2020-07-16,0.04265355642677121
2020-07-17,0.042920663122551765
2020-07-20,0.04295569355288864
2020-07-21,0.04376673173452315
2020-07-22,0.043873683477291724
2020-07-23,0.044130233853006684
2020-07-24,0.04432956884561891
2020-07-27,0.04489277192008879
2020-07-28,0.04463089825339617
2020-07-29,0.044939778393351795
2020-07-30,0.04506289786880708
2020-07-31,0.044906886061946906
2020-08-03,0.044733521787093215
2020-08-04,0.04506838914151854
2020-08-05,0.04548079041586339
2020-08-06,0.04513327372764787
2020-08-07,0.0447639549264807
2020-08-10,0.04486115147361206
2020-08-11,0.04498768493150685
2020-08-12,0.04511718001368926
2020-08-13,0.04522225413760087
2020-08-14,0.04538996719518863
2020-08-18,0.04566543596730245
2020-08-19,0.045554341317365264
2020-08-20,0.045502107983136135
2020-08-21,0.0451483555313944
2020-08-24,0.045203255120032544
2020-08-25,0.04515997832272049
2020-08-26,0.044984050907121584
2020-08-27,0.04498020016229375
2020-08-28,0.045495689189189184
2020-08-31,0.04546136424912375
2020-09-01,0.0454549494949495
2020-09-02,0.044933315392895586
2020-09-03,0.04487020704490455
2020-09-04,0.04473932025792585
2020-09-07,0.04461536503683858
2020-09-08,0.04446736715299157
2020-09-09,0.04455970308947439
2020-09-10,0.04459506948156066
2020-09-11,0.04450180216259511
2020-09-14,0.04450694888178913
2020-09-15,0.044273640111716986
2020-09-16,0.044326232558139535
2020-09-17,0.04427677907594265
2020-09-18,0.044329185460334306
2020-09-21,0.0432990342637915
2020-09-22,0.04342633179114342
2020-09-23,0.04333618594823033
2020-09-24,0.043207178675112166
2020-09-25,0.04288917600527357
2020-09-28,0.042859768603733896
2020-09-29,0.04319839726747241
2020-09-30,0.04332192176424258
2020-10-01,0.04367937049180328
2020-10-02,0.04317863547758284
2020-10-05,0.04346540708998831
2020-10-06,0.043673650752464974
2020-10-07,0.04342519776942031
2020-10-08,0.043232395279470884
2020-10-09,0.04374452365521711
2020-10-13,0.042870799431744794
2020-10-14,0.04309490191017036
2020-10-15,0.042763185749322315
2020-10-16,0.0431140350877193
2020-10-19,0.04318049755091519
2020-10-20,0.043553810504634395
2020-10-21,0.04360908038585209
2020-10-22,0.043466918545081966
2020-10-23,0.04353674644822732
2020-10-26,0.04329528494761053
2020-10-27,0.04331742017879949
2020-10-28,0.04283186055420763
2020-10-29,0.04261901660280971
2020-10-30,0.042718794688457615
2020-11-02,0.04286509086287966
2020-11-03,0.04363495502343848
2020-11-04,0.043617638871314694
2020-11-05,0.044249152970922884
2020-11-09,0.044582142407057344
2020-11-10,0.04474813042930882
2020-11-11,0.044558107938105426
2020-11-12,0.044503971845148316
2020-11-13,0.04472951724137931
2020-11-16,0.04480085031886957
2020-11-17,0.04476475512243878
2020-11-18,0.04503915159076731
2020-11-19,0.0449648355754858
2020-11-20,0.04499092719352832
2020-11-24,0.04542563816604709
2020-11-25,0.04559027107315261
2020-11-26,0.045535257757448384
2020-11-27,0.04566375971382756
2020-11-30,0.04552635592178084
2020-12-01,0.04587577060051577
2020-12-02,0.04582635906246165
2020-12-03,0.045972155468366846
2020-12-04,0.04587976729944886
2020-12-09,0.04589155290102389
2020-12-10,0.046054084987215395
2020-12-11,0.0459448972144508
2020-12-14,0.046127798665858095
2020-12-15,0.04619300860293227
2020-12-16,0.046439058339385136
2020-12-17,0.04688694232861807
2020-12-18,0.04675365765330758
2020-12-21,0.04669842453397474
2020-12-22,0.04624512912912913
2020-12-23,0.04633748800383877
2020-12-28,0.04632288438617401
2020-12-29,0.04663744346584147
2020-12-30,0.04685465240641711
2020-12-31,0.046558621509209745
2021-01-04,0.04674688311688312
2021-01-05,0.04701325315410919
2021-01-06,0.04701059945824992
2021-01-07,0.046822176470588235
2021-01-08,0.046748848684210524
2021-01-11,0.04637165280543516
2021-01-12,0.04652049842049842
2021-01-13,0.046537381648158974
2021-01-14,0.04652915693601121
2021-01-15,0.04619492652204339
2021-01-18,0.04616378949814126
2021-01-19,0.046368425936666284
2021-01-20,0.046374012738853505
2021-01-21,0.04655840564618766
2021-01-22,0.04659506757537254
2021-01-25,0.046414050632911395
2021-01-26,0.04666464031257182
2021-01-27,0.0464902192630008
2021-01-28,0.04653305045871559
2021-01-29,0.04660353830298866
2021-02-01,0.04652093607305936
2021-02-02,0.046406294184720635
2021-02-03,0.04646084282460137
2021-02-04,0.046224172449095664
2021-02-05,0.04669471590909091
2021-02-08,0.04688913462629012
2021-02-09,0.047040233401314295
2021-02-10,0.04711181530104119
2021-02-11,0.047075443753533064
2021-02-12,0.04713068669527897
2021-02-17,0.0466154823476501
2021-02-18,0.04659549741747137
2021-02-19,0.046873311644603996
2021-02-22,0.04698961198702896
2021-02-23,0.04696158829442645
2021-02-24,0.0466768398751115
2021-02-25,0.046605927576601675
2021-02-26,0.046128657314629264
2021-03-01,0.04601022311022311
2021-03-02,0.04612992789794786
2021-03-03,0.04612078022830544
2021-03-04,0.04564896444789013
2021-03-05,0.04522288370034303
2021-03-08,0.044911317213205265
2021-03-09,0.0453278292521509
2021-03-10,0.045391203703703704
2021-03-11,0.04573414849085702
2021-03-12,0.04562897083104018
2021-03-15,0.045555798374697996
2021-03-16,0.04553650828486777
2021-03-17,0.04566814692982456
2021-03-18,0.04566690032858707
2021-03-19,0.045684008318739054
2021-03-22,0.04580033853882276
2021-03-23,0.04523167830641642
2021-03-25,0.04497615778576878
2021-03-26,0.04521653963414634
2021-03-29,0.045100511369818304
2021-03-30,0.044793431926924754
2021-03-31,0.044976163043478255
2021-04-05,0.04545227666955767
2021-04-06,0.045537754659731255
2021-04-07,0.04597193761507636
2021-04-08,0.04615505520675472
2021-04-09,0.04573059281696236
2021-04-12,0.045787751134154245
2021-04-13,0.04609441805225653
2021-04-14,0.04616293298802201
2021-04-15,0.04617999352890423
2021-04-16,0.046238928994720395
2021-04-19,0.046399408092983215
2021-04-20,0.046353813057975694
2021-04-21,0.04651639256153929
2021-04-22,0.04643582249919415
2021-04-23,0.04679807774914089
2021-04-26,0.04674120295915085
2021-04-27,0.04663417979213544
2021-04-28,0.046595719178082196
2021-04-29,0.04683489839572193
2021-04-30,0.04647596194955109
2021-05-03,0.046758033521938726
2021-05-04,0.04647703553516167
2021-05-05,0.04651444266666667
2021-05-06,0.046870455272417094
2021-05-07,0.04742123601491743
2021-05-10,0.04757011604386245
2021-05-11,0.047601138903672166
2021-05-12,0.04722349436050223
2021-05-13,0.04731488139559621
2021-05-14,0.047665578477243724
2021-05-17,0.04782286199936259
2021-05-18,0.048126667374681395
2021-05-19,0.04793749469214437
2021-05-20,0.04789134125636672
2021-05-21,0.047822859870584496
2021-05-26,0.047904191363251476
2021-05-27,0.04795794985718819
2021-05-28,0.04789959813874788
2021-05-31,0.04808246595587459
2021-06-01,0.048121809352897706
2021-06-02,0.047954036087369416
2021-06-03,0.04757713321379601
2021-06-04,0.047832015601939705
2021-06-07,0.04800468519688355
2021-06-08,0.0478906536154089
2021-06-09,0.04797659126775382
2021-06-10,0.048038818210493106
2021-06-11,0.04765036266162094
2021-06-14,0.04767285039370079
2021-06-15,0.04763378803777545
2021-06-16,0.04739493232609379
2021-06-17,0.04664222501834958
2021-06-18,0.046430649051064275
2021-06-22,0.04679676405906378
2021-06-23,0.047034920967235425
2021-06-24,0.046894201988487705
2021-06-25,0.046826349372384946
2021-06-28,0.04684301389904902
2021-06-29,0.046650057465259645
2021-06-30,0.04647747597158379
2021-07-01,0.04639143692564745
2021-07-02,0.04642611963670529
2021-07-05,0.04640091781393409
2021-07-06,0.046109508914607446
2021-07-07,0.04575402334792579
2021-07-08,0.04580873007604959
2021-07-12,0.04621221771256114
2021-07-13,0.04595271535580524
2021-07-14,0.046227381447587354
2021-07-15,0.046160594718236636
2021-07-16,0.04626759509457493
2021-07-19,0.04587240161976949
2021-07-20,0.045906933776209254
2021-07-21,0.04591136363636364
2021-07-22,0.045912623171870136
2021-07-23,0.045866303671437465
2021-07-26,0.04600641185001036
2021-07-27,0.04602928445687066
2021-07-28,0.046000062105372115
2021-07-29,0.046657026076158944
2021-07-30,0.04651595821698211
2021-08-02,0.046594410579605325
2021-08-03,0.0465859518644768
2021-08-04,0.04654626665289684
2021-08-05,0.046611353080813295
2021-08-06,0.04626181630546956
2021-08-09,0.04628622680412371
2021-08-10,0.04614994331650005
2021-08-11,0.04626480832646331
2021-08-12,0.04622994746059545
2021-08-13,0.046439913500154466
2021-08-17,0.046055568123393315
2021-08-18,0.04597638046272494
2021-08-19,0.045783984374999996
2021-08-20,0.045767845031343124
2021-08-23,0.04596411704312115
2021-08-24,0.04599160595177013
2021-08-25,0.046060658596635204
2021-08-26,0.04604284835435251
2021-08-27,0.04625367978679786
2021-08-30,0.04610844335277864
2021-08-31,0.0464621444649069
2021-09-01,0.04672897320515443
2021-09-02,0.0467359603393642
2021-09-03,0.046906734109953
2021-09-06,0.04674164369576315
2021-09-07,0.046685774058577406
2021-09-08,0.04651920212223242
2021-09-09,0.0465181234064253
2021-09-10,0.046608532979916406
2021-09-13,0.04652677462063346
2021-09-14,0.04663657468689543
2021-09-15,0.0466239592875318
2021-09-16,0.04643129196337742
2021-09-17,0.04620751321675478
2021-09-20,0.04601318301848467
2021-09-21,0.04615291967096578
2021-09-22,0.04621221443801401
2021-09-23,0.04628665516541505
2021-09-24,0.04610610795454545
2021-09-27,0.0460492040961168
2021-09-28,0.04578796878167444
2021-09-29,0.045468810777957856
2021-09-30,0.045653554790358514
2021-10-01,0.045822168235651384
2021-10-04,0.045840441027715964
2021-10-05,0.04580831226615431
2021-10-06,0.045454751314193284
2021-10-07,0.04542253891247221
2021-10-12,0.04537740437985669
2021-10-13,0.04563189063761097
2021-10-14,0.0456591770875353
2021-10-15,0.045702167775761235
2021-10-18,0.04558175682482119
2021-10-19,0.04563001711811499
2021-10-20,0.045654806240563665
2021-10-21,0.045287803159907415
2021-10-22,0.045320233423885706
2021-10-25,0.045140611178126254
2021-10-26,0.04512227802330253
2021-10-27,0.045187114902157544
2021-10-28,0.0453741097401946
2021-10-29,0.045044233854793427
2021-11-01,0.04530114217012323
2021-11-02,0.04529334067694772
2021-11-03,0.04540192172955661
2021-11-04,0.045562444977991196
2021-11-05,0.04580558335001001
2021-11-08,0.04586987410071943
2021-11-09,0.04590251723104585
2021-11-10,0.04566147778332501
2021-11-11,0.04540253568932814
2021-11-12,0.045354559968070245
2021-11-15,0.045119836441607664
2021-11-16,0.04489740751819722
2021-11-17,0.04486940707523668
2021-11-18,0.04496302161139329
2021-11-19,0.04441167628907028
2021-11-23,0.044095018395147664
2021-11-24,0.043882935798052074
2021-11-25,0.043836193881605076
2021-11-26,0.044040248015873015
2021-11-29,0.04407325143649693
2021-11-30,0.04438486529318542
2021-12-01,0.04443239603960396
2021-12-02,0.04438901088031652
2021-12-03,0.044466379992091735
2021-12-06,0.04435494668246446
2021-12-07,0.04420475251429699
2021-12-09,0.04438940319086074
2021-12-10,0.044632890201871
2021-12-13,0.04444227138643068
2021-12-14,0.044560699548044806
2021-12-15,0.04454739736790415
2021-12-16,0.044682747791952894
2021-12-17,0.04465143165326534
2021-12-20,0.04473212572211887
2021-12-21,0.044659203834115806
2021-12-22,0.04509989243105808
2021-12-23,0.04525644183773216
2021-12-27,0.04519243222157207
2021-12-28,0.04539986357435198
2021-12-29,0.045426460849240353
2021-12-30,0.045530081775700934
2021-12-31,0.0457871300623053
2022-01-03,0.04546549514563107
2022-01-04,0.04579635270152294
2022-01-05,0.046116530928834595
2022-01-06,0.04606936265013561
2022-01-07,0.04646170604182804
2022-01-10,0.04650622162109941
2022-01-11,0.04646040942448822
2022-01-12,0.04710027006172839
2022-01-13,0.04666616555844656
2022-01-14,0.04650103043143297
2022-01-17,0.046723948126801154
2022-01-18,0.04636455793414611
2022-01-19,0.046718054489639296
2022-01-20,0.046760214744511544
2022-01-21,0.046510983323749276
2022-01-24,0.04599668037883861
2022-01-25,0.04599054674058497
2022-01-26,0.04609357211079274
2022-01-27,0.045573866564856354
2022-01-28,0.0456139832125143
2022-01-31,0.046122271948200344
2022-02-01,0.0462873002283105
2022-02-02,0.04670169201520913
2022-02-03,0.04704244611148039
2022-02-04,0.04709295133289062
2022-02-07,0.04711091975775927
2022-02-08,0.04705704970704971
2022-02-09,0.04702121069033903
2022-02-10,0.047140458447316284
2022-02-11,0.04674491756947716
2022-02-14,0.0460587532907108
2022-02-15,0.046632657086503236
2022-02-16,0.04668403077500469
2022-02-17,0.0466300459360645
2022-02-18,0.046543884622588495
2022-02-21,0.04646926382660688
2022-02-22,0.04614334359548466
2022-02-23,0.04600154735272185
2022-02-24,0.04488995157384988
2022-02-25,0.04548658911121451
2022-03-02,0.04338940980264986
2022-03-03,0.04285940942330834
2022-03-04,0.04268287246832517
2022-03-07,0.04219783290298783
2022-03-08,0.043092114959469414
2022-03-09,0.04393885719543614
2022-03-10,0.043572418865496
2022-03-11,0.043404096252755334
2022-03-14,0.04417077838827839
2022-03-15,0.04414017563117453
2022-03-16,0.044349044877067915
2022-03-17,0.044962213496484334
2022-03-18,0.044453728350045574
2022-03-21,0.04463927434754933
2022-03-22,0.044637476151539936
2022-03-23,0.04462074786712652
2022-03-25,0.044646647943468024
2022-03-28,0.04463867003975425
2022-03-29,0.045271810142573546
2022-03-30,0.04563792947966453
2022-03-31,0.04536752544815782
2022-04-01,0.04528801295896328
2022-04-04,0.045012601953930274
2022-04-05,0.044796642793196055
2022-04-06,0.044528355539658414
2022-04-07,0.04443752790926141
2022-04-08,0.04450338801711841
2022-04-11,0.04456089891632617
2022-04-12,0.044291291238027664
2022-04-13,0.04450913516862884
2022-04-18,0.044123418111414243
2022-04-19,0.04416376340305853
2022-04-20,0.04450913478413479
2022-04-21,0.04450635463230782
2022-04-22,0.04429266392366278
2022-04-25,0.043875619114056505
2022-04-26,0.04340880278624293
2022-04-27,0.04309583623087621
2022-04-28,0.042739789894078825
2022-04-29,0.042971017257826725
2022-05-02,0.04248919035686512
2022-05-03,0.042709855872961076
2022-05-04,0.04285499913807964
2022-05-05,0.042754597107438015
2022-05-06,0.04215478073946689
2022-05-09,0.04219961456102784
2022-05-10,0.04213080475498161
2022-05-11,0.04141198325930987
2022-05-12,0.04154289978678038
2022-05-13,0.041994754321723574
2022-05-16,0.0421441286271848
2022-05-17,0.04264119590073686
2022-05-19,0.0429120077742099
2022-05-20,0.04278441087103309
2022-05-23,0.04337284345047923
2022-05-24,0.043548694484090336
2022-05-26,0.043379616447533714
2022-05-27,0.043395993308239234
2022-05-30,0.0436229730855762
2022-05-31,0.043452570715474204
2022-06-01,0.043070221077127664
2022-06-02,0.04355438319774199
2022-06-03,0.043440106065628106
2022-06-06,0.04327074560317067
2022-06-07,0.04320158298293346
2022-06-08,0.04339430218196789
2022-06-09,0.043087658279888176
2022-06-10,0.042571122423844324
2022-06-13,0.04222883892068684
2022-06-14,0.04210685714285714
2022-06-15,0.04211643846780766
2022-06-16,0.04276483078424992
2022-06-21,0.04265756448613245
2022-06-22,0.04276355268469924
2022-06-23,0.042455995165189366
2022-06-24,0.042609940437862204
2022-06-27,0.04283260364044584
2022-06-28,0.04258272603507648
2022-06-29,0.04224043506078055
2022-06-30,0.042353501557134875
2022-07-01,0.04207072140294938
2022-07-04,0.0421190948789202
2022-07-05,0.04140221077654516
2022-07-06,0.04111825302634702
2022-07-07,0.041008652022756005
2022-07-08,0.04126451104100946
2022-07-11,0.04093327836670593
2022-07-12,0.041178869817383806
2022-07-13,0.041340079799718356
2022-07-14,0.04094065625
2022-07-15,0.04113364522417154
2022-07-18,0.04134708711504151
2022-07-19,0.04177057457023386
2022-07-20,0.04139124285051785
2022-07-21,0.0415368652569841
2022-07-22,0.04158557114228456
2022-07-25,0.04154134969325153
2022-07-26,0.04116157790021426
2022-07-27,0.04120652356580857
2022-07-28,0.0413199206833435
2022-07-29,0.04148052106345699
2022-08-01,0.041650526954280086
2022-08-02,0.04130371406959153
2022-08-03,0.04121076876604743
2022-08-04,0.041634748190591084
2022-08-05,0.04157554368274513
2022-08-08,0.04160858725761773
2022-08-09,0.04169967874486366
2022-08-10,0.0424084595300261
2022-08-11,0.04240252476353616
2022-08-12,0.04213435619288208
2022-08-16,0.04146418384689277
2022-08-17,0.041471747952482846
2022-08-18,0.04095859351988218
2022-08-19,0.04075610633766615
2022-08-22,0.040255869437939115
2022-08-23,0.040400613362541075
2022-08-24,0.04040469558877142
2022-08-25,0.040418413391557495
2022-08-26,0.040515519244734934
2022-08-29,0.04070004337767496
2022-08-30,0.04083866522366522
2022-08-31,0.04101756649607151
2022-09-01,0.04064412716679853
2022-09-05,0.04038429569432563
2022-09-06,0.0401985842344906
2022-09-07,0.040684637784090906
2022-09-08,0.040750789939780374
2022-09-09,0.04089209930683265
2022-09-12,0.041320094180489174
2022-09-13,0.04070666993968298
2022-09-14,0.04078203387458007
2022-09-15,0.04081282821229051
2022-09-16,0.04073501950947603
2022-09-19,0.040823993904550805
2022-09-20,0.0404470201880531
2022-09-21,0.03985953481951826
2022-09-22,0.03990248002204464
2022-09-23,0.039380624312431244
2022-09-26,0.03895082045672091
2022-09-27,0.038833594869345706
2022-09-28,0.039477318534658856
2022-09-29,0.039830325695247165
2022-09-30,0.03983539913114309
2022-10-03,0.03991553666599205
2022-10-04,0.04066594656437176
2022-10-05,0.04032452982267598
2022-10-06,0.04005222520107239
2022-10-11,0.039724785984471433
2022-10-12,0.03944633209745763
2022-10-13,0.039812881692002644
2022-10-14,0.03955539435505144
2022-10-17,0.04007325245901639
2022-10-18,0.04011569166339485
2022-10-19,0.03980020237628933
2022-10-20,0.03991442251319133
2022-10-21,0.040140977956954295
2022-10-24,0.04034340183533669
2022-10-25,0.04067669589889089
2022-10-26,0.041124171439603584
2022-10-27,0.040739835570685334
2022-10-28,0.0405538007947699
2022-10-31,0.04039327002740425
2022-11-01,0.04041236648016277
2022-11-02,0.04049812817258883
2022-11-03,0.03985016464032422
2022-11-04,0.04070236290118777
2022-11-07,0.04132333563405911
2022-11-08,0.04151703086844906
2022-11-09,0.04124408823897013
2022-11-10,0.04175818941330507
2022-11-11,0.04258889234598631
2022-11-14,0.042515378909630364
2022-11-15,0.04272189735998026
2022-11-16,0.042611035883547733
2022-11-17,0.04241529671949871
2022-11-18,0.04240216938350288
2022-11-22,0.04227025104856848
2022-11-23,0.042544139771900025
2022-11-24,0.042662114884086916
2022-11-25,0.04270894377679812
2022-11-28,0.04264974189675871
2022-11-29,0.04243707474844274
2022-11-30,0.042371981109516975
2022-12-01,0.04311645599809206
2022-12-02,0.04319897078945802
2022-12-05,0.04316931898794041
2022-12-06,0.04310456074104667
2022-12-07,0.0433012889935256
2022-12-12,0.04332736768395868
2022-12-13,0.04367651475467086
2022-12-14,0.04390702121476315
2022-12-15,0.04367060154301294
2022-12-16,0.043734968152866247
2022-12-19,0.043843306451612905
2022-12-20,0.04395275685620652
2022-12-21,0.043825436079871466
2022-12-22,0.04370304818655819
2022-12-23,0.043876201098146876
2022-12-26,0.04392842997780686
2022-12-27,0.04385560920193127
2022-12-28,0.04388082199546485
2022-12-29,0.04415225704265188
2022-12-30,0.044385459471664036
2023-01-02,0.04411738984002245
2023-01-03,0.043811224489795915
2023-01-04,0.04423173625881563
2023-01-05,0.04376003688387169
2023-01-06,0.04438368758716876
2023-01-09,0.04481772447109779
2023-01-10,0.044738324647965406
2023-01-11,0.044746333093485365
2023-01-12,0.045151008454439964
2023-01-13,0.045122894025486845
2023-01-16,0.045009160263446764
2023-01-17,0.04504159679982464
2023-01-18,0.04507570701821563
2023-01-19,0.04521674403364098
2023-01-20,0.04537822840010902
2023-01-23,0.04553733796170743
2023-01-24,0.04560982727814175
2023-01-25,0.045858514835432095
2023-01-26,0.0456152331102957
2023-01-27,0.045653138300738104
2023-01-30,0.04554190072898799
2023-01-31,0.04570446524064171
2023-02-01,0.045848005766458436
2023-02-02,0.04594194700645093
2023-02-03,0.04552510903095415
2023-02-06,0.04487886944106604
2023-02-07,0.04524068172224567
2023-02-08,0.0451554911772452
2023-02-09,0.04536587455969717
2023-02-10,0.04499032596714083
2023-02-13,0.0450960344377772
2023-02-14,0.04526340955258087
2023-02-15,0.045071639463561707
2023-02-16,0.045163854172068654
2023-02-17,0.045063921528029405
2023-02-22,0.044851495255193635
2023-02-23,0.04473792432543137
2023-02-24,0.044615770645952575
2023-02-27,0.044880082312890604
2023-02-28,0.04514774537154451
2023-03-01,0.04563751075568153
2023-03-02,0.0451098650629201
2023-03-03,0.04527386019770022
2023-03-06,0.04535826226547607
2023-03-07,0.04482415364583334
2023-03-08,0.04469413353338334
2023-03-09,0.04486175883409862
2023-03-10,0.045156922233846465
2023-03-13,0.04516793322104429
2023-03-14,0.04512106200821498
2023-03-15,0.04389507306477094
2023-03-16,0.044130432640189225
2023-03-17,0.044482994000196716
2023-03-20,0.04467856060235662
2023-03-21,0.04525542386108672
2023-03-22,0.045715123186288835
2023-03-23,0.04600133637865682
2023-03-27,0.04542646321473339
2023-03-28,0.045866507890685144
2023-03-29,0.04600324051848296
2023-03-30,0.04633318951052304
2023-03-31,0.046232941007607296
2023-04-03,0.04644617103199125
2023-04-04,0.04663939652718475
2023-04-05,0.046519851339835244
2023-04-10,0.04651054407423028
2023-04-11,0.04647790512724551
2023-04-12,0.04710848114264376
2023-04-13,0.04756536705794671
2023-04-14,0.0470885169688517
2023-04-17,0.04665549958406507
2023-04-18,0.04680289480962478
2023-04-19,0.04678647231929373
2023-04-20,0.04669929354557548
2023-04-21,0.04672656843453988
2023-04-24,0.047045760864629214
2023-04-25,0.046642006610223205
2023-04-26,0.0469498984519565
2023-04-27,0.04694747297297297
2023-04-28,0.046850035925992455
2023-05-02,0.046602012018695745
2023-05-03,0.04711780195381883
2023-05-04,0.0470439920248117
2023-05-05,0.047088296132596685
2023-05-08,0.04707233472435757
2023-05-09,0.04685596579697435
2023-05-10,0.04675846827133479
2023-05-11,0.046338344978165934
2023-05-12,0.045965178883071556
2023-05-15,0.046065543996532295
2023-05-16,0.04591832107312852
2023-05-17,0.045820276278868984
2023-05-18,0.04539511848341232
2023-05-19,0.04552987755102041
2023-05-22,0.04563834435673139
2023-05-23,0.04547728452862312
2023-05-24,0.04543698833510074
2023-05-29,0.04520836516264428
2023-05-30,0.04521204521666318
2023-05-31,0.04495554070981211
2023-06-01,0.04546280957336108
2023-06-02,0.04534406892256591
2023-06-05,0.04553816907216495
2023-06-06,0.04535990955806783
2023-06-07,0.04526586858316222
2023-06-08,0.045538997750051144
2023-06-09,0.045371226780975715
2023-06-12,0.045202029983792545
2023-06-13,0.04531817887494941
2023-06-14,0.0454963185483871
2023-06-15,0.04600641433460842
2023-06-16,0.04600323912607737
2023-06-21,0.046247480643240024
2023-06-22,0.04631666666666667
2023-06-23,0.0461303557312253
2023-06-26,0.04614717203456402
2023-06-27,0.04641297159647405
2023-06-28,0.046092507328512805
2023-06-29,0.04584968774395004
2023-06-30,0.045938994935722635
2023-07-03,0.04600493214424196
2023-07-04,0.045889874686716785
2023-07-05,0.0457059267822736
2023-07-06,0.045529462365591404
2023-07-07,0.04599604597701149
2023-07-10,0.04611759238095238
2023-07-11,0.04614227583586627
2023-07-12,0.04679347850785835
2023-07-13,0.047188954038206915
2023-07-14,0.04728333521976986
2023-07-17,0.0472795351452671
2023-07-18,0.04702717728376612
2023-07-19,0.04682568762828886
2023-07-20,0.046427841458876073
2023-07-21,0.04627594358879199
2023-07-24,0.045918321033210335
2023-07-25,0.04585704344624447
2023-07-26,0.046044543119266056
2023-07-27,0.04579194800439399
2023-07-28,0.045975107782243334
2023-07-31,0.04607657765667575
2023-08-01,0.04576973384030419
2023-08-02,0.0456671052631579
2023-08-03,0.0452095900755124
2023-08-04,0.04548473241453374
2023-08-07,0.04540460098870056
2023-08-08,0.045169771287825476
2023-08-09,0.04523249517797651
2023-08-10,0.04526074772886094
2023-08-11,0.045499011658256476
2023-08-14,0.04538111158736963
2023-08-15,0.04527529714285714
2023-08-16,0.0452067295327904
2023-08-17,0.04510681240177168
2023-08-18,0.04528267752536076
2023-08-22,0.0450706243749107
2023-08-23,0.045095827975425065
2023-08-24,0.04478260285714286
2023-08-25,0.044825361325335614
2023-08-28,0.044751538791255895
2023-08-29,0.04513898285714286
2023-08-30,0.045319411428571425
2023-08-31,0.04507387714285714
2023-09-01,0.04472251928020565
2023-09-04,0.04473632285714286
2023-09-05,0.04435317428571429
2023-09-06,0.04421062
2023-09-07,0.04386907843977711
2023-09-08,0.043930747249607084
2023-09-11,0.043813721960280036
2023-09-12,0.043672698956993855
2023-09-13,0.0440633452363948
2023-09-14,0.043297914285714285
2023-09-15,0.04349566
2023-09-18,0.04377881142857143
2023-09-19,0.04368414630661523
2023-09-20,0.043860996858040555
2023-09-21,0.043641822857142853
2023-09-22,0.04358418797314669
2023-09-25,0.04352917011855449
2023-09-26,0.04326738
2023-09-27,0.04307875142857143
2023-09-28,0.04335554635052135
2023-09-29,0.04333412773253322
2023-10-02,0.042929510069990004
2023-10-03,0.04271532923868019
2023-10-04,0.04303740857142857
2023-10-05,0.04313747428571428
2023-10-06,0.04327243359040274
2023-10-09,0.04320680948300485
2023-10-10,0.043132822050842616
2023-10-11,0.043191319622964866
2023-10-12,0.042651561651664525
2023-10-17,0.042847289345901166
2023-10-18,0.042725912596401024
2023-10-19,0.04302333476210887
2023-10-20,0.043024632090298616
2023-10-23,0.043353101871695957
2023-10-24,0.04303389055579369
2023-10-25,0.0427895344187375
2023-10-26,0.0427924646378054
2023-10-27,0.04289121017288184
2023-10-30,0.04319076153736248
2023-10-31,0.04301667428571428
2023-11-01,0.042830404343477645
2023-11-02,0.04343822336475293
2023-11-03,0.04402222222222222
2023-11-07,0.04334915714285714
2023-11-08,0.04348922703243321
2023-11-09,0.0437496985283612
2023-11-10,0.043480717245320766
2023-11-13,0.043535425060722964
2023-11-14,0.04440556412453584
2023-11-15,0.044386051848703784
2023-11-16,0.0444075371339652
2023-11-17,0.04446044921599096
2023-11-21,0.04454065177693497
2023-11-22,0.0445039809229906
2023-11-23,0.0446919372461129
2023-11-24,0.04478601230425056
2023-11-27,0.044954529247910865
2023-11-28,0.0453374909596662
2023-11-29,0.045230038888888886
2023-11-30,0.04481210263522885
2023-12-01,0.044760553863195794
2023-12-04,0.0443527824527521
2023-12-05,0.044317793996144314
2023-12-06,0.04437758317294473
2023-12-07,0.044465194805194806
2023-12-11,0.04399684929635196
2023-12-12,0.04403249556556147
2023-12-13,0.04399065691605725
2023-12-14,0.04505174141161774
2023-12-15,0.044563677443515165
2023-12-18,0.04460362945427361
2023-12-19,0.044747333623856064
2023-12-20,0.04475494463108125
2023-12-21,0.04468934220343198
2023-12-22,0.044815316557937246
2023-12-26,0.04500672863605379
2023-12-27,0.04500267773098836
2023-12-28,0.04481913237205273
2023-12-29,0.044781198589894246
2024-01-02,0.04441799062538546
2024-01-03,0.04426110467266675
2024-01-04,0.044345308611555986
2024-01-05,0.04446420586062546
2024-01-08,0.04473832514131236
2024-01-09,0.044482996070726914
2024-01-10,0.04460939992637134
2024-01-11,0.0443390164336522
2024-01-12,0.04439689093137255
2024-01-15,0.04433921232876712
2024-01-16,0.04391261337244835
2024-01-17,0.04394310285853897
2024-01-18,0.043764058837890626
2024-01-19,0.04393827497865072
2024-01-22,0.043968413683954224
2024-01-23,0.043556472806910815
2024-01-24,0.04394503404669261
2024-01-25,0.04379338274605103
2024-01-26,0.043874466302367944
2024-01-29,0.043517805380513815
2024-01-30,0.04376731500544992
2024-01-31,0.04372884559535334
2024-02-01,0.043749507800217684
2024-02-02,0.04323669890003626
2024-02-05,0.04302093003618818
2024-02-06,0.0430848776371308
2024-02-07,0.04311478438930378
2024-02-08,0.042680142065976395
2024-02-09,0.04274582100324793
2024-02-14,0.04223793500419715
2024-02-15,0.04237072738166567
2024-02-16,0.04234758083832336
2024-02-19,0.04227543324967132
2024-02-20,0.04262719899665552
2024-02-21,0.04267030791263874
2024-02-22,0.04268724800190863
2024-02-23,0.042702924067230905
2024-02-26,0.042722627884844155
2024-02-27,0.042849674236119364
2024-02-28,0.04276538077699893
2024-02-29,0.04261847898361434
2024-03-01,0.04272591335311572
2024-03-04,0.042777821090047394
2024-03-05,0.04285720355029586
2024-03-06,0.04299263157894737
2024-03-07,0.0431471536643026
2024-03-08,0.0431976633195511
2024-03-11,0.04313672995283019
2024-03-12,0.0431668956982911
2024-03-13,0.04337246968805179
2024-03-14,0.04316316941176471
2024-03-15,0.043283860082304525
2024-03-18,0.04307281407624634
2024-03-19,0.04299669753810082
2024-03-20,0.043097132473622506
2024-03-21,0.042904829039812645
2024-03-22,0.04262356582796957
2024-03-25,0.04283535747663551
2024-03-26,0.042796310566258024
2024-03-27,0.042721714452214454
2024-04-03,0.042760443670150985
2024-04-04,0.04293245850261173
2024-04-05,0.04281995014492753
2024-04-08,0.04282068402777778
2024-04-09,0.0426846963562753
2024-04-10,0.0422675710982659
2024-04-11,0.042312281917966495
2024-04-12,0.04203376110790537
2024-04-15,0.04200851036866359
2024-04-16,0.04207709383995394
2024-04-17,0.04224364462334675
2024-04-18,0.04213613333333333
2024-04-19,0.0421851933448078
2024-04-22,0.042189286697247703
2024-04-23,0.042440138681948424
2024-04-24,0.04239084306987399
2024-04-25,0.04267340389016018
2024-04-26,0.042495686857142854
2024-04-29,0.04264392355961209
2024-04-30,0.042453290359383916
2024-05-02,0.04289010706150342
2024-05-03,0.0429837609561753
2024-05-06,0.04309230340909091
2024-05-07,0.042968984667802385
2024-05-08,0.042944258650028364
2024-05-09,0.04322156235827664
2024-05-10,0.043239129745042494
2024-05-13,0.04353106561085973
2024-05-14,0.04362602033898305
2024-05-15,0.04401408469791079
2024-05-16,0.043989688487584645
2024-05-17,0.04404122278623802
2024-05-20,0.04396821947101857
2024-05-21,0.043918785151856016
2024-05-22,0.04382927599775155
2024-05-23,0.043710114606741575
2024-05-24,0.04403714991577765
2024-05-27,0.043978855064353665
2024-05-28,0.04405771572467823
2024-05-29,0.043719095691102404
2024-05-30,0.043845418344519015
2024-05-31,0.043925151312116134
2024-06-03,0.04412342251950948
2024-06-04,0.04402067224080267
2024-06-05,0.04411485698386199
2024-06-06,0.04436872160356347
2024-06-07,0.043860803114571745
2024-06-10,0.0436965532150776
2024-06-11,0.04343671286031042
2024-06-12,0.04394155740432613
2024-06-13,0.04345143458980044
2024-06-14,0.043263073602656334
2024-06-18,0.04324212154696133
2024-06-19,0.043135800550964186
2024-06-24,0.043114598789212984
2024-06-25,0.04314901540154015
2024-06-26,0.04288955543358946
2024-06-27,0.04264283269336259
2024-06-28,0.042767940789473685
2024-07-01,0.04263301531728666
2024-07-02,0.042661570256971024
2024-07-03,0.04288091147540983
2024-07-04,0.043040927947598256
2024-07-05,0.043060572984749454
2024-07-08,0.04301704300489929
2024-07-10,0.04260594997281131
2024-07-11,0.04281885108695652
2024-07-12,0.04305593814432989
2024-07-15,0.04292987865655471
2024-07-16,0.04301463779101245
2024-07-17,0.043269438311688314
2024-07-18,0.043201396002161
2024-07-19,0.043140079784366576
2024-07-22,0.04312110523475445
2024-07-23,0.04274819633225459
2024-07-24,0.042668122844827586
2024-07-25,0.042764282795698924
2024-07-26,0.04285114331723028
2024-07-29,0.042615936695278966
2024-07-30,0.04252749383378016
2024-07-31,0.042512126609442064
2024-08-01,0.04261157877813505
2024-08-02,0.043108465240641713
2024-08-05,0.04331123035809727
2024-08-06,0.04322156219967966
2024-08-07,0.04321801281366791
2024-08-08,0.043187775880469584
2024-08-09,0.043263823216187436
2024-08-12,0.043417099521021824
2024-08-13,0.04356292397660819
2024-08-14,0.04378647927736451
2024-08-15,0.04349792989909719
2024-08-16,0.04371546504237288
2024-08-19,0.04403618008474577
2024-08-20,0.04424211011116993
2024-08-21,0.04449487195767196
2024-08-22,0.04427129492600423
2024-08-23,0.044690141275698474
2024-08-26,0.044614574434508156
2024-08-27,0.04470832315789473
2024-08-28,0.044324080042127435
2024-08-29,0.044234478443743425
2024-08-30,0.044149135815416886
2024-09-02,0.04421452885624344
2024-09-03,0.0439222579968537
2024-09-04,0.04419420743844945
2024-09-05,0.0443742346778418
2024-09-06,0.044274431106471814
2024-09-09,0.044078494522691705
2024-09-10,0.04394522651356994
2024-09-11,0.043902588419405315
2024-09-12,0.04399413951067153
2024-09-13,0.044078883575883576
2024-09-16,0.04421472453222453
2024-09-17,0.044294041580041583
2024-09-18,0.04456526621691749
2024-09-19,0.04448220446289569
2024-09-20,0.04454462040393579
2024-09-23,0.044237804347826086
2024-09-24,0.04450021831350233
2024-09-25,0.04427286274509804
2024-09-26,0.04448279814145586
2024-09-27,0.04441759690721649
2024-09-30,0.04424074085522926
2024-10-01,0.043762144181256436
2024-10-02,0.04361916932578487
2024-10-03,0.04356444295991778
2024-10-04,0.043285546434068754
2024-10-07,0.04327580522808816
2024-10-08,0.04333431573552025
2024-10-09,0.04315255327868853
2024-10-10,0.04307318590398366
2024-10-14,0.04315758163265306
2024-10-15,0.04313896379398266
2024-10-16,0.04295108256880734
2024-10-17,0.04290464493122771
2024-10-18,0.0430817216861351
2024-10-21,0.042803821138211386
2024-10-22,0.0428452686642966
2024-10-23,0.04260776560121766
2024-10-24,0.04292545537525355
2024-10-25,0.04274563765182186
2024-10-28,0.042636287303995955
2024-10-29,0.042631743174924165
2024-10-30,0.04281500101010101
2024-10-31,0.04288679637096775
2024-11-01,0.04277653977844914
2024-11-04,0.04298043504531722
2024-11-05,0.04313896329813977
2024-11-07,0.04277653969849246
2024-11-08,0.04239048445336008
2024-11-11,0.042032701402805614
2024-11-12,0.0417820901352028
2024-11-13,0.04180846746746746
2024-11-14,0.041754873436718354
2024-11-15,0.041772490773067335
2024-11-19,0.04182315453639083
2024-11-20,0.04166215346287992
2024-11-21,0.04134896915422886
2024-11-22,0.04109848063555114
2024-11-25,0.041455932472691165
2024-11-26,0.041416957341269836
2024-11-27,0.04184888349033218
2024-11-28,0.041746855302279486
2024-11-29,0.041862022738507164
2024-12-02,0.04156396938271605
2024-12-03,0.04182525432098765
2024-12-04,0.04186587857847976
2024-12-05,0.042101895411938824
2024-12-06,0.0420491383554899
2024-12-09,0.0421217570093458
2024-12-10,0.04190763520157325
2024-12-11,0.04183750270270271
2024-12-12,0.04190781157998037
2024-12-13,0.04197218912297893
2024-12-16,0.04200833447432763
2024-12-17,0.04187850220264317
2024-12-18,0.04171463863080685
2024-12-19,0.04122555327468231
2024-12-20,0.041522031219512194
2024-12-23,0.04133632085561498
2024-12-26,0.041430684798445847
2024-12-27,0.041331195346582646
2024-12-30,0.04130917054263566
2024-12-31,0.041073665697674414
2025-01-02,0.04081149539951574
2025-01-03,0.040960272332206664
2025-01-06,0.04128529406084017
2025-01-07,0.04125548745173745
2025-01-08,0.04102597780993729
2025-01-09,0.04103995277108434
2025-01-10,0.0408728811928812
2025-01-13,0.04048238846153846
2025-01-14,0.04072606436119117
2025-01-15,0.04076657485604607
2025-01-16,0.040715452015355084
2025-01-17,0.040689441570881224
2025-01-20,0.04119803917821309
2025-01-21,0.0414585100286533
2025-01-22,0.041415756679389314
2025-01-23,0.04157260848831665
2025-01-24,0.041909743565300285
2025-01-27,0.041816334126606375
2025-01-28,0.04155775071360609
2025-01-29,0.04148826723728007
2025-01-30,0.04146555893536122
2025-01-31,0.041370180351210255
2025-02-03,0.04073369504387005
2025-02-04,0.04125735926013754
2025-02-05,0.041428968231389286
2025-02-06,0.04142896800189618
2025-02-07,0.041085984371300024
2025-02-10,0.04111165925224799
2025-02-11,0.041233712257453856
2025-02-12,0.041652262124438136
2025-02-13,0.04161620704325218
2025-02-14,0.04199298747932908
2025-02-17,0.04183890394146802
2025-02-18,0.04165278281397545
2025-02-19,0.041444936511682795
2025-02-20,0.04184030384524652
2025-02-21,0.04172804148008484
2025-02-24,0.04192397549481621
2025-02-25,0.042131162505887894
2025-02-26,0.0420909084059336
2025-02-27,0.041647578253706755
2025-02-28,0.04149670345151444
2025-03-05,0.04317267371388302
2025-03-06,0.04314249976514795
2025-03-07,0.043472968588842004
2025-03-10,0.0432956660412758
2025-03-11,0.04373381809657759
2025-03-12,0.043577542067026014
2025-03-13,0.043337320524835986
2025-03-14,0.043470322882545626
2025-03-17,0.04355267945718296
2025-03-18,0.04374376613657623
2025-03-19,0.043540543117550824
2025-03-20,0.043353290322580645
2025-03-21,0.043310667288847415
2025-03-25,0.04340541544203406
2025-03-26,0.0431913207371122
2025-03-27,0.043227167171834925
2025-03-28,0.04339354913833256
2025-03-31,0.0433397616387337
2025-04-01,0.04327468155384973
2025-04-03,0.04401059813953489
2025-04-04,0.04335949349442379
2025-04-07,0.043288356877323415
2025-04-08,0.04341314099883856
2025-04-09,0.043746637270828496
2025-04-10,0.04470512534818941
2025-04-11,0.04500146289424861
2025-04-14,0.045176300500834723
2025-04-15,0.04493978083333333
2025-04-16,0.04547521585903084
2025-04-21,0.046005143510054844
2025-04-22,0.045650844202898555
2025-04-23,0.045324751724137934
2025-04-24,0.04556618228279387
2025-04-25,0.045629388627618644
2025-04-28,0.04572285568760612
2025-04-29,0.045663559656652364
2025-04-30,0.04546177777777778
2025-05-05,0.04531550916666666
2025-05-06,0.04556639028475712
2025-05-07,0.04555455871886121
2025-05-08,0.045039770197486534
2025-05-09,0.04512228169014085
2025-05-12,0.04437541607773852
2025-05-13,0.044820337627721016
2025-05-14,0.04486940724381626
2025-05-15,0.04481089806678383
2025-05-16,0.04475694746059545
2025-05-19,0.04514428133216477
2025-05-20,0.045304217943107225
2025-05-21,0.04558570767888307
2025-05-22,0.045265459269044475
2025-05-23,0.04573916806352007
2025-05-26,0.04573895888013998
2025-05-27,0.045522415224913494
2025-05-28,0.04528083189655172
2025-05-29,0.045654803888419276
2025-05-30,0.04558321464646464
2025-06-02,0.04591073104616688
2025-06-03,0.04570258614864865
2025-06-04,0.046048996204133275
2025-06-05,0.046128652392947105
2025-06-06,0.04597912526360186
2025-06-09,0.04609463206751055
2025-06-10,0.04609059570887673
2025-06-11,0.04642331556683588
2025-06-12,0.046718275105485235
2025-06-13,0.0465211489001692
2025-06-17,0.04626630862068965
2025-06-18,0.04638154398249453
2025-06-19,0.046289867469879516
2025-06-23,0.0466039684030743
2025-06-24,0.04692566538952746
2025-06-25,0.04707167100293747
2025-06-26,0.047365304749894914
2025-06-27,0.047320477712363335
2025-06-30,0.04758256763485477
2025-07-01,0.04772996317512275
2025-07-02,0.04781806183889341
2025-07-03,0.0477265458976442
2025-07-04,0.04777100483870968
2025-07-07,0.04749285205696203
2025-07-08,0.047548856573705174
2025-07-10,0.04744418167330677
2025-07-11,0.0473731581450654
2025-07-14,0.0472627765625
2025-07-15,0.04700683968253968
2025-07-16,0.04722795479777954
2025-07-17,0.04699358555729984
2025-07-18,0.047217697511664075
2025-07-21,0.047470307450980395
2025-07-22,0.04771424910465579
2025-07-23,0.047872544298768374
2025-07-24,0.047950821540880505
2025-07-25,0.047792009375
2025-07-28,0.04715468648648649
2025-07-29,0.04689903563129357
2025-07-30,0.046685340684410645
2025-07-31,0.04645890247452693
2025-08-01,0.046883644428152495
2025-08-04,0.047081866176470595
2025-08-05,0.04709051251400822
2025-08-06,0.04742573123123123
2025-08-07,0.04756084206558613
2025-08-08,0.04774295173453997
2025-08-11,0.047443281391830565
2025-08-12,0.04771037874762808
2025-08-13,0.04786337852246763
2025-08-14,0.04751451538461538
2025-08-18,0.047672622583139986
2025-08-19,0.04765762785299807
2025-08-20,0.04766103458877786
2025-08-21,0.04725451254752852
2025-08-22,0.04782720968962907
2025-08-25,0.047438555066079295
2025-08-26,0.047457240692959826
2025-08-27,0.047436304557243424
2025-08-28,0.04763424531132783
2025-08-29,0.04783544634873324
2025-09-01,0.04791911224489796
2025-09-02,0.04752535488611315
2025-09-03,0.04773292471538744
2025-09-04,0.047605899449541286
2025-09-05,0.048074842804428045
2025-09-08,0.04820764017033357
2025-09-09,0.04812782774444052
2025-09-10,0.047989020021074816
2025-09-11,0.048171180865921794
2025-09-12,0.04827699380591879
2025-09-15,0.0484273224267212
2025-09-16,0.04880286589516678
2025-09-17,0.04880905866395389
2025-09-18,0.04853709189555782
2025-09-19,0.04837625084745762
2025-09-22,0.04869758309659091
2025-09-23,0.04873555588020453
2025-09-24,0.04826161644859814
2025-09-25,0.047867961106955875
2025-09-26,0.04821833257918552
2025-09-29,0.048214613235294114
2025-09-30,0.04826580942028986
2025-10-01,0.04833720028109627
2025-10-02,0.048254629694629694
2025-10-03,0.04837905931905932
2025-10-06,0.048176054545454546
2025-10-07,0.047857881077299755
2025-10-08,0.047592984615384616
2025-10-09,0.04745116056338028
2025-10-13,0.047614059303187545
2025-10-14,0.04776165
2025-10-15,0.04789891449275363
2025-10-16,0.04809981669044222
2025-10-17,0.04801621034482758
2025-10-20,0.047937489491525424
2025-10-21,0.047768494464944654
2025-10-22,0.04778036333109469
2025-10-23,0.04773657065584855
2025-10-24,0.04781028887399463
2025-10-27,0.04781943414634146
2025-10-28,0.04796186054421769
2025-10-29,0.04782172075208914
2025-10-30,0.04751474130737135
2025-10-31,0.04734041522491349
2025-11-03,0.04737091430499325
2025-11-04,0.047076989683631366
2025-11-05,0.047147127410468316
2025-11-07,0.04765490247349823
2025-11-10,0.04761859415698697
2025-11-11,0.047805489030431705
2025-11-12,0.04784070963172804
2025-11-13,0.048212985775248934
2025-11-14,0.04806791019244476
2025-11-17,0.04800353280461427
2025-11-18,0.047887675
2025-11-19,0.04769035620334163
2025-11-20,0.04764627438596491
2025-11-25,0.04798602625215889
2025-11-26,0.047964851049191605
2025-11-27,0.047980039999999995
2025-11-28,0.047977047881501894
2025-12-01,0.04810097347571478
2025-12-02,0.04807276288659794
2025-12-03,0.04841231796283551
2025-12-04,0.04813964335180055
2025-12-05,0.04811439651567944
2025-12-09,0.04789317891816921
2025-12-10,0.04803212382608695
2025-12-11,0.04856608635097493
2025-12-12,0.04837695350451076
2025-12-15,0.048275362530413625
2025-12-16,0.0483547305306685
2025-12-17,0.048181625775327364
2025-12-18,0.04811555410062026
2025-12-19,0.048193932413793106
2025-12-22,0.04832085055096418
2025-12-23,0.048444448656099245
2025-12-26,0.04858496316695353
2025-12-29,0.04840763074811256
2025-12-30,0.04854345360824742
2025-12-31,0.048584962886597936
2026-01-02,0.04855382440677966
2026-01-05,0.04840411632653061
2026-01-06,0.04842638432708688
2026-01-07,0.04813570410958904
2026-01-08,0.047972905054644806
2026-01-09,0.04791153583617747
2026-01-12,0.04802312776831346
2026-01-13,0.04804897117364448
2026-01-14,0.048023589125946314
2026-01-15,0.047803432338653716
2026-01-16,0.047755720279720276
2026-01-19,0.047930826071802025
2026-01-20,0.048212055768560476
2026-01-21,0.04809472771758127
2026-01-22,0.048425915355019236
2026-01-23,0.04860834333565945
2026-01-26,0.049041965217391306
2026-01-27,0.049411264471403815
2026-01-28,0.0491497099342333
2026-01-29,0.04917847352024922
2026-01-30,0.048786199032481
2026-02-02,0.04855924741557546
2026-02-03,0.04855146680497925
2026-02-04,0.048384677720207256
2026-02-05,0.04868075173370319
2026-02-06,0.04880119832402234
2026-02-09,0.049139083333333326
2026-02-10,0.04904509174964438
2026-02-11,0.049007836428571434
2026-02-12,0.04892798781362007
2026-02-13,0.04894020007145409
2026-02-18,0.048704461318051576
2026-02-19,0.04852249028077754
2026-02-20,0.04862252398255815
2026-02-23,0.04869639766508573
2026-02-24,0.048670563563926114
2026-02-25,0.048741494639027876
2026-02-26,0.04854722443181818
2026-02-27,0.04875884395132427
2026-03-02,0.04823298494623656
2026-03-03,0.047493980212014134
2026-03-04,0.04773110174937523
2026-03-05,0.04751587064676618
2026-03-06,0.04754523940677966
2026-03-09,0.04737921822033898
2026-03-10,0.047752527142857146
2026-03-11,0.047433379656160464
2026-03-12,0.04713823736106131
2026-03-13,0.04672067571428572
2026-03-16,0.04700153724928367
2026-03-17,0.04723687893982808
2026-03-18,0.04712535365853658
2026-03-19,0.047219034779490854
2026-03-20,0.047136238043869114
2026-03-25,0.04732361306715063
2026-03-26,0.04702496564327485
2026-03-27,0.04694571211573237
2026-03-30,0.04666486194563662
2026-03-31,0.04699115629522431
2026-04-01,0.04729585939741751
2026-04-06,0.047066575735821965
2026-04-07,0.047284677199281866
2026-04-08,0.04788423495495495
2026-04-09,0.04807391817523533
2026-04-10,0.04810097372262774
2026-04-13,0.04815401550960118
2026-04-14,0.04846299633431085
2026-04-15,0.0484752119205298
2026-04-16,0.04839755670103093
2026-04-17,0.04859794943202639
2026-04-20,0.04850883805374002
2026-04-21,0.04829448055252635
2026-04-22,0.0480662931785196
2026-04-23,0.04800076795977012
2026-04-24,0.04806837227581279
2026-04-27,0.04813825335215244
2026-04-28,0.04807738554645781
2026-04-29,0.0479142910528207
2026-04-30,0.048093108554996405
2026-05-04,0.047931515151515156
2026-05-05,0.047965541277817665
2026-05-06,0.04827815922190202
2026-05-07,0.048329724928366756
2026-05-08,0.04844374463519314
2026-05-11,0.04841747466762487
2026-05-12,0.04819857803468208
2026-05-13,0.04810907255747126
2026-05-14,0.04802243637670741
2026-05-15,0.047797948368590894
2026-05-18,0.04792990765926987
2026-05-19,0.047735658798283266
2026-05-20,0.047801832498210454
2026-05-21,0.047904880172724
2026-05-22,0.0478320142551675
2026-05-26,0.047905568391211906
2026-05-27,0.04786521132743363
2026-05-28,0.047992474468085106
2026-05-29,0.048005607244318176
2026-06-01,0.047936570126227214
2026-06-02,0.04801713244569026
2026-06-03,0.04791704622871046
2026-06-04,0.048009525234946046
2026-06-05,0.047602726830961464
2026-06-08,0.04766944071897684
2026-06-09,0.047777395558639836
2026-06-10,0.04779200907504363
2026-06-11,0.0477650722513089
2026-06-12,0.047963931372549014
2026-06-16,0.04807461190393317
2026-06-17,0.04783865001734304
2026-06-18,0.04732047760165403
2026-06-19,0.047403474332648875
2026-06-22,0.047234424221690045
2026-06-23,0.04697151206252123
2026-06-24,0.04682174036511156
2026-06-25,0.04688034732566012
2026-06-26,0.046931391333784704
2026-06-29,0.04710204657441782
2026-06-30,0.04704908164642375
2026-07-01,0.046977028206850235
2026-07-02,0.04725361962365591
2026-07-03,0.04731644743029896
2026-07-06,0.047327420787083754
2026-07-07,0.04717337131367293
2026-07-08,0.047076324596774195
2026-07-13,0.046885622807017545
2026-07-14,0.047127130139313626
2026-07-15,0.047415612071888776
2026-07-16,0.04721769715447154
2026-07-17,0.04720231867388363
2026-07-20,0.04717337137069548
2026-07-21,0.04715624297800339
2026-07-22,0.04718895414699932
2026-07-23,0.04700374613834789
2026-07-24,0.04711802605210421
2026-07-27,0.047064803607214434
2026-07-28,0.04712513150867824
2026-07-29,0.047237548128342244
2026-07-30,0.04764604704301075
2026-07-31,0.04763174949494949
2026-08-03,0.04750819531772576
2026-08-04,0.04766944117647059
2026-08-05,0.04777853725359171
2026-08-06,0.04753190596865622
2026-08-07,0.04764173440106773
2026-08-10,0.04758415245737211
2026-08-11,0.04756197316336799
2026-08-12,0.04753439088166275
2026-08-13,0.047588002010723864
2026-08-14,0.04773315226890756
2026-08-18,0.04783658996655519
2026-08-19,0.04825369873079492
2026-08-20,0.048390296593186374
2026-08-21,0.04845571647765177
2026-08-24,0.048395449006622515
2026-08-25,0.04848038240158783
2026-08-26,0.048297979524438574
2026-08-27,0.04822902976190476
