,usd_por_unidad
1997-11-21,0.1514
1997-11-24,0.1521
1997-11-25,0.1519
1997-11-26,0.1499
1997-11-27,0.1499
1997-11-28,0.1496
1997-12-01,0.1485
1997-12-02,0.1489
1997-12-03,0.1493
1997-12-04,0.1491
1997-12-05,0.1481
1997-12-09,0.1473
1997-12-10,0.1479
1997-12-11,0.1491
1997-12-12,0.1489
1997-12-15,0.1489
1997-12-16,0.148
1997-12-17,0.1491
1997-12-18,0.1484
1997-12-19,0.1492
1997-12-22,0.1483
1997-12-23,0.1486
1997-12-24,0.1488
1997-12-26,0.1487
1997-12-29,0.1477
1997-12-30,0.1474
1998-01-02,0.1464
1998-01-05,0.1456
1998-01-06,0.1441
1998-01-07,0.1448
1998-01-08,0.1449
1998-01-09,0.1453
1998-01-12,0.1451
1998-01-13,0.1449
1998-01-14,0.1449
1998-01-15,0.1443
1998-01-16,0.1442
1998-01-19,0.1438
1998-01-27,0.1551
1998-02-02,0.1451
1998-02-03,0.1453
1998-02-04,0.1464
1998-02-05,0.1477
1998-02-06,0.1464
1998-02-09,0.1452
1998-02-10,0.1456
1998-02-11,0.1451
1998-02-12,0.1458
1998-02-13,0.1449
1998-02-16,0.1452
1998-02-17,0.1444
1998-02-18,0.1448
1998-02-19,0.1447
1998-02-20,0.1446
1998-02-23,0.147
1998-02-24,0.1464
1998-02-25,0.1454
1998-02-26,0.1456
1998-02-27,0.1454
1998-03-02,0.1455
1998-03-03,0.1458
1998-03-04,0.1452
1998-03-05,0.1444
1998-03-06,0.1438
1998-03-09,0.1443
1998-03-10,0.1439
1998-03-11,0.144
1998-03-12,0.1444
1998-03-13,0.1454
1998-03-16,0.1448
1998-03-17,0.145
1998-03-18,0.1443
1998-03-19,0.1441
1998-03-20,0.144
1998-03-23,0.1443
1998-03-24,0.1443
1998-03-25,0.1442
1998-03-26,0.1447
1998-03-27,0.1444
1998-03-30,0.1428
1998-03-31,0.1426
1998-04-01,0.1423
1998-04-02,0.1424
1998-04-03,0.1424
1998-04-06,0.1431
1998-04-07,0.1433
1998-04-08,0.1453
1998-04-13,0.1446
1998-04-14,0.1462
1998-04-15,0.1463
1998-04-16,0.146
1998-04-17,0.1458
1998-04-20,0.1464
1998-04-21,0.1474
1998-04-22,0.147
1998-04-23,0.1465
1998-04-24,0.1471
1998-04-27,0.1472
1998-04-28,0.1469
1998-04-29,0.1468
1998-04-30,0.1468
1998-05-04,0.148
1998-05-05,0.1489
1998-05-06,0.1492
1998-05-07,0.1491
1998-05-08,0.1488
1998-05-11,0.1484
1998-05-12,0.1487
1998-05-13,0.1484
1998-05-14,0.1484
1998-05-15,0.1478
1998-05-18,0.1476
1998-05-19,0.1477
1998-05-20,0.149
1998-05-21,0.1502
1998-05-22,0.1501
1998-05-26,0.1491
1998-05-27,0.148
1998-05-28,0.1481
1998-05-29,0.1478
1998-06-01,0.1483
1998-06-02,0.1483
1998-06-03,0.149
1998-06-04,0.1495
1998-06-05,0.1487
1998-06-09,0.1482
1998-06-10,0.1482
1998-06-11,0.1461
1998-06-12,0.1463
1998-06-16,0.1468
1998-06-17,0.1478
1998-06-18,0.1469
1998-06-19,0.1477
1998-06-22,0.1471
1998-06-23,0.1464
1998-06-24,0.1465
1998-06-25,0.1469
1998-06-26,0.1456
1998-06-29,0.1455
1998-06-30,0.1463
1998-07-01,0.1452
1998-07-02,0.1449
1998-07-03,0.145
1998-07-07,0.1456
1998-07-08,0.1451
1998-07-10,0.1451
1998-07-13,0.1466
1998-07-14,0.1463
1998-07-15,0.1464
1998-07-16,0.1475
1998-07-17,0.1479
1998-07-20,0.1481
1998-07-21,0.1474
1998-07-22,0.1474
1998-07-23,0.1475
1998-07-24,0.1484
1998-07-27,0.1479
1998-07-28,0.1491
1998-07-29,0.1489
1998-07-30,0.1483
1998-07-31,0.1482
1998-08-03,0.1478
1998-08-04,0.1487
1998-08-05,0.1491
1998-08-06,0.149
1998-08-07,0.1481
1998-08-10,0.1483
1998-08-11,0.1481
1998-08-12,0.1489
1998-08-13,0.1478
1998-08-14,0.1464
1998-08-18,0.1468
1998-08-19,0.1468
1998-08-20,0.147
1998-08-21,0.1469
1998-08-24,0.1468
1998-08-25,0.1467
1998-08-26,0.1463
1998-08-27,0.1466
1998-08-28,0.1493
1998-08-31,0.15
1998-09-01,0.1509
1998-09-02,0.1506
1998-09-03,0.1527
1998-09-04,0.1526
1998-09-07,0.1524
1998-09-08,0.1527
1998-09-09,0.153
1998-09-10,0.1566
1998-09-11,0.1562
1998-09-14,0.1549
1998-09-15,0.1553
1998-09-16,0.1557
1998-09-17,0.1561
1998-09-18,0.1562
1998-09-21,0.1567
1998-09-22,0.1566
1998-09-23,0.1564
1998-09-24,0.1578
1998-09-25,0.1576
1998-09-28,0.1578
1998-09-29,0.1579
1998-09-30,0.1582
1998-10-01,0.1603
1998-10-02,0.1611
1998-10-05,0.1622
1998-10-06,0.162
1998-10-07,0.1634
1998-10-08,0.1648
1998-10-09,0.1613
1998-10-13,0.1615
1998-10-14,0.161
1998-10-15,0.1621
1998-10-16,0.1637
1998-10-19,0.1623
1998-10-20,0.1609
1998-10-21,0.1607
1998-10-22,0.1611
1998-10-23,0.1613
1998-10-26,0.1604
1998-10-27,0.1598
1998-10-28,0.1598
1998-10-29,0.1598
1998-10-30,0.1595
1998-11-02,0.16
1998-11-03,0.1595
1998-11-04,0.1585
1998-11-05,0.1595
1998-11-06,0.1582
1998-11-09,0.1563
1998-11-10,0.1565
1998-11-11,0.1574
1998-11-12,0.1564
1998-11-13,0.1568
1998-11-16,0.1584
1998-11-17,0.1583
1998-11-18,0.1585
1998-11-19,0.1571
1998-11-20,0.1565
1998-11-23,0.1549
1998-11-24,0.1549
1998-11-25,0.1551
1998-11-26,0.1551
1998-11-27,0.1543
1998-11-30,0.1558
1998-12-01,0.1571
1998-12-02,0.1581
1998-12-03,0.1581
1998-12-04,0.1574
1998-12-09,0.1583
1998-12-10,0.1595
1998-12-11,0.16
1998-12-14,0.1602
1998-12-15,0.1594
1998-12-16,0.1586
1998-12-17,0.1587
1998-12-18,0.1586
1998-12-21,0.1578
1998-12-22,0.1578
1998-12-23,0.1577
1998-12-24,0.157
1998-12-28,0.157
1998-12-29,0.1579
1998-12-30,0.1576
1999-01-04,0.1594
1999-01-05,0.1587
1999-01-06,0.1568
1999-01-07,0.1576
1999-01-08,0.1559
1999-01-11,0.1557
1999-01-12,0.1558
1999-01-13,0.1579
1999-01-14,0.1578
1999-01-15,0.156
1999-01-18,0.1567
1999-01-19,0.1569
1999-01-20,0.1563
1999-01-21,0.1566
1999-01-22,0.1565
1999-01-28,0.154
1999-02-01,0.1533
1999-02-02,0.1531
1999-02-03,0.1531
1999-02-04,0.1528
1999-02-05,0.1522
1999-02-08,0.1526
1999-02-09,0.1529
1999-02-12,0.1525
1999-02-16,0.1512
1999-02-17,0.1517
1999-02-18,0.1517
1999-02-19,0.1497
1999-02-22,0.1492
1999-02-23,0.1487
1999-02-26,0.1485
1999-03-01,0.1473
1999-03-02,0.1477
1999-03-03,0.1472
1999-03-04,0.1464
1999-03-05,0.1467
1999-03-08,0.1474
1999-03-09,0.147
1999-03-10,0.1483
1999-03-11,0.1481
1999-03-12,0.1479
1999-03-15,0.1479
1999-03-16,0.1477
1999-03-17,0.1491
1999-03-18,0.1487
1999-03-22,0.1476
1999-03-23,0.1477
1999-03-24,0.1478
1999-03-25,0.1469
1999-03-26,0.1454
1999-03-29,0.145
1999-03-30,0.1451
1999-03-31,0.1461
1999-04-05,0.145
1999-04-06,0.1468
1999-04-07,0.146
1999-04-08,0.1458
1999-04-09,0.1459
1999-04-12,0.1467
1999-04-13,0.1456
1999-04-14,0.1459
1999-04-15,0.1449
1999-04-16,0.1448
1999-04-19,0.1437
1999-04-20,0.1434
1999-04-21,0.1436
1999-04-23,0.1436
1999-04-26,0.1431
1999-04-27,0.1441
1999-04-30,0.1431
1999-05-03,0.1429
1999-05-04,0.1436
1999-05-05,0.1456
1999-05-06,0.1459
1999-05-07,0.1458
1999-05-10,0.1456
1999-05-11,0.1448
1999-05-12,0.1456
1999-05-14,0.1456
1999-05-17,0.1443
1999-05-18,0.1456
1999-05-20,0.1438
1999-05-28,0.1456
1999-05-31,0.1456
1999-06-01,0.1414
1999-06-02,0.1399
1999-06-03,0.1456
1999-06-04,0.1456
1999-06-07,0.1456
1999-06-10,0.1417
1999-06-11,0.1427
1999-06-15,0.1407
1999-06-17,0.1398
1999-06-18,0.1404
1999-06-22,0.1394
1999-06-23,0.1395
1999-06-24,0.1405
1999-06-25,0.1412
1999-06-28,0.1403
1999-06-29,0.1398
1999-06-30,0.1393
1999-07-01,0.1386
1999-07-02,0.1385
1999-07-05,0.1383
1999-07-06,0.1385
1999-07-07,0.1381
1999-07-12,0.1371
1999-07-13,0.1376
1999-07-19,0.138
1999-07-20,0.1408
1999-07-21,0.1423
1999-07-22,0.1421
1999-07-23,0.1413
1999-07-26,0.1439
1999-07-27,0.1434
1999-07-28,0.1439
1999-07-29,0.1448
1999-07-30,0.1445
1999-08-02,0.1442
1999-08-03,0.1445
1999-08-04,0.1455
1999-08-05,0.1457
1999-08-06,0.145
1999-08-09,0.1446
1999-08-10,0.1452
1999-08-11,0.144
1999-08-12,0.1438
1999-08-13,0.1429
1999-08-17,0.1422
1999-08-18,0.1422
1999-08-19,0.1438
1999-08-20,0.144
1999-08-23,0.142
1999-08-24,0.1423
1999-08-25,0.141
1999-08-26,0.1413
1999-08-27,0.1414
1999-08-30,0.1414
1999-08-31,0.1432
1999-09-02,0.1445
1999-09-03,0.1434
1999-09-06,0.1431
1999-09-07,0.143
1999-09-08,0.1431
1999-09-09,0.1427
1999-09-10,0.1406
1999-09-13,0.1407
1999-09-14,0.1398
1999-09-15,0.1407
1999-09-16,0.1408
1999-09-17,0.1407
1999-09-20,0.1406
1999-09-21,0.1416
1999-09-22,0.1413
1999-09-24,0.1412
1999-09-28,0.1428
1999-09-29,0.1438
1999-09-30,0.1443
1999-10-01,0.145
1999-10-04,0.1449
1999-10-05,0.1447
1999-10-06,0.1451
1999-10-07,0.1449
1999-10-08,0.1435
1999-10-12,0.1454
1999-10-13,0.1457
1999-10-14,0.1457
1999-10-19,0.1464
1999-10-20,0.1452
1999-10-21,0.146
1999-10-22,0.1443
1999-10-25,0.1444
1999-10-26,0.1431
1999-10-27,0.1425
1999-10-28,0.1424
1999-11-01,0.1418
1999-11-02,0.1423
1999-11-03,0.1419
1999-11-04,0.14
1999-11-05,0.1405
1999-11-08,0.1402
1999-11-09,0.1404
1999-11-10,0.1411
1999-11-11,0.1406
1999-11-12,0.1396
1999-11-15,0.1394
1999-11-16,0.1395
1999-11-17,0.1406
1999-11-18,0.1391
1999-11-19,0.1395
1999-11-22,0.1397
1999-11-23,0.1389
1999-11-24,0.1376
1999-11-25,0.1378
1999-11-26,0.1372
1999-11-29,0.1365
1999-11-30,0.1362
1999-12-01,0.1361
1999-12-02,0.1355
1999-12-03,0.1354
1999-12-06,0.1384
1999-12-07,0.1382
1999-12-09,0.1377
1999-12-10,0.1372
1999-12-13,0.1367
1999-12-14,0.136
1999-12-15,0.1361
1999-12-16,0.1373
1999-12-17,0.1363
1999-12-20,0.1362
1999-12-21,0.1364
1999-12-22,0.1362
1999-12-23,0.1374
2000-01-03,0.1378
2000-01-04,0.1392
2000-01-05,0.1396
2000-01-06,0.1393
2000-01-07,0.139
2000-01-12,0.1391
2000-01-13,0.1385
2000-01-14,0.137
2000-01-17,0.1365
2000-01-18,0.1367
2000-01-20,0.1369
2000-01-21,0.1362
2000-01-24,0.1354
2000-01-25,0.1356
2000-01-26,0.1353
2000-01-27,0.1336
2000-01-28,0.1316
2000-01-29,0.1317
2000-02-01,0.1311
2000-02-02,0.1318
2000-02-03,0.1342
2000-02-04,0.1321
2000-02-07,0.1321
2000-02-08,0.1334
2000-02-09,0.1317
2000-02-10,0.1334
2000-02-11,0.133
2000-02-14,0.1323
2000-02-15,0.133
2000-02-16,0.133
2000-02-17,0.133
2000-02-18,0.133
2000-02-21,0.1333
2000-02-22,0.1358
2000-02-23,0.1354
2000-02-24,0.1341
2000-02-25,0.1316
2000-02-28,0.1308
2000-02-29,0.1305
2000-03-01,0.1305
2000-03-02,0.1303
2000-03-03,0.1302
2000-03-06,0.1297
2000-03-07,0.1287
2000-03-08,0.1292
2000-03-09,0.1307
2000-03-10,0.1304
2000-03-13,0.13
2000-03-14,0.1303
2000-03-15,0.1311
2000-03-16,0.1312
2000-03-17,0.1312
2000-03-20,0.1312
2000-03-21,0.131
2000-03-22,0.1298
2000-03-23,0.1309
2000-03-24,0.1313
2000-03-27,0.1303
2000-03-28,0.1299
2000-03-29,0.1285
2000-03-30,0.1297
2000-03-31,0.1293
2000-04-03,0.1291
2000-04-04,0.1298
2000-04-05,0.1299
2000-04-06,0.1294
2000-04-07,0.1294
2000-04-10,0.1298
2000-04-11,0.1292
2000-04-12,0.1287
2000-04-13,0.1286
2000-04-14,0.1289
2000-04-17,0.1288
2000-04-18,0.1283
2000-04-19,0.1265
2000-04-24,0.127
2000-04-25,0.1246
2000-04-26,0.1245
2000-04-27,0.1226
2000-04-28,0.1228
2000-05-02,0.1221
2000-05-03,0.1209
2000-05-04,0.1204
2000-05-05,0.121
2000-05-08,0.1212
2000-05-16,0.122
2000-05-17,0.1204
2000-05-18,0.1206
2000-05-19,0.1208
2000-05-22,0.1219
2000-05-23,0.122
2000-05-24,0.1229
2000-05-26,0.1259
2000-05-29,0.125
2000-05-30,0.1256
2000-05-31,0.1259
2000-06-01,0.1254
2000-06-02,0.127
2000-06-05,0.1275
2000-06-06,0.1285
2000-06-07,0.1295
2000-06-08,0.1288
2000-06-09,0.1282
2000-06-12,0.1286
2000-06-13,0.1297
2000-06-14,0.1293
2000-06-15,0.1285
2000-06-16,0.13
2000-06-20,0.1287
2000-06-21,0.1274
2000-06-22,0.1266
2000-06-23,0.1264
2000-06-26,0.1265
2000-06-27,0.1273
2000-06-28,0.1272
2000-06-29,0.1282
2000-06-30,0.1288
2000-07-03,0.1282
2000-07-04,0.1283
2000-07-05,0.1286
2000-07-06,0.1282
2000-07-07,0.1278
2000-07-10,0.1285
2000-07-11,0.1282
2000-07-12,0.1269
2000-07-17,0.1262
2000-07-18,0.1255
2000-07-19,0.1246
2000-07-20,0.1257
2000-07-21,0.1265
2000-07-24,0.1259
2000-07-27,0.1258
2000-07-28,0.1247
2000-07-31,0.1251
2000-08-01,0.1243
2000-08-02,0.1233
2000-08-03,0.1221
2000-08-04,0.1224
2000-08-07,0.1226
2000-08-09,0.1214
2000-08-10,0.1225
2000-08-11,0.1219
2000-08-14,0.1222
2000-08-15,0.1232
2000-08-16,0.1234
2000-08-17,0.1235
2000-08-18,0.1225
2000-08-22,0.1211
2000-08-23,0.1211
2000-08-24,0.1217
2000-08-25,0.1218
2000-08-29,0.124
2000-08-30,0.1204
2000-08-31,0.12
2000-09-01,0.1214
2000-09-04,0.121
2000-09-05,0.1198
2000-09-06,0.1173
2000-09-07,0.118
2000-09-08,0.1167
2000-09-11,0.1161
2000-09-12,0.116
2000-09-13,0.1164
2000-09-14,0.1164
2000-09-15,0.1158
2000-09-18,0.1149
2000-09-19,0.1145
2000-09-20,0.1144
2000-09-21,0.1158
2000-09-22,0.1188
2000-09-25,0.1179
2000-09-26,0.1186
2000-09-27,0.1184
2000-09-28,0.119
2000-09-29,0.1191
2000-10-02,0.1187
2000-10-03,0.1181
2000-10-04,0.1179
2000-10-05,0.1174
2000-10-06,0.1172
2000-10-09,0.1171
2000-10-10,0.1174
2000-10-11,0.1174
2000-10-12,0.1169
2000-10-13,0.1165
2000-10-17,0.115
2000-10-18,0.113
2000-10-19,0.1138
2000-10-20,0.114
2000-10-23,0.1131
2000-10-24,0.1133
2000-10-25,0.1115
2000-10-26,0.1124
2000-10-31,0.1147
2000-11-01,0.1161
2000-11-02,0.1161
2000-11-03,0.1166
2000-11-07,0.116
2000-11-08,0.1155
2000-11-09,0.1158
2000-11-10,0.1162
2000-11-13,0.1161
2000-11-14,0.1157
2000-11-15,0.1157
2000-11-16,0.1151
2000-11-17,0.115
2000-11-20,0.1144
2000-11-21,0.1144
2000-11-22,0.1135
2000-11-23,0.1132
2000-11-27,0.1148
2000-11-28,0.1156
2000-11-29,0.1158
2000-11-30,0.1176
2000-12-01,0.118
2000-12-04,0.1199
2000-12-05,0.119
2000-12-06,0.12
2000-12-07,0.1199
2000-12-11,0.1184
2000-12-12,0.1185
2000-12-13,0.1182
2000-12-19,0.1201
2000-12-20,0.1222
2000-12-21,0.1231
2000-12-22,0.1245
2000-12-26,0.1252
2000-12-27,0.1256
2000-12-28,0.1249
2001-01-02,0.1261
2001-01-04,0.1275
2001-01-05,0.1288
2001-01-08,0.1278
2001-01-09,0.1269
2001-01-10,0.1268
2001-01-11,0.1282
2001-01-12,0.1279
2001-01-15,0.1282
2001-01-17,0.1282
2001-01-24,0.1282
2001-01-26,0.1282
2001-01-29,0.1238
2001-01-30,0.1248
2001-01-31,0.1255
2001-02-01,0.1267
2001-02-05,0.1265
2001-02-06,0.1252
2001-02-07,0.1258
2001-02-08,0.1239
2001-02-09,0.1249
2001-02-12,0.1253
2001-02-13,0.1239
2001-02-15,0.122
2001-02-16,0.1235
2001-02-23,0.1232
2001-02-26,0.1226
2001-02-27,0.123
2001-02-28,0.1244
2001-03-01,0.1254
2001-03-02,0.1258
2001-03-05,0.1252
2001-03-06,0.1257
2001-03-07,0.1249
2001-03-08,0.1251
2001-03-09,0.1256
2001-03-12,0.1252
2001-03-13,0.1231
2001-03-14,0.1229
2001-03-15,0.122
2001-03-16,0.1204
2001-03-19,0.1212
2001-03-20,0.122
2001-03-22,0.1195
2001-03-23,0.1203
2001-03-26,0.1207
2001-03-27,0.1201
2001-03-28,0.1198
2001-03-30,0.1185
2001-04-03,0.1204
2001-04-04,0.1215
2001-04-05,0.1208
2001-04-06,0.1218
2001-04-09,0.1216
2001-04-10,0.1196
2001-04-11,0.1195
2001-04-16,0.1197
2001-04-17,0.1187
2001-04-18,0.1195
2001-04-19,0.1202
2001-04-20,0.1218
2001-04-23,0.1209
2001-04-24,0.1207
2001-04-25,0.121
2001-04-26,0.1213
2001-04-30,0.1195
2001-05-02,0.1205
2001-05-03,0.1199
2001-05-04,0.1206
2001-05-07,0.12
2001-05-08,0.1192
2001-05-09,0.1192
2001-05-10,0.1188
2001-05-11,0.1182
2001-05-16,0.1193
2001-05-17,0.1189
2001-05-18,0.1184
2001-05-21,0.1182
2001-05-22,0.1166
2001-05-24,0.1159
2001-05-28,0.116
2001-05-29,0.1156
2001-05-30,0.1157
2001-06-01,0.1144
2001-06-06,0.1144
2001-06-07,0.1147
2001-06-08,0.1147
2001-06-12,0.1145
2001-06-13,0.1151
2001-06-14,0.1164
2001-06-15,0.1164
2001-06-19,0.1152
2001-06-20,0.1153
2001-06-21,0.1154
2001-06-22,0.1156
2001-06-25,0.1163
2001-06-26,0.1166
2001-06-27,0.1165
2001-06-28,0.1141
2001-06-29,0.1145
2001-07-02,0.1144
2001-07-03,0.1146
2001-07-04,0.1143
2001-07-05,0.1131
2001-07-06,0.1144
2001-07-10,0.1156
2001-07-11,0.116
2001-07-12,0.1152
2001-07-13,0.1153
2001-07-16,0.1155
2001-07-17,0.1162
2001-07-18,0.1179
2001-07-19,0.1176
2001-07-20,0.1178
2001-07-23,0.1174
2001-07-24,0.1183
2001-07-25,0.119
2001-07-26,0.1186
2001-07-27,0.1182
2001-07-30,0.1182
2001-07-31,0.1181
2001-08-01,0.1189
2001-08-02,0.1192
2001-08-03,0.1195
2001-08-06,0.1191
2001-08-07,0.1186
2001-08-08,0.1188
2001-08-09,0.1206
2001-08-10,0.1209
2001-08-13,0.1214
2001-08-14,0.1219
2001-08-15,0.1231
2001-08-16,0.1237
2001-08-17,0.1239
2001-08-21,0.1231
2001-08-22,0.1238
2001-08-23,0.1235
2001-08-24,0.1232
2001-08-27,0.1232
2001-08-28,0.123
2001-08-29,0.1229
2001-08-30,0.1239
2001-08-31,0.1229
2001-09-03,0.1227
2001-09-04,0.1198
2001-09-05,0.1203
2001-09-06,0.1209
2001-09-07,0.1224
2001-09-10,0.1216
2001-09-12,0.1226
2001-09-13,0.1229
2001-09-14,0.1244
2001-09-17,0.1246
2001-09-18,0.1248
2001-09-19,0.1258
2001-09-21,0.1233
2001-09-24,0.1234
2001-09-25,0.1248
2001-09-26,0.1248
2001-09-27,0.1242
2001-09-28,0.1234
2001-10-02,0.1239
2001-10-03,0.1237
2001-10-09,0.1236
2001-10-10,0.124
2001-10-11,0.122
2001-10-12,0.1231
2001-10-15,0.1228
2001-10-16,0.123
2001-10-17,0.1222
2001-10-18,0.1225
2001-10-19,0.1217
2001-10-24,0.1209
2001-10-25,0.1213
2001-10-26,0.1206
2001-10-29,0.1222
2001-10-30,0.1226
2001-10-31,0.1214
2001-11-01,0.1221
2001-11-02,0.1217
2001-11-05,0.1212
2001-11-07,0.1213
2001-11-08,0.1204
2001-11-09,0.1207
2001-11-12,0.121
2001-11-13,0.1189
2001-11-15,0.1191
2001-11-19,0.1189
2001-11-20,0.1195
2001-11-22,0.1188
2001-11-23,0.1186
2001-11-26,0.119
2001-11-27,0.1193
2001-11-28,0.1198
2001-11-29,0.12
2001-12-04,0.1203
2001-12-05,0.1197
2001-12-06,0.1206
2001-12-07,0.1202
2001-12-10,0.1201
2001-12-11,0.1204
2001-12-12,0.121
2001-12-14,0.122
2001-12-18,0.1219
2001-12-19,0.1216
2001-12-20,0.1213
2002-01-11,0.1207
2002-01-14,0.12059999999999998
2002-01-15,0.16770000000000002
2002-01-16,0.11950000000000001
2002-01-17,0.1194
2002-01-18,0.1198
2002-01-21,0.11960000000000001
2002-01-22,0.12000000000000001
2002-01-23,0.1189
2002-01-24,0.1189
2002-01-25,0.1171
2002-01-28,0.11670000000000001
2002-01-29,0.11710000000000001
2002-01-30,0.1169
2002-01-31,0.11650000000000002
2002-02-01,0.11670000000000001
2002-02-11,0.1188
2002-02-12,0.1188
2002-02-13,0.11810000000000001
2002-02-14,0.1184
2002-02-15,0.1181
2002-02-18,0.1179
2002-02-19,0.1188
2002-02-20,0.11789999999999999
2002-02-21,0.1177
2002-02-22,0.1171
2002-02-25,0.1177
2002-02-26,0.11699999999999999
2002-02-27,0.117
2002-02-28,0.11760000000000001
2002-03-01,0.1171
2002-03-04,0.1179
2002-03-06,0.11870000000000001
2002-03-07,0.1196
2002-03-08,0.11820000000000001
2002-03-11,0.1187
2002-03-12,0.11860000000000001
2002-03-13,0.11869999999999999
2002-03-14,0.1195
2002-03-15,0.1195
2002-03-18,0.11950000000000001
2002-03-19,0.11939999999999999
2002-03-20,0.1197
2002-03-21,0.11950000000000001
2002-03-22,0.1187
2002-03-25,0.1187
2002-03-26,0.1187
2002-03-27,0.11820000000000001
2002-04-02,0.11889999999999999
2002-04-03,0.1192
2002-04-04,0.11879999999999999
2002-04-05,0.1191
2002-04-08,0.1184
2002-04-09,0.11920000000000001
2002-04-10,0.11910000000000001
2002-04-11,0.11950000000000001
2002-04-12,0.1191
2002-04-15,0.11899999999999998
2002-04-16,0.1194
2002-04-19,0.1207
2002-04-29,0.12219999999999999
2002-04-30,0.1219
2002-05-02,0.1223
2002-05-03,0.1242
2002-05-06,0.12399999999999999
2002-05-07,0.1237
2002-05-08,0.1225
2002-05-09,0.1229
2002-05-10,0.1235
2002-05-13,0.12329999999999999
2002-05-14,0.1221
2002-05-15,0.1228
2002-05-16,0.12329999999999999
2002-05-17,0.1246
2002-05-20,0.1246
2002-05-22,0.12519999999999998
2002-05-23,0.1249
2002-05-28,0.1256
2002-05-29,0.12639999999999998
2002-05-31,0.126
2002-06-03,0.127
2002-06-04,0.1276
2002-06-05,0.12710000000000002
2002-06-06,0.1278
2002-06-10,0.1274
2002-06-11,0.128
2002-06-12,0.1277
2002-06-13,0.1274
2002-06-14,0.128
2002-06-18,0.1285
2002-06-19,0.1293
2002-06-20,0.13040000000000002
2002-06-21,0.1304
2002-06-24,0.13219999999999998
2002-06-25,0.13160000000000002
2002-06-26,0.1336
2002-06-27,0.13360000000000002
2002-06-28,0.13410000000000002
2002-07-01,0.1337
2002-07-02,0.1332
2002-07-03,0.13290000000000002
2002-07-11,0.1341
2002-07-12,0.1339
2002-07-15,0.1363
2002-07-16,0.1363
2002-07-17,0.1365
2002-07-18,0.13620000000000002
2002-07-19,0.1372
2002-07-22,0.1362
2002-07-23,0.1342
2002-07-24,0.13470000000000001
2002-07-25,0.1353
2002-07-26,0.1338
2002-07-29,0.1324
2002-07-30,0.1331
2002-07-31,0.1325
2002-08-01,0.1332
2002-08-02,0.1336
2002-08-05,0.1329
2002-08-06,0.1307
2002-08-07,0.132
2002-08-08,0.13090000000000002
2002-08-09,0.1313
2002-08-12,0.1324
2002-08-13,0.1328
2002-08-14,0.1333
2002-08-15,0.13319999999999999
2002-08-16,0.13319999999999999
2002-08-20,0.1323
2002-08-21,0.1325
2002-08-22,0.1312
2002-08-23,0.1317
2002-08-26,0.13160000000000002
2002-08-27,0.1331
2002-08-28,0.1327
2002-08-29,0.1334
2002-08-30,0.1329
2002-09-02,0.13340000000000002
2002-09-03,0.1348
2002-09-04,0.1343
2002-09-05,0.1344
2002-09-06,0.1332
2002-09-09,0.1327
2002-09-10,0.1319
2002-09-11,0.13256519337016573
2002-09-12,0.13316685082872928
2002-09-13,0.1328
2002-09-16,0.13068000000000002
2002-09-17,0.13140000000000002
2002-09-18,0.13157506849315068
2002-09-19,0.13194604904632154
2002-09-20,0.1323065573770492
2002-09-23,0.1322
2002-09-24,0.13269999999999998
2002-09-25,0.13240000000000002
2002-09-26,0.1319
2002-09-27,0.1324
2002-09-30,0.1324
2002-10-01,0.1333
2002-10-02,0.1334
2002-10-03,0.1336
2002-10-04,0.1336
2002-10-07,0.1328
2002-10-08,0.1323
2002-10-09,0.1341
2002-10-10,0.13349999999999998
2002-10-11,0.13349999999999998
2002-10-15,0.13269999999999998
2002-10-16,0.1328
2002-10-17,0.1315
2002-10-18,0.13349999999999998
2002-10-21,0.1317
2002-10-22,0.1326
2002-10-23,0.1322
2002-10-24,0.1321
2002-10-25,0.13219999999999998
2002-10-28,0.1331
2002-10-29,0.1333
2002-10-30,0.133
2002-10-31,0.1338
2002-11-01,0.1349
2002-11-04,0.13470000000000001
2002-11-05,0.1353
2002-11-07,0.1365
2002-11-08,0.1371
2002-11-11,0.1368
2002-11-12,0.1368
2002-11-13,0.1363
2002-11-14,0.13599999999999998
2002-11-15,0.13649999999999998
2002-11-18,0.1364
2002-11-19,0.13599999999999998
2002-11-20,0.1358
2002-11-21,0.13520000000000001
2002-11-22,0.13499999999999998
2002-11-25,0.1345
2002-11-26,0.1343
2002-11-27,0.1341
2002-11-29,0.1346
2002-12-02,0.1347
2002-12-03,0.1349
2002-12-04,0.1355
2002-12-05,0.1353
2002-12-06,0.1364
2002-12-09,0.1365
2002-12-10,0.1366
2002-12-11,0.1365
2002-12-12,0.1379
2002-12-13,0.1379
2002-12-16,0.1383
2002-12-17,0.1389
2002-12-18,0.1387
2002-12-19,0.13849999999999998
2002-12-20,0.1389
2002-12-23,0.1387
2002-12-24,0.1387
2002-12-26,0.1402
2002-12-27,0.1408
2002-12-30,0.1418
2002-12-31,0.1419
2003-01-02,0.13999999999999999
2003-01-03,0.1408
2003-01-06,0.1416
2003-01-07,0.1409
2003-01-08,0.1418
2003-01-09,0.1418
2003-01-10,0.1429
2003-01-13,0.1428
2003-01-14,0.1428
2003-01-15,0.1429
2003-01-16,0.14320000000000002
2003-01-17,0.1442
2003-01-20,0.14450000000000002
2003-01-21,0.1449
2003-01-22,0.1449
2003-01-23,0.1455
2003-01-24,0.1466
2003-01-27,0.1466
2003-01-28,0.1464
2003-01-29,0.1465
2003-01-30,0.1457
2003-01-31,0.145
2003-02-03,0.1455
2003-02-04,0.1472
2003-02-05,0.1455
2003-02-06,0.1455
2003-02-07,0.14650000000000002
2003-02-10,0.1452
2003-02-11,0.1452
2003-02-12,0.14500000000000002
2003-02-13,0.1466
2003-02-14,0.14579999999999999
2003-02-17,0.14529999999999998
2003-02-18,0.1446
2003-02-19,0.1453
2003-02-20,0.1464
2003-02-21,0.14600000000000002
2003-02-24,0.1461
2003-02-25,0.146
2003-02-26,0.1461
2003-02-27,0.1449485893416928
2003-02-28,0.1452855799373041
2003-03-03,0.146198753894081
2003-03-04,0.14686446540880504
2003-03-05,0.14779779179810726
2003-03-06,0.1479072327044025
2003-03-07,0.14836803797468354
2003-03-10,0.14874299363057325
2003-03-11,0.1485444089456869
2003-03-12,0.14843408360128618
2003-03-13,0.14547564102564103
2003-03-14,0.14469679487179488
2003-03-17,0.14300000000000002
2003-03-18,0.1429797385620915
2003-03-19,0.14240963455149502
2003-03-20,0.1428775577557756
2003-03-21,0.1418841059602649
2003-03-24,0.14343076923076922
2003-03-25,0.14330748299319726
2003-03-26,0.14394689655172413
2003-03-27,0.1439263888888889
2003-03-28,0.1453489932885906
2003-04-01,0.14636993243243243
2003-04-02,0.14492758620689655
2003-04-03,0.14461310344827585
2003-04-04,0.14444620689655172
2003-04-07,0.14308206896551723
2003-04-08,0.14396780821917807
2003-04-09,0.1450958904109589
2003-04-10,0.14517993079584773
2003-04-11,0.14490655172413794
2003-04-14,0.14509590443686005
2003-04-15,0.14560271186440676
2003-04-16,0.1469938566552901
2003-04-21,0.14628442906574396
2003-04-22,0.1476014035087719
2003-04-23,0.14755774647887324
2003-04-24,0.14865454545454546
2003-04-25,0.14867692307692307
2003-04-28,0.14801643356643357
2003-04-29,0.14892035087719296
2003-04-30,0.1505343971631206
2003-05-02,0.15140035842293906
2003-05-05,0.1520682142857143
2003-05-06,0.15363357142857142
2003-05-07,0.15309247311827956
2003-05-08,0.1548225923244026
2003-05-09,0.15479892086330935
2003-05-12,0.15576317689530686
2003-05-13,0.15530361010830324
2003-05-14,0.15501464285714286
2003-05-15,0.15351549295774647
2003-05-16,0.15566632653061224
2003-05-19,0.156961301369863
2003-05-20,0.15743090277777777
2003-05-21,0.1575300950369588
2003-05-22,0.157704
2003-05-23,0.15941344827586207
2003-05-26,0.15941324041811844
2003-05-27,0.15989756097560975
2003-05-28,0.15845347222222222
2003-05-29,0.16002569444444445
2003-05-30,0.15862947368421051
2003-06-02,0.15840315789473683
2003-06-03,0.15822791519434629
2003-06-04,0.1575797306874557
2003-06-05,0.15979540636042402
2003-06-06,0.1576790780141844
2003-06-09,0.15825293072824156
2003-06-10,0.15740604982206405
2003-06-11,0.15847873848334515
2003-06-12,0.15850387870239774
2003-06-13,0.15994893617021277
2003-06-17,0.15921035714285714
2003-06-18,0.15735635062611808
2003-06-19,0.15802785714285714
2003-06-20,0.15595757575757574
2003-06-23,0.15559354838709677
2003-06-24,0.15482274368231047
2003-06-25,0.15617689530685921
2003-06-26,0.15391720430107528
2003-06-27,0.15391728789492368
2003-06-30,0.15477464285714287
2003-07-01,0.15593321428571427
2003-07-02,0.15530357142857143
2003-07-03,0.15446404293381039
2003-07-04,0.15446404293381039
2003-07-07,0.15227648114901257
2003-07-08,0.15216072072072073
2003-07-10,0.15320991675714804
2003-07-11,0.15211449275362318
2003-07-14,0.15167617328519856
2003-07-15,0.15030830324909747
2003-07-16,0.1508294964028777
2003-07-17,0.15062508960573476
2003-07-18,0.15181428571428573
2003-07-21,0.15257857142857142
2003-07-22,0.15234604316546765
2003-07-23,0.15432086330935252
2003-07-24,0.1540355871886121
2003-07-25,0.15501489361702128
2003-07-28,0.15475097001763669
2003-07-29,0.15436871704745164
2003-07-30,0.15304543889845096
2003-07-31,0.15119452054794522
2003-08-01,0.1513547619047619
2003-08-04,0.1528585448392555
2003-08-05,0.15267189097103917
2003-08-06,0.15253196581196582
2003-08-07,0.1529518771331058
2003-08-08,0.15213763661202187
2003-08-11,0.15295197255574614
2003-08-12,0.1521606896551724
2003-08-13,0.15234627383015598
2003-08-14,0.15137754749568222
2003-08-15,0.15137754749568222
2003-08-19,0.1497455928102316
2003-08-20,0.14947684391080615
2003-08-21,0.1469508474576271
2003-08-22,0.14651999999999998
2003-08-25,0.14647726495726496
2003-08-26,0.14662755102040817
2003-08-27,0.14645574324324323
2003-08-28,0.1464128813559322
2003-08-29,0.14792895805142084
2003-09-01,0.14792905405405404
2003-09-02,0.1460281879194631
2003-09-03,0.1463057046979866
2003-09-04,0.14705886332882273
2003-09-05,0.14949931740614333
2003-09-08,0.14956632653061225
2003-09-09,0.15126292517006804
2003-09-10,0.15094340265939313
2003-09-11,0.15064793103448276
2003-09-12,0.15227655172413793
2003-09-15,0.1522069204152249
2003-09-16,0.1506022805805114
2003-09-17,0.15209140893470788
2003-09-18,0.15144639175257732
2003-09-19,0.15306907216494844
2003-09-22,0.15467917383820998
2003-09-23,0.1543448275862069
2003-09-24,0.1545833910034602
2003-09-25,0.1546791018998273
2003-09-26,0.1545118760757315
2003-09-29,0.15603058419243984
2003-09-30,0.15683807890222984
2003-10-01,0.1574802065404475
2003-10-02,0.1574555785123967
2003-10-03,0.1557147313691508
2003-10-06,0.1575794621026895
2003-10-07,0.15850365471632438
2003-10-08,0.15895729786489324
2003-10-09,0.15752995066948555
2003-10-10,0.1589319943622269
2003-10-14,0.15785336623193513
2003-10-15,0.15661690140845072
2003-10-16,0.1567152411122844
2003-10-17,0.1566414762741652
2003-10-20,0.1569859894921191
2003-10-21,0.1569859649122807
2003-10-22,0.15913438596491228
2003-10-23,0.15845361911454672
2003-10-24,0.15913415492957747
2003-10-27,0.15827781690140846
2003-10-28,0.15723263157894735
2003-10-29,0.15703502626970228
2003-10-30,0.15659268292682926
2003-10-31,0.1560547993019197
2003-11-03,0.15429702276707533
2003-11-04,0.1547985989492119
2003-11-05,0.15403572679509633
2003-11-07,0.15491851071303125
2003-11-10,0.15477473684210527
2003-11-11,0.1547748251748252
2003-11-12,0.15659264448336252
2003-11-13,0.1573811518324607
2003-11-14,0.1578780487804878
2003-11-17,0.1577783595113438
2003-11-18,0.15994869109947643
2003-11-19,0.16002573913043477
2003-11-20,0.15989756944444444
2003-11-21,0.16028200692041522
2003-11-24,0.15827787366240942
2003-11-25,0.15862945205479453
2003-11-26,0.16028221476510066
2003-11-27,0.16028195615514335
2003-11-28,0.16123846153846152
2003-12-01,0.16079765100671142
2003-12-02,0.16244302521008402
2003-12-03,0.1623114478114478
2003-12-04,0.16297272727272727
2003-12-05,0.16326543001686342
2003-12-09,0.16401496598639456
2003-12-10,0.1641765306122449
2003-12-11,0.16353220338983052
2003-12-12,0.16531653703077445
2003-12-15,0.1655629854778791
2003-12-16,0.16575497135153353
2003-12-17,0.16675016880486157
2003-12-18,0.16680565847086562
2003-12-19,0.16647235333782873
2003-12-22,0.1667777027027027
2003-12-23,0.16680554616165033
2003-12-24,0.16747601351351352
2003-12-26,0.16733593220338983
2003-12-29,0.1678698164513936
2003-12-30,0.168378534923339
2003-12-31,0.16860580204778156
2004-01-02,0.16926198630136988
2004-01-05,0.17032881944444445
2004-01-06,0.1714677137870855
2004-01-07,0.1701257360581919
2004-01-08,0.17155601659751038
2004-01-09,0.17256262975778544
2004-01-12,0.17196906854130053
2004-01-13,0.17099860383944152
2004-01-14,0.17085252173913043
2004-01-15,0.16914764397905757
2004-01-16,0.16614057618882333
2004-01-19,0.1661407279029463
2004-01-20,0.16891876944348427
2004-01-21,0.16975051546391753
2004-01-22,0.17070673575129536
2004-01-23,0.16894742268041235
2004-01-26,0.16840687285223366
2004-01-27,0.16943406593406593
2004-01-28,0.16960650684931508
2004-01-29,0.16622323848238482
2004-01-30,0.16756045081967214
2004-02-02,0.166417094017094
2004-02-03,0.1682651670074983
2004-02-04,0.16840672782874616
2004-02-05,0.16926192893401015
2004-02-06,0.1705610829103215
2004-02-09,0.17018364565587735
2004-02-10,0.17047393526405452
2004-02-11,0.17179183673469386
2004-02-12,0.1720576988733356
2004-02-13,0.17105719178082193
2004-02-16,0.17105723098012338
2004-02-17,0.17250290399726684
2004-02-18,0.17167370572207083
2004-02-19,0.17067768313458262
2004-02-20,0.16820853242320818
2004-02-23,0.168804994868286
2004-02-24,0.17024168666438122
2004-02-25,0.16772879616963066
2004-02-26,0.16711236338797814
2004-02-27,0.16742011631885048
2004-03-01,0.16697294520547945
2004-03-02,0.1639345890410959
2004-03-03,0.16249587628865977
2004-03-04,0.16350547195622436
2004-03-05,0.1661406623420963
2004-03-08,0.1661405184174625
2004-03-09,0.1669171251719395
2004-03-10,0.1642304794520548
2004-03-11,0.1649076553381394
2004-03-12,0.16369296740994854
2004-03-15,0.16417653131452167
2004-03-16,0.16460904071773635
2004-03-17,0.1642037422037422
2004-03-18,0.166611014894354
2004-03-19,0.16496208695652176
2004-03-22,0.16611304954640613
2004-03-23,0.16580995475113122
2004-03-24,0.16371984706291276
2004-03-25,0.1635055632823366
2004-03-26,0.16294618055555557
2004-03-29,0.16318530128874956
2004-03-30,0.1637465034965035
2004-03-31,0.1652618881118881
2004-04-01,0.1660854430379747
2004-04-02,0.16276035087719296
2004-04-06,0.16246938053097343
2004-04-07,0.16377345701034607
2004-04-12,0.16210071174377225
2004-04-13,0.16035914742451154
2004-04-14,0.1603847795163585
2004-04-15,0.1605652945351313
2004-04-16,0.16152482269503549
2004-04-19,0.16144640962150691
2004-04-20,0.1600768417342263
2004-04-21,0.15941324921135644
2004-04-22,0.15933728636205094
2004-04-23,0.15883117338003502
2004-04-26,0.15943891242937855
2004-04-27,0.16015368346845257
2004-04-28,0.15921037868162694
2004-04-29,0.16041077676696988
2004-04-30,0.1610823943661972
2004-05-03,0.16033333333333333
2004-05-04,0.16220594405594407
2004-05-05,0.16358583391486392
2004-05-06,0.1623378284923928
2004-05-07,0.1598208904109589
2004-05-10,0.15933721727210418
2004-05-11,0.15905847953216373
2004-05-12,0.16015384615384615
2004-05-13,0.1586041737940472
2004-05-14,0.15969328743545613
2004-05-17,0.161733676975945
2004-05-18,0.16084932920536635
2004-05-19,0.1614987960096319
2004-05-20,0.16015389830508472
2004-05-21,0.16139451405350494
2004-05-24,0.1614205733558179
2004-05-26,0.16276029709655637
2004-05-27,0.16477171717171715
2004-05-28,0.16420357263228852
2004-05-31,0.1642037162162162
2004-06-01,0.1645820945945946
2004-06-02,0.1643655219313159
2004-06-03,0.16437634770889487
2004-06-04,0.1649619272237197
2004-06-07,0.16588421406933693
2004-06-08,0.16495646304421194
2004-06-09,0.16239054054054053
2004-06-10,0.16280815913688468
2004-06-11,0.16162916807005726
2004-06-14,0.16225852176847788
2004-06-15,0.16342547425474255
2004-06-16,0.16149881556683587
2004-06-17,0.16238243243243244
2004-06-18,0.16330256064690027
2004-06-22,0.1625962837837838
2004-06-23,0.1626517159361196
2004-06-24,0.163743807261622
2004-06-25,0.1633560067681895
2004-06-28,0.16383237774030354
2004-06-29,0.16315610249494267
2004-06-30,0.16315618661257605
2004-07-01,0.16364735772357725
2004-07-02,0.16364745762711863
2004-07-05,0.16364751869476546
2004-07-06,0.1654231292517007
2004-07-07,0.16645571767899559
2004-07-08,0.16672515212981742
2004-07-12,0.16685308056872036
2004-07-13,0.16553018995929444
2004-07-14,0.16669735054347826
2004-07-15,0.16609103260869565
2004-07-16,0.16744512402310566
2004-07-19,0.16708989145183176
2004-07-20,0.16644489657511022
2004-07-21,0.1645767016593295
2004-07-22,0.16500574712643676
2004-07-23,0.1631479609032693
2004-07-26,0.16345213301981862
2004-07-27,0.1623507061197041
2004-07-28,0.1622927731092437
2004-07-29,0.16173891129032258
2004-07-30,0.16166577181208056
2004-08-02,0.1618908603950452
2004-08-03,0.16216916916916918
2004-08-04,0.16207468605419698
2004-08-05,0.16223235294117647
2004-08-06,0.16517745098039216
2004-08-09,0.16492409240924094
2004-08-10,0.16556844547563807
2004-08-11,0.16440066115702479
2004-08-12,0.16455478087649403
2004-08-13,0.16631741293532337
2004-08-17,0.16599435590969455
2004-08-18,0.1657274236387782
2004-08-19,0.16611003989361703
2004-08-20,0.16546693253572617
2004-08-23,0.16389398471252908
2004-08-24,0.16242747326203208
2004-08-25,0.16254095620193915
2004-08-26,0.1626387504154204
2004-08-27,0.1615874335106383
2004-08-30,0.16222181576321915
2004-08-31,0.1638214881548215
2004-09-01,0.16396669996669996
2004-09-02,0.1635483011325783
2004-09-03,0.16226393059726393
2004-09-06,0.16226403743315507
2004-09-07,0.1625885103540414
2004-09-08,0.16373566666666667
2004-09-09,0.16399100599600266
2004-09-10,0.16521554300896713
2004-09-13,0.16462796129462798
2004-09-14,0.1648152610441767
2004-09-15,0.16320685023505707
2004-09-16,0.1635324414715719
2004-09-17,0.16367959866220735
2004-09-20,0.16359913217623498
2004-09-21,0.1650219707057257
2004-09-22,0.1646227045075125
2004-09-23,0.16563961255845022
2004-09-24,0.16591722296395192
2004-09-27,0.16549164996659985
2004-09-28,0.1654698795180723
2004-09-29,0.16551642091152816
2004-09-30,0.16703421670580343
2004-10-01,0.16658892617449664
2004-10-04,0.16494036388140162
2004-10-05,0.16566173503698722
2004-10-06,0.16543419723998654
2004-10-07,0.16529757901815736
2004-10-08,0.16706199460916443
2004-10-12,0.16706197372852813
2004-10-13,0.1650272543741588
2004-10-14,0.16659159663865544
2004-10-15,0.16758010118043845
2004-10-18,0.16794585448392554
2004-10-19,0.1682255232950709
2004-10-20,0.16941114864864867
2004-10-21,0.16981372549019608
2004-10-22,0.16995239702903445
2004-10-25,0.17231570080862535
2004-10-26,0.17136797847292295
2004-10-27,0.17125033647375504
2004-10-28,0.17158825503355707
2004-10-29,0.17176801346801346
2004-11-01,0.17160592792185922
2004-11-02,0.17089347311464323
2004-11-03,0.17198073673538355
2004-11-04,0.17314218169537318
2004-11-05,0.17407359891964888
2004-11-08,0.17394620040349695
2004-11-09,0.17396160323341192
2004-11-10,0.17362323232323232
2004-11-11,0.1736231884057971
2004-11-12,0.17448952702702702
2004-11-15,0.17409786657636303
2004-11-16,0.17461144986449867
2004-11-17,0.17522017723244715
2004-11-18,0.17448367346938778
2004-11-19,0.1756050933786078
2004-11-22,0.1754477966101695
2004-11-23,0.1762517006802721
2004-11-24,0.17727362338545205
2004-11-25,0.17727353041114507
2004-11-26,0.17899659979598778
2004-11-29,0.1790318536089461
2004-11-30,0.17869915110356538
2004-12-01,0.17927581521739133
2004-12-02,0.17858108108108106
2004-12-03,0.18048270070540814
2004-12-06,0.1811363484087102
2004-12-07,0.18080557421087978
2004-12-09,0.17869590053763443
2004-12-10,0.17753458697112154
2004-12-13,0.17916005379959649
2004-12-14,0.17876946308724834
2004-12-15,0.18054771505376344
2004-12-16,0.17872131147540982
2004-12-17,0.17879187646861364
2004-12-20,0.18010560053981106
2004-12-21,0.1799241658240647
2004-12-22,0.18005701754385964
2004-12-23,0.1813598510494245
2004-12-24,0.18195394514053503
2004-12-27,0.18182809861533267
2004-12-28,0.18306285714285714
2004-12-29,0.18253172205438065
2004-12-30,0.18330453781512604
2004-12-31,0.18322054380664654
2005-01-03,0.181277628032345
2005-01-04,0.1790800135043889
2005-01-05,0.17867676767676766
2005-01-06,0.17690660822656776
2005-01-07,0.17524175084175084
2005-01-10,0.17585815363881405
2005-01-11,0.17646031746031748
2005-01-12,0.17846621392190154
2005-01-13,0.1776166950596252
2005-01-14,0.17599115044247787
2005-01-17,0.17599112627986346
2005-01-18,0.17525400068096697
2005-01-19,0.17490146109412166
2005-01-20,0.17418879456706285
2005-01-21,0.1754138634046891
2005-01-24,0.17536481418342997
2005-01-25,0.17427378507871322
2005-01-26,0.17582101300479122
2005-01-27,0.17507313738892688
2005-01-28,0.17515271609156133
2005-01-31,0.17545998632010942
2005-02-01,0.17514666666666667
2005-02-02,0.17510051282051284
2005-02-03,0.17418275154004106
2005-02-04,0.1731931506849315
2005-02-07,0.17151490236382322
2005-02-08,0.17188332189430336
2005-02-09,0.17183911997249915
2005-02-10,0.17323816060398078
2005-02-11,0.1729326691858468
2005-02-14,0.17433126934984522
2005-02-15,0.17494146005509642
2005-02-16,0.17459917069799585
2005-02-17,0.17576557659208264
2005-02-18,0.17554028111073022
2005-02-21,0.1755403364229317
2005-02-22,0.17788847074923023
2005-02-23,0.17750630323679728
2005-02-24,0.17758208446866486
2005-02-25,0.17779033356024507
2005-02-28,0.1781991150442478
2005-03-01,0.17707259158751695
2005-03-02,0.17641663848495098
2005-03-03,0.176369918699187
2005-03-04,0.17795505617977528
2005-03-07,0.17753174061433444
2005-03-08,0.17907676560900715
2005-03-09,0.18012824010914055
2005-03-10,0.18017354244800546
2005-03-11,0.18076654096674666
2005-03-14,0.17917945205479452
2005-03-15,0.17878862624186365
2005-03-16,0.17999863013698628
2005-03-17,0.1795815627141878
2005-03-18,0.178810764484059
2005-03-21,0.17673157353445323
2005-03-22,0.1767502576434215
2005-03-23,0.17424948524365133
2005-03-28,0.17294455852156057
2005-03-29,0.17333721328312224
2005-03-30,0.1739099315068493
2005-03-31,0.17414329790881042
2005-04-01,0.17306440561836248
2005-04-04,0.17235731414868105
2005-04-05,0.17238997596979058
2005-04-06,0.1729565966241819
2005-04-07,0.1726369294605809
2005-04-08,0.1734665055248619
2005-04-11,0.17433460207612456
2005-04-12,0.17303737024221452
2005-04-13,0.1732681486627301
2005-04-14,0.17192179930795848
2005-04-15,0.17320827586206897
2005-04-18,0.17474569262577533
2005-04-19,0.17494762232942795
2005-04-20,0.17586448275862068
2005-04-21,0.17517120220461593
2005-04-22,0.1752603448275862
2005-04-25,0.1742250947948983
2005-04-26,0.17419779081808767
2005-04-27,0.17377689655172412
2005-04-28,0.17318425575799246
2005-04-29,0.1727384879725086
2005-05-02,0.17263689655172412
2005-05-03,0.17322333448394894
2005-05-04,0.17394924033149173
2005-05-05,0.17389195719710046
2005-05-06,0.17247016212487065
2005-05-09,0.17249395509499135
2005-05-10,0.17306740407881094
2005-05-11,0.1720963397790055
2005-05-12,0.17079405666897027
2005-05-13,0.16977651122625217
2005-05-16,0.16969278779472954
2005-05-17,0.16986001386001384
2005-05-18,0.1702040887040887
2005-05-19,0.16980797227036395
2005-05-20,0.16855732594388637
2005-05-23,0.1689102564102564
2005-05-24,0.16892446292446292
2005-05-26,0.16814627383015598
2005-05-27,0.1689930675909879
2005-05-30,0.16899306518723994
2005-05-31,0.16548907388137357
2005-06-01,0.16449272349272348
2005-06-02,0.16503812824956673
2005-06-03,0.16433586731167935
2005-06-06,0.16499758203799653
2005-06-07,0.16497028334485142
2005-06-08,0.16445476519337016
2005-06-09,0.16419827288428324
2005-06-10,0.16286894882434302
2005-06-13,0.16252222222222223
2005-06-14,0.16196414897319872
2005-06-15,0.16294091067083769
2005-06-16,0.16242205984690328
2005-06-17,0.16450626740947075
2005-06-21,0.16330533286859533
2005-06-22,0.1627868108862526
2005-06-23,0.1616633008356546
2005-06-24,0.16219027777777778
2005-06-27,0.16330252682589133
2005-06-28,0.16204042847270214
2005-06-29,0.16218756476683938
2005-06-30,0.1622930377554555
2005-07-01,0.16033610533610532
2005-07-04,0.1603362218370884
2005-07-05,0.15983645183645181
2005-07-06,0.15999479347448803
2005-07-07,0.1602821403752606
2005-07-08,0.16017950505402578
2005-07-11,0.16195118549511855
2005-07-12,0.16396414897319875
2005-07-13,0.16212199372603692
2005-07-14,0.1620638966480447
2005-07-15,0.16166049598323437
2005-07-18,0.16165013966480446
2005-07-19,0.16135290006988118
2005-07-20,0.162369322152341
2005-07-21,0.16352708843061867
2005-07-22,0.16181243450925603
2005-07-25,0.1617938504542278
2005-07-26,0.16117085953878404
2005-07-27,0.16181221640488655
2005-07-28,0.1627153335661893
2005-07-29,0.16259629500174763
2005-08-01,0.16367692307692308
2005-08-02,0.1635215110178384
2005-08-03,0.1653629370629371
2005-08-04,0.16594760740482012
2005-08-05,0.16533856893542756
2005-08-08,0.16576890902753572
2005-08-09,0.16548625130525582
2005-08-10,0.16571373913043477
2005-08-11,0.16670003475842893
2005-08-12,0.1667610128338536
2005-08-16,0.16561218836565098
2005-08-17,0.16459004493605256
2005-08-18,0.1632067656196065
2005-08-19,0.16325455796353627
2005-08-22,0.1640123839009288
2005-08-23,0.16409319119669877
2005-08-24,0.16442758857929135
2005-08-25,0.1651173030615755
2005-08-26,0.1648071502234445
2005-08-29,0.163953312736011
2005-08-30,0.16367960164835166
2005-08-31,0.16541222947440742
2005-09-01,0.16713470790378007
2005-09-02,0.16824810996563572
2005-09-05,0.1682483660130719
2005-09-06,0.16740316477468178
2005-09-07,0.16669432013769364
2005-09-08,0.16620144628099173
2005-09-09,0.1664891789762968
2005-09-12,0.16482619129242373
2005-09-13,0.16454950325453924
2005-09-14,0.16458992805755396
2005-09-15,0.16378140013726836
2005-09-16,0.16399072483682584
2005-09-19,0.16279216763998625
2005-09-20,0.16315339739190116
2005-09-21,0.1638054221002059
2005-09-22,0.1627973901098901
2005-09-23,0.16162130584192438
2005-09-26,0.16158213058419243
2005-09-27,0.16097869415807559
2005-09-28,0.16131114922813036
2005-09-29,0.1614024013722127
2005-09-30,0.16114982817869414
2005-10-03,0.15974424200756274
2005-10-04,0.15978002745367192
2005-10-05,0.1603616147793363
2005-10-06,0.16333730834752982
2005-10-07,0.16249846782431054
2005-10-11,0.16077183480027082
2005-10-12,0.16110050590219224
2005-10-13,0.16064008042895442
2005-10-14,0.1621743520700101
2005-10-17,0.16126170427753453
2005-10-18,0.1603051532502526
2005-10-19,0.1604803229061554
2005-10-20,0.1606891348088531
2005-10-21,0.15997954393024816
2005-10-24,0.1606890530557421
2005-10-25,0.16239290495314593
2005-10-26,0.1618542847615872
2005-10-27,0.16274983432736911
2005-10-28,0.1616344941956882
2005-10-31,0.1606115922718188
2005-11-01,0.16083389037433155
2005-11-02,0.16167615539182853
2005-11-03,0.1602334004024145
2005-11-04,0.1585114017437961
2005-11-07,0.15793810965354863
2005-11-08,0.15789571380357745
2005-11-09,0.15771876052542944
2005-11-10,0.15746296296296294
2005-11-11,0.15746309403437816
2005-11-14,0.15659494097807758
2005-11-15,0.15682350948509485
2005-11-16,0.15676677966101693
2005-11-17,0.15720047570506288
2005-11-18,0.15754468229697588
2005-11-21,0.15727220142905748
2005-11-22,0.15741086587436334
2005-11-23,0.15816542372881356
2005-11-24,0.15816542625169147
2005-11-25,0.157059912487378
2005-11-28,0.1582505016722408
2005-11-29,0.1578182123655914
2005-11-30,0.1581726230613621
2005-12-01,0.1571561450638012
2005-12-02,0.1571090238175109
2005-12-05,0.1584585690515807
2005-12-06,0.15833066399733067
2005-12-07,0.15723262032085564
2005-12-09,0.15876802924559655
2005-12-12,0.16076907763769077
2005-12-13,0.16020006657789612
2005-12-14,0.16137891927951967
2005-12-15,0.16058308457711443
2005-12-16,0.16110840197693574
2005-12-19,0.16112925619834711
2005-12-20,0.15907350032959788
2005-12-21,0.15838081107814045
2005-12-22,0.15913165729407872
2005-12-23,0.15887892821700297
2005-12-26,0.15887905897945662
2005-12-27,0.15884118616144974
2005-12-28,0.1586546052631579
2005-12-29,0.15884356435643565
2005-12-30,0.15882091029023745
2006-01-02,0.15882079207920793
2006-01-03,0.16044140882159316
2006-01-04,0.16243534057255676
2006-01-05,0.1621377049180328
2006-01-06,0.16298071895424837
2006-01-09,0.16205091383812012
2006-01-10,0.16184625449787374
2006-01-11,0.16266502785971812
2006-01-12,0.16127212898979926
2006-01-13,0.16267841845140033
2006-01-16,0.16267841845140033
2006-01-17,0.16207715036112935
2006-01-18,0.16190390291898984
2006-01-19,0.16243795141168746
2006-01-20,0.16214812376563528
2006-01-23,0.1648670177748519
2006-01-24,0.16489957194599936
2006-01-25,0.1645088524590164
2006-01-26,0.16387536800785085
2006-01-27,0.1625541380438338
2006-01-30,0.1619905259719046
2006-01-31,0.16325212002609263
2006-02-01,0.1618096479791395
2006-02-02,0.1620928641251222
2006-02-03,0.16094000652103033
2006-02-06,0.16020495275333985
2006-02-07,0.1603412491867274
2006-02-08,0.1600615234375
2006-02-09,0.16032322243966082
2006-02-10,0.1597163351809586
2006-02-13,0.15944118605408927
2006-02-14,0.1594565288179746
2006-02-15,0.15920286551611854
2006-02-16,0.1590609716335181
2006-02-17,0.15922033898305082
2006-02-20,0.1592204827136334
2006-02-21,0.15964495114006516
2006-02-22,0.15966775138301334
2006-02-23,0.15984645413142487
2006-02-24,0.15918243902439022
2006-02-27,0.15892682926829269
2006-02-28,0.15983897202342226
2006-03-01,0.15960169491525422
2006-03-02,0.1610511900880339
2006-03-03,0.1611369996745851
2006-03-06,0.16096067598310043
2006-03-07,0.15946688311688312
2006-03-08,0.159953940966591
2006-03-09,0.15968569575089198
2006-03-10,0.15945911745619729
2006-03-13,0.1600564935064935
2006-03-14,0.16111118335500652
2006-03-15,0.16151953125000001
2006-03-16,0.1633986332574032
2006-03-17,0.16335600390497887
2006-03-20,0.16287443070917373
2006-03-21,0.1620429407937541
2006-03-22,0.16180975609756096
2006-03-23,0.16063494641117246
2006-03-27,0.16110055141096333
2006-03-28,0.16189097988319273
2006-03-29,0.16126688311688311
2006-03-30,0.16264394677052907
2006-03-31,0.16253569110966906
2006-04-03,0.16251442463533228
2006-04-04,0.1641874797275381
2006-04-05,0.16459545454545454
2006-04-06,0.16378142253978564
2006-04-07,0.1623245699448231
2006-04-10,0.1620168776371308
2006-04-11,0.16258856028599283
2006-04-12,0.16219818063677716
2006-04-17,0.16462808842652793
2006-04-18,0.1648016286644951
2006-04-19,0.16615710560625813
2006-04-20,0.16514743380189603
2006-04-21,0.1654096109839817
2006-04-24,0.16626747620610435
2006-04-25,0.1663505425846761
2006-04-26,0.16681112207963145
2006-04-27,0.16797700394218135
2006-04-28,0.16920177165354333
2006-05-02,0.1692334975369458
2006-05-03,0.1693507560815253
2006-05-04,0.17010851693521867
2006-05-05,0.17086714896415656
2006-05-08,0.17035197368421054
2006-05-09,0.17105721802038804
2006-05-10,0.17159440789473684
2006-05-11,0.17241364535266976
2006-05-12,0.17299835309617917
2006-05-15,0.17193949358763566
2006-05-16,0.17230374753451677
2006-05-17,0.17076213910761157
2006-05-18,0.1720104780615586
2006-05-19,0.1712532722513089
2006-05-22,0.17267578125000002
2006-05-23,0.17248209635416667
2006-05-24,0.17127676833225178
2006-05-26,0.1682056347150259
2006-05-29,0.17080890477738056
2006-05-30,0.17269656735751293
2006-05-31,0.17222366288492705
2006-06-01,0.17169740259740257
2006-06-02,0.17345761610912633
2006-06-05,0.17385876623376623
2006-06-06,0.17188939344794033
2006-06-07,0.1715
2006-06-08,0.16943399286409339
2006-06-09,0.16947436729396498
2006-06-12,0.16924764686790003
2006-06-13,0.16830781706130393
2006-06-14,0.1690759987008769
2006-06-15,0.16936525974025973
2006-06-16,0.16942838583955827
2006-06-20,0.16908739441195583
2006-06-21,0.1700331707317073
2006-06-22,0.1687764782326186
2006-06-23,0.1678808828302499
2006-06-26,0.16889338950097216
2006-06-27,0.16873948220064727
2006-06-28,0.1682056347150259
2006-06-29,0.16807577720207253
2006-06-30,0.17143259883344136
2006-07-03,0.17170048622366288
2006-07-04,0.17170048622366288
2006-07-05,0.17062520246193713
2006-07-06,0.17126798444588465
2006-07-07,0.17188334413480236
2006-07-10,0.170651328580687
2006-07-11,0.17103955901426718
2006-07-12,0.17018975024326954
2006-07-13,0.17003923476005187
2006-07-14,0.1696036328251703
2006-07-17,0.16792342634652824
2006-07-18,0.16790622972096042
2006-07-19,0.16899025657681066
2006-07-20,0.1694828033744322
2006-07-21,0.16945133030499676
2006-07-24,0.16921915584415584
2006-07-25,0.1684749837556855
2006-07-26,0.17003057905009758
2006-07-27,0.17036074098147547
2006-07-28,0.17036659083522912
2006-07-31,0.17118001302083333
2006-08-01,0.17162683165092804
2006-08-02,0.17163269293389774
2006-08-03,0.1716944625407166
2006-08-04,0.17279504724666014
2006-08-07,0.17217643229166665
2006-08-08,0.172037109375
2006-08-09,0.17262202671880092
2006-08-10,0.1712153796024764
2006-08-11,0.17074470856398566
2006-08-14,0.1705931707317073
2006-08-15,0.1714590909090909
2006-08-16,0.17214671437865972
2006-08-17,0.1719896103896104
2006-08-18,0.17177125243348473
2006-08-22,0.16945133030499676
2006-08-23,0.17140602721970188
2006-08-24,0.17114188532555877
2006-08-25,0.1710572445019405
2006-08-28,0.17153826283500162
2006-08-29,0.17159127625201936
2006-08-30,0.1720371327090733
2006-08-31,0.1716002583144979
2006-09-01,0.17205200258397932
2006-09-04,0.17205203619909504
2006-09-05,0.1717385409941898
2006-09-06,0.1716413148565904
2006-09-07,0.17082058728622135
2006-09-08,0.16989455014511445
2006-09-11,0.17018079278117948
2006-09-12,0.17000160926939167
2006-09-13,0.17022139864647115
2006-09-14,0.17075612903225806
2006-09-15,0.16964396384764366
2006-09-18,0.17004196255648807
2006-09-19,0.16995834678721342
2006-09-20,0.17041865719819238
2006-09-21,0.17134430461439173
2006-09-22,0.1714795095191997
2006-09-25,0.17106290322580645
2006-09-26,0.17004771115409412
2006-09-27,0.170325918762089
2006-09-28,0.1703373067010309
2006-09-29,0.17010856958762885
2006-10-02,0.17103093780212697
2006-10-03,0.17070103092783503
2006-10-04,0.17033752012882447
2006-10-05,0.17025056360708535
2006-10-06,0.16897875080489375
2006-10-09,0.16897875080489375
2006-10-10,0.1681689732861281
2006-10-11,0.16796007726980042
2006-10-12,0.1683701675257732
2006-10-13,0.16796293909120205
2006-10-17,0.1684041935483871
2006-10-18,0.16802782271109673
2006-10-19,0.16938815150534156
2006-10-20,0.16921035598705503
2006-10-23,0.1682537216828479
2006-10-24,0.16863106796116506
2006-10-25,0.16880213385063048
2006-10-26,0.17029103269666557
2006-10-27,0.17084098254686492
2006-10-30,0.17070685197155788
2006-10-31,0.17138847523470377
2006-11-01,0.17125040492387428
2006-11-02,0.1713003567953292
2006-11-03,0.17045929289652936
2006-11-07,0.17177998050048748
2006-11-08,0.17132974910394266
2006-11-09,0.17217340286831814
2006-11-10,0.17248207301173402
2006-11-13,0.17170318595578674
2006-11-14,0.1718271484375
2006-11-15,0.1718715775749674
2006-11-16,0.17162658846529816
2006-11-17,0.17199577098243335
2006-11-20,0.17185663198959686
2006-11-21,0.1719896103896104
2006-11-22,0.1734243410348194
2006-11-23,0.17342429176164115
2006-11-24,0.1756081300813008
2006-11-27,0.17605945419103317
2006-11-28,0.17643209876543212
2006-11-29,0.17652862719583606
2006-11-30,0.17783474576271185
2006-12-01,0.17870542129327238
2006-12-04,0.1787470588235294
2006-12-05,0.17877577741407527
2006-12-06,0.17845665685312398
2006-12-07,0.1784375408763898
2006-12-11,0.17789803921568625
2006-12-12,0.17760740013097578
2006-12-13,0.17726112565445026
2006-12-14,0.1766379986919555
2006-12-15,0.17535852142623487
2006-12-18,0.17553712790317305
2006-12-19,0.17712295618051013
2006-12-20,0.1768315858453473
2006-12-21,0.176500656167979
2006-12-22,0.17600359477124183
2006-12-26,0.17592638436482083
2006-12-27,0.17612158647594275
2006-12-28,0.17667545572916665
2006-12-29,0.17680339647289353
2007-01-02,0.17809744931327667
2007-01-03,0.17655377574370706
2007-01-04,0.17571907552083332
2007-01-05,0.174504873294347
2007-01-08,0.17488336582196232
2007-01-09,0.17445929289652934
2007-01-10,0.17355696202531645
2007-01-11,0.17320811688311688
2007-01-12,0.1735056799740344
2007-01-15,0.17350568366352712
2007-01-16,0.1733733766233766
2007-01-17,0.17372880805456317
2007-01-18,0.17378293316028556
2007-01-19,0.17399157485418018
2007-01-22,0.1737952196382429
2007-01-23,0.17464816010329245
2007-01-24,0.17379198966408269
2007-01-25,0.1741281471917366
2007-01-26,0.17328622021893111
2007-01-29,0.17380727155727158
2007-01-30,0.17384647570003217
2007-01-31,0.17444995172191827
2007-02-01,0.17472736061875602
2007-02-02,0.1738948047757341
2007-02-05,0.17349661617789233
2007-02-06,0.1739252095422308
2007-02-07,0.1746969696969697
2007-02-08,0.17491400966183576
2007-02-09,0.17455344494526723
2007-02-12,0.17395844072164948
2007-02-13,0.17480980012894906
2007-02-14,0.17616785022595224
2007-02-15,0.17625193548387097
2007-02-16,0.1762486312399356
2007-02-19,0.17624879149210443
2007-02-20,0.1761742912371134
2007-02-21,0.17604088860270445
2007-02-22,0.1760222293814433
2007-02-23,0.17675032216494846
2007-02-26,0.17656912665162744
2007-02-27,0.1776704288939052
2007-02-28,0.1775032258064516
2007-03-01,0.17683144979011947
2007-03-02,0.18260162074554295
2007-03-05,0.17579948420373953
2007-03-06,0.1760592974540767
2007-03-07,0.17666269329896905
2007-03-08,0.17630144927536232
2007-03-09,0.17596039922730203
2007-03-12,0.17699129874315178
2007-03-13,0.17727990970654628
2007-03-14,0.17758521626856036
2007-03-15,0.17768302130406716
2007-03-16,0.17868945501451147
2007-03-19,0.17853645161290324
2007-03-20,0.17880122620200062
2007-03-21,0.17859709677419355
2007-03-22,0.17888770571151982
2007-03-23,0.17851418439716313
2007-03-26,0.17904768041237115
2007-03-27,0.17921152607855764
2007-03-28,0.17906056701030926
2007-03-29,0.17900934880722114
2007-03-30,0.1793658064516129
2007-04-03,0.17920187036439858
2007-04-04,0.17943645161290322
2007-04-09,0.17913109460768484
2007-04-10,0.1800924369747899
2007-04-11,0.17997250080879973
2007-04-12,0.1808090761750405
2007-04-13,0.18160032362459547
2007-04-16,0.18177842565597668
2007-04-17,0.1820431397988972
2007-04-18,0.18218930307941655
2007-04-19,0.18222895077720205
2007-04-20,0.1824919041450777
2007-04-23,0.182255595199481
2007-04-24,0.18285533571196885
2007-04-25,0.18310337005832794
2007-04-26,0.18264831606217616
2007-04-27,0.18296601941747573
2007-04-30,0.1833686084142395
2007-05-02,0.18260162074554295
2007-05-03,0.18201686121919583
2007-05-04,0.1825384365877392
2007-05-07,0.18261493506493506
2007-05-08,0.18170259740259742
2007-05-09,0.1819175056836635
2007-05-10,0.1809298928919182
2007-05-11,0.18154090909090909
2007-05-14,0.18178849902534114
2007-05-15,0.1824652145643693
2007-05-16,0.18183815404614886
2007-05-17,0.18107414634146343
2007-05-18,0.18128427550357373
2007-05-21,0.1806751219512195
2007-05-22,0.180593567251462
2007-05-23,0.18063574440480049
2007-05-24,0.1804792477302205
2007-05-28,0.180479403178722
2007-05-29,0.18080558260305093
2007-05-30,0.18011850649350647
2007-05-31,0.1805313617159571
2007-06-01,0.18049902407286922
2007-06-04,0.18110026041666666
2007-06-05,0.1815541111472213
2007-06-06,0.1814060468140442
2007-06-07,0.18034904127396817
2007-06-08,0.17948472041612484
2007-06-11,0.17940747967479673
2007-06-12,0.17900943396226415
2007-06-13,0.17853643461288224
2007-06-14,0.1788779296875
2007-06-15,0.17979460513487164
2007-06-19,0.18037182823682502
2007-06-20,0.18032965248457292
2007-06-21,0.180014600908501
2007-06-22,0.18086794289422453
2007-06-25,0.18094649805447469
2007-06-26,0.18095952072538862
2007-06-27,0.1806978324166936
2007-06-28,0.18082200647249191
2007-06-29,0.18196702230843842
2007-07-02,0.18314331931413783
2007-07-03,0.18298932384341637
2007-07-04,0.18298932729624837
2007-07-05,0.18282887528198516
2007-07-06,0.18316038647342997
2007-07-10,0.18447115694489202
2007-07-11,0.1850651402773299
2007-07-12,0.18532935483870966
2007-07-13,0.1853225806451613
2007-07-16,0.18536375362786198
2007-07-17,0.18536375362786198
2007-07-18,0.18554252577319585
2007-07-19,0.185649162371134
2007-07-20,0.18582532051282052
2007-07-23,0.1855700575815739
2007-07-24,0.18583227848101266
2007-07-25,0.1855254716981132
2007-07-26,0.18479859783301467
2007-07-27,0.18345926876202695
2007-07-30,0.18407394366197183
2007-07-31,0.18404357577699457
2007-08-01,0.1836074050430897
2007-08-02,0.18410771191841938
2007-08-03,0.18522292993630574
2007-08-06,0.1853464968152866
2007-08-07,0.18474371219356894
2007-08-08,0.1854360038301947
2007-08-09,0.1839115494750239
2007-08-10,0.18410451080050824
2007-08-13,0.18310337150127226
2007-08-14,0.18240864315220845
2007-08-15,0.18112658629441622
2007-08-16,0.18009588607594937
2007-08-17,0.18149144486692015
2007-08-21,0.18100537974683542
2007-08-22,0.1819106691919192
2007-08-23,0.1822787916928886
2007-08-24,0.1838031545741325
2007-08-27,0.1834728706624606
2007-08-28,0.18310651074589127
2007-08-29,0.18348278041074248
2007-08-30,0.18326092463584548
2007-08-31,0.18298605830164766
2007-09-03,0.18298608475648323
2007-09-04,0.1828221169036335
2007-09-05,0.1834323640960809
2007-09-06,0.18374589127686472
2007-09-07,0.1849968374446553
2007-09-10,0.18541880341880343
2007-09-11,0.1856491897044805
2007-09-12,0.18681797896079058
2007-09-13,0.18660204407537528
2007-09-14,0.18616767612368504
2007-09-17,0.18617129186602874
2007-09-18,0.18640019132653063
2007-09-19,0.1874519322900032
2007-09-20,0.18893945188017847
2007-09-21,0.18893577106518283
2007-09-24,0.18907535771065181
2007-09-25,0.1897712106768351
2007-09-26,0.1894548919949174
2007-09-27,0.1898253968253968
2007-09-28,0.1913546031746032
2007-10-01,0.19105493807557952
2007-10-02,0.18991899618805588
2007-10-03,0.18935798159314504
2007-10-04,0.1895125198098257
2007-10-05,0.18976045627376423
2007-10-08,0.18976036720481165
2007-10-09,0.18897881757824853
2007-10-10,0.18970278833967044
2007-10-11,0.1908032319391635
2007-10-12,0.19033829585049097
2007-10-16,0.1900598101265823
2007-10-17,0.190269534957292
2007-10-18,0.1916884882985452
2007-10-19,0.19147549794498894
2007-10-22,0.18990470179867466
2007-10-23,0.19111692404664354
2007-10-24,0.191036489462095
2007-10-25,0.19210443535703053
2007-10-26,0.19297193314411856
2007-10-29,0.19359201773835918
2007-10-30,0.19358449809402792
2007-10-31,0.194057924888606
2007-11-01,0.1939035759897829
2007-11-02,0.1947989773090444
2007-11-05,0.1942879029684009
2007-11-07,0.19669161868202176
2007-11-08,0.19709105431309903
2007-11-09,0.19682710131032277
2007-11-12,0.19682726692209448
2007-11-13,0.19595151515151515
2007-11-14,0.19697442455242967
2007-11-15,0.1963671574903969
2007-11-16,0.1967458492975734
2007-11-19,0.1967150159744409
2007-11-20,0.19843646232439335
2007-11-21,0.1990882446639057
2007-11-22,0.19908818847500795
2007-11-23,0.19906840598154632
2007-11-26,0.19931434934775694
2007-11-27,0.19876761904761903
2007-11-28,0.19812575420768497
2007-11-29,0.19789834815756036
2007-11-30,0.19715707472178062
2007-12-03,0.19669544440904746
2007-12-04,0.19794929846938775
2007-12-05,0.1967148786717752
2007-12-06,0.19643267389917038
2007-12-07,0.1964289356277884
2007-12-10,0.1974410452517527
2007-12-11,0.19710258043963044
2007-12-12,0.19681172347881493
2007-12-13,0.19581349458943348
2007-12-14,0.1935808402291534
2007-12-17,0.1926671974522293
2007-12-18,0.19315460631176282
2007-12-19,0.19248531289910598
2007-12-20,0.19236320153061223
2007-12-21,0.19243361986628463
2007-12-26,0.19445801526717557
2007-12-27,0.19641346459193396
2007-12-28,0.19735535090504921
2007-12-31,0.19553413782153065
2008-01-02,0.19757774244833068
2008-01-03,0.19783954154727795
2008-01-04,0.1982277070063694
2008-01-07,0.19706760204081633
2008-01-08,0.19761277955271564
2008-01-09,0.19683477149248962
2008-01-10,0.19800798977309045
2008-01-11,0.19859782608695653
2008-01-14,0.1998160663053873
2008-01-15,0.19947341610951927
2008-01-16,0.19668404322949778
2008-01-17,0.1971336507936508
2008-01-18,0.19623604060913705
2008-01-21,0.19623622545915137
2008-01-22,0.196224580297751
2008-01-23,0.19557979734008868
2008-01-24,0.19781224230891215
2008-01-25,0.19696285714285716
2008-01-28,0.19848746429704858
2008-01-29,0.1981687817258883
2008-01-30,0.19846007604562738
2008-01-31,0.19907219759341355
2008-02-01,0.1992666455294864
2008-02-04,0.19918334388853706
2008-02-05,0.19643678887484198
2008-02-06,0.19650615336068158
2008-02-07,0.1945071000315557
2008-02-08,0.19467750078889237
2008-02-11,0.19469633838383837
2008-02-12,0.19579822896900698
2008-02-13,0.19541539923954374
2008-02-14,0.19637103929024083
2008-02-15,0.19678052648271488
2008-02-18,0.19678052648271488
2008-02-19,0.19784749524413442
2008-02-20,0.1968349730244367
2008-02-21,0.19871628054585846
2008-02-22,0.19888216661387392
2008-02-25,0.1988309056364788
2008-02-26,0.19986008230452676
2008-02-27,0.20307029765674478
2008-02-28,0.2036246436490339
2008-02-29,0.20376558051249605
2008-03-03,0.20398575498575502
2008-03-04,0.20413162067871865
2008-03-05,0.20527125634517765
2008-03-06,0.2061556753329106
2008-03-07,0.2056768060836502
2008-03-10,0.20591386953768206
2008-03-11,0.20589276649746194
2008-03-12,0.20793052030456852
2008-03-13,0.20899936467598476
2008-03-14,0.20943738080101718
2008-03-17,0.2112245870393901
2008-03-18,0.21177470606927234
2008-03-19,0.2099075071270193
2008-03-25,0.20921378874130298
2008-03-26,0.21196307983591037
2008-03-27,0.21203507109004738
2008-03-28,0.2116087919038583
2008-03-31,0.2119046717171717
2008-04-01,0.2092883280757098
2008-04-03,0.21010619469026548
2008-04-04,0.21071261460638635
2008-04-07,0.210579613801836
2008-04-08,0.21057075023741692
2008-04-09,0.2124811649256094
2008-04-10,0.21093472750316858
2008-04-11,0.21192293054234063
2008-04-14,0.21214743183259352
2008-04-15,0.21138532110091743
2008-04-16,0.21400000000000002
2008-04-17,0.2130015762925599
2008-04-18,0.2115460567823344
2008-04-21,0.21301069182389937
2008-04-22,0.21443588937774985
2008-04-23,0.21306067274441998
2008-04-24,0.2099604271356784
2008-04-25,0.20925330812854445
2008-04-28,0.2095513871374527
2008-04-29,0.20880738869592677
2008-04-30,0.20863337547408345
2008-05-02,0.20659867591424969
2008-05-05,0.20795211090107119
2008-05-06,0.20815989927604658
2008-05-07,0.2063429648241206
2008-05-08,0.20641107963487568
2008-05-09,0.2072625118035883
2008-05-12,0.20857664463330186
2008-05-13,0.20772733017377565
2008-05-14,0.20712519759721784
2008-05-15,0.2068851629231256
2008-05-16,0.2090343293070566
2008-05-19,0.20786979993648777
2008-05-20,0.21000031847133757
2008-05-21,0.2114478135971912
2008-05-22,0.21063273771537971
2008-05-23,0.21172973835354178
2008-05-26,0.21172978994271166
2008-05-27,0.21081937340153453
2008-05-28,0.20953369704749678
2008-05-29,0.20769302475088394
2008-05-30,0.20861568247821877
2008-06-02,0.20841593780369289
2008-06-03,0.20739569752281617
2008-06-04,0.20721080026024727
2008-06-05,0.2088467820973538
2008-06-06,0.21115743155149935
2008-06-09,0.20998270234986946
2008-06-10,0.20728384991843393
2008-06-11,0.2085984972231297
2008-06-12,0.20688077301015395
2008-06-13,0.20604967105263158
2008-06-17,0.20792191103789126
2008-06-18,0.20821186161449753
2008-06-19,0.2080125164690382
2008-06-20,0.2095820698747528
2008-06-23,0.20800828088771114
2008-06-24,0.20897778514588858
2008-06-25,0.20902120609675284
2008-06-26,0.21093029402048233
2008-06-27,0.21163119629874422
2008-06-30,0.21128264462809918
2008-07-01,0.21186002647253474
2008-07-02,0.2128158940397351
2008-07-03,0.2104864597093791
2008-07-04,0.21048645076007935
2008-07-07,0.21118892940006628
2008-07-08,0.21011479761114799
2008-07-10,0.2114165009940358
2008-07-11,0.21301985440105892
2008-07-14,0.21333796296296295
2008-07-15,0.21333796296296295
2008-07-16,0.2124494715984148
2008-07-17,0.2120172014555078
2008-07-18,0.21242242805160436
2008-07-21,0.21281117724867726
2008-07-22,0.2114164737016209
2008-07-23,0.2102163684559311
2008-07-24,0.20970500497182634
2008-07-25,0.21030053015241884
2008-07-28,0.21102384105960265
2008-07-29,0.20873785123966943
2008-07-30,0.20903007270323862
2008-07-31,0.20894710906701708
2008-08-01,0.20866798159105854
2008-08-04,0.20891211323238973
2008-08-05,0.2072495069033531
2008-08-06,0.2066757555847569
2008-08-07,0.2054821135543157
2008-08-08,0.20156815203145478
2008-08-11,0.199784371909001
2008-08-12,0.20018017127799737
2008-08-13,0.20038085808580858
2008-08-14,0.1985467150874876
2008-08-15,0.1966762376237624
2008-08-19,0.19800033025099076
2008-08-20,0.19735138705416116
2008-08-21,0.19937785123966945
2008-08-22,0.19827504132231408
2008-08-25,0.1978198942498348
2008-08-26,0.19607468605419698
2008-08-27,0.19704823257350512
2008-08-28,0.1970442682523951
2008-08-29,0.19662970297029703
2008-09-01,0.19662978863936592
2008-09-02,0.19479493087557603
2008-09-03,0.19422390516957524
2008-09-04,0.19256319947333775
2008-09-05,0.1912375
2008-09-08,0.18897868852459018
2008-09-09,0.190204448806019
2008-09-10,0.18830253741054
2008-09-11,0.18708376623376624
2008-09-12,0.19031667748215444
2008-09-15,0.19021185617103983
2008-09-16,0.18985428109854602
2008-09-17,0.19165152979066022
2008-09-18,0.19314716255210002
2008-09-19,0.1934048154093098
2008-09-22,0.1980864516129032
2008-09-23,0.19635947079703128
2008-09-24,0.1968155183515776
2008-09-25,0.19590555734018633
2008-09-26,0.19592490372272142
2008-09-29,0.1937270686337396
2008-09-30,0.1886258373205742
2008-10-01,0.18876100829610723
2008-10-02,0.18562181933842237
2008-10-03,0.18583206831119548
2008-10-06,0.18077635283077884
2008-10-07,0.18213281493001557
2008-10-08,0.18423332299100217
2008-10-09,0.18392169606932837
2008-10-10,0.17946246898263024
2008-10-14,0.18364129072681704
2008-10-15,0.18129737335834897
2008-10-16,0.1798851794071763
2008-10-17,0.17089927623642945
2008-10-20,0.17843109869646182
2008-10-21,0.17557116163189038
2008-10-22,0.17260130313372635
2008-10-23,0.17195422427035328
2008-10-24,0.17022727272727273
2008-10-27,0.16805030303030305
2008-10-28,0.16753236342042757
2008-10-29,0.17359317507418398
2008-10-30,0.17317813884785818
2008-10-31,0.17107467532467535
2008-11-03,0.17065426631237082
2008-11-04,0.17473363774733636
2008-11-05,0.17503021148036255
2008-11-07,0.17147656486241308
2008-11-10,0.17147060606060607
2008-11-11,0.17147060606060607
2008-11-12,0.1683842662632375
2008-11-13,0.1680051359516616
2008-11-14,0.17075347012673506
2008-11-17,0.17089927623642945
2008-11-18,0.17009123757904243
2008-11-19,0.1690673279230538
2008-11-20,0.16802192850705916
2008-11-21,0.16806720672067205
2008-11-24,0.17293255395683454
2008-11-25,0.17473353293413174
2008-11-26,0.17227718040621265
2008-11-27,0.17227708333333333
2008-11-28,0.17053216721019862
2008-12-01,0.1695116760271948
2008-12-02,0.17082921083627797
2008-12-03,0.17001026694045177
2008-12-04,0.17240778390938136
2008-12-05,0.16979094579008075
2008-12-09,0.17373187772925763
2008-12-10,0.17473060029282578
2008-12-11,0.1784407624633431
2008-12-12,0.17929184925503944
2008-12-15,0.18326432748538013
2008-12-16,0.1853944738389183
2008-12-17,0.19257054673721338
2008-12-18,0.1918907488986784
2008-12-19,0.18633430913348947
2008-12-22,0.18713284671532848
2008-12-23,0.18740972626674432
2008-12-24,0.188054730713246
2008-12-26,0.18892529069767441
2008-12-29,0.19070507982583454
2008-12-30,0.1893114136732329
2008-12-31,0.18694381697075008
2009-01-02,0.18722729901677268
2009-01-05,0.18210634598667053
2009-01-06,0.18030350419924704
2009-01-07,0.1839722141823444
2009-01-08,0.18395884057971015
2009-01-09,0.18110698753261817
2009-01-12,0.17910872716729487
2009-01-13,0.17728600405679512
2009-01-14,0.17682208055636048
2009-01-15,0.17570981754995657
2009-01-16,0.1778252314814815
2009-01-19,0.1778252314814815
2009-01-20,0.1738222543352601
2009-01-21,0.17299538904899134
2009-01-22,0.1738043165467626
2009-01-23,0.1726490370796206
2009-01-26,0.17669089342143063
2009-01-27,0.17649454649827784
2009-01-28,0.1779770642201835
2009-01-29,0.1741219512195122
2009-01-30,0.17177408256880736
2009-02-02,0.17194843884273847
2009-02-03,0.1746877142857143
2009-02-04,0.17241382277028966
2009-02-05,0.17248508318990247
2009-02-06,0.17271744119334478
2009-02-09,0.17542615428735303
2009-02-10,0.1740401836969001
2009-02-11,0.17322005730659026
2009-02-12,0.1723067888857061
2009-02-13,0.17283409610983982
2009-02-16,0.17283385759222192
2009-02-17,0.16871375570776254
2009-02-18,0.16844672364672367
2009-02-19,0.17016072439162422
2009-02-20,0.17012295081967213
2009-02-23,0.1711009019165727
2009-02-24,0.17116544738323017
2009-02-25,0.1709285513361463
2009-02-26,0.17138560989319845
2009-02-27,0.17005943369778523
2009-03-02,0.16891307970008332
2009-03-03,0.16863971199113817
2009-03-04,0.16925621890547266
2009-03-05,0.16861706239646607
2009-03-06,0.17016359129716332
2009-03-09,0.16959224635688755
2009-03-10,0.17100164971130052
2009-03-11,0.17152361339923122
2009-03-12,0.17167388919363688
2009-03-13,0.1727564383561644
2009-03-16,0.17433763381828166
2009-03-17,0.1742859100877193
2009-03-18,0.17855224288840263
2009-03-19,0.18305974239517678
2009-03-20,0.1821394585726005
2009-03-23,0.18270506912442397
2009-03-25,0.1822622017353579
2009-03-26,0.18179507309149973
2009-03-27,0.17865769644779333
2009-03-30,0.17651304815711594
2009-03-31,0.1781516129032258
2009-04-01,0.1773238146551724
2009-04-03,0.18055766107200866
2009-04-06,0.18018998366902558
2009-04-07,0.17794855743059337
2009-04-08,0.1781642643459342
2009-04-13,0.17934972826086956
2009-04-14,0.1782816748232735
2009-04-15,0.17723579004623335
2009-04-16,0.17669094862734439
2009-04-17,0.17509771986970682
2009-04-20,0.17346055841691516
2009-04-21,0.1740281690140845
2009-04-22,0.1746693722943723
2009-04-23,0.17576548552880714
2009-04-24,0.17798350013524478
2009-04-27,0.17471814254859608
2009-04-28,0.17622685683530676
2009-04-29,0.17903816178446655
2009-04-30,0.17786322024771134
2009-05-04,0.17983031123139379
2009-05-05,0.1791954582319546
2009-05-06,0.1786383724063595
2009-05-07,0.17962993818865894
2009-05-08,0.18237516796560066
2009-05-11,0.18246505376344085
2009-05-12,0.18295915076592315
2009-05-13,0.18258845637583893
2009-05-14,0.1830327341024953
2009-05-15,0.18121190987124464
2009-05-18,0.18169278239871212
2009-05-19,0.18295252145922744
2009-05-20,0.1854943729903537
2009-05-21,0.18644539614561026
2009-05-22,0.18864356435643562
2009-05-26,0.18811500401176787
2009-05-27,0.18686700561948086
2009-05-28,0.1872134081196581
2009-05-29,0.1896849826620432
2009-06-01,0.1911279038718291
2009-06-02,0.19228907293614747
2009-06-03,0.18983974358974356
2009-06-04,0.19073764360138926
2009-06-05,0.18799813681128558
2009-06-08,0.18679728651237032
2009-06-09,0.18852632978723405
2009-06-10,0.18697180851063833
2009-06-11,0.18990478723404255
2009-06-12,0.18845510095642934
2009-06-16,0.18583908656399362
2009-06-17,0.18704167772763475
2009-06-18,0.18674124203821657
2009-06-19,0.1878675496688742
2009-06-22,0.18637582650092566
2009-06-23,0.18931136303717372
2009-06-24,0.18807594936708863
2009-06-25,0.18785349143610014
2009-06-26,0.18893233280674038
2009-06-29,0.1893651715039578
2009-06-30,0.18836660521464313
2009-07-01,0.19029849960515927
2009-07-02,0.1884409365956327
2009-07-03,0.18783223770707336
2009-07-06,0.1875151196423876
2009-07-07,0.18724126149802892
2009-07-08,0.18583219537815127
2009-07-13,0.1875856092436975
2009-07-14,0.18697188649500787
2009-07-15,0.18965248226950354
2009-07-16,0.18970659311794064
2009-07-17,0.1899262079831933
2009-07-20,0.19097085084033613
2009-07-21,0.19047610294117648
2009-07-22,0.19051601890756303
2009-07-23,0.19082142857142856
2009-07-24,0.19124835914938304
2009-07-27,0.1912448818897638
2009-07-28,0.19020078636959373
2009-07-29,0.1882955020920502
2009-07-30,0.1892146774614782
2009-07-31,0.19164073107049606
2009-08-03,0.1937945635128071
2009-08-04,0.19331153544336907
2009-08-05,0.19379477124183003
2009-08-06,0.19277469942498693
2009-08-07,0.1905450744708649
2009-08-10,0.18959493340297728
2009-08-11,0.19023701383450795
2009-08-12,0.19109494001043298
2009-08-13,0.19180974719833202
2009-08-14,0.19185755208333333
2009-08-18,0.18994071762870515
2009-08-19,0.19149012474012475
2009-08-20,0.19145726162639645
2009-08-21,0.19260041569238762
2009-08-24,0.19230025974025974
2009-08-25,0.19220415584415584
2009-08-26,0.19133991683991686
2009-08-27,0.19180613305613306
2009-08-28,0.19284545454545454
2009-08-31,0.19276006232147494
2009-09-01,0.1909708712613784
2009-09-02,0.191769370774831
2009-09-03,0.1915598023920957
2009-09-04,0.19235950090979984
2009-09-07,0.19235957391530267
2009-09-08,0.19498130355751753
2009-09-09,0.19538116242864556
2009-09-10,0.19623617960031145
2009-09-11,0.19600155682407888
2009-09-14,0.19621681415929204
2009-09-15,0.19710649960845733
2009-09-16,0.1977105538140021
2009-09-17,0.19789039665970773
2009-09-18,0.19783954154727795
2009-09-21,0.19740615224191868
2009-09-22,0.1987675267135783
2009-09-23,0.1986966379984363
2009-09-24,0.19679619494396663
2009-09-25,0.1971724856696196
2009-09-28,0.19615542827388702
2009-09-29,0.19598230549050222
2009-09-30,0.1967265157429092
2009-10-01,0.19528590010405827
2009-10-02,0.19619771071800207
2009-10-05,0.1969627604166667
2009-10-06,0.19765179968701097
2009-10-07,0.19710641627543035
2009-10-08,0.19877563266370987
2009-10-09,0.1975581091668843
2009-10-13,0.1991278431372549
2009-10-14,0.2006138147566719
2009-10-15,0.20043283582089555
2009-10-16,0.20005600628107825
2009-10-19,0.20082731554160124
2009-10-20,0.20038471604292069
2009-10-21,0.20208139230567912
2009-10-22,0.20169832548403976
2009-10-23,0.20162513089005238
2009-10-26,0.19976832460732985
2009-10-27,0.19867277486910995
2009-10-28,0.1978473821989529
2009-10-29,0.199401832460733
2009-10-30,0.19803168368682902
2009-11-02,0.19849541764859913
2009-11-03,0.1975073336825563
2009-11-04,0.19948140387637506
2009-11-05,0.19970447995808224
2009-11-09,0.20158045073375264
2009-11-10,0.20106159895150721
2009-11-11,0.2010616312614739
2009-11-12,0.1998439958049292
2009-11-13,0.20057367593078132
2009-11-16,0.20116671035386632
2009-11-17,0.19952910330361825
2009-11-18,0.20126404199475068
2009-11-19,0.20036865632395476
2009-11-20,0.19949736842105265
2009-11-23,0.2013814161621479
2009-11-24,0.20091215149921093
2009-11-25,0.20286852484880358
2009-11-26,0.20286862848134524
2009-11-27,0.20104541874507742
2009-11-30,0.20124770401469433
2009-12-01,0.20296747114375654
2009-12-02,0.20220414589346627
2009-12-03,0.2028645313730638
2009-12-04,0.20013606514315735
2009-12-07,0.19969242902208204
2009-12-09,0.197460647538826
2009-12-10,0.19770270981320706
2009-12-11,0.196390218248751
2009-12-14,0.19691235896090264
2009-12-15,0.19518289162949357
2009-12-16,0.19550734908136483
2009-12-17,0.19246675392670157
2009-12-18,0.19241122475740885
2009-12-21,0.19230042016806725
2009-12-22,0.19179500000000002
2009-12-23,0.19289749670619236
2009-12-24,0.19306882911392406
2009-12-28,0.19336377994209003
2009-12-29,0.19280088842435328
2009-12-30,0.19268947368421052
2009-12-31,0.19261131578947369
2010-01-04,0.19370458135860977
2010-01-05,0.19337509871018688
2010-01-06,0.1935509186351706
2010-01-07,0.19245955204216075
2010-01-08,0.19342733017377567
2010-01-11,0.19504955192409065
2010-01-12,0.19497733263046915
2010-01-13,0.1950152752172768
2010-01-14,0.19472688964972346
2010-01-15,0.1932330787463787
2010-01-18,0.19323295604106344
2010-01-19,0.1920381478558274
2010-01-20,0.1896056782334385
2010-01-21,0.18952678571428572
2010-01-22,0.1901358024691358
2010-01-25,0.19001655281135052
2010-01-26,0.18935081279496593
2010-01-27,0.1885652857891977
2010-01-28,0.1877441738675046
2010-01-29,0.18649074315514996
2010-02-01,0.18688451511991658
2010-02-02,0.18748721294363258
2010-02-03,0.18687037037037038
2010-02-04,0.18478130695131476
2010-02-05,0.18307630208333334
2010-02-08,0.1839893256964332
2010-02-09,0.1851576893052303
2010-02-10,0.18450870808422148
2010-02-11,0.18364467532467532
2010-02-12,0.18306305137519457
2010-02-15,0.18281528497409327
2010-02-16,0.1848428830697433
2010-02-17,0.18292245850622407
2010-02-18,0.18255158113011924
2010-02-19,0.1822457231726283
2010-02-22,0.18264845974631114
2010-02-23,0.18166943005181346
2010-02-24,0.1819437823834197
2010-02-25,0.18173568281938327
2010-02-26,0.1828186058564395
2010-03-01,0.18185117967332123
2010-03-02,0.1827953307392996
2010-03-03,0.18429779507133592
2010-03-04,0.1825051867219917
2010-03-05,0.18288546255506608
2010-03-08,0.18326768592899717
2010-03-09,0.18274520973588815
2010-03-10,0.1833952825298082
2010-03-11,0.18370536408395957
2010-03-12,0.18484300518134714
2010-03-15,0.1837222366036759
2010-03-16,0.1844678922837908
2010-03-17,0.18510642154324183
2010-03-18,0.1831468151216986
2010-03-19,0.18197049689440994
2010-03-22,0.18216589026915114
2010-03-23,0.1814124191461837
2010-03-25,0.17875665890871476
2010-03-26,0.17992086889061287
2010-03-29,0.18084482313452105
2010-03-30,0.1801218064516129
2010-03-31,0.1817949974213512
2010-04-05,0.18111343129672597
2010-04-06,0.17967525773195878
2010-04-07,0.17965247678018575
2010-04-08,0.17929489164086687
2010-04-09,0.18093653250773994
2010-04-12,0.18245848375451265
2010-04-13,0.18260505284867234
2010-04-14,0.18353663570691436
2010-04-15,0.18221255165289257
2010-04-16,0.18131041612819848
2010-04-19,0.18097260981912144
2010-04-20,0.1805574786876776
2010-04-21,0.1800731077241023
2010-04-22,0.17902531645569622
2010-04-23,0.17982696280991736
2010-04-26,0.1791665375677769
2010-04-27,0.17795822588963384
2010-04-28,0.17685648028858542
2010-04-29,0.17802137522534123
2010-04-30,0.17852366255144034
2010-05-03,0.17727031893004117
2010-05-04,0.1749596919127086
2010-05-05,0.17278921694480104
2010-05-06,0.17027368421052633
2010-05-07,0.17115070603337612
2010-05-10,0.17189807445442876
2010-05-11,0.17118608829568788
2010-05-12,0.16966983311938383
2010-05-13,0.16914736842105263
2010-05-14,0.16663895304080062
2010-05-17,0.16604944914168587
2010-05-18,0.16476362240982348
2010-05-19,0.16636431131592422
2010-05-20,0.16785556978233035
2010-05-21,0.16923041474654377
2010-05-26,0.16441958578368704
2010-05-27,0.16635071574642127
2010-05-28,0.16522908163265307
2010-05-31,0.1653766861796895
2010-06-01,0.1651063613231552
2010-06-02,0.1642575796178344
2010-06-03,0.16355102040816327
2010-06-04,0.1614125891946993
2010-06-07,0.16050841407445182
2010-06-08,0.1604262002042901
2010-06-09,0.16146744957875928
2010-06-10,0.1627657565705537
2010-06-11,0.1621585521284731
2010-06-14,0.16436296484971982
2010-06-15,0.1659090677534386
2010-06-16,0.16563143148242485
2010-06-17,0.1665667345899134
2010-06-18,0.1661765155374427
2010-06-22,0.16523746500381775
2010-06-23,0.1648968678380443
2010-06-24,0.16603027989821884
2010-06-25,0.16643362156663277
2010-06-28,0.16485863208746504
2010-06-29,0.16374109867751782
2010-06-30,0.16466878656830325
2010-07-01,0.16752657004830918
2010-07-02,0.16826512455516013
2010-07-05,0.1682622617534943
2010-07-06,0.16941677255400253
2010-07-07,0.16968419715447156
2010-07-08,0.16998704597409195
2010-07-12,0.16889329268292683
2010-07-13,0.17038103711235383
2010-07-14,0.17098703609557703
2010-07-15,0.1730284625158831
2010-07-16,0.1735810879511947
2010-07-19,0.17367141041931386
2010-07-20,0.1732501270971022
2010-07-21,0.1720015251652262
2010-07-22,0.17319023397761954
2010-07-23,0.17301628084456883
2010-07-26,0.17424949135300102
2010-07-27,0.17423112128146456
2010-07-28,0.174343583227446
2010-07-29,0.17571907543815088
2010-07-30,0.1752294416243655
2010-08-02,0.17681894362620618
2010-08-03,0.17748754448398574
2010-08-04,0.1764103737604882
2010-08-05,0.17695677599796594
2010-08-06,0.17827543234994914
2010-08-09,0.1775378942014242
2010-08-10,0.1759168573607933
2010-08-11,0.17273843416370105
2010-08-12,0.17213196033562167
2010-08-13,0.17149707602339184
2010-08-17,0.1730673614641586
2010-08-18,0.17287881097560975
2010-08-19,0.1719453898907798
2010-08-20,0.17063382427628238
2010-08-23,0.1701084031480071
2010-08-24,0.1701867072552004
2010-08-25,0.16998124207858048
2010-08-26,0.17064858012170386
2010-08-27,0.1709987322515213
2010-08-30,0.17017215189873416
2010-08-31,0.17054658227848102
2010-09-01,0.17198683544303794
2010-09-02,0.17209931593615405
2010-09-03,0.1730552598225602
2010-09-06,0.1728788032454361
2010-09-07,0.17080010134279197
2010-09-08,0.17103953370501773
2010-09-09,0.17047984790874526
2010-09-10,0.17073307984790875
2010-09-13,0.1728936170212766
2010-09-14,0.17486173714864522
2010-09-15,0.1748220253164557
2010-09-16,0.17569131425677387
2010-09-17,0.17526651480637814
2010-09-20,0.17548177215189872
2010-09-21,0.17634193874968362
2010-09-22,0.17957186234817812
2010-09-23,0.1791409056412851
2010-09-24,0.18074040404040406
2010-09-27,0.18089725509947116
2010-09-28,0.18216586961993456
2010-09-29,0.18291220988900103
2010-09-30,0.18278181818181818
2010-10-01,0.18470638727594044
2010-10-04,0.1836378787878788
2010-10-05,0.1858943911066195
2010-10-06,0.18699621212121212
2010-10-07,0.18645578575037897
2010-10-08,0.18646284125379173
2010-10-12,0.18560101137800253
2010-10-13,0.18725177125506073
2010-10-14,0.18870770010131713
2010-10-15,0.18717117572692793
2010-10-18,0.18750809307030855
2010-10-19,0.18474045994440233
2010-10-20,0.1873044466902476
2010-10-21,0.18642799393633147
2010-10-22,0.1866820020222447
2010-10-25,0.18752566371681414
2010-10-26,0.1855320869125821
2010-10-28,0.18675183219610816
2010-10-29,0.1865392974475613
2010-11-01,0.18640363728214193
2010-11-02,0.18832390096008084
2010-11-03,0.18840561031084155
2010-11-04,0.19034554180348573
2010-11-05,0.1886864578069732
2010-11-08,0.1870837749179914
2010-11-09,0.18584250378596667
2010-11-10,0.18429790456955314
2010-11-11,0.18312998485613327
2010-11-12,0.18333820933165196
2010-11-15,0.18256498740554153
2010-11-16,0.1808711301283665
2010-11-17,0.18149811225773974
2010-11-18,0.1827118046816008
2010-11-19,0.18309665240372514
2010-11-23,0.17967203624465142
2010-11-24,0.17933048074502894
2010-11-25,0.17939471698113207
2010-11-26,0.1776389447236181
2010-11-29,0.17579322459222085
2010-11-30,0.17494132397191575
2010-12-01,0.17622696459954806
2010-12-02,0.17717613065326634
2010-12-03,0.17945274007038714
2010-12-06,0.17840246354952236
2010-12-07,0.1785012569130216
2010-12-09,0.17733316570279106
2010-12-10,0.1774623899371069
2010-12-13,0.17953637050088095
2010-12-14,0.17998892803220937
2010-12-15,0.17811977856064418
2010-12-16,0.17761987421383646
2010-12-17,0.17658480120785103
2010-12-20,0.1761059386009059
2010-12-21,0.1760037754845205
2010-12-22,0.17560498489425982
2010-12-23,0.17594167923579687
2010-12-27,0.17622389558232932
2010-12-28,0.17611529766390355
2010-12-29,0.17697234791352437
2010-12-30,0.17789486921529174
2010-12-31,0.1792404426559356
2011-01-03,0.17947847973823308
2011-01-04,0.17863201610873397
2011-01-05,0.1768627895266868
2011-01-06,0.17481596173212488
2011-01-07,0.17352966314731022
2011-01-10,0.17374685771744594
2011-01-11,0.17407943690296632
2011-01-12,0.17568838028169012
2011-01-13,0.17928219315895372
2011-01-14,0.17917621920563098
2011-01-17,0.1784121638602664
2011-01-18,0.17937534521717297
2011-01-19,0.1809103690685413
2011-01-20,0.18066532764248053
2011-01-21,0.18227893547577204
2011-01-24,0.18298268506900878
2011-01-25,0.1830629072681704
2011-01-26,0.18360075187969924
2011-01-27,0.18377972465581977
2011-01-28,0.1826115971007248
2011-01-31,0.1837931636726547
2011-02-01,0.18546345722125218
2011-02-02,0.1850034851879512
2011-02-03,0.1830966376089664
2011-02-04,0.1821162559123724
2011-02-07,0.18170913162478228
2011-02-08,0.1833383121732636
2011-02-09,0.1838775205377147
2011-02-10,0.182718407960199
2011-02-11,0.18133018398806564
2011-02-14,0.18094954014417106
2011-02-15,0.18128099378881984
2011-02-16,0.1817785234899329
2011-02-17,0.18238195825049702
2011-02-18,0.18341217391304346
2011-02-21,0.18343917576961274
2011-02-22,0.18320382323733864
2011-02-23,0.18433531893770166
2011-02-24,0.18498659384309832
2011-02-25,0.18455621742367834
2011-02-28,0.18500372208436724
2011-03-01,0.18514413296948648
2011-03-02,0.18603275434243177
2011-03-03,0.18689153636138
2011-03-04,0.18742382133995036
2011-03-09,0.18637242747334487
2011-03-10,0.18529149094517489
2011-03-11,0.1860985600794439
2011-03-14,0.18756788284934228
2011-03-15,0.18740282597917698
2011-03-16,0.18611218424962853
2011-03-17,0.18787447387967318
2011-03-18,0.189948006932409
2011-03-21,0.1908139074486513
2011-03-22,0.19062073231073726
2011-03-23,0.1893951014349332
2011-03-28,0.18890405539070232
2011-03-29,0.1888902891030393
2011-03-30,0.18944024691358027
2011-03-31,0.19049210656142082
2011-04-01,0.19069412925505674
2011-04-04,0.190432625863771
2011-04-05,0.1905426739023187
2011-04-06,0.1921603354711396
2011-04-07,0.19158623242042933
2011-04-08,0.19338444444444444
2011-04-11,0.1937083950617284
2011-04-12,0.19423896424167694
2011-04-13,0.19360719566288812
2011-04-14,0.19423899680354068
2011-04-15,0.1935022113022113
2011-04-18,0.19083603338242514
2011-04-19,0.19226324828263003
2011-04-20,0.19446923265506252
2011-04-25,0.19556467417932386
2011-04-26,0.1962824595786379
2011-04-27,0.19763231334149328
2011-04-28,0.19868063725490195
2011-04-29,0.19892573529411764
2011-05-02,0.19935400833537634
2011-05-03,0.1989811181951937
2011-05-04,0.1992309389556264
2011-05-05,0.19529730392156863
2011-05-06,0.1931396716491056
2011-05-09,0.19223370896619305
2011-05-10,0.19273027927486527
2011-05-11,0.19045432280186136
2011-05-12,0.1912922586967173
2011-05-13,0.1891753612539799
2011-05-16,0.19052693437806076
2011-05-17,0.19073047735618115
2011-05-18,0.19131791483113067
2011-05-19,0.1919349155860044
2011-05-20,0.19067596671561426
2011-05-23,0.19305407389283094
2011-05-24,0.1892613803230543
2011-05-26,0.18937249143416543
2011-05-27,0.19138399412628487
2011-05-30,0.19154158512720157
2011-05-31,0.19291246943765283
2011-06-01,0.1931061384201516
2011-06-02,0.19445794621026893
2011-06-03,0.1962440097799511
2011-06-06,0.19577908113391984
2011-06-07,0.19691617790811342
2011-06-08,0.19564882697947214
2011-06-09,0.1945184461275348
2011-06-10,0.1922079667644184
2011-06-13,0.19310606060606061
2011-06-14,0.1941407280723186
2011-06-15,0.19004176844162188
2011-06-16,0.18959135319980458
2011-06-17,0.19165543345543345
2011-06-21,0.19292362127867252
2011-06-22,0.19312100512320077
2011-06-23,0.1901573554525494
2011-06-24,0.190229756097561
2011-06-27,0.19134739151633348
2011-06-28,0.19251120857699805
2011-06-29,0.19350218978102188
2011-06-30,0.19465474452554743
2011-07-01,0.19454866180048658
2011-07-04,0.19479878493317132
2011-07-05,0.19421622934888244
2011-07-06,0.19192374939290915
2011-07-07,0.19232249454016012
2011-07-08,0.1909563212812424
2011-07-11,0.18806186317321688
2011-07-12,0.1878110140708394
2011-07-13,0.18963100436681224
2011-07-14,0.19001285783600194
2011-07-15,0.18973168364871423
2011-07-18,0.1888003875968992
2011-07-19,0.19004182785299806
2011-07-20,0.19074516441005804
2011-07-21,0.1929309011838608
2011-07-22,0.19279342836433921
2011-07-25,0.19300918984280535
2011-07-26,0.19474570945129324
2011-07-27,0.1927375543740938
2011-07-28,0.19220038628681793
2011-07-29,0.19302774427020508
2011-08-01,0.19118639980708946
2011-08-02,0.19048698167791708
2011-08-03,0.1923558178752108
2011-08-04,0.18984348663616665
2011-08-05,0.19149013474494708
2011-08-08,0.19059966297544537
2011-08-09,0.19089800336781332
2011-08-10,0.19068679336059657
2011-08-11,0.19073407069006976
2011-08-12,0.19127032227032223
2011-08-15,0.19380605623648164
2011-08-16,0.19342733605572904
2011-08-17,0.1938848092152628
2011-08-18,0.1920232446681045
2011-08-19,0.19316203925323122
2011-08-23,0.19347968451242828
2011-08-24,0.19359961777353082
2011-08-25,0.19291230585424135
2011-08-26,0.19450717017208413
2011-08-29,0.19457521489971347
2011-08-30,0.1937084624553039
2011-08-31,0.19289761904761904
2011-09-01,0.19159280303030302
2011-09-02,0.1905887672536887
2011-09-05,0.18918963878326994
2011-09-06,0.1879980988593156
2011-09-07,0.18895745186593774
2011-09-08,0.18655663969538316
2011-09-09,0.18384035212943134
2011-09-12,0.18230209324452903
2011-09-13,0.18412488106565178
2011-09-14,0.1846688867745005
2011-09-15,0.18645231866825207
2011-09-16,0.18508228299643284
2011-09-19,0.1832475624256837
2011-09-20,0.18361097852028638
2011-09-21,0.18491477679637144
2011-09-22,0.1807402380952381
2011-09-23,0.1815112960760999
2011-09-26,0.1808023781212842
2011-09-27,0.1832475624256837
2011-09-28,0.18222235434007134
2011-09-29,0.18243186682520807
2011-09-30,0.18078929845422115
2011-10-03,0.17799286563614744
2011-10-04,0.17794863258026158
2011-10-05,0.17951699548371763
2011-10-06,0.18039477434679335
2011-10-07,0.18013159144893112
2011-10-11,0.18371883163144145
2011-10-12,0.1856941344098789
2011-10-13,0.18491455020175646
2011-10-14,0.1863446394686907
2011-10-17,0.18039477434679335
2011-10-18,0.18446437869822488
2011-10-19,0.18508571428571427
2011-10-20,0.18445076741440375
2011-10-21,0.1856871310507674
2011-10-24,0.18729745042492918
2011-10-25,0.18710835694050992
2011-10-26,0.18660552407932013
2011-10-27,0.19114966949952789
2011-10-28,0.1903564683663834
2011-10-31,0.18741336166194525
2011-11-01,0.18457344965809952
2011-11-02,0.18474729411764707
2011-11-03,0.18583223529411766
2011-11-04,0.18536372180451127
2011-11-07,0.18462793427230048
2011-11-08,0.18512347417840377
2011-11-09,0.18271854460093898
2011-11-10,0.18293244194229416
2011-11-11,0.1847371254681648
2011-11-14,0.1829927485380117
2011-11-15,0.18199366643209006
2011-11-16,0.18177848249941275
2011-11-17,0.18096921992481202
2011-11-18,0.18158045571999062
2011-11-21,0.18150469704086425
2011-11-22,0.18166964076074194
2011-11-23,0.17969124207560458
2011-11-24,0.17940112596762844
2011-11-25,0.17799929627023223
2011-11-29,0.1792018713450292
2011-11-30,0.18084816631628126
2011-12-01,0.18084820177487154
2011-12-02,0.18005370067709547
2011-12-05,0.18097573495100328
2011-12-06,0.18018349696119684
2011-12-07,0.18054768583450212
2011-12-12,0.17755059593362937
2011-12-13,0.175920074783828
2011-12-14,0.1748220042046251
2011-12-15,0.17502707749766575
2011-12-16,0.17503636363636363
2011-12-19,0.17511911421911422
2011-12-20,0.1760377446411929
2011-12-21,0.17584902143522832
2011-12-22,0.17557409133271204
2011-12-23,0.17542637465051258
2011-12-27,0.17589832480223358
2011-12-28,0.1739885993485342
2011-12-29,0.17410085986521034
2011-12-30,0.1743252788104089
2012-01-03,0.17547862453531599
2012-01-04,0.1741038086391082
2012-01-05,0.17205474367896081
2012-01-06,0.17111280982163538
2012-01-09,0.17130319888734355
2012-01-10,0.17179758868536985
2012-01-11,0.17073886827458257
2012-01-12,0.17259230055658628
2012-01-13,0.17043320964749537
2012-01-16,0.17046814917766967
2012-01-17,0.17126817971283
2012-01-18,0.17280416666666665
2012-01-19,0.1738949317287665
2012-01-20,0.1739040018505667
2012-01-23,0.174987292051756
2012-01-24,0.17513128749423168
2012-01-25,0.17565122176118025
2012-01-26,0.17686900369003689
2012-01-27,0.17720438292964244
2012-01-30,0.17659423298731258
2012-01-31,0.17581484897394514
2012-02-01,0.17736479003230274
2012-02-02,0.1769284560350796
2012-02-03,0.17673782598661433
2012-02-06,0.17666605123471035
2012-02-07,0.17839626556016597
2012-02-08,0.1785299401197605
2012-02-09,0.17889415554532903
2012-02-10,0.1774812428078251
2012-02-13,0.17770202485043718
2012-02-14,0.17635134513681305
2012-02-15,0.1757221328430246
2012-02-16,0.17628279347576387
2012-02-17,0.1769441892512632
2012-02-22,0.1781419384474047
2012-02-23,0.179102434542949
2012-02-24,0.18110355912743972
2012-02-28,0.18094628099173554
2012-02-29,0.1796653660775763
2012-03-01,0.17907984353428438
2012-03-02,0.17767035755478663
2012-03-05,0.17794855824682812
2012-03-06,0.17637315498154982
2012-03-07,0.17679709476596728
2012-03-08,0.17840262733348697
2012-03-09,0.17641975592908127
2012-03-12,0.17685027598896044
2012-03-13,0.17634206294509536
2012-03-14,0.17510075740188202
2012-03-15,0.17620840992647058
2012-03-16,0.1771197247706422
2012-03-19,0.17810703644281456
2012-03-20,0.17793585337915233
2012-03-21,0.17750332035722463
2012-03-22,0.17727668346312414
2012-03-23,0.17839620050354774
2012-03-26,0.17932387923147303
2012-03-27,0.17941413217470842
2012-03-28,0.17898056698673984
2012-03-29,0.17850445510623714
2012-03-30,0.17916327928750858
2012-04-03,0.1789228662711091
2012-04-04,0.1766098450319052
2012-04-09,0.176391651459854
2012-04-10,0.1760935218978102
2012-04-11,0.17622391799544418
2012-04-12,0.17738043230944256
2012-04-13,0.17578402366863907
2012-04-16,0.1767127901684115
2012-04-17,0.1765412781441892
2012-04-18,0.17620513402998636
2012-04-19,0.17640735694822887
2012-04-20,0.177619836586473
2012-04-23,0.1765506128007263
2012-04-24,0.17731444116980277
2012-04-25,0.17731762573629364
2012-04-26,0.17790122338015404
2012-04-27,0.17825628254471362
2012-05-02,0.17690036150022592
2012-05-03,0.17674412827461608
2012-05-04,0.17591689250225837
2012-05-07,0.17560198332206445
2012-05-08,0.17528165840468682
2012-05-09,0.1744349099099099
2012-05-10,0.17431313358864609
2012-05-11,0.17385247747747745
2012-05-14,0.1728370470402881
2012-05-15,0.1714353894642053
2012-05-16,0.17132381380706094
2012-05-17,0.1711303077960009
2012-05-18,0.17109217313298947
2012-05-21,0.17193952967525197
2012-05-22,0.1711186213070725
2012-05-23,0.16913895726113223
2012-05-24,0.1686026845637584
2012-05-28,0.16869088064371926
2012-05-29,0.1679599552572707
2012-05-30,0.16669156788190562
2012-05-31,0.16642540818608811
2012-06-01,0.1668725117423395
2012-06-04,0.16795999105945464
2012-06-05,0.16739206066012488
2012-06-06,0.1689074733096085
2012-06-07,0.16935950044603032
2012-06-08,0.16825947391885868
2012-06-11,0.16816614699331847
2012-06-12,0.16820579064587973
2012-06-13,0.16951157613535173
2012-06-14,0.1694484983314794
2012-06-15,0.17011432384341635
2012-06-16,0.1661184124918673
2012-06-18,0.16923333333333332
2012-06-19,0.1711479013990673
2012-06-21,0.16904458740017747
2012-06-22,0.169010195035461
2012-06-25,0.16815773150199378
2012-06-26,0.16801350453841044
2012-06-27,0.16770916334661357
2012-06-28,0.16715410126022553
2012-06-29,0.1702677269715043
2012-07-02,0.16919624309392264
2012-07-03,0.16955469613259666
2012-07-04,0.16856306604815552
2012-07-05,0.16643642384105958
2012-07-06,0.16507364939360528
2012-07-10,0.1648153371529308
2012-07-11,0.16481523893415548
2012-07-12,0.16394522657281127
2012-07-13,0.164500769738289
2012-07-16,0.16503276885858809
2012-07-17,0.1649103690685413
2012-07-18,0.16485867895545311
2012-07-19,0.1648967105263158
2012-07-20,0.16342813321647678
2012-07-23,0.16294880770072195
2012-07-24,0.16206931992127704
2012-07-25,0.16330525164113785
2012-07-26,0.1650819851333625
2012-07-27,0.16555196506550218
2012-07-30,0.16468493449781657
2012-07-31,0.1653576881134133
2012-08-01,0.16523741007194245
2012-08-02,0.1634600959441779
2012-08-03,0.1662207452604053
2012-08-06,0.166569468641115
2012-08-07,0.16684461371055495
2012-08-08,0.16593105698129623
2012-08-09,0.1650654347826087
2012-08-10,0.16521017170180397
2012-08-13,0.16571378935939196
2012-08-14,0.16567802865827183
2012-08-15,0.16504383680555557
2012-08-16,0.1661184124918673
2012-08-17,0.16543695840554595
2012-08-21,0.16754634040710262
2012-08-22,0.16769237435008666
2012-08-23,0.16870803552090102
2012-08-24,0.16830767567567567
2012-08-27,0.16797688485634046
2012-08-28,0.168702311514366
2012-08-29,0.16815770144739686
2012-08-30,0.16776559464709692
2012-08-31,0.16868801207416992
2012-09-03,0.1690473831574413
2012-09-04,0.16860572166057217
2012-09-05,0.16907029234737747
2012-09-06,0.16961503759398494
2012-09-07,0.17169448616176788
2012-09-10,0.17153250375455914
2012-09-11,0.1725714592274678
2012-09-12,0.1730343273975542
2012-09-13,0.17386773847802786
2012-09-14,0.1758488546349818
2012-09-17,0.17580573384681214
2012-09-18,0.17487705794312594
2012-09-19,0.17506686605426192
2012-09-20,0.17369557786797693
2012-09-21,0.17438006828851899
2012-09-25,0.17362913201108976
2012-09-26,0.1724733475479744
2012-09-27,0.1733041346973572
2012-09-28,0.17252097083244625
2012-10-01,0.1729565865077676
2012-10-02,0.17340936170212765
2012-10-03,0.17307335743142674
2012-10-04,0.1745932851678708
2012-10-05,0.1747793586748779
2012-10-09,0.17250604710375556
2012-10-10,0.17291770943796395
2012-10-11,0.17337330508474577
2012-10-12,0.1736231208977345
2012-10-15,0.17355087793526547
2012-10-16,0.17492601986894948
2012-10-17,0.17595097210481825
2012-10-18,0.1754171066525871
2012-10-19,0.17459328830730264
2012-10-22,0.1749139603542809
2012-10-23,0.17392515285684165
2012-10-24,0.1737588458298231
2012-10-25,0.17362920875420876
2012-10-26,0.1733341750841751
2012-10-29,0.17292663443346648
2012-10-30,0.17378605920638254
2012-10-31,0.1738797733948804
2012-11-01,0.1733763102725367
2012-11-02,0.17203711469909833
2012-11-05,0.17134737945492665
2012-11-07,0.17108930817610066
2012-11-08,0.17075345622119817
2012-11-09,0.17057869401423192
2012-11-12,0.1704622779519331
2012-11-13,0.17042170186075684
2012-11-14,0.17090223522038855
2012-11-15,0.17125636211931583
2012-11-16,0.170566875
2012-11-19,0.17163558792924039
2012-11-20,0.17170917412107342
2012-11-21,0.17201931063122924
2012-11-22,0.17244951275139953
2012-11-23,0.17406434205064344
2012-11-27,0.17346662520729686
2012-11-28,0.17346645962732918
2012-11-29,0.17388573794245496
2012-11-30,0.17427986771393136
2012-12-03,0.17501486988847584
2012-12-04,0.17550629255209405
2012-12-05,0.17541084312512883
2012-12-06,0.17364738575545494
2012-12-07,0.17347563232572485
2012-12-10,0.17343039276166974
2012-12-11,0.1742980690221857
2012-12-12,0.17544170771756978
2012-12-13,0.17519265490356997
2012-12-14,0.1764850348503485
2012-12-17,0.17637305487305485
2012-12-18,0.17734894661484965
2012-12-19,0.17752205882352942
2012-12-20,0.17742775510204079
2012-12-21,0.17648195718654433
2012-12-26,0.17725458248472503
2012-12-27,0.1770913901892937
2012-12-28,0.17723585673585673
2012-12-31,0.17692537616917445
2013-01-02,0.17651939086294416
2013-01-03,0.17576537446722146
2013-01-04,0.1749413317092976
2013-01-07,0.17573453660515106
2013-01-08,0.17518349553933496
2013-01-09,0.17516207455429497
2013-01-10,0.1776671390969832
2013-01-11,0.17903824362606233
2013-01-14,0.17907675217127855
2013-01-15,0.17871509395837545
2013-01-16,0.17801192400970087
2013-01-17,0.17904787878787878
2013-01-18,0.17847909513229654
2013-01-21,0.17842799515933844
2013-01-22,0.17828484970748437
2013-01-23,0.17833259468170828
2013-01-24,0.17922425952045135
2013-01-25,0.1802970795568983
2013-01-28,0.18037839468919736
2013-01-29,0.1807371382636656
2013-01-30,0.18190096424266775
2013-02-01,0.18322407221664994
2013-02-04,0.18141902468392537
2013-02-05,0.18209630818619585
2013-02-06,0.18123501102867456
2013-02-07,0.17962682682682682
2013-02-08,0.17902221777421937
2013-02-13,0.1803263389288569
2013-02-14,0.17880775379696245
2013-02-15,0.17902853721812015
2013-02-18,0.1790221027479092
2013-02-19,0.17952349661489445
2013-02-21,0.17695983296878107
2013-02-22,0.1768065606361829
2013-02-25,0.176800357568534
2013-02-26,0.17504247717348154
2013-02-27,0.17565436507936508
2013-02-28,0.17544173602853746
2013-03-01,0.1748221429986136
2013-03-04,0.17444697269489512
2013-03-05,0.1747120822622108
2013-03-06,0.17421912665481132
2013-03-07,0.17573770491803278
2013-03-08,0.1741340572556762
2013-03-11,0.17472748768472907
2013-03-12,0.17464198503347772
2013-03-13,0.17391614173228345
2013-03-14,0.17441042281219274
2013-03-15,0.17513432835820897
2013-03-18,0.17380729984301413
2013-03-19,0.17268171114599687
2013-03-20,0.17396741903827284
2013-03-21,0.17320223398001178
2013-03-22,0.17411898238747553
2013-03-25,0.17272341673182176
2013-03-26,0.1724494140625
2013-03-27,0.17136196798125733
2013-04-03,0.17238401559454192
2013-04-04,0.17356291390728476
2013-04-05,0.17461141410206465
2013-04-08,0.1745871809857783
2013-04-09,0.1755524625267666
2013-04-10,0.17515272373540858
2013-04-11,0.17596966750923587
2013-04-12,0.17556787725771994
2013-04-15,0.17528474378881986
2013-04-16,0.1769066925315228
2013-04-17,0.17482525213343678
2013-04-18,0.17517115720100795
2013-04-19,0.17540472501936483
2013-04-22,0.17505167408554287
2013-04-23,0.17442266047950503
2013-04-24,0.17457487922705314
2013-04-25,0.17460835105354724
2013-04-26,0.17470915411355736
2013-04-29,0.17564806949806952
2013-04-30,0.1764663582032003
2013-05-02,0.1752724821875602
2013-05-03,0.17579322946720524
2013-05-06,0.17550019201228878
2013-05-07,0.17558023032629558
2013-05-08,0.1766097046413502
2013-05-09,0.17581172189235778
2013-05-10,0.17407649646203863
2013-05-13,0.17408255302885534
2013-05-14,0.17365940783190065
2013-05-15,0.17269673227594115
2013-05-16,0.17316013758838145
2013-05-17,0.17222975553857908
2013-05-20,0.17279218303145852
2013-05-21,0.17309432164634145
2013-05-22,0.17227421503330162
2013-05-23,0.17355386661599848
2013-05-24,0.173346183061147
2013-05-27,0.1734485768500949
2013-05-28,0.17260417457305505
2013-05-29,0.17350265352539804
2013-05-30,0.1751037878787879
2013-05-31,0.1739311127933384
2013-06-03,0.17557404955551353
2013-06-04,0.17531556059746645
2013-06-05,0.17558646758646757
2013-06-06,0.17765459347292964
2013-06-07,0.1773143396226415
2013-06-10,0.17783468426013194
2013-06-11,0.17826591337099812
2013-06-12,0.17869274163219256
2013-06-13,0.17885883236343159
2013-06-14,0.17876303939962476
2013-06-17,0.1787852726250703
2013-06-18,0.17973319603070587
2013-06-19,0.17943970835670217
2013-06-24,0.1759602760164118
2013-06-25,0.1754847071988064
2013-06-26,0.1743556797020484
2013-06-27,0.17473963176492469
2013-06-28,0.17450185597624351
2013-07-01,0.17512820037105753
2013-07-02,0.17425862068965517
2013-07-03,0.17434049648017785
2013-07-04,0.1731241902646678
2013-07-05,0.1720458919319023
2013-07-08,0.17241383136094673
2013-07-10,0.17231572141141696
2013-07-11,0.17495368149105
2013-07-12,0.17511592333210468
2013-07-15,0.17510683367102597
2013-07-16,0.17624875804967802
2013-07-17,0.17611525735294117
2013-07-18,0.17579009174311927
2013-07-19,0.17615873306481145
2013-07-22,0.17688152353048892
2013-07-23,0.17723892347125597
2013-07-24,0.17679721815519764
2013-07-25,0.17763886861313868
2013-07-26,0.17818646232439336
2013-07-29,0.177831483166515
2013-07-30,0.17778094891837845
2013-07-31,0.1785905540417802
2013-08-01,0.17733006713845037
2013-08-02,0.1782467815049864
2013-08-05,0.17787900742619092
2013-08-06,0.17848860347322723
2013-08-07,0.17890687160940325
2013-08-08,0.17948158844765344
2013-08-09,0.17892601948754963
2013-08-12,0.1783643731988473
2013-08-13,0.17773678532901832
2013-08-14,0.17769881465517243
2013-08-15,0.17887811435741172
2013-08-16,0.17868950098372383
2013-08-20,0.17990134048257372
2013-08-21,0.179282170265929
2013-08-22,0.17909600997506234
2013-08-23,0.17946230440967284
2013-08-26,0.1791825284090909
2013-08-27,0.17951710083289033
2013-08-28,0.17870230088495576
2013-08-29,0.17756951068715773
2013-08-30,0.1770944992947814
2013-09-03,0.17658488576449913
2013-09-04,0.1771166257453525
2013-09-05,0.17585207931216004
2013-09-06,0.17648202069812316
2013-09-09,0.17789165497896214
2013-09-10,0.17796446078431372
2013-09-11,0.17852683097360603
2013-09-12,0.1783708041958042
2013-09-13,0.1784822707423581
2013-09-16,0.17894521981856246
2013-09-17,0.1791375827237896
2013-09-18,0.18029716571031124
2013-09-19,0.18140587009378256
2013-09-20,0.18150789793438638
2013-09-23,0.1810741639230636
2013-09-24,0.18079587593138108
2013-09-25,0.1813500259920291
2013-09-26,0.18072717842323652
2013-09-27,0.18129740932642485
2013-09-30,0.1813828758846884
2013-10-01,0.1813696551724138
2013-10-02,0.1820630708254351
2013-10-03,0.18255505849965586
2013-10-04,0.18161998967830725
2013-10-07,0.18201013571551278
2013-10-08,0.18193060803847474
2013-10-09,0.18106422806113687
2013-10-10,0.18135975295934123
2013-10-11,0.1815771604938272
2013-10-15,0.1809398766700925
2013-10-16,0.18158705701078584
2013-10-17,0.1832307297897795
2013-10-18,0.18340553467714382
2013-10-21,0.18345598771750254
2013-10-22,0.18485314685314683
2013-10-23,0.18482230559345159
2013-10-24,0.18507887563884157
2013-10-25,0.1850207271491675
2013-10-28,0.18489069925322468
2013-10-29,0.18427740074652188
2013-10-30,0.18429778229219568
2013-10-31,0.18230209742895803
2013-11-01,0.18092008093070308
2013-11-04,0.18113966010432445
2013-11-05,0.18055751469353484
2013-11-07,0.17972678331090175
2013-11-08,0.17920187793427228
2013-11-11,0.17970416875941736
2013-11-12,0.18021921017402942
2013-11-13,0.18036540070269366
2013-11-14,0.1806683920520955
2013-11-15,0.1807534612176814
2013-11-18,0.18113640906062625
2013-11-19,0.18147507865540655
2013-11-20,0.18013794244128348
2013-11-21,0.18043703581449083
2013-11-22,0.18152778691219995
2013-11-26,0.18174224774405248
2013-11-27,0.18195057283142388
2013-11-28,0.18229546196539337
2013-11-29,0.18214932421429733
2013-12-02,0.18163981812276714
2013-12-03,0.18232205858553163
2013-12-04,0.18226895772829943
2013-12-05,0.18318037263090267
2013-12-06,0.18360076898429992
2013-12-09,0.18394863178108498
2013-12-10,0.1845699233716475
2013-12-11,0.18501736498327226
2013-12-12,0.18427070063694265
2013-12-13,0.183870885673398
2013-12-16,0.1842910530482977
2013-12-17,0.1843692356285534
2013-12-18,0.18441345249294447
2013-12-19,0.18319040175082069
2013-12-20,0.18332814445828144
2013-12-23,0.1836142857142857
2013-12-26,0.18348617333539316
2013-12-27,0.18457340933600372
2013-12-30,0.18502070234626591
2013-12-31,0.1846417727342432
2014-01-02,0.18329793735676086
2014-01-03,0.18238855835240275
2014-01-06,0.1828655041698256
2014-01-07,0.18272855410730526
2014-01-08,0.1819108251324754
2014-01-09,0.18206972532447932
2014-01-10,0.18314015606242495
2014-01-13,0.1829659447348768
2014-01-14,0.1833517138599106
2014-01-15,0.18218253145817911
2014-01-16,0.18216592855033953
2014-01-17,0.1812776224805061
2014-01-20,0.1817389010989011
2014-01-21,0.18157385620915031
2014-01-22,0.18158375350140057
2014-01-23,0.18324412903225806
2014-01-24,0.18338525
2014-01-27,0.18328776529338328
2014-01-28,0.1830797752808989
2014-01-29,0.18308644597126794
2014-01-30,0.18159363693075484
2014-01-31,0.1809888888888889
2014-02-03,0.181146283572767
2014-02-04,0.18117249562827878
2014-02-05,0.1813401265822785
2014-02-06,0.1822755076142132
2014-02-07,0.18248176020408163
2014-02-10,0.18281867007672634
2014-02-11,0.1828923175416133
2014-02-12,0.1820598334401025
2014-02-13,0.18321060061601643
2014-02-14,0.18356036593222522
2014-02-17,0.18365141752577321
2014-02-18,0.18434534689149185
2014-02-19,0.1842876236987534
2014-02-20,0.1835940378710338
2014-02-21,0.18406373486297006
2014-02-24,0.1840807129217059
2014-02-25,0.18428084890074978
2014-02-26,0.18320048217231313
2014-02-27,0.1837356861749397
2014-02-28,0.18504470408940818
2014-03-05,0.1840468274111675
2014-03-06,0.18570448481768517
2014-03-07,0.18594619005215623
2014-03-10,0.18591502353390155
2014-03-11,0.1857838627700127
2014-03-12,0.18628906944268123
2014-03-13,0.18565965268094814
2014-03-14,0.18629949367088605
2014-03-17,0.18656022727272728
2014-03-18,0.1865184766214178
2014-03-19,0.18606387526719476
2014-03-20,0.18452567482736973
2014-03-21,0.18478141459744168
2014-03-25,0.18517489069331663
2014-03-26,0.18467566554180728
2014-03-27,0.184101
2014-03-28,0.18420954642009246
2014-03-31,0.18449850037490625
2014-04-01,0.18476780804798798
2014-04-03,0.18376275
2014-04-04,0.183493
2014-04-07,0.18405024371953507
2014-04-08,0.18479165104361955
2014-04-09,0.185072125
2014-04-10,0.1859635
2014-04-11,0.1860985
2014-04-14,0.1851439820022497
2014-04-15,0.185024125
2014-04-16,0.1851439820022497
2014-04-21,0.18473025
2014-04-22,0.1848600174978128
2014-04-23,0.18501725
2014-04-24,0.18526409198850144
2014-04-25,0.1853705
2014-04-28,0.1855528058992626
2014-04-29,0.18500699825043737
2014-04-30,0.18585628592851786
2014-05-05,0.18593925759280092
2014-05-06,0.186622875
2014-05-07,0.18643494563179602
2014-05-08,0.1855769807548113
2014-05-09,0.18427407870081197
2014-05-12,0.18431818749219822
2014-05-13,0.18350642064580475
2014-05-14,0.18359743653558985
2014-05-15,0.1837525453190961
2014-05-16,0.18349292277129375
2014-05-19,0.18367829216830087
2014-05-20,0.18346935483870966
2014-05-21,0.1830496154800298
2014-05-22,0.1828287238000744
2014-05-23,0.1826484375
2014-05-26,0.18283201090999254
2014-05-27,0.18248841531408747
2014-05-28,0.18212608372553876
2014-05-29,0.1822257585139319
2014-05-30,0.1827618811881188
2014-06-02,0.18223240568954854
2014-06-03,0.18260506485484868
2014-06-04,0.18231211448309895
2014-06-05,0.18304624846248463
2014-06-06,0.18279864698646986
2014-06-09,0.18207970479704794
2014-06-10,0.1814420664206642
2014-06-11,0.18136966416533398
2014-06-12,0.18174215770697502
2014-06-13,0.18148167281672817
2014-06-16,0.18196703161520483
2014-06-17,0.18160031984253908
2014-06-18,0.18229876998769987
2014-06-19,0.18246838868388682
2014-06-23,0.18247170971709714
2014-06-24,0.18258499384993848
2014-06-25,0.18289891785538612
2014-06-26,0.18255841121495328
2014-06-27,0.1830127889818003
2014-06-30,0.18365473994835857
2014-07-01,0.18351321450522434
2014-07-02,0.18313676579012042
2014-07-03,0.182508355861391
2014-07-04,0.18229884492504303
2014-07-07,0.18248513513513515
2014-07-08,0.182558393712391
2014-07-10,0.18242843113184384
2014-07-11,0.18247846889952155
2014-07-14,0.18255165644171778
2014-07-15,0.181960490797546
2014-07-16,0.1813467010056414
2014-07-17,0.18136635605689064
2014-07-18,0.18140919117647059
2014-07-21,0.18130723039215688
2014-07-22,0.1806064168503551
2014-07-23,0.18053152160607172
2014-07-24,0.1805902140672783
2014-07-25,0.18013145023233063
2014-07-28,0.1802288611925709
2014-07-29,0.179849609375
2014-07-30,0.17938507499085476
2014-07-31,0.1795944234749787
2014-08-01,0.18008608547838756
2014-08-04,0.17998559322033897
2014-08-05,0.17930781325592646
2014-08-06,0.17944297980408755
2014-08-07,0.17916652557745796
2014-08-08,0.17988852617579493
2014-08-11,0.17958718258766626
2014-08-12,0.179301499032882
2014-08-13,0.1793142753535598
2014-08-14,0.17927256252265314
2014-08-15,0.17962033570824779
2014-08-19,0.17862249577600775
2014-08-20,0.17822131442989306
2014-08-21,0.17814830256104824
2014-08-22,0.17756942296252234
2014-08-25,0.17698798334324808
2014-08-26,0.17663169164882225
2014-08-27,0.17708522794905368
2014-08-28,0.17685342058298634
2014-08-29,0.1764414950601119
2014-09-01,0.17624253598191983
2014-09-02,0.17630460111758414
2014-09-03,0.1763855665200333
2014-09-04,0.17400987977621712
2014-09-05,0.17400986333927512
2014-09-08,0.17334626830139271
2014-09-09,0.17351166666666665
2014-09-10,0.17340940476190475
2014-09-11,0.17368646589691705
2014-09-12,0.17401285408236136
2014-09-15,0.17382539871459177
2014-09-16,0.1742251576817803
2014-09-17,0.17348164429131518
2014-09-18,0.1734785553047404
2014-09-19,0.17253573972928044
2014-09-22,0.17236917052331793
2014-09-23,0.17268467933491685
2014-09-24,0.17173871733966745
2014-09-25,0.17125047483380818
2014-09-26,0.170430346786602
2014-09-29,0.17048258765198915
2014-09-30,0.169638196915777
2014-10-01,0.1693968047337278
2014-10-02,0.17031426879810538
2014-10-03,0.1680983431952663
2014-10-06,0.16921904198698995
2014-10-07,0.16983985807214666
2014-10-08,0.17050880094506793
2014-10-09,0.17041877213695394
2014-10-10,0.16960654382234822
2014-10-14,0.16996400330461464
2014-10-15,0.1717032928124631
2014-10-16,0.17201345291479822
2014-10-17,0.1715648890986314
2014-10-20,0.1718449575871819
2014-10-21,0.1710190857681433
2014-10-22,0.16993791966073743
2014-10-23,0.16988597007892564
2014-10-24,0.17020984455958546
2014-10-27,0.17067764705882355
2014-10-28,0.17115960950364617
2014-10-29,0.17046523938360195
2014-10-30,0.16941682352941176
2014-10-31,0.16837
2014-11-03,0.16772896097790316
2014-11-04,0.16861130700517163
2014-11-05,0.16791478608368596
2014-11-07,0.1671653349001175
2014-11-10,0.16705088729580442
2014-11-11,0.16751257344300824
2014-11-12,0.1671458284371328
2014-11-13,0.16745370152761457
2014-11-14,0.1681888144753848
2014-11-17,0.16726609492481204
2014-11-18,0.1683671287593985
2014-11-19,0.16861980267794224
2014-11-20,0.16846640826873385
2014-11-21,0.1664724048849225
2014-11-25,0.1674902029801713
2014-11-26,0.16810676991669601
2014-11-27,0.1676389866291344
2014-11-28,0.16712904739558895
2014-12-01,0.16791197843413033
2014-12-02,0.16643641686182672
2014-12-03,0.16537672676188245
2014-12-04,0.16634226225289508
2014-12-05,0.1652592029917027
2014-12-09,0.1665639616463985
2014-12-10,0.1670704011226757
2014-12-11,0.16655005847953214
2014-12-12,0.1674732779791837
2014-12-15,0.1672128406034382
2014-12-16,0.16808700736755933
2014-12-17,0.16683346976961758
2014-12-18,0.16510374269005848
2014-12-19,0.16454940942579815
2014-12-22,0.16467134502923975
2014-12-23,0.1636554385964912
2014-12-24,0.16383771775985034
2014-12-29,0.16344948550046773
2014-12-30,0.1632706116243714
2014-12-31,0.16254344521108643
2015-01-02,0.16133454120397428
2015-01-05,0.16022812755519214
2015-01-06,0.16028208119458706
2015-01-07,0.15897740244612696
2015-01-08,0.15881843575418994
2015-01-09,0.159083692236061
2015-01-12,0.15897741822837855
2015-01-13,0.15845595251949263
2015-01-14,0.15844851657940665
2015-01-15,0.15613051064324765
2015-01-16,0.1553614695965585
2015-01-19,0.1561474723997676
2015-01-20,0.15540262454999418
2015-01-21,0.15564206128133706
2015-01-22,0.15292390673935738
2015-01-23,0.15118759420289854
2015-01-26,0.1513751884057971
2015-01-27,0.1525879012631823
2015-01-28,0.152494844166377
2015-01-29,0.15186946953903174
2015-01-30,0.15173125867653864
2015-02-02,0.15229505545286504
2015-02-03,0.15418300427202403
2015-02-04,0.1533554272517321
2015-02-05,0.15385323325635103
2015-02-06,0.1521329252800554
2015-02-09,0.15221163166397417
2015-02-10,0.1519710562730627
2015-02-11,0.15175201659368517
2015-02-12,0.15292857965672157
2015-02-13,0.15327081174438686
2015-02-18,0.15237399309551208
2015-02-19,0.1527884327929171
2015-02-20,0.15282339423187408
2015-02-23,0.15184879448909297
2015-02-24,0.1519663913741684
2015-02-25,0.15214216922724147
2015-02-26,0.14992948056415548
2015-02-27,0.15001501260600503
2015-03-02,0.15001500057254094
2015-03-03,0.1503058702368692
2015-03-04,0.14853545288197623
2015-03-05,0.14781965714285716
2015-03-06,0.14571945649691712
2015-03-09,0.14574714742126885
2015-03-10,0.14385587229190425
2015-03-11,0.1413347385211348
2015-03-12,0.14226981776765377
2015-03-13,0.14067266309916884
2015-03-16,0.14190436069680065
2015-03-17,0.1420333447137817
2015-03-18,0.14386417927425776
2015-03-19,0.1426900159199454
2015-03-20,0.14556256392771907
2015-03-25,0.14686444722190659
2015-03-26,0.14552645923234162
2015-03-27,0.14599182746878547
2015-03-30,0.14487715517241379
2015-03-31,0.14372772613919746
2015-04-01,0.14417537102073186
2015-04-06,0.1469594609896954
2015-04-07,0.14506835672249888
2015-04-08,0.14442314217848662
2015-04-09,0.14253951384963254
2015-04-10,0.14170531073446327
2015-04-13,0.14137274164408312
2015-04-14,0.14280413185820726
2015-04-15,0.14302876156101962
2015-04-16,0.14455673358899165
2015-04-17,0.14462986353896468
2015-04-20,0.14377116446849283
2015-04-21,0.14408812260536397
2015-04-22,0.14381664601869582
2015-04-23,0.14515047833427125
2015-04-24,0.145537120359955
2015-04-27,0.14579808881394044
2015-04-28,0.14718006069461614
2015-04-29,0.14901134576499667
2015-04-30,0.1499250028067812
2015-05-04,0.1494210053859964
2015-05-05,0.14996097342155434
2015-05-06,0.15186023313158484
2015-05-07,0.150916069027342
2015-05-08,0.15041890681003584
2015-05-11,0.14954393820664952
2015-05-12,0.15039850044762756
2015-05-13,0.15217460850111858
2015-05-14,0.1524436493738819
2015-05-15,0.15323795685704705
2015-05-18,0.15163006813358654
2015-05-19,0.1494298950658629
2015-05-20,0.14888707877705867
2015-05-21,0.14916692685102587
2015-05-22,0.14768654553561478
2015-05-26,0.14592359100022279
2015-05-27,0.14616887454079927
2015-05-28,0.14658023592254615
2015-05-29,0.1472883674377224
2015-06-01,0.14642140951534013
2015-06-02,0.14982390845461616
2015-06-03,0.15084323304096817
2015-06-04,0.15065227524972255
2015-06-05,0.149009096960284
2015-06-08,0.15103226879574183
2015-06-09,0.1512309653108722
2015-06-10,0.15158400708827113
2015-06-11,0.15064326837909656
2015-06-12,0.1511441850171517
2015-06-15,0.15096394204180952
2015-06-16,0.1506500442282176
2015-06-17,0.1514486187845304
2015-06-18,0.15233915156871408
2015-06-19,0.15226258833922263
2015-06-22,0.15203807526763052
2015-06-23,0.1496468836183122
2015-06-24,0.1502855882677252
2015-06-25,0.15018626694588338
2015-06-26,0.14953051332892708
2015-06-29,0.15072729274468788
2015-06-30,0.14945004401408452
2015-07-01,0.14822940723633565
2015-07-02,0.14864801582939433
2015-07-03,0.14872100175746925
2015-07-06,0.1482536231884058
2015-07-07,0.14693998244459072
2015-07-08,0.14811745996929152
2015-07-10,0.14922928540113983
2015-07-13,0.1474948510078878
2015-07-14,0.147516535260622
2015-07-15,0.14673087446645508
2015-07-16,0.14586830015313937
2015-07-17,0.1453995189153728
2015-07-20,0.14521374713146104
2015-07-21,0.1467437745740498
2015-07-22,0.14609627769894115
2015-07-23,0.14747735951991273
2015-07-24,0.14717790139616058
2015-07-27,0.14875198953450344
2015-07-28,0.14814818043146655
2015-07-29,0.14837453713787843
2015-07-30,0.1463378687275498
2015-07-31,0.14755788900979327
2015-08-03,0.1467222403480152
2015-08-04,0.1462138043478261
2015-08-05,0.14611124388919067
2015-08-06,0.1464449994570529
2015-08-07,0.14700694595181246
2015-08-10,0.14771919739696313
2015-08-11,0.1477912647664463
2015-08-12,0.14965128371790706
2015-08-13,0.14922474829490096
2015-08-14,0.14894696969696972
2015-08-18,0.1477432125473229
2015-08-19,0.14906464166036104
2015-08-20,0.14997676931388437
2015-08-21,0.15214676025917928
2015-08-24,0.15509161540951763
2015-08-25,0.15320739861949956
2015-08-26,0.1522370945144951
2015-08-27,0.15077951314088753
2015-08-28,0.15013885898815932
2015-08-31,0.15040533562822722
2015-09-01,0.15144862424763542
2015-09-02,0.15057969924812029
2015-09-03,0.14918911666845552
2015-09-04,0.14964235142673246
2015-09-07,0.14970064239828695
2015-09-08,0.14977455285423583
2015-09-09,0.14970055650684932
2015-09-10,0.15116245989304813
2015-09-11,0.1520819970066282
2015-09-14,0.15160017095843573
2015-09-15,0.1510072610784837
2015-09-16,0.15144168178422793
2015-09-17,0.15197333902100885
2015-09-18,0.15227883180558516
2015-09-21,0.1500419729413018
2015-09-22,0.14917133425620274
2015-09-23,0.1500509682911258
2015-09-24,0.15059102509570396
2015-09-25,0.14988232167534815
2015-09-28,0.1505865037194474
2015-09-29,0.15071367884451994
2015-09-30,0.14973201018891952
2015-10-01,0.15010509013785792
2015-10-02,0.1505253231616868
2015-10-05,0.14982390936044046
2015-10-06,0.15090921595598347
2015-10-07,0.15075909475465313
2015-10-08,0.1513637420718816
2015-10-09,0.15234379292128897
2015-10-13,0.1525344099641123
2015-10-14,0.15338601118261422
2015-10-15,0.15253205398566005
2015-10-16,0.15262518440463646
2015-10-19,0.15181417140450623
2015-10-20,0.15206576178451178
2015-10-21,0.15200105141415204
2015-10-22,0.14909575362623503
2015-10-23,0.1474686974789916
2015-10-26,0.14815251390784087
2015-10-27,0.1479618168467429
2015-10-28,0.14747955546236108
2015-10-29,0.14704370153007756
2015-10-30,0.14769306515818145
2015-11-02,0.1477738356881214
2015-11-03,0.14693997071742315
2015-11-04,0.1455477434183034
2015-11-05,0.1456367432150313
2015-11-09,0.14422937310941902
2015-11-10,0.14341027511463111
2015-11-11,0.14381037175882536
2015-11-12,0.1444439937597504
2015-11-13,0.1437649625935162
2015-11-16,0.1433425012973534
2015-11-17,0.1427062850031114
2015-11-18,0.14264728441127694
2015-11-19,0.1437855441648545
2015-11-20,0.14274296648738105
2015-11-23,0.1423609387923904
2015-11-24,0.14273682034318794
2015-11-25,0.14238117379623888
2015-11-26,0.14225759454432732
2015-11-30,0.14156090008257638
2015-12-01,0.14233862652093215
2015-12-02,0.1418983417447729
2015-12-03,0.14623302469135802
2015-12-04,0.14568129496402876
2015-12-09,0.14744915776499587
2015-12-10,0.14674371859296484
2015-12-11,0.1473883147447048
2015-12-14,0.1475579399141631
2015-12-15,0.14639791964103613
2015-12-16,0.14648585385711377
2015-12-17,0.1450115671641791
2015-12-18,0.14521584905660379
2015-12-21,0.14624587869362365
2015-12-22,0.14703936825885977
2015-12-23,0.14581082949308757
2015-12-24,0.14678899082568805
2015-12-28,0.14711292307692309
2015-12-29,0.14651801280567772
2015-12-30,0.14625439001848428
2015-12-31,0.14554769938650308
2016-01-04,0.14498636363636366
2016-01-05,0.14402578754578754
2016-01-06,0.14417321814254858
2016-01-07,0.14571309352517986
2016-01-08,0.14600461095100864
2016-01-11,0.1458320879120879
2016-01-12,0.14523697416974168
2016-01-13,0.14539741506646972
2016-01-14,0.14554981132075473
2016-01-15,0.14680835820895521
2016-01-18,0.14593643067846607
2016-01-19,0.14640431868950113
2016-01-20,0.1463528888888889
2016-01-21,0.1452475
2016-01-22,0.14491704297159505
2016-01-25,0.1451273714699493
2016-01-26,0.14527494584837547
2016-01-27,0.14569827089337176
2016-01-28,0.14668135838150287
2016-01-29,0.14528338108882521
2016-02-01,0.14595130927105446
2016-02-02,0.14616038203042095
2016-02-03,0.14831292372881355
2016-02-04,0.15004652143359098
2016-02-05,0.1491913515771882
2016-02-10,0.15041662068965517
2016-02-11,0.1518234289617486
2016-02-12,0.15069321113374068
2016-02-15,0.14940756756756754
2016-02-16,0.14921364065237905
2016-02-17,0.14932508338892594
2016-02-18,0.1489558432934927
2016-02-19,0.14912689243027888
2016-02-22,0.14775416393442622
2016-02-23,0.1477192156862745
2016-02-24,0.14780214983713355
2016-02-25,0.14797056530214425
2016-02-26,0.14643859082094374
2016-02-29,0.14578746835443038
2016-03-01,0.14557310126582276
2016-03-02,0.14549687100894
2016-03-03,0.1467459210526316
2016-03-04,0.14739914473684212
2016-03-07,0.14775410580980203
2016-03-08,0.1476385526571299
2016-03-09,0.14781964866623293
2016-03-10,0.15005775749674055
2016-03-11,0.14957966329966332
2016-03-14,0.14865466216216217
2016-03-15,0.1489624655647383
2016-03-16,0.14942991101984943
2016-03-17,0.15183491638795987
2016-03-18,0.151295054200542
2016-03-21,0.1509228749136144
2016-03-22,0.1505615705350938
2016-03-23,0.1500015172413793
2016-03-28,0.15019979770734998
2016-03-29,0.15131572112098426
2016-03-30,0.15186493150684932
2016-03-31,0.15277673469387754
2016-04-01,0.15289587559161597
2016-04-04,0.1532285132382892
2016-04-05,0.1530057901907357
2016-04-06,0.15313698630136985
2016-04-07,0.1528935038009675
2016-04-08,0.15318860497237569
2016-04-11,0.15322148760330578
2016-04-12,0.15284676582497406
2016-04-13,0.1515656825286558
2016-04-14,0.15146238660153524
2016-04-15,0.15167373665480424
2016-04-18,0.1520842998585573
2016-04-19,0.1528631430584919
2016-04-20,0.15202880055788004
2016-04-21,0.15172894183601962
2016-04-22,0.15080223776223775
2016-04-25,0.15149448709002095
2016-04-26,0.15166219426974142
2016-04-27,0.1515725863284003
2016-04-28,0.15245993006993006
2016-04-29,0.15372554385964912
2016-05-02,0.15476997885835095
2016-05-03,0.15486591549295775
2016-05-04,0.1544497191011236
2016-05-05,0.15319094101123595
2016-05-06,0.15338367346938775
2016-05-09,0.15296831752722165
2016-05-10,0.1528514121118449
2016-05-11,0.15360985221674878
2016-05-12,0.15289117854622442
2016-05-13,0.15196183745583036
2016-05-16,0.15215604442243758
2016-05-17,0.1521375530410184
2016-05-18,0.15138210116731518
2016-05-19,0.15064326241134754
2016-05-20,0.15091150694691843
2016-05-23,0.1509411007862759
2016-05-24,0.14986213523131672
2016-05-26,0.15038270811003931
2016-05-27,0.14953045977011495
2016-05-30,0.14971629735525374
2016-05-31,0.14968265313415766
2016-06-01,0.1502674551971326
2016-06-02,0.1499925179856115
2016-06-03,0.1524599667894015
2016-06-06,0.15285846042120554
2016-06-07,0.15281170520231216
2016-06-08,0.1533225179856115
2016-06-09,0.15234616497829234
2016-06-10,0.15141420289855073
2016-06-13,0.1518741304347826
2016-06-14,0.1508386909090909
2016-06-15,0.15185565660240088
2016-06-16,0.15091609195402297
2016-06-21,0.1514463135289907
2016-06-22,0.15177498223169864
2016-06-23,0.15261121107266437
2016-06-24,0.15005552578700604
2016-06-27,0.1480078431372549
2016-06-28,0.14838778523489932
2016-06-29,0.14941428571428572
2016-06-30,0.14857958776595748
2016-07-01,0.14951033333333333
2016-07-04,0.1498980743691899
2016-07-05,0.14892918918918918
2016-07-06,0.14910241578768288
2016-07-07,0.148579558573854
2016-07-11,0.14864583333333334
2016-07-12,0.14885384615384614
2016-07-13,0.1493562800274537
2016-07-14,0.14949918588873812
2016-07-15,0.14873645484949832
2016-07-18,0.1488826402640264
2016-07-19,0.14805166666666666
2016-07-20,0.1479158593231586
2016-07-21,0.14798813333333335
2016-07-22,0.14740999329309187
2016-07-25,0.14776066889632108
2016-07-26,0.1477191973244147
2016-07-27,0.14753613333333335
2016-07-28,0.14887373670212767
2016-07-29,0.1500802798134577
2016-08-01,0.15012310783657065
2016-08-02,0.1509502356902357
2016-08-03,0.14984189643577675
2016-08-04,0.14965353535353534
2016-08-05,0.14918248816768087
2016-08-08,0.14900245398773004
2016-08-09,0.14932728503723763
2016-08-10,0.1502900477164281
2016-08-11,0.149749931787176
2016-08-12,0.15006680299931835
2016-08-16,0.15159093387866393
2016-08-17,0.1511395805142084
2016-08-18,0.1524064926372155
2016-08-19,0.15213058050677034
2016-08-22,0.15206117488183657
2016-08-23,0.15193180592991914
2016-08-24,0.15131796769851952
2016-08-25,0.15152894560107455
2016-08-26,0.15054346666666665
2016-08-29,0.1502674834437086
2016-08-30,0.1495796802131912
2016-08-31,0.14985760214333557
2016-09-01,0.150416644295302
2016-09-02,0.149931754503002
2016-09-05,0.149891344873502
2016-09-06,0.15128821571238352
2016-09-07,0.15094797342192692
2016-09-08,0.1511806901128069
2016-09-09,0.15065460614152204
2016-09-12,0.15115558528428094
2016-09-13,0.15082726666666665
2016-09-14,0.1510802395209581
2016-09-15,0.1511076310550763
2016-09-16,0.14979028420356905
2016-09-19,0.14996323432343234
2016-09-20,0.14970284015852045
2016-09-21,0.14970284015852045
2016-09-22,0.1504460564494856
2016-09-23,0.15074996703151788
2016-09-26,0.15112362204724408
2016-09-27,0.15055706806282723
2016-09-28,0.15043931124106563
2016-09-29,0.1503668943089431
2016-09-30,0.1508454604833442
2016-10-03,0.15071135241855874
2016-10-04,0.15052986156888595
2016-10-05,0.15072047399605004
2016-10-06,0.1499138067061144
2016-10-07,0.1501433651629898
2016-10-11,0.14855088991430454
2016-10-12,0.14824479097544793
2016-10-13,0.14855531324345758
2016-10-14,0.14771485996705105
2016-10-17,0.14782622713514934
2016-10-18,0.1475818648079958
2016-10-19,0.14732747614346822
2016-10-20,0.1469788188716595
2016-10-21,0.14603653782623058
2016-10-24,0.14614756371319157
2016-10-25,0.14646861457649374
2016-10-26,0.14659960539296285
2016-10-27,0.14646652168182417
2016-10-28,0.14770829493087556
2016-10-31,0.1474295709570957
2016-11-01,0.1486171144278607
2016-11-02,0.14926267372600927
2016-11-03,0.1493696688741722
2016-11-04,0.14938525896414342
2016-11-07,0.14837674418604652
2016-11-08,0.14811306095110516
2016-11-09,0.14702855227882036
2016-11-10,0.146316500332668
2016-11-11,0.14590234222511386
2016-11-14,0.14433137380191693
2016-11-15,0.14412754838709677
2016-11-16,0.14370503225806452
2016-11-17,0.14289593023255812
2016-11-18,0.14228396897220427
2016-11-21,0.1425801104972376
2016-11-22,0.14281223300970874
2016-11-23,0.14188423423423424
2016-11-24,0.14189633204633206
2016-11-25,0.1423629462849791
2016-11-29,0.14288980891719746
2016-11-30,0.14244813461053693
2016-12-01,0.14284286616161615
2016-12-02,0.14350495608531996
2016-12-05,0.14474500661584022
2016-12-06,0.14404239949748743
2016-12-07,0.14448361475922453
2016-12-12,0.1431127261384903
2016-12-13,0.1428775522986346
2016-12-14,0.1433116468378209
2016-12-15,0.14006384711779446
2016-12-16,0.1406172955974843
2016-12-19,0.14050864898989898
2016-12-20,0.13983083228247162
2016-12-21,0.14027213426219126
2016-12-22,0.14047113795295615
2016-12-23,0.1405718526166355
2016-12-26,0.14058564993564995
2016-12-27,0.1406430225080386
2016-12-28,0.13970190476190478
2016-12-29,0.1408946509291813
2016-12-30,0.14177960981749527
2017-01-02,0.14079748743718595
2017-01-03,0.1402642834744434
2017-01-04,0.14083115671641794
2017-01-05,0.1426330200501253
2017-01-06,0.14190841239721694
2017-01-09,0.14220503619767075
2017-01-10,0.14205552050473189
2017-01-11,0.14201318611987382
2017-01-12,0.1432459835547122
2017-01-13,0.1430861035766101
2017-01-16,0.1425903022670025
2017-01-17,0.1438849079137595
2017-01-18,0.1436513302034429
2017-01-19,0.1429469811320755
2017-01-20,0.1435956644674835
2017-01-23,0.14425432873274782
2017-01-24,0.14466961707470183
2017-01-25,0.14437931682858038
2017-01-26,0.14371325376884422
2017-01-27,0.1436616352201258
2017-01-30,0.14380628140703516
2017-01-31,0.145011574510914
2017-02-01,0.14456506329113922
2017-02-02,0.14506211734693877
2017-02-03,0.14499270166453265
2017-02-06,0.14437515842839035
2017-02-07,0.14384140350877192
2017-02-08,0.14388076555023924
2017-02-09,0.14333837283792442
2017-02-10,0.1430471685971686
2017-02-13,0.14248666451404585
2017-02-14,0.1420918552036199
2017-02-15,0.142383203125
2017-02-16,0.14334655004859084
2017-02-17,0.14280408163265304
2017-02-20,0.1427613006056742
2017-02-21,0.14183792440743115
2017-02-22,0.14190433665274654
2017-02-23,0.14216664516129032
2017-02-24,0.14216660206718346
2017-03-01,0.14209792477302205
2017-03-02,0.14135272727272727
2017-03-03,0.14194058252427186
2017-03-06,0.14232041343669252
2017-03-07,0.1422657234726688
2017-03-08,0.14177762863534676
2017-03-09,0.14232041210560206
2017-03-10,0.14360387596899224
2017-03-13,0.14337741312741314
2017-03-14,0.14280817508850982
2017-03-15,0.14354823378291587
2017-03-16,0.14414623309723118
2017-03-17,0.14453997429305915
2017-03-20,0.14432098528470888
2017-03-21,0.14536576923076924
2017-03-22,0.1453382795011193
2017-03-23,0.14498640153944836
2017-03-27,0.14607921619017025
2017-03-28,0.14534039129875145
2017-03-29,0.14454834737524302
2017-03-30,0.14375872809863724
2017-03-31,0.1436327485380117
2017-04-03,0.14343702500811953
2017-04-04,0.1433280781758958
2017-04-05,0.14319671917719046
2017-04-06,0.14315367121507472
2017-04-07,0.14231632453567938
2017-04-10,0.14252728468113082
2017-04-11,0.14261467409105796
2017-04-12,0.14245826201448322
2017-04-17,0.1432275
2017-04-18,0.14408392705405584
2017-04-19,0.14400922077922076
2017-04-20,0.14410676457209695
2017-04-21,0.1438704325371207
2017-04-24,0.14580448343079921
2017-04-25,0.14696374837872891
2017-04-26,0.146438605551969
2017-04-27,0.1462843709468223
2017-04-28,0.14657168831168832
2017-05-02,0.14679117647058823
2017-05-03,0.1467890124264225
2017-05-04,0.1475209013716525
2017-05-05,0.1478152895250488
2017-05-08,0.1468623141564318
2017-05-09,0.14624798711755235
2017-05-10,0.14595132172791747
2017-05-11,0.14607709750566894
2017-05-12,0.1468062176165803
2017-05-15,0.14746651641983258
2017-05-16,0.14908908857509628
2017-05-17,0.1499183215887252
2017-05-18,0.148989125
2017-05-19,0.15061831775700935
2017-05-22,0.15100265678097005
2017-05-23,0.1504505904288378
2017-05-24,0.15039179614667497
2017-05-26,0.15017495315427856
2017-05-29,0.15016818465377416
2017-05-30,0.15029684210526317
2017-05-31,0.15112130434782609
2017-06-01,0.15070909090909093
2017-06-02,0.151568
2017-06-05,0.15129277899343546
2017-06-06,0.15163460337289192
2017-06-07,0.15148073796122577
2017-06-08,0.15073635220125786
2017-06-09,0.1505162688442211
2017-06-12,0.15066819466248038
2017-06-13,0.15064323473882946
2017-06-14,0.15142335306713692
2017-06-15,0.14986439299123905
2017-06-16,0.15055480049875314
2017-06-19,0.14992501547987616
2017-06-21,0.14990030826140568
2017-06-22,0.14983295137813565
2017-06-23,0.15058429675425036
2017-06-26,0.15052077205882353
2017-06-27,0.15240414634146343
2017-06-28,0.15297537993920973
2017-06-29,0.1538911515151515
2017-06-30,0.15351076368009622
2017-07-03,0.15277904761904762
2017-07-04,0.1526274660366214
2017-07-05,0.15247619603267212
2017-07-06,0.15360749414519909
2017-07-07,0.15333427561837457
2017-07-10,0.15340011768167108
2017-07-11,0.15424241176470588
2017-07-12,0.15353908785179066
2017-07-13,0.1532496755162242
2017-07-14,0.1542115133531157
2017-07-17,0.15434240992321324
2017-07-18,0.15549441860465119
2017-07-19,0.1548611078717201
2017-07-20,0.15636726744186047
2017-07-21,0.15699328358208953
2017-07-24,0.15656557659208262
2017-07-25,0.1567594965675057
2017-07-26,0.1566416
2017-07-27,0.15696371882086166
2017-07-28,0.15795789769533447
2017-07-31,0.15886383219954647
2017-08-01,0.1589117948134668
2017-08-02,0.15974187499999998
2017-08-03,0.15957872099603845
2017-08-04,0.15797040181097904
2017-08-07,0.15852632768361583
2017-08-08,0.15810026519212322
2017-08-09,0.1579779096045198
2017-08-10,0.15802529644268773
2017-08-11,0.15914443817052512
2017-08-14,0.15831803852889667
2017-08-15,0.15784323374340947
2017-08-16,0.15796792562463682
2017-08-17,0.1578980414746544
2017-08-18,0.15804279096699478
2017-08-22,0.15799285299244623
2017-08-23,0.15880075449796865
2017-08-24,0.15881080766995934
2017-08-25,0.15969082462253195
2017-08-28,0.16100986651189786
2017-08-29,0.16130853693590114
2017-08-30,0.15995905692926968
2017-08-31,0.15988232235701907
2017-09-01,0.1595736046511628
2017-09-04,0.1600307022634939
2017-09-05,0.1599309164733179
2017-09-06,0.15585062918340026
2017-09-07,0.1612929069767442
2017-09-08,0.16168151162790698
2017-09-11,0.16082344023323616
2017-09-12,0.16074071470415935
2017-09-13,0.1597418863503222
2017-09-14,0.16014349617422016
2017-09-15,0.1603926362297496
2017-09-18,0.1603746421267894
2017-09-19,0.16117852975495914
2017-09-20,0.16130593368237345
2017-09-21,0.16040034742327736
2017-09-22,0.16057036395147314
2017-09-25,0.15912672758423757
2017-09-26,0.15871501706484645
2017-09-27,0.15803781321184512
2017-09-28,0.15841835334476845
2017-09-29,0.15862443674176777
2017-10-02,0.15771375251220213
2017-10-03,0.15782078667815103
2017-10-04,0.15805530909719423
2017-10-05,0.1572623958632577
2017-10-06,0.15761685296646605
2017-10-09,0.15787061855670104
2017-10-10,0.15859167862266857
2017-10-11,0.15918750717648408
2017-10-12,0.1591469997128912
2017-10-13,0.1588057541512915
2017-10-17,0.15799786558984713
2017-10-18,0.15834311239193083
2017-10-19,0.1590178796561605
2017-10-20,0.15835309988518942
2017-10-23,0.15769888027562445
2017-10-24,0.1579354857142857
2017-10-25,0.15865963407661524
2017-10-26,0.15670787089467722
2017-10-27,0.15569531914893617
2017-10-30,0.15629887005649717
2017-10-31,0.15653616539224016
2017-11-01,0.15627438955139125
2017-11-02,0.15662688356164384
2017-11-03,0.15586037414965986
2017-11-07,0.15562504249291786
2017-11-08,0.15574623287671233
2017-11-09,0.156423522694833
2017-11-10,0.15669071163189482
2017-11-13,0.15675457142857144
2017-11-14,0.15839325714285715
2017-11-15,0.1585690857142857
2017-11-16,0.15820281400137265
2017-11-17,0.15863197026022305
2017-11-21,0.1577909090909091
2017-11-22,0.15847860011474468
2017-11-23,0.1592153846153846
2017-11-24,0.16030524495677234
2017-11-27,0.15993088914549652
2017-11-28,0.15946927728188887
2017-11-29,0.15921285509325683
2017-11-30,0.15978780699219877
2017-12-01,0.1599539175856065
2017-12-04,0.15915966580236243
2017-12-05,0.15864453441295548
2017-12-06,0.1584585337583309
2017-12-07,0.15853385416666665
2017-12-11,0.15846102088167055
2017-12-12,0.15752743515850143
2017-12-13,0.15806031195840556
2017-12-14,0.1582904871060172
2017-12-15,0.15802032543534114
2017-12-18,0.15840580535002843
2017-12-19,0.15840580535002843
2017-12-20,0.15955073198198197
2017-12-21,0.1594031746031746
2017-12-22,0.15926104039845046
2017-12-26,0.1594565584946823
2017-12-27,0.1598261011065307
2017-12-28,0.16055489583333332
2017-12-29,0.16148308220279908
2018-01-02,0.16180184682237916
2018-01-03,0.16154827866630522
2018-01-04,0.16217181964573268
2018-01-05,0.16177301166489924
2018-01-08,0.16080015764582237
2018-01-09,0.16007939778129954
2018-01-10,0.16061933404940923
2018-01-11,0.1616527525387493
2018-01-12,0.16289299090422685
2018-01-15,0.16477181672882257
2018-01-16,0.16437904761904765
2018-01-17,0.16451427055702916
2018-01-18,0.16424409114997351
2018-01-19,0.1643304553829955
2018-01-22,0.16447095999164316
2018-01-23,0.16490493922937677
2018-01-24,0.16644198473282446
2018-01-25,0.16781620654396728
2018-01-26,0.16703970362800205
2018-01-29,0.16623723186925435
2018-01-30,0.1666583142347848
2018-01-31,0.16681679389312978
2018-02-01,0.16766145510835914
2018-02-02,0.16752664785842522
2018-02-05,0.1669421457905544
2018-02-06,0.1664724437627812
2018-02-07,0.16485326224930186
2018-02-08,0.16456569854782174
2018-02-09,0.1640446946946947
2018-02-14,0.1667611557788945
2018-02-15,0.16743407934893184
2018-02-16,0.1670313765182186
2018-02-19,0.1666527638190955
2018-02-20,0.16576327455919396
2018-02-21,0.16548893350062735
2018-02-22,0.16566441102756893
2018-02-23,0.16524009009009008
2018-02-26,0.16531113861386137
2018-02-27,0.16446826732673267
2018-02-28,0.16397742416708105
2018-03-01,0.1639747407076572
2018-03-02,0.1653302417365565
2018-03-05,0.1655820880752103
2018-03-06,0.16637276302851522
2018-03-07,0.1663782949534542
2018-03-08,0.16539042239685658
2018-03-09,0.1653520987654321
2018-03-12,0.16553826732673269
2018-03-13,0.16634228486646885
2018-03-14,0.16611295106277804
2018-03-15,0.16555468173998525
2018-03-16,0.16497024752475248
2018-03-19,0.16572752475247526
2018-03-20,0.16460365161608684
2018-03-21,0.165081894425259
2018-03-22,0.16515278121137206
2018-03-23,0.16596409113422483
2018-03-26,0.16723249133234275
2018-03-27,0.1666194466481555
2018-03-28,0.16529197478783067
2018-04-03,0.16459821605550048
2018-04-04,0.16483156590683845
2018-04-05,0.16428455445544554
2018-04-06,0.16495391476709614
2018-04-09,0.16538766716196135
2018-04-10,0.16577698412698413
2018-04-11,0.16613501586671955
2018-04-12,0.16559307273626916
2018-04-13,0.16562873392680513
2018-04-16,0.16618748763600397
2018-04-17,0.16598612487611497
2018-04-18,0.1662344673454184
2018-04-19,0.1657357638888889
2018-04-20,0.16495661218424962
2018-04-23,0.16386994076999012
2018-04-24,0.16434392892398814
2018-04-25,0.16343338929488446
2018-04-26,0.1626069099756691
2018-04-27,0.16246163583252193
2018-05-02,0.16055485849056605
2018-05-03,0.1608311739130435
2018-05-04,0.16049302752293576
2018-05-07,0.16008196721311474
2018-05-08,0.15927879464285716
2018-05-09,0.15928133802816902
2018-05-10,0.1600845306302336
2018-05-11,0.16040808254514186
2018-05-14,0.1603592236894758
2018-05-15,0.15907355509355509
2018-05-16,0.15866216550020584
2018-05-17,0.15839074835526315
2018-05-18,0.15810528039295949
2018-05-21,0.15805276969125426
2018-05-22,0.15808525535420098
2018-05-23,0.15680616956077628
2018-05-24,0.15752247967479674
2018-05-28,0.1561109672197491
2018-05-29,0.1549306763285024
2018-05-30,0.15655824308062577
2018-05-31,0.15685536858974358
2018-06-01,0.15663671671671672
2018-06-04,0.15717585102122547
2018-06-05,0.15759695512820512
2018-06-06,0.1580278313253012
2018-06-07,0.15851626976185712
2018-06-08,0.15798036349269062
2018-06-11,0.15818530769230768
2018-06-12,0.15767398058252427
2018-06-13,0.15791303846153845
2018-06-14,0.15570747292418774
2018-06-15,0.15585548500881835
2018-06-18,0.155845757795504
2018-06-19,0.1552337175792507
2018-06-21,0.15586519999999998
2018-06-22,0.15649207700851536
2018-06-25,0.15698338870431894
2018-06-26,0.15627929889298892
2018-06-27,0.15521443148688044
2018-06-28,0.1553953380782918
2018-06-29,0.15675209705372617
2018-07-02,0.1557583745583039
2018-07-03,0.15644553956834534
2018-07-04,0.15657538297114357
2018-07-05,0.15674474153297685
2018-07-06,0.15751505376344085
2018-07-10,0.15759696748264523
2018-07-11,0.15661460387002554
2018-07-12,0.15663668747704737
2018-07-13,0.1566489525909592
2018-07-16,0.15711165935672514
2018-07-17,0.15647248638838476
2018-07-18,0.1563110732661787
2018-07-19,0.15646269678302532
2018-07-20,0.15729205946337926
2018-07-23,0.15691198406951484
2018-07-24,0.1567692867540029
2018-07-25,0.1569883534136546
2018-07-26,0.1564529004013134
2018-07-27,0.156492076852699
2018-07-30,0.15724013942395892
2018-07-31,0.15696862458956584
2018-08-01,0.15654107175295184
2018-08-02,0.15566382513661203
2018-08-03,0.1554074019787468
2018-08-06,0.1550219538968167
2018-08-07,0.15542431100565798
2018-08-08,0.15575110307414106
2018-08-09,0.15496428317324795
2018-08-10,0.15287948717948718
2018-08-13,0.1529145530492899
2018-08-14,0.15220236406619386
2018-08-15,0.15207736666666666
2018-08-16,0.15223944369973189
2018-08-17,0.15300345058626466
2018-08-21,0.15537843333333334
2018-08-22,0.1555839008264463
2018-08-23,0.15471252869793375
2018-08-24,0.15579478964401297
2018-08-27,0.15657294155634485
2018-08-28,0.15704749601275916
2018-08-29,0.1568824411764706
2018-08-30,0.15650186170212765
2018-08-31,0.15562265943012213
2018-09-03,0.15587491978609627
2018-09-04,0.15526743827160494
2018-09-05,0.1558725
2018-09-06,0.15585062918340026
2018-09-07,0.15505317653419842
2018-09-10,0.15545813269127876
2018-09-11,0.1553977491368177
2018-09-12,0.1560208366013072
2018-09-13,0.1566465233881163
2018-09-14,0.15592596588058202
2018-09-17,0.15666615228940045
2018-09-18,0.15637217789635297
2018-09-19,0.15648961999489924
2018-09-20,0.15779091623036648
2018-09-21,0.1574307402422611
2018-09-24,0.1576541018766756
2018-09-25,0.15768892388451441
2018-09-26,0.15782578551025708
2018-09-27,0.15641619647355162
2018-09-28,0.15573655757575758
2018-10-01,0.1552457575757576
2018-10-02,0.1548131496062992
2018-10-03,0.15449265057044312
2018-10-04,0.1542948041775457
2018-10-05,0.15444254756871034
2018-10-08,0.15400726884019242
2018-10-09,0.1539859375
2018-10-10,0.15463119463087246
2018-10-11,0.1553012031719989
2018-10-12,0.15492106122448981
2018-10-16,0.15513497222222222
2018-10-17,0.15434480375898288
2018-10-18,0.1535768076398363
2018-10-19,0.1542781335522715
2018-10-22,0.15374681843115745
2018-10-23,0.15382722055206338
2018-10-24,0.1526437837837838
2018-10-25,0.15224870888828487
2018-10-26,0.15274872421281216
2018-10-29,0.15266010840108402
2018-10-30,0.152086624897848
2018-10-31,0.15154269819193322
2018-11-01,0.152987075974208
2018-11-02,0.15260185967878276
2018-11-05,0.15277206171107993
2018-11-07,0.1537089991589571
2018-11-08,0.15272538028169017
2018-11-09,0.15194104519774013
2018-11-12,0.15070680157391794
2018-11-13,0.15117844660194174
2018-11-14,0.15130883008356547
2018-11-15,0.1516806102635229
2018-11-16,0.15297303089340383
2018-11-20,0.15239256495301273
2018-11-21,0.15271372224520754
2018-11-22,0.15287246575342464
2018-11-23,0.15189489361702127
2018-11-26,0.15196414852752882
2018-11-27,0.1512607522697795
2018-11-28,0.15196874674987
2018-11-29,0.1525995227995758
2018-12-03,0.1521005205479452
2018-12-04,0.1519433422459893
2018-12-05,0.15208432576769024
2018-12-06,0.15258323607427055
2018-12-07,0.15266708556149736
2018-12-10,0.15215605416887948
2018-12-11,0.1516415234065062
2018-12-12,0.1524506517690875
2018-12-13,0.15214911445942375
2018-12-14,0.15138899659418392
2018-12-17,0.15204268165185575
2018-12-18,0.15213985886042866
2018-12-19,0.15304091738337244
2018-12-20,0.15347308804204995
2018-12-21,0.15243436471362737
2018-12-26,0.15206813471502592
2018-12-27,0.15320973890339426
2018-12-28,0.15317220159151193
2018-12-31,0.15336718832891247
2019-01-02,0.15181418326693227
2019-01-03,0.15263214953271026
2019-01-04,0.1527137275889751
2019-01-07,0.15359568422463477
2019-01-08,0.15340481382978724
2019-01-09,0.1545045758629917
2019-01-10,0.15409269147788565
2019-01-11,0.1538059349593496
2019-01-14,0.15375627027027028
2019-01-15,0.15254366576819406
2019-01-16,0.1527184
2019-01-17,0.15251808538849113
2019-01-18,0.15215835550824908
2019-01-21,0.15222090185676393
2019-01-22,0.15228811617372767
2019-01-23,0.1525762513312034
2019-01-24,0.15130652406417114
2019-01-25,0.15280240345665677
2019-01-28,0.1531792462987887
2019-01-29,0.15307607427055703
2019-01-30,0.15294494801386296
2019-01-31,0.15332016064257029
2019-02-01,0.15361218724778047
2019-02-04,0.153085426189836
2019-02-05,0.15287481182795698
2019-02-06,0.15238560767590617
2019-02-07,0.15205193019566368
2019-02-08,0.15181418758256274
2019-02-11,0.1509958058559747
2019-02-12,0.15169673598315347
2019-02-13,0.1511464416535845
2019-02-14,0.1513981684981685
2019-02-15,0.1510733816675298
2019-02-18,0.15160932989690723
2019-02-19,0.15211438757321108
2019-02-20,0.15232989664734053
2019-02-21,0.15181649380217555
2019-02-22,0.15204038755736868
2019-02-25,0.15208663474096648
2019-02-26,0.15252505788525855
2019-02-27,0.1523879185986605
2019-02-28,0.15256462324393358
2019-03-01,0.15232059783973875
2019-03-06,0.151558773006135
2019-03-07,0.1504505882352941
2019-03-08,0.15069092233009707
2019-03-11,0.15070907990314772
2019-03-12,0.1513569156626506
2019-03-13,0.15150366504854368
2019-03-14,0.15143254844248222
2019-03-15,0.151673725
2019-03-18,0.151814175
2019-03-19,0.15215837037037036
2019-03-20,0.15245762545899633
2019-03-21,0.15214216808769793
2019-03-22,0.15134545454545456
2019-03-25,0.1516208174904943
2019-03-26,0.15112131801125703
2019-03-27,0.15071591064508777
2019-03-28,0.15050721980288792
2019-03-29,0.15033072664359862
2019-04-01,0.15012760477639897
2019-04-03,0.15065232097037556
2019-04-04,0.1502968440451509
2019-04-05,0.15022458456635557
2019-04-08,0.15086597254004577
2019-04-09,0.15092062283737023
2019-04-10,0.15096847244826783
2019-04-11,0.1507590643274854
2019-04-12,0.15134774774774776
2019-04-15,0.15140504565112928
2019-04-16,0.15128136352913424
2019-04-17,0.1513042482100239
2019-04-22,0.1508090866290019
2019-04-23,0.15017721698113207
2019-04-24,0.149512582480091
2019-04-25,0.1491335412026726
2019-04-26,0.14946789210354577
2019-04-29,0.14974991539763113
2019-04-30,0.15027651189127972
2019-05-02,0.14975216517857146
2019-05-03,0.14991154365436543
2019-05-06,0.15006678611422172
2019-05-07,0.14973421575115817
2019-05-08,0.14987784922394679
2019-05-09,0.15036011049723758
2019-05-10,0.15046191964285716
2019-05-13,0.1504053436807095
2019-05-14,0.150125350233489
2019-05-15,0.1500892888888889
2019-05-16,0.1497028354543425
2019-05-17,0.14949915555555557
2019-05-20,0.1494902190750166
2019-05-21,0.14943214205941477
2019-05-22,0.14943661469933187
2019-05-23,0.14966473719228207
2019-05-24,0.15010055778670237
2019-05-27,0.14983068004459307
2019-05-28,0.14961100917431194
2019-05-29,0.14917802024746907
2019-05-30,0.14913131313131314
2019-05-31,0.14955058087578194
2019-06-03,0.1505185201693782
2019-06-04,0.15078179378215165
2019-06-05,0.1504121158129176
2019-06-06,0.15114186512352548
2019-06-07,0.15190410256410256
2019-06-10,0.15150135857461025
2019-06-11,0.15174736017897092
2019-06-12,0.15123787497137622
2019-06-13,0.15106195526861887
2019-06-14,0.15012308392085513
2019-06-18,0.1499137994480221
2019-06-19,0.15042344110854503
2019-06-21,0.1521213133909792
2019-06-24,0.15256460885956644
2019-06-25,0.15233914582350164
2019-06-26,0.15238326702550903
2019-06-27,0.15229971896955502
2019-06-28,0.15230435908908932
2019-07-01,0.1511601368893085
2019-07-02,0.15137753554502367
2019-07-03,0.1511304544373067
2019-07-04,0.15117614722753345
2019-07-05,0.15033070489844683
2019-07-10,0.15078407460545193
2019-07-11,0.15070453237410072
2019-07-12,0.1509137740384615
2019-07-15,0.15073634433962263
2019-07-16,0.150120839193624
2019-07-17,0.15038270588235295
2019-07-18,0.1504686925795053
2019-07-19,0.15035558698727017
2019-07-22,0.1502493992932862
2019-07-23,0.1493964369432724
2019-07-24,0.14922698857009564
2019-07-25,0.14924258704173393
2019-07-26,0.1489646828143022
2019-07-29,0.14922475473420033
2019-07-30,0.14937857955838835
2019-07-31,0.14882759799453052
2019-08-01,0.14841451758340848
2019-08-02,0.1487920268756999
2019-08-05,0.1500983732688503
2019-08-06,0.14998101545253864
2019-08-07,0.15028414125904804
2019-08-08,0.1501298540468819
2019-08-09,0.15012601104972376
2019-08-12,0.15023669811320756
2019-08-13,0.149724229390681
2019-08-14,0.14936430463576159
2019-08-15,0.14898006986899565
2019-08-16,0.14881616363636363
2019-08-20,0.1489513789954338
2019-08-21,0.14876081424936385
2019-08-22,0.14865467416954076
2019-08-23,0.14938527651858569
2019-08-26,0.14890701754385965
2019-08-27,0.148743108348135
2019-08-28,0.1486502409638554
2019-08-29,0.14825136442141626
2019-08-30,0.14714320282305496
2019-09-02,0.14712589285714286
2019-09-03,0.14714969632011432
2019-09-04,0.14788305357142859
2019-09-05,0.14796620246384576
2019-09-06,0.14792461483339303
2019-09-09,0.14821401285255265
2019-09-10,0.14804506338153903
2019-09-11,0.14754702741189035
2019-09-12,0.14826894830659537
2019-09-13,0.14832612725004454
2019-09-16,0.14727755863539446
2019-09-17,0.14821401769911502
2019-09-18,0.14816130573248407
2019-09-19,0.14811741205586
2019-09-20,0.14757314275630845
2019-09-23,0.1471973471539002
2019-09-24,0.1475296113944083
2019-09-25,0.1465888694127958
2019-09-26,0.1463443104352386
2019-09-27,0.14656737613398466
2019-09-30,0.14595981941309252
2019-10-01,0.14644288688410825
2019-10-02,0.1467760636457973
2019-10-03,0.14709341763381256
2019-10-04,0.14703285986488826
2019-10-07,0.14697235477178422
2019-10-08,0.146644753673293
2019-10-09,0.14692917744438694
2019-10-10,0.14751655743359782
2019-10-11,0.14789836347975882
2019-10-15,0.1476690406727304
2019-10-16,0.14816569548227876
2019-10-17,0.1489425058728716
2019-10-18,0.14936071979434445
2019-10-21,0.14924703469492392
2019-10-22,0.1491780221653879
2019-10-23,0.14890035593220338
2019-10-24,0.14867677039529015
2019-10-25,0.14828214702450407
2019-10-28,0.14859282352941175
2019-10-29,0.14866793341180426
2019-10-30,0.14864583054253183
2019-10-31,0.1492158538629127
2019-11-01,0.14938974058577406
2019-11-04,0.14912462311557786
2019-11-05,0.1481283822296731
2019-11-07,0.14771921140939595
2019-11-08,0.14746
2019-11-11,0.14773666388657214
2019-11-12,0.14737088777219431
2019-11-13,0.1471908573342264
2019-11-14,0.1474556430006698
2019-11-15,0.14791804927099042
2019-11-19,0.14828874183280283
2019-11-20,0.14805382554830068
2019-11-21,0.14803190635451507
2019-11-22,0.14752961351848753
2019-11-25,0.14728189582984424
2019-11-26,0.14749914914914916
2019-11-27,0.14722553120294463
2019-11-28,0.14733398496240602
2019-11-29,0.14746651651651652
2019-12-02,0.1482425677365569
2019-12-03,0.1484009678765123
2019-12-04,0.14825796593186372
2019-12-05,0.14863035758939735
2019-12-06,0.14793336670003338
2019-12-09,0.14794868629577113
2019-12-10,0.1483371261487051
2019-12-11,0.1484185906545181
2019-12-12,0.14865466856139764
2019-12-13,0.14875859301859035
2019-12-16,0.14910906963136336
2019-12-17,0.1492381342472624
2019-12-18,0.1487918080748976
2019-12-19,0.1488693304355095
2019-12-20,0.148181074981192
2019-12-23,0.1484913152192032
2019-12-26,0.14859282017031225
2019-12-27,0.14975438743105465
2019-12-30,0.15010280514276172
2019-12-31,0.15023811988645852
2020-01-02,0.14944554041628355
2020-01-03,0.14949246844437014
2020-01-06,0.14979476719886317
2020-01-07,0.149091281451141
2020-01-08,0.14875638217838333
2020-01-09,0.1485795703418875
2020-01-10,0.14883830413267354
2020-01-13,0.1490868390325271
2020-01-14,0.14896247086247086
2020-01-15,0.14931165971643034
2020-01-16,0.1490090871196332
2020-01-17,0.14841418215148736
2020-01-20,0.1483327339327339
2020-01-21,0.1484318136439268
2020-01-22,0.14834373231230233
2020-01-23,0.1478852363515313
2020-01-24,0.14755138040638366
2020-01-27,0.14738826657802892
2020-01-28,0.14732964440013294
2020-01-29,0.14726455254856385
2020-01-30,0.14770829875518673
2020-01-31,0.14829973487986745
2020-02-03,0.1479815280304283
2020-02-04,0.14769957081545065
2020-02-05,0.14722553226605048
2020-02-06,0.14687305981216017
2020-02-07,0.146445031260283
2020-02-10,0.14600244350421462
2020-02-11,0.14615608894124577
2020-02-12,0.14557098760391318
2020-02-13,0.14511471110459528
2020-02-14,0.1451484078816772
2020-02-17,0.14499477857594578
2020-02-18,0.1446257014044306
2020-02-19,0.14447736072186493
2020-02-20,0.14455043778018742
2020-02-21,0.14538263878781998
2020-02-26,0.14560277988049414
2020-02-27,0.14696155393553162
2020-02-28,0.14721252210255587
2020-03-02,0.1496311537287782
2020-03-03,0.14934065704793853
2020-03-04,0.14888484420853446
2020-03-05,0.15015014658998063
2020-03-06,0.15135691421254802
2020-03-09,0.15356735966735968
2020-03-10,0.15150136605473807
2020-03-11,0.15098897399074518
2020-03-12,0.14973869370731785
2020-03-13,0.14829313661584442
2020-03-16,0.1494165199321055
2020-03-17,0.14702421690751674
2020-03-18,0.14516104531817464
2020-03-19,0.14281020944468048
2020-03-20,0.14269609534263758
2020-03-25,0.14543973458235754
2020-03-26,0.1477192078344673
2020-03-27,0.1487763045537114
2020-03-30,0.14756880050877166
2020-04-01,0.1463935904786995
2020-04-02,0.1449527348578492
2020-04-03,0.14464871360345094
2020-04-06,0.14461943375903985
2020-04-07,0.14607069418617158
2020-04-08,0.14557734806629835
2020-04-13,0.1463336035484858
2020-04-14,0.14714754198473282
2020-04-15,0.14633574117252623
2020-04-16,0.14530658655308792
2020-04-17,0.1457874582447616
2020-04-20,0.14571098817823583
2020-04-21,0.1454037827205326
2020-04-22,0.14496324928280235
2020-04-23,0.14433971652593486
2020-04-24,0.14469476140298057
2020-04-27,0.1452221854802345
2020-04-28,0.14534248836860275
2020-04-29,0.14566641198501873
2020-04-30,0.14671790843806104
2020-05-04,0.14612405498281786
2020-05-05,0.1453129253731343
2020-05-06,0.14486664679582714
2020-05-07,0.14519898794463462
2020-05-08,0.14546088895495765
2020-05-11,0.14494853792489237
2020-05-12,0.1455540468425734
2020-05-13,0.1450789161978087
2020-05-14,0.14460479006505025
2020-05-15,0.14500949357743984
2020-05-18,0.14642574461810676
2020-05-19,0.14677605301914579
2020-05-20,0.14730360294117648
2020-05-21,0.1469507710383316
2020-05-22,0.14609843062481664
2020-05-26,0.14720168448806212
2020-05-27,0.1473991369221767
2020-05-28,0.148683403944485
2020-05-29,0.14876744966442954
2020-06-01,0.14928268978580797
2020-06-02,0.14982395575607627
2020-06-03,0.15080681586978636
2020-06-04,0.15215603773584904
2020-06-05,0.15143025076097985
2020-06-08,0.15160702084539665
2020-06-09,0.1522000433714038
2020-06-10,0.15224870054865725
2020-06-11,0.15179112682152646
2020-06-12,0.1505547931382442
2020-06-16,0.1510847866685821
2020-06-17,0.15069091431032006
2020-06-18,0.15028101519931175
2020-06-19,0.1500487535816619
2020-06-22,0.15100493068457913
2020-06-23,0.15183030129944308
2020-06-24,0.15106423680456493
2020-06-25,0.15053212656784493
2020-06-26,0.15064777841070923
2020-06-29,0.1506432386363636
2020-06-30,0.15076133976724382
2020-07-01,0.1510254537719796
2020-07-02,0.1507295267781241
2020-07-03,0.15089783408833524
2020-07-06,0.1518672126517933
2020-07-07,0.1516185268802032
2020-07-08,0.1521768818720045
2020-07-13,0.15272304884896126
2020-07-14,0.15309245441795233
2020-07-15,0.1531956558295964
2020-07-16,0.15287479697563705
2020-07-17,0.15358623391158366
2020-07-20,0.153605107451856
2020-07-21,0.15502433073061908
2020-07-22,0.1554629562552243
2020-07-23,0.1559308184855234
2020-07-24,0.15640884561891516
2020-07-27,0.15796789678135406
2020-07-28,0.15760192680898252
2020-07-29,0.158413324099723
2020-07-30,0.1589067118737891
2020-07-31,0.15833557798672568
2020-08-03,0.15776602316602317
2020-08-04,0.1581902990216343
2020-08-05,0.15926863123106583
2020-08-06,0.15941335625859698
2020-08-07,0.1582053181256012
2020-08-10,0.15784322138450993
2020-08-11,0.15793046575342465
2020-08-12,0.15835813826146475
2020-08-13,0.15867978388729312
2020-08-14,0.15894460087479498
2020-08-18,0.1602332970027248
2020-08-19,0.1595710669569951
2020-08-20,0.1591672242622059
2020-08-21,0.1582603968469693
2020-08-24,0.15851125729011256
2020-08-25,0.15883351849342905
2020-08-26,0.15883604115894936
2020-08-27,0.15883857181498512
2020-08-28,0.15971122972972973
2020-08-31,0.16044410892423833
2020-09-01,0.16007170370370372
2020-09-02,0.15899008342303553
2020-09-03,0.15923819575154613
2020-09-04,0.15920017463729177
2020-09-07,0.15879316811788347
2020-09-08,0.15845348681568736
2020-09-09,0.1586546074628862
2020-09-10,0.15930161678246926
2020-09-11,0.15896987051128023
2020-09-14,0.15939556709265176
2020-09-15,0.15924073680010642
2020-09-16,0.15904318936877077
2020-09-17,0.15904066648964418
2020-09-18,0.15935492172990184
2020-09-21,0.15797788067204654
2020-09-22,0.157319272967614
2020-09-23,0.15691934759640783
2020-09-24,0.15689965690155713
2020-09-25,0.1561645880026368
2020-09-28,0.1566685905863792
2020-09-29,0.15771874671571204
2020-09-30,0.15743319768968234
2020-10-01,0.1577312
2020-10-02,0.15742328784925275
2020-10-05,0.15828043111284248
2020-10-06,0.15832804878048778
2020-10-07,0.15812025677603422
2020-10-08,0.15799534431331863
2020-10-09,0.15884865845755022
2020-10-13,0.15768393387575874
2020-10-14,0.15790304594734123
2020-10-15,0.15711658706596102
2020-10-16,0.1574232843137255
2020-10-19,0.1582654034544986
2020-10-20,0.1589622940267765
2020-10-21,0.15948199356913184
2020-10-22,0.15884865522540983
2020-10-23,0.15932192499680023
2020-10-26,0.15879316381293127
2020-10-27,0.1589294508301405
2020-10-28,0.1578357553313753
2020-10-29,0.15657047254150702
2020-10-30,0.15640884831460675
2020-11-02,0.1561353285042572
2020-11-03,0.15726237172177876
2020-11-04,0.15730689611539922
2020-11-05,0.15853386852085968
2020-11-09,0.15866215500945183
2020-11-10,0.15873518821603927
2020-11-11,0.15810275506353003
2020-11-12,0.1584484665661136
2020-11-13,0.15880830094043885
2020-11-16,0.15900779042140803
2020-11-17,0.15928385807096448
2020-11-18,0.1592813225202745
2020-11-19,0.1589774539113104
2020-11-20,0.15917229620410703
2020-11-24,0.1594998017348203
2020-11-25,0.16013835870776086
2020-11-26,0.16005889479540117
2020-11-27,0.16067869742198101
2020-11-30,0.16061160988808262
2020-12-01,0.1618358713005035
2020-12-02,0.16245633820100627
2020-12-03,0.1631667361451692
2020-12-04,0.16314012247397428
2020-12-09,0.16217705997074597
2020-12-10,0.1627842566662608
2020-12-11,0.16278425982240605
2020-12-14,0.16337466343238324
2020-12-15,0.16339869138495092
2020-12-16,0.16354834180585814
2020-12-17,0.16482067464635475
2020-12-18,0.164498032351521
2020-12-21,0.16445745039085988
2020-12-22,0.1636313033033033
2020-12-23,0.16384847648752401
2020-12-28,0.1641793444576877
2020-12-29,0.16458738395620093
2020-12-30,0.1651718597742127
2020-12-31,0.16425485442661913
2021-01-04,0.16468224321133412
2021-01-05,0.16533571512793302
2021-01-06,0.16530838534919326
2021-01-07,0.16488045882352942
2021-01-08,0.16440878759398497
2021-01-11,0.16358312053414548
2021-01-12,0.16363665613665612
2021-01-13,0.1635911513734658
2021-01-14,0.1635403199439514
2021-01-15,0.1625566946582692
2021-01-18,0.16232448884758363
2021-01-19,0.16296199976800838
2021-01-20,0.1627630689056167
2021-01-21,0.16330263797292607
2021-01-22,0.1635296176504563
2021-01-25,0.1632706329113924
2021-01-26,0.16341204320845784
2021-01-27,0.16293810125129146
2021-01-28,0.16303904816513762
2021-01-29,0.1631108553761594
2021-02-01,0.16225074200913242
2021-02-02,0.161639669327252
2021-02-03,0.16171025056947608
2021-02-04,0.16083117961551588
2021-02-05,0.16188826136363635
2021-02-08,0.16199054100034024
2021-02-09,0.16276571493315206
2021-02-10,0.16318271842462653
2021-02-11,0.16306563029960428
2021-02-12,0.16303107070250733
2021-02-17,0.16197217225095573
2021-02-18,0.16248538064226364
2021-02-19,0.16307361453892752
2021-02-22,0.1635831264676283
2021-02-23,0.1633319669384564
2021-02-24,0.16327597011596787
2021-02-25,0.16421709192200556
2021-02-26,0.16237193275439768
2021-03-01,0.16193545343545343
2021-03-02,0.16245105934553522
2021-03-03,0.16231131552698658
2021-03-04,0.1612669177096024
2021-03-05,0.16022816200066395
2021-03-08,0.15941335983217403
2021-03-09,0.1598286675490845
2021-03-10,0.16013323412698413
2021-03-11,0.16101244767569947
2021-03-12,0.16065805173362688
2021-03-15,0.1604029321326598
2021-03-16,0.16007171074289478
2021-03-17,0.1605961293859649
2021-03-18,0.16043638554216869
2021-03-19,0.16018709500875658
2021-03-22,0.16059613410505624
2021-03-23,0.15945656918376255
2021-03-25,0.15830299662198977
2021-03-26,0.1585439351045296
2021-03-29,0.1582679142639539
2021-03-30,0.15752248803827754
2021-03-31,0.15781084782608695
2021-04-05,0.15879569601040766
2021-04-06,0.15940319679237105
2021-04-07,0.15977247915087187
2021-04-08,0.1602410045464386
2021-04-09,0.16008708351363046
2021-04-12,0.16019736444156407
2021-04-13,0.16058581299935218
2021-04-14,0.16106431423330095
2021-04-15,0.16091916522864538
2021-04-16,0.16104096541320978
2021-04-19,0.16184896685320707
2021-04-20,0.16174163708723244
2021-04-21,0.16175210147264324
2021-04-22,0.16148305576447836
2021-04-23,0.16253291451890034
2021-04-26,0.16254612415567707
2021-04-27,0.1624827386692382
2021-04-28,0.16237456121575342
2021-04-29,0.162946064171123
2021-04-30,0.1616344484822574
2021-05-03,0.16218758407174122
2021-05-04,0.1616396755949205
2021-05-05,0.16134757333333333
2021-05-06,0.16213237018871948
2021-05-07,0.16349753862546618
2021-05-10,0.16348685191099754
2021-05-11,0.16351091005854176
2021-05-12,0.16240357522877208
2021-05-13,0.16221389213913412
2021-05-14,0.16319603360272222
2021-05-17,0.16347616062891746
2021-05-18,0.16437635938827527
2021-05-19,0.16416856687898088
2021-05-20,0.16427374787775892
2021-05-21,0.16373579081362047
2021-05-26,0.1638726397121084
2021-05-27,0.16406890934094998
2021-05-28,0.16403122884940777
2021-05-31,0.16441960308244483
2021-06-01,0.16446016045603293
2021-06-02,0.16419013400865254
2021-06-03,0.16301512498681572
2021-06-04,0.16355368964790218
2021-06-07,0.16402854285112653
2021-06-08,0.16376261446163562
2021-06-09,0.16378138874276696
2021-06-10,0.16370094627273682
2021-06-11,0.1627153894670451
2021-06-14,0.16300450393700788
2021-06-15,0.16303373557187828
2021-06-16,0.16225600671493023
2021-06-17,0.16025898081157597
2021-06-18,0.15969849009122364
2021-06-22,0.16050591684993193
2021-06-23,0.16052652569873338
2021-06-24,0.16043124018838306
2021-06-25,0.1604338179916318
2021-06-28,0.1603154979621695
2021-06-29,0.15998976073555535
2021-06-30,0.1594057354784789
2021-07-01,0.15932954260651627
2021-07-02,0.15961182795698925
2021-07-05,0.15959399249061326
2021-07-06,0.1589976749035554
2021-07-07,0.15869237023139462
2021-07-08,0.15921031357433066
2021-07-12,0.15945403267769798
2021-07-13,0.1584560029130254
2021-07-14,0.15900020798668885
2021-07-15,0.1586999272197962
2021-07-16,0.15877552483891083
2021-07-19,0.15856404319385317
2021-07-20,0.15834560930039443
2021-07-21,0.15856907430469075
2021-07-22,0.15815777408982473
2021-07-23,0.15825789255341216
2021-07-26,0.15880577998756992
2021-07-27,0.1591140519830175
2021-07-28,0.15832304109305453
2021-07-29,0.15981589403973512
2021-07-30,0.15945402833798739
2021-08-02,0.15955580121913418
2021-08-03,0.15950998863753743
2021-08-04,0.1592027161003821
2021-08-05,0.15915710599649086
2021-08-06,0.15813276573787408
2021-08-09,0.15791052577319586
2021-08-10,0.15756716479439348
2021-08-11,0.15793297609233303
2021-08-12,0.15782330277119605
2021-08-13,0.15866719184430028
2021-08-17,0.15759198971722366
2021-08-18,0.15731928020565553
2021-08-19,0.15703517680921053
2021-08-20,0.15725990134621312
2021-08-23,0.1579229979466119
2021-08-24,0.15790554130323242
2021-08-25,0.15816278210915058
2021-08-26,0.15805528555316312
2021-08-27,0.15860176301763018
2021-08-30,0.15865712823661857
2021-08-31,0.1587755269081236
2021-09-01,0.15928132542442217
2021-09-02,0.15963475416538894
2021-09-03,0.15996416309012876
2021-09-06,0.15961946911689637
2021-09-07,0.1593650882743137
2021-09-08,0.15901537598204263
2021-09-09,0.15914190719020907
2021-09-10,0.15889662554796613
2021-09-13,0.15872008351155922
2021-09-14,0.15899009265858874
2021-09-15,0.15879064631043258
2021-09-16,0.15809276703967448
2021-09-17,0.15771875762505083
2021-09-20,0.15769139752183628
2021-09-21,0.1577187569818219
2021-09-22,0.15779839577622093
2021-09-23,0.1579803836005683
2021-09-24,0.15758206168831168
2021-09-27,0.15744064686200954
2021-09-28,0.15707464017839043
2021-09-29,0.15592839343598056
2021-09-30,0.15560327121733847
2021-10-01,0.15597947160643788
2021-10-04,0.15626709488165083
2021-10-05,0.15603545353422996
2021-10-06,0.15526985442782046
2021-10-07,0.15534945421467555
2021-10-12,0.15488747603189018
2021-10-13,0.15574383575464082
2021-10-14,0.15579478620411458
2021-10-15,0.15583848558177052
2021-10-18,0.1560671099022867
2021-10-19,0.1564553519283053
2021-10-20,0.15660971313537997
2021-10-21,0.15625976652913354
2021-10-22,0.1563330516148506
2021-10-25,0.1560963409730599
2021-10-26,0.15588464242667738
2021-10-27,0.15613046663321625
2021-10-28,0.15710918848430133
2021-10-29,0.1553373947051745
2021-11-01,0.15586520388738603
2021-11-02,0.15567836971760465
2021-11-03,0.15602328095285758
2021-11-04,0.15527226890756304
2021-11-05,0.1553880828497098
2021-11-08,0.15577294164668265
2021-11-09,0.15584820697233046
2021-11-10,0.15481553669495754
2021-11-11,0.15397881601277827
2021-11-12,0.15394799441229295
2021-11-15,0.15310418869053555
2021-11-16,0.1523275700468641
2021-11-17,0.15220004982561036
2021-11-18,0.15288883577332935
2021-11-19,0.15192950428031057
2021-11-23,0.15131569056378644
2021-11-24,0.15053666269131383
2021-11-25,0.15074770560190703
2021-11-26,0.15202420634920635
2021-11-29,0.151535813354468
2021-11-30,0.15210050515055468
2021-12-01,0.1522950891089109
2021-12-02,0.15196413452027696
2021-12-03,0.152109766706208
2021-12-06,0.15168982030015796
2021-12-07,0.15119443896667323
2021-12-09,0.15181648611384674
2021-12-10,0.15221858197932053
2021-12-13,0.15185567354965585
2021-12-14,0.1515564845745726
2021-12-15,0.15143484580632488
2021-12-16,0.15219541707556428
2021-12-17,0.1515564816630712
2021-12-20,0.15173815725056303
2021-12-21,0.15151744913928014
2021-12-22,0.15238327791902992
2021-12-23,0.15247621700879765
2021-12-27,0.1523136434562122
2021-12-28,0.15206118690313777
2021-12-29,0.15255064277366576
2021-12-30,0.1521629964953271
2021-12-31,0.15308778232087228
2022-01-03,0.15171974757281553
2022-01-04,0.1518280046561257
2022-01-05,0.15244135156098507
2022-01-06,0.1518464548624564
2022-01-07,0.15267408985282727
2022-01-10,0.15229044536759734
2022-01-11,0.15258090961761298
2022-01-12,0.15380593171296297
2022-01-13,0.15402862098872505
2022-01-14,0.1532238251155624
2022-01-17,0.1533460134486071
2022-01-18,0.15213753479888645
2022-01-19,0.15239720836531082
2022-01-20,0.15218383664078228
2022-01-21,0.1524181138585394
2022-01-24,0.15218384195924614
2022-01-25,0.15167142037851272
2022-01-26,0.15170823304680037
2022-01-27,0.14965355540708217
2022-01-28,0.14981273368943152
2022-01-31,0.15077952770900782
2022-02-01,0.1511624429223744
2022-02-02,0.15204269011406846
2022-02-03,0.15375626246320387
2022-02-04,0.1538721942889669
2022-02-07,0.153390698334595
2022-02-08,0.15342600642600643
2022-02-09,0.15368537161205026
2022-02-10,0.1541687199320819
2022-02-11,0.15317923692887425
2022-02-14,0.1519295035727717
2022-02-15,0.15261816474124165
2022-02-16,0.15289350722462003
2022-02-17,0.1526974032061498
2022-02-18,0.1522348098894924
2022-02-21,0.15243205343796712
2022-02-22,0.15236469819945891
2022-02-23,0.15205656226696496
2022-02-24,0.15004876140808343
2022-02-25,0.15109163331782224
2022-03-02,0.14925596219772075
2022-03-03,0.14856413033416643
2022-03-04,0.14687523351521317
2022-03-07,0.14613473810402064
2022-03-08,0.14700478076639645
2022-03-09,0.14905794994479205
2022-03-10,0.1476973981796451
2022-03-11,0.14672007714915503
2022-03-14,0.14747739926739925
2022-03-15,0.14703503476033664
2022-03-16,0.14743608445297504
2022-03-17,0.14947013058168201
2022-03-18,0.14857074749316315
2022-03-21,0.14823599163408202
2022-03-22,0.1481569274098301
2022-03-23,0.14794212198221093
2022-03-25,0.14772139880413118
2022-03-28,0.14762980664980122
2022-03-29,0.1489181104493774
2022-03-30,0.14987336098836684
2022-03-31,0.1489203315016665
2022-04-01,0.1484230021598272
2022-04-04,0.1473752442412835
2022-04-05,0.1467351387645479
2022-04-06,0.1465867298578199
2022-04-07,0.14636145396088238
2022-04-08,0.14619455242510698
2022-04-11,0.14631434535441465
2022-04-12,0.14559643490599503
2022-04-13,0.14616891210055769
2022-04-18,0.1449737569303881
2022-04-19,0.1450389435753208
2022-04-20,0.14586402246402247
2022-04-21,0.14577472171092995
2022-04-22,0.1449842685809332
2022-04-25,0.144011292291594
2022-04-26,0.14308198519808446
2022-04-27,0.14202326147426983
2022-04-28,0.14106163396422988
2022-04-29,0.14213024889428497
2022-05-02,0.14108352199084073
2022-05-03,0.14153079313023217
2022-05-04,0.14197890018962248
2022-05-05,0.14119507575757576
2022-05-06,0.14183190025795356
2022-05-09,0.14194262955032122
2022-05-10,0.14164908064654066
2022-05-11,0.1414307140416809
2022-05-12,0.13937476332622603
2022-05-13,0.1397272502767606
2022-05-16,0.14010508230103513
2022-05-17,0.14161698145168122
2022-05-19,0.14248261788068278
2022-05-20,0.14173540681971641
2022-05-23,0.1435832604674626
2022-05-24,0.14421690034421963
2022-05-26,0.14399055355497867
2022-05-27,0.14407976578837306
2022-05-30,0.14495484542954754
2022-05-31,0.14432513311148087
2022-06-01,0.14320082280585106
2022-06-02,0.1444627428191931
2022-06-03,0.14410467351673847
2022-06-06,0.14381660473949304
2022-06-07,0.14376491878967762
2022-06-08,0.14408806916426514
2022-06-09,0.1430165022200296
2022-06-10,0.1414167090894162
2022-06-13,0.14043760425183976
2022-06-14,0.1400717142857143
2022-06-15,0.14005210268948656
2022-06-16,0.14225964855190368
2022-06-21,0.1416651330152826
2022-06-22,0.14220907549454986
2022-06-23,0.1412708702659146
2022-06-24,0.14164506600128782
2022-06-27,0.14235281052040735
2022-06-28,0.14156886361816287
2022-06-29,0.1404671944977607
2022-06-30,0.1409324123612553
2022-07-01,0.13995214029493824
2022-07-04,0.14008152441445018
2022-07-05,0.13777330427892234
2022-07-06,0.13693002610966057
2022-07-07,0.13649641276864727
2022-07-08,0.13660268927444796
2022-07-11,0.13535645857872008
2022-07-12,0.13522467277999844
2022-07-13,0.13525759662024722
2022-07-14,0.13455509375
2022-07-15,0.1353876179337232
2022-07-18,0.13639215731905982
2022-07-19,0.13749673222858913
2022-07-20,0.13648150409646004
2022-07-21,0.1368138755980861
2022-07-22,0.1373777323878526
2022-07-25,0.1372758972392638
2022-07-26,0.13600076522803795
2022-07-27,0.13610627148422583
2022-07-28,0.1364982763880415
2022-07-29,0.13715351565475736
2022-08-01,0.13782267798923348
2022-08-02,0.13679142208774583
2022-08-03,0.1364703292553995
2022-08-04,0.13757618365500604
2022-08-05,0.136826984724208
2022-08-08,0.13711778093883356
2022-08-09,0.1372909749719836
2022-08-10,0.1386635583737411
2022-08-11,0.138696253816936
2022-08-12,0.1379671892413998
2022-08-16,0.13682885539052686
2022-08-17,0.13682885707961337
2022-08-18,0.13555645802650956
2022-08-19,0.13502930160828377
2022-08-22,0.13349530884074942
2022-08-23,0.13395129609346476
2022-08-24,0.13397283266496535
2022-08-25,0.1340356768558952
2022-08-26,0.13405185185185184
2022-08-29,0.1345406087333719
2022-08-30,0.13468738816738818
2022-08-31,0.13516253153607727
2022-09-01,0.13387776738833346
2022-09-05,0.13358090248075277
2022-09-06,0.13314515509391006
2022-09-07,0.1344122159090909
2022-09-08,0.13443570669500532
2022-09-09,0.1350566558211911
2022-09-12,0.13625834270452628
2022-09-13,0.13431291906298218
2022-09-14,0.13430209966405376
2022-09-15,0.13441944134078215
2022-09-16,0.1343959587513935
2022-09-19,0.13455509454872897
2022-09-20,0.13401951050884958
2022-09-21,0.1322191662640624
2022-09-22,0.13235391292367044
2022-09-23,0.1303152296479648
2022-09-26,0.1291188910159989
2022-09-27,0.12889255645766529
2022-09-28,0.13082155794634345
2022-09-29,0.13149071190589517
2022-09-30,0.13173321341297856
2022-10-03,0.1317280105241854
2022-10-04,0.13410757789891647
2022-10-05,0.1327633328855454
2022-10-06,0.13195048927613942
2022-10-11,0.13107877762293452
2022-10-12,0.13025581965042374
2022-10-13,0.13168290812954395
2022-10-14,0.13079760617251385
2022-10-17,0.13235216393442623
2022-10-18,0.13243103651354535
2022-10-19,0.13128700874787833
2022-10-20,0.13156682952250667
2022-10-21,0.1320951622342155
2022-10-24,0.13273161432079617
2022-10-25,0.13394770441062676
2022-10-26,0.13554910869425318
2022-10-27,0.13402131158070524
2022-10-28,0.1335273939238559
2022-10-31,0.1327933082658849
2022-11-01,0.13277391276703968
2022-11-02,0.13336355964467006
2022-11-03,0.1309397543059777
2022-11-04,0.13335645059388426
2022-11-07,0.13475272636004268
2022-11-08,0.13560793312879593
2022-11-09,0.13480177477815272
2022-11-10,0.13639215661824305
2022-11-11,0.13905304915992533
2022-11-14,0.13895257757448387
2022-11-15,0.13962970022205773
2022-11-16,0.1395868221825568
2022-11-17,0.13914205062046936
2022-11-18,0.13890625076602525
2022-11-22,0.13841788341134278
2022-11-23,0.13936116840572677
2022-11-24,0.1399717268930452
2022-11-25,0.139877746240715
2022-11-28,0.1394602881152461
2022-11-29,0.1390201844753234
2022-11-30,0.13869240793878526
2022-12-01,0.14134075840686858
2022-12-02,0.14157287167588792
2022-12-05,0.1411512296051076
2022-12-06,0.14091453773083956
2022-12-07,0.14139671571512655
2022-12-12,0.14164506623096224
2022-12-13,0.14271035446132355
2022-12-14,0.14318237140366172
2022-12-15,0.14246840884042
2022-12-16,0.1426045280833816
2022-12-19,0.14284489631336406
2022-12-20,0.14291022250330593
2022-12-21,0.1425171390865274
2022-12-22,0.14232849366871025
2022-12-23,0.14281022077327843
2022-12-26,0.14295925567632162
2022-12-27,0.14304310139165008
2022-12-28,0.1429429081632653
2022-12-29,0.14365545876230343
2022-12-30,0.14399262813276137
2023-01-02,0.14334040415380297
2023-01-03,0.14177760708679074
2023-01-04,0.1426269002574723
2023-01-05,0.14161096456912933
2023-01-06,0.14303491213389122
2023-01-09,0.14455044699872285
2023-01-10,0.14431888790331523
2023-01-11,0.14448361653844025
2023-01-12,0.14584275294247667
2023-01-13,0.14556464390136262
2023-01-16,0.14536996706915478
2023-01-17,0.14496114855608525
2023-01-18,0.14512524478967234
2023-01-19,0.14535728796898037
2023-01-20,0.14579597165440175
2023-01-23,0.14604083093778814
2023-01-24,0.14631862580540364
2023-01-25,0.14654591147381507
2023-01-26,0.14607496762357006
2023-01-27,0.14607069662194924
2023-01-30,0.14596835334476843
2023-01-31,0.14605363101604277
2023-02-01,0.1466103689465535
2023-02-02,0.1466039185370795
2023-02-03,0.14540378683118815
2023-02-06,0.14392009412511236
2023-02-07,0.14457134339383707
2023-02-08,0.14419402686331315
2023-02-09,0.1443959939014773
2023-02-10,0.14323979843577764
2023-02-13,0.14382694495173493
2023-02-14,0.14402995989374445
2023-02-15,0.14315367501819315
2023-02-16,0.14354822382409374
2023-02-17,0.14343498110668254
2023-02-22,0.1427653654783278
2023-02-23,0.142217167579745
2023-02-24,0.14169925899427635
2023-02-27,0.14245419948173366
2023-02-28,0.14249682982500633
2023-03-01,0.1433178063471175
2023-03-02,0.14219289937837973
2023-03-03,0.1427816723824894
2023-03-06,0.14356677535868367
2023-03-07,0.14199906350160255
2023-03-08,0.1417434458614654
2023-03-09,0.14213630964264323
2023-03-10,0.14337945498928908
2023-03-13,0.1442564301991479
2023-03-14,0.1441773939723858
2023-03-15,0.14177760663507108
2023-03-16,0.14221918793732136
2023-03-17,0.14334040523261532
2023-03-20,0.14392838214442868
2023-03-21,0.144558808896693
2023-03-22,0.1454926380368098
2023-03-23,0.14589169015453396
2023-03-27,0.1448456657988622
2023-03-28,0.14545665896843726
2023-03-29,0.14559219395103215
2023-03-30,0.14629079534014094
2023-03-31,0.14568552222381706
2023-04-03,0.14612619670105054
2023-04-04,0.1469572492646361
2023-04-05,0.14630149607044787
2023-04-10,0.1456982567130606
2023-04-11,0.14640645583832335
2023-04-12,0.14756009615384616
2023-04-13,0.14831954071175704
2023-04-14,0.14748827522082752
2023-04-17,0.14658242905998706
2023-04-18,0.1472060293168618
2023-04-19,0.1470674728710686
2023-04-20,0.14717136565897515
2023-04-21,0.1473622157140896
2023-04-24,0.14817449252985787
2023-04-25,0.14715404083850228
2023-04-26,0.1480867175159092
2023-04-27,0.1478436981981982
2023-04-28,0.1478721214298545
2023-05-02,0.1475579167594035
2023-05-03,0.14859061722912967
2023-05-04,0.14790929995569338
2023-05-05,0.14779125745856356
2023-05-08,0.14788961563804084
2023-05-09,0.14728841920631439
2023-05-10,0.14730143982494528
2023-05-11,0.14650726637554587
2023-05-12,0.14573010907504363
2023-05-15,0.14602590377113134
2023-05-16,0.14594918217221983
2023-05-17,0.14562824088063892
2023-05-18,0.14456089616544596
2023-05-19,0.14525383029001074
2023-05-22,0.14527493492639215
2023-05-23,0.14470523515641626
2023-05-24,0.14439599151643692
2023-05-29,0.14380626232948585
2023-05-30,0.1438703998325309
2023-05-31,0.14321518162839247
2023-06-01,0.1445128491155047
2023-06-02,0.1438021299564044
2023-06-05,0.143816606185567
2023-06-06,0.1434411551901336
2023-06-07,0.1436203819301848
2023-06-08,0.1446654612395173
2023-06-09,0.14422522147377015
2023-06-12,0.14431472042139382
2023-06-13,0.14475131525698098
2023-06-14,0.1452475
2023-06-15,0.14687091604590297
2023-06-16,0.14685150531168573
2023-06-21,0.14736655945999605
2023-06-22,0.14713455265241487
2023-06-23,0.14631648221343874
2023-06-26,0.14649439120188532
2023-06-27,0.14721036238981391
2023-06-28,0.14654805940981044
2023-06-29,0.1460024512099922
2023-06-30,0.1465652434748734
2023-07-03,0.14648151221403646
2023-07-04,0.14627154038943513
2023-07-05,0.14580660115606936
2023-07-06,0.14609630568356377
2023-07-07,0.1471995287356322
2023-07-10,0.14756009523809524
2023-07-11,0.14768867401215807
2023-07-12,0.1493540427949252
2023-07-13,0.15049588424437296
2023-07-14,0.15077725712129786
2023-07-17,0.1508727985004686
2023-07-18,0.1505729310666916
2023-07-19,0.1503081321142004
2023-07-20,0.14937858578340157
2023-07-21,0.14931836333271478
2023-07-24,0.14860828413284133
2023-07-25,0.1481459536082474
2023-07-26,0.14865909357798165
2023-07-27,0.14758622848773342
2023-07-28,0.14792024113993424
2023-07-31,0.14766904268846504
2023-08-01,0.1471562049610719
2023-08-02,0.14692054434030283
2023-08-03,0.14688817331895002
2023-08-04,0.14795306962591728
2023-08-07,0.1477257627118644
2023-08-08,0.14709343420126672
2023-08-09,0.14734267578467475
2023-08-10,0.14736655835080364
2023-08-11,0.14689033234731164
2023-08-14,0.1464793684812116
2023-08-15,0.14649868285714285
2023-08-16,0.14611338476925276
2023-08-17,0.14574922417488215
2023-08-18,0.14599605943706245
2023-08-22,0.14561127589655665
2023-08-23,0.1457258608372625
2023-08-24,0.1451273485714286
2023-08-25,0.1448876406740931
2023-08-28,0.14501580797256752
2023-08-29,0.14586828
2023-08-30,0.1465158542857143
2023-08-31,0.14557312
2023-09-01,0.14467173950299914
2023-09-04,0.1448477657142857
2023-09-05,0.14386419142857143
2023-09-06,0.1438559142857143
2023-09-07,0.14342675239319902
2023-09-08,0.14354204314902128
2023-09-11,0.14407353621945992
2023-09-12,0.1437669838548364
2023-09-13,0.14402788458791602
2023-09-14,0.14261673142857142
2023-09-15,0.14306151714285714
2023-09-18,0.1433691742857143
2023-09-19,0.14335067866838122
2023-09-20,0.14355234504427306
2023-09-21,0.14306765714285716
2023-09-22,0.1428673475217826
2023-09-25,0.14211004999285817
2023-09-26,0.14177559714285715
2023-09-27,0.1408054057142857
2023-09-28,0.14150876731895443
2023-09-29,0.14166713816259466
2023-10-02,0.14072020568490215
2023-10-03,0.14039225539208683
2023-10-04,0.14083515142857142
2023-10-05,0.14134475428571427
2023-10-06,0.14202931448157669
2023-10-09,0.14168721222507855
2023-10-10,0.14207774635818338
2023-10-11,0.1420938960297058
2023-10-12,0.14127087298185456
2023-10-17,0.14165509854327332
2023-10-18,0.14138672093687515
2023-10-19,0.14200309472781827
2023-10-20,0.1419708386912416
2023-10-23,0.14294495213601943
2023-10-24,0.141874156308044
2023-10-25,0.14163102256498142
2023-10-26,0.1413607372481783
2023-10-27,0.14159893413344762
2023-10-30,0.14214034862123162
2023-10-31,0.1416932342857143
2023-11-01,0.14134275753679099
2023-11-02,0.1423832105112825
2023-11-03,0.14390145672664953
2023-11-07,0.14316392285714286
2023-11-08,0.14358120302900415
2023-11-09,0.14354822403200457
2023-11-10,0.1432090270038577
2023-11-13,0.1434000142877554
2023-11-14,0.145761970865467
2023-11-15,0.14550745714690466
2023-11-16,0.1456239977365964
2023-11-17,0.14605149879926543
2023-11-21,0.14650082876808543
2023-11-22,0.14595557020620004
2023-11-23,0.14625656254377364
2023-11-24,0.14676744686800894
2023-11-27,0.14664046796657382
2023-11-28,0.1473709040333797
2023-11-29,0.14723420555555555
2023-11-30,0.14606429680998614
2023-12-01,0.14594066186651897
2023-12-04,0.145194779969651
2023-12-05,0.14475341228311758
2023-12-06,0.14461525158097333
2023-12-07,0.14500108831168831
2023-12-11,0.14409429430250034
2023-12-12,0.14468011188429525
2023-12-13,0.1446529058066129
2023-12-14,0.14759711930043723
2023-12-15,0.1463721657720634
2023-12-18,0.14656954024420632
2023-12-19,0.14718652929091702
2023-12-20,0.14694645265646386
2023-12-21,0.1473622158666998
2023-12-22,0.14775850388319353
2023-12-26,0.14803191547375597
2023-12-27,0.14895360044587566
2023-12-28,0.1485597140912185
2023-12-29,0.14833493969942482
2024-01-02,0.1468968052300481
2024-01-03,0.14629079644926643
2024-01-04,0.14681916225206357
2024-01-05,0.1467480632849052
2024-01-08,0.1470090992872942
2024-01-09,0.14661036836935168
2024-01-10,0.14706098662412564
2024-01-11,0.14687307211184694
2024-01-12,0.14684072181372548
2024-01-15,0.146791146037182
2024-01-16,0.14568976775455322
2024-01-17,0.14570250427559248
2024-01-18,0.14558583740234374
2024-01-19,0.14601737586922045
2024-01-22,0.14608350133917702
2024-01-23,0.14525805085776858
2024-01-24,0.14622448321984435
2024-01-25,0.14540167193195627
2024-01-26,0.14573435579842137
2024-01-29,0.14503263208919048
2024-01-30,0.14538476080901053
2024-01-31,0.14554769603097772
2024-02-01,0.14587679284073043
2024-02-02,0.14467383295056208
2024-02-05,0.14398433413751507
2024-02-06,0.14410260156720917
2024-02-07,0.144358471452662
2024-02-08,0.14451702383818926
2024-02-09,0.14468220498015158
2024-02-14,0.14396567813886557
2024-02-15,0.14435430317555423
2024-02-16,0.14459015928143712
2024-02-19,0.14456507589339068
2024-02-20,0.1450431497849976
2024-02-21,0.1449758610812746
2024-02-22,0.14516105570798044
2024-02-23,0.14522008105852902
2024-02-26,0.14548628836545324
2024-02-27,0.14556040779931043
2024-02-28,0.14540378638469764
2024-02-29,0.14488344098788886
2024-03-01,0.14539321543026706
2024-03-04,0.14566642417061612
2024-03-05,0.14568340118343195
2024-03-06,0.14628009698403313
2024-03-07,0.14675236997635935
2024-03-08,0.14673729592439458
2024-03-11,0.14652443985849056
2024-03-12,0.14644933529758397
2024-03-13,0.14693349735138317
2024-03-14,0.1459981894117647
2024-03-15,0.14596622339800117
2024-03-18,0.14575984633431086
2024-03-19,0.14567066822977726
2024-03-20,0.1458448792497069
2024-03-21,0.14559643559718968
2024-03-22,0.14488134230544178
2024-03-25,0.14529604088785047
2024-03-26,0.14520953765323993
2024-03-27,0.14506629487179487
2024-04-03,0.14521797212543555
2024-04-04,0.14557735925710968
2024-04-05,0.14523273507246376
2024-04-08,0.14557947916666666
2024-04-09,0.14546935685367263
2024-04-10,0.14412960115606938
2024-04-11,0.14381660543038705
2024-04-12,0.1427001731102135
2024-04-15,0.14245623041474653
2024-04-16,0.1422981139896373
2024-04-17,0.14298787464059803
2024-04-18,0.14271442873563217
2024-04-19,0.14277963396442914
2024-04-22,0.14283469724770642
2024-04-23,0.14352556217765042
2024-04-24,0.14342058075601374
2024-04-25,0.14387040160183068
2024-04-26,0.1433979577142857
2024-04-29,0.14374011751283514
2024-04-30,0.14321518083285795
2024-05-02,0.1437297881548975
2024-05-03,0.14432305293113262
2024-05-06,0.14444187613636364
2024-05-07,0.1441940272572402
2024-05-08,0.144046555870675
2024-05-09,0.1444627426303855
2024-05-10,0.14440433201133146
2024-05-13,0.14462780090497737
2024-05-14,0.1450116011299435
2024-05-15,0.1458321185770751
2024-05-16,0.1457088735891648
2024-05-17,0.14574709983079526
2024-05-20,0.14562399887450758
2024-05-21,0.14547147356580428
2024-05-22,0.1452285171444632
2024-05-23,0.1448834415730337
2024-05-24,0.14543339135317238
2024-05-27,0.1455159272523783
2024-05-28,0.14560703525461668
2024-05-29,0.14495484611080023
2024-05-30,0.1453171543624161
2024-05-31,0.14541647236180905
2024-06-03,0.14598113935340024
2024-06-04,0.14591084838350057
2024-06-05,0.14568552365052864
2024-06-06,0.14600884855233853
2024-06-07,0.14481839822024473
2024-06-10,0.14425643015521064
2024-06-11,0.1440258093126386
2024-06-12,0.14519056239600667
2024-06-13,0.1439801884700665
2024-06-14,0.1433917897066962
2024-06-18,0.14391802430939227
2024-06-19,0.14405070633608813
2024-06-24,0.14379178976334617
2024-06-25,0.14362450825082507
2024-06-26,0.1432623710208562
2024-06-27,0.1434905507405376
2024-06-28,0.14366990350877193
2024-07-01,0.14383935995623634
2024-07-02,0.14397396938217605
2024-07-03,0.14457343606557377
2024-07-04,0.14494434170305676
2024-07-05,0.14516527015250544
2024-07-08,0.14521164616222101
2024-07-10,0.1450684002175095
2024-07-11,0.1455667641304348
2024-07-12,0.14616891264243081
2024-07-15,0.14601098049837485
2024-07-16,0.14601524417975095
2024-07-17,0.14652873376623377
2024-07-18,0.14616250351161533
2024-07-19,0.14586402587601077
2024-07-22,0.1459427900701565
2024-07-23,0.14545877669902912
2024-07-24,0.14533616271551725
2024-07-25,0.14544185268817203
2024-07-26,0.14553922275899087
2024-07-29,0.14506208690987124
2024-07-30,0.14490233565683647
2024-07-31,0.1447806577253219
2024-08-01,0.144621525187567
2024-08-02,0.14622662245989304
2024-08-05,0.14678252699091396
2024-08-06,0.14643003523758677
2024-08-07,0.14636573838761346
2024-08-08,0.14624372998932764
2024-08-09,0.14634431842385517
2024-08-12,0.14651155934007448
2024-08-13,0.14710425305688463
2024-08-14,0.1475992975557917
2024-08-15,0.14710208921933085
2024-08-16,0.1476058336864407
2024-08-19,0.1484604650423729
2024-08-20,0.1489757914240339
2024-08-21,0.1495215312169312
2024-08-22,0.14882724101479916
2024-08-23,0.14999700052714812
2024-08-26,0.1497207711730668
2024-08-27,0.1499003157894737
2024-08-28,0.14889815376513954
2024-08-29,0.14859503364879073
2024-08-30,0.14817229470372315
2024-09-02,0.14839657502623294
2024-09-03,0.14781966019926585
2024-09-04,0.1483349408067051
2024-09-05,0.1488671210057622
2024-09-06,0.1485663350730689
2024-09-09,0.1480078142931664
2024-09-10,0.1476973977035491
2024-09-11,0.14765596139801776
2024-09-12,0.14810865278500782
2024-09-13,0.14849353326403325
2024-09-16,0.1490557318087318
2024-09-17,0.14899354885654886
2024-09-18,0.1497723456149455
2024-09-19,0.14964011520498183
2024-09-20,0.1496087726566546
2024-09-23,0.14908684265010352
2024-09-24,0.14970732229694775
2024-09-25,0.1493518132094943
2024-09-26,0.1499452700051626
2024-09-27,0.14971404639175256
2024-09-30,0.14959982071097372
2024-10-01,0.14836354994850667
2024-10-02,0.14811084611425632
2024-10-03,0.14790492702980473
2024-10-04,0.1471172375577219
2024-10-07,0.1473101168631471
2024-10-08,0.1471475448487955
2024-10-09,0.14665552049180328
2024-10-10,0.1463507446373851
2024-10-14,0.1461496867346939
2024-10-15,0.14587253646098927
2024-10-16,0.14560491539245668
2024-10-17,0.1451547345899134
2024-10-18,0.14561975723717624
2024-10-21,0.14506629573170732
2024-10-22,0.14484986287455562
2024-10-23,0.1443709761542364
2024-10-24,0.14505577383367138
2024-10-25,0.14479533198380565
2024-10-28,0.14496745472938796
2024-10-29,0.14483517795753287
2024-10-30,0.14565793737373736
2024-10-31,0.14560915625
2024-11-01,0.14529181873111782
2024-11-04,0.14600458408862035
2024-11-05,0.14654376571141278
2024-11-07,0.14488973869346733
2024-11-08,0.14363688565697091
2024-11-11,0.14277555711422846
2024-11-12,0.1422191877816725
2024-11-13,0.1416550980980981
2024-11-14,0.1415869064532266
2024-11-15,0.1414147132169576
2024-11-19,0.14181178763708874
2024-11-20,0.14119507523667166
2024-11-21,0.14061137810945273
2024-11-22,0.13970968321747765
2024-11-25,0.14061730983118173
2024-11-26,0.14038043055555557
2024-11-27,0.14176353792761526
2024-11-28,0.1415227849355798
2024-11-29,0.14174545328719723
2024-12-02,0.1406311525925926
2024-12-03,0.1412130202469136
2024-12-04,0.14129682230997037
2024-12-05,0.14169925703009376
2024-12-06,0.1415307966518956
2024-12-09,0.14169323462862765
2024-12-10,0.1409502871189774
2024-12-11,0.1406786339066339
2024-12-12,0.1408133375858685
2024-12-13,0.14076180303772662
2024-12-16,0.14092645085574573
2024-12-17,0.14076378463044545
2024-12-18,0.14040999706601467
2024-12-19,0.13893327077223852
2024-12-20,0.1397526380487805
2024-12-23,0.13945445405930967
2024-12-26,0.1395731850412822
2024-12-27,0.13972920504120212
2024-12-30,0.13937670736434107
2024-12-31,0.138744363372093
2025-01-02,0.13759889878934625
2025-01-03,0.13806624432641235
2025-01-06,0.13926606760019314
2025-01-07,0.13892941023166022
2025-01-08,0.13813490207428847
2025-01-09,0.13800717590361447
2025-01-10,0.1372909745069745
2025-01-13,0.13696753846153845
2025-01-14,0.13787778482228627
2025-01-15,0.13788158733205375
2025-01-16,0.1380147955854127
2025-01-17,0.13777710440613025
2025-01-20,0.13922341137123748
2025-01-21,0.1396570028653295
2025-01-22,0.1396238530534351
2025-01-23,0.13987187696709585
2025-01-24,0.14085895805529075
2025-01-27,0.14054023702998572
2025-01-28,0.13972725214081827
2025-01-29,0.13964335045173562
2025-01-30,0.13959656558935363
2025-01-31,0.1396024119601329
2025-02-03,0.13772397344083473
2025-02-04,0.1391014047901352
2025-02-05,0.13969797344713134
2025-02-06,0.13911495046219483
2025-02-07,0.1383623433578025
2025-02-10,0.1382380179839091
2025-02-11,0.1387077983909134
2025-02-12,0.13981907452093684
2025-02-13,0.13975263814701017
2025-02-14,0.1408708632175762
2025-02-17,0.1405362860514515
2025-02-18,0.1400638687440982
2025-02-19,0.13958682275194711
2025-02-20,0.14059358622316584
2025-02-21,0.14026819231675702
2025-02-24,0.14039225636192273
2025-02-25,0.14081532077249176
2025-02-26,0.1407004068754415
2025-02-27,0.13955955001176748
2025-02-28,0.13939419300305236
2025-03-05,0.14462570824524312
2025-03-06,0.14473665194927196
2025-03-07,0.14538264697609002
2025-03-10,0.14515684240150092
2025-03-11,0.14660606938584153
2025-03-12,0.1462437300210921
2025-03-13,0.14549052108716026
2025-03-14,0.1458491333645297
2025-03-17,0.14629293682732805
2025-03-18,0.14680407483629562
2025-03-19,0.14590233325543353
2025-03-20,0.14538898831229546
2025-03-21,0.145078923005133
2025-03-25,0.1448435689293212
2025-03-26,0.14419402752507582
2025-03-27,0.14461734297038936
2025-03-28,0.14502632231020027
2025-03-31,0.14496955679702048
2025-04-01,0.14463616748080949
2025-04-03,0.14773012651162792
2025-04-04,0.1466490687732342
2025-04-07,0.14647507713754646
2025-04-08,0.1463978806039489
2025-04-09,0.14694861174286375
2025-04-10,0.15019074187558032
2025-04-11,0.15126304638218924
2025-04-14,0.15187643322203673
2025-04-15,0.1509684625
2025-04-16,0.1523252449339207
2025-04-21,0.15421627330895796
2025-04-22,0.1533224981884058
2025-04-23,0.15172434741379312
2025-04-24,0.15223248977853493
2025-04-25,0.15238327404873878
2025-04-28,0.1527300492359932
2025-04-29,0.15256228326180257
2025-04-30,0.1519964735042735
2025-05-05,0.15139816166666667
2025-05-06,0.15229508710217757
2025-05-07,0.15194335587188612
2025-05-08,0.15048456014362657
2025-05-09,0.15097758010563378
2025-05-12,0.148546472614841
2025-05-13,0.14985314349178144
2025-05-14,0.14994077296819788
2025-05-15,0.14975664586994727
2025-05-16,0.14938081611208406
2025-05-19,0.1505457283085013
2025-05-20,0.1511236043763676
2025-05-21,0.1521074485165794
2025-05-22,0.15106652928225453
2025-05-23,0.15229044816938683
2025-05-26,0.15257392213473317
2025-05-27,0.1519849230103806
2025-05-28,0.15139128620689654
2025-05-29,0.15258789095519865
2025-05-30,0.15226957828282828
2025-06-02,0.15306903430749683
2025-06-03,0.15252272550675675
2025-06-04,0.15318158161113454
2025-06-05,0.1533765852225021
2025-06-06,0.15277905103331926
2025-06-09,0.15309481181434598
2025-06-10,0.1531159091291544
2025-06-11,0.1541497098138748
2025-06-12,0.15516144556962025
2025-06-13,0.15485629357022
2025-06-17,0.15399066810344827
2025-06-18,0.15435910109409193
2025-06-19,0.15386745869191049
2025-06-23,0.15512293509820665
2025-06-24,0.15585791996594295
2025-06-25,0.15606223751573647
2025-06-26,0.15713881630937368
2025-06-27,0.15688735492010092
2025-06-30,0.15771378091286306
2025-07-01,0.15790554091653028
2025-07-02,0.15807027827502035
2025-07-03,0.1575299309504468
2025-07-04,0.15780586693548387
2025-07-07,0.15690951028481012
2025-07-08,0.15714128605577687
2025-07-10,0.15666614422310757
2025-07-11,0.15673981212841856
2025-07-14,0.15625976640625
2025-07-15,0.15536635396825396
2025-07-16,0.15598190642347343
2025-07-17,0.15519997488226062
2025-07-18,0.15577537169517883
2025-07-21,0.15662443058823527
2025-07-22,0.1573217540787903
2025-07-23,0.15758206118394916
2025-07-24,0.15765907783018868
2025-07-25,0.15724012109375002
2025-07-28,0.15535187181467183
2025-07-29,0.15464076917118513
2025-07-30,0.15389113764258555
2025-07-31,0.15296601091703058
2025-08-01,0.15446162390029325
2025-08-04,0.15507241911764708
2025-08-05,0.1551518162121778
2025-08-06,0.15607441591591592
2025-08-07,0.15586034903882398
2025-08-08,0.15616947511312218
2025-08-11,0.1555669636913767
2025-08-12,0.15637950208728651
2025-08-13,0.15680125437928408
2025-08-14,0.1559283976923077
2025-08-18,0.15624267594740912
2025-08-19,0.1561182754352031
2025-08-20,0.15630861568024595
2025-08-21,0.15558390646387832
2025-08-22,0.15723270476911433
2025-08-25,0.15602814757709252
2025-08-26,0.15589679616660523
2025-08-27,0.1558822156354205
2025-08-28,0.1565802865716429
2025-08-29,0.15669314754098362
2025-09-01,0.1568160080174927
2025-09-02,0.15601110800881704
2025-09-03,0.15618411017260375
2025-09-04,0.1558943662385321
2025-09-05,0.15703517564575648
2025-09-08,0.15724012136266857
2025-09-09,0.1568209262266149
2025-09-10,0.15677667158412364
2025-09-11,0.1571684532122905
2025-09-12,0.15720551479697178
2025-09-15,0.15770880640763463
2025-09-16,0.15895976718856364
2025-09-17,0.15908367785690064
2025-09-18,0.15792798507968803
2025-09-19,0.15743320881355932
2025-09-22,0.15805778622159092
2025-09-23,0.1582378634039445
2025-09-24,0.15726485009345795
2025-09-25,0.15620850710546
2025-09-26,0.15674963951734538
2025-09-29,0.1570376419117647
2025-09-30,0.15739356231884058
2025-10-01,0.15699819465917078
2025-10-02,0.15688243243243244
2025-10-03,0.15711412776412778
2025-10-06,0.15687012727272728
2025-10-07,0.1562524414130815
2025-10-08,0.15535428531468531
2025-10-09,0.1548083471830986
2025-10-13,0.15497869014084506
2025-10-14,0.15542913970588237
2025-10-15,0.1557147304347826
2025-10-16,0.1565092182596291
2025-10-17,0.1561694751724138
2025-10-20,0.15588464542372882
2025-10-21,0.15538808185172762
2025-10-22,0.15549681262592344
2025-10-23,0.1554388039215686
2025-10-24,0.15566382841823057
2025-10-27,0.15580206898954702
2025-10-28,0.15614752789115646
2025-10-29,0.15586763718662952
2025-10-30,0.1548826766342142
2025-10-31,0.15432336885813147
2025-11-03,0.15442346018893388
2025-11-04,0.1538319539202201
2025-11-05,0.15379410055096418
2025-11-07,0.15507722826855125
2025-11-10,0.15480834706089405
2025-11-11,0.1552481641896674
2025-11-12,0.15524093413597734
2025-11-13,0.15601841038406827
2025-11-14,0.1555258325017819
2025-11-17,0.15522165681326605
2025-11-18,0.1549907007142857
2025-11-19,0.15441392179168148
2025-11-20,0.15434480631578948
2025-11-25,0.15505799170984455
2025-11-26,0.15522165669074647
2025-11-27,0.15525057448275864
2025-11-28,0.155347045125732
2025-12-01,0.15558874750258353
2025-12-02,0.15540981580756014
2025-12-03,0.15624511699931176
2025-12-04,0.1560573663434903
2025-12-05,0.15588464529616725
2025-12-09,0.15562264632454925
2025-12-10,0.1561036528695652
2025-12-11,0.15737870055710307
2025-12-12,0.1572673226925746
2025-12-15,0.1572302321863052
2025-12-16,0.1574307305306685
2025-12-17,0.1572796905582357
2025-12-18,0.1568479827705031
2025-12-19,0.15687012689655172
2025-12-22,0.15741833953168044
2025-12-23,0.15757957753273605
2025-12-26,0.15758702719449227
2025-12-29,0.15732917982155112
2025-12-30,0.15745551890034365
2025-12-31,0.15715857319587628
2026-01-02,0.15704997355932201
2026-01-05,0.15679387891156463
2026-01-06,0.15660726064735947
2026-01-07,0.15639417602739727
2026-01-08,0.15595028278688525
2026-01-09,0.1556759447098976
2026-01-12,0.1561548429301533
2026-01-13,0.15585306177076183
2026-01-14,0.15587978527185134
2026-01-15,0.15538083830673144
2026-01-16,0.15520720139860142
2026-01-19,0.15589193586615546
2026-01-20,0.15702531265249217
2026-01-21,0.15664651170919258
2026-01-22,0.15724753899965024
2026-01-23,0.15787313328681088
2026-01-26,0.15904572591304347
2026-01-27,0.16044925823223571
2026-01-28,0.15993090965732087
2026-01-29,0.16009477604707512
2026-01-30,0.15896229440221146
2026-02-02,0.15800783735354929
2026-02-03,0.1582228409405256
2026-02-04,0.1579853706390328
2026-02-05,0.15804779334257976
2026-02-06,0.15825789734636872
2026-02-09,0.1594082761299435
2026-02-10,0.15922045661450923
2026-02-11,0.15908114714285715
2026-02-12,0.1588158688172043
2026-02-13,0.15894713397642016
2026-02-18,0.15802032163323784
2026-02-19,0.15747535493160547
2026-02-20,0.15769139825581394
2026-02-23,0.1579604151769427
2026-02-24,0.1577361702281782
2026-02-25,0.15803280771979986
2026-02-26,0.1575994453125
2026-02-27,0.15816027988546885
2026-03-02,0.1566906924731183
2026-03-03,0.15516385300353355
2026-03-04,0.15565171367368796
2026-03-05,0.15512534115138593
2026-03-06,0.15523852401129942
2026-03-09,0.15499070056497177
2026-03-10,0.15584091785714285
2026-03-11,0.15486588610315186
2026-03-12,0.15420913875941197
2026-03-13,0.15312059785714285
2026-03-16,0.15382722134670487
2026-03-17,0.1544353839541547
2026-03-18,0.15420913845050213
2026-03-19,0.15473169523126568
2026-03-20,0.15471254440848614
2026-03-25,0.15494987368421054
2026-03-26,0.1542686125730994
2026-03-27,0.15407608245931284
2026-03-30,0.15333425321888414
2026-03-31,0.15444253979739508
2026-04-01,0.1551133106169297
2026-04-06,0.154435384063173
2026-04-07,0.1549498736086176
2026-04-08,0.1562182681081081
2026-04-09,0.15675701086169444
2026-04-10,0.15688489343065692
2026-04-13,0.15702531240768094
2026-04-14,0.15786565615835776
2026-04-15,0.15782081015452537
2026-04-16,0.15756716273932253
2026-04-17,0.15782579186515208
2026-04-20,0.1576889114015977
2026-04-21,0.15717586404943656
2026-04-22,0.15670296952104498
2026-04-23,0.1564553477011494
2026-04-24,0.15674472525902108
2026-04-27,0.15688735497529993
2026-04-28,0.15676929797080813
2026-04-29,0.15632572044556234
2026-04-30,0.15693906038820993
2026-05-04,0.1564822780748663
2026-05-05,0.15656067480258434
2026-05-06,0.15721787247838617
2026-05-07,0.15722528796561605
2026-05-08,0.15756716309012875
2026-05-11,0.1576168336327704
2026-05-12,0.15705490606936418
2026-05-13,0.15664651149425288
2026-05-14,0.1562622077641984
2026-05-15,0.15556454356400143
2026-05-18,0.15586763707945597
2026-05-19,0.1553904964234621
2026-05-20,0.15547747100930565
2026-05-21,0.1556299121986326
2026-05-22,0.15545088524590164
2026-05-26,0.15555002480510277
2026-05-27,0.1555814860176991
2026-05-28,0.1559381234042553
2026-05-29,0.15603545099431818
2026-06-01,0.1556880631136045
2026-06-02,0.15549923055360898
2026-06-03,0.15521201946472019
2026-06-04,0.1555016484510964
2026-06-05,0.15418298438042347
2026-06-08,0.15439008226754233
2026-06-09,0.15450458084663427
2026-06-10,0.154604907504363
2026-06-11,0.15455950506108201
2026-06-12,0.15485629341736695
2026-06-16,0.1553542854159415
2026-06-17,0.15449264585501213
2026-06-18,0.15335541626464508
2026-06-19,0.15351786173853524
2026-06-22,0.1529075367772836
2026-06-23,0.15224871355759428
2026-06-24,0.15186259499661933
2026-06-25,0.15216531211916046
2026-06-26,0.1523298855788761
2026-06-29,0.1528911717853527
2026-06-30,0.15281640620782727
2026-07-01,0.1522672592343855
2026-07-02,0.1529355987903226
2026-07-03,0.15307137722539468
2026-07-06,0.15301282273797512
2026-07-07,0.1528771481233244
2026-07-08,0.15277438306451613
2026-07-13,0.15232292442645073
2026-07-14,0.1528234128440367
2026-07-15,0.15350843540183112
2026-07-16,0.1529800514905149
2026-07-17,0.15294027672530447
2026-07-20,0.1526904051316678
2026-07-21,0.1525785780033841
2026-07-22,0.15261816453135538
2026-07-23,0.15212596037609133
2026-07-24,0.15208431529726119
2026-07-27,0.15212596058784236
2026-07-28,0.15238095260347131
2026-07-29,0.1528444351604278
2026-07-30,0.1542686122311828
2026-07-31,0.15429003434343433
2026-08-03,0.15386745886287626
2026-08-04,0.1541663455882353
2026-08-05,0.1545714507183428
2026-08-06,0.15413307835945314
2026-08-07,0.15462642242242242
2026-08-10,0.15440915346038114
2026-08-11,0.15433527809459913
2026-08-12,0.1540998256788468
2026-08-13,0.15421389477211797
2026-08-14,0.1547029700840336
2026-08-18,0.1548371110367893
2026-08-19,0.15598920574482297
2026-08-20,0.1561719138276553
2026-08-21,0.1562573248832555
2026-08-24,0.15596487682119206
2026-08-25,0.1561670360568971
2026-08-26,0.15589436591809774
2026-08-27,0.1558530615079365
