,ILS
1997-11-21,0.283897
1997-11-24,0.283712
1997-11-25,0.283712
1997-11-26,0.283712
1997-11-27,0.283712
1997-11-28,0.283712
1997-12-01,0.283414
1997-12-02,0.283414
1997-12-03,0.283414
1997-12-04,0.283414
1997-12-05,0.283414
1997-12-09,0.283102
1997-12-10,0.283102
1997-12-11,0.283102
1997-12-12,0.283102
1997-12-15,0.283102
1997-12-16,0.283086
1997-12-17,0.283086
1997-12-18,0.283086
1997-12-19,0.283086
1997-12-22,0.283086
1997-12-23,0.283142
1997-12-24,0.283142
1997-12-26,0.283142
1997-12-29,0.283142
1997-12-30,0.283142
1998-01-02,0.283142
1998-01-05,0.281666
1998-01-06,0.281666
1998-01-07,0.281666
1998-01-08,0.281666
1998-01-09,0.281666
1998-01-12,0.280833
1998-01-13,0.280833
1998-01-14,0.280833
1998-01-15,0.280833
1998-01-16,0.280833
1998-01-19,0.280833
1998-01-27,0.245236
1998-02-02,0.279932
1998-02-03,0.278979
1998-02-04,0.278979
1998-02-05,0.278979
1998-02-06,0.278979
1998-02-09,0.278979
1998-02-10,0.278412
1998-02-11,0.278412
1998-02-12,0.278412
1998-02-13,0.278412
1998-02-16,0.278412
1998-02-17,0.277639
1998-02-18,0.277639
1998-02-19,0.277639
1998-02-20,0.277639
1998-02-23,0.278544
1998-02-24,0.278544
1998-02-25,0.278544
1998-02-26,0.278544
1998-02-27,0.278544
1998-03-02,0.279493
1998-03-03,0.279493
1998-03-04,0.279493
1998-03-05,0.279493
1998-03-06,0.279493
1998-03-09,0.279493
1998-03-10,0.279525
1998-03-11,0.279525
1998-03-12,0.279525
1998-03-13,0.279525
1998-03-16,0.279525
1998-03-17,0.279799
1998-03-18,0.279799
1998-03-19,0.279799
1998-03-20,0.279799
1998-03-23,0.279799
1998-03-24,0.278249
1998-03-25,0.278249
1998-03-26,0.278249
1998-03-27,0.278249
1998-03-30,0.278249
1998-03-31,0.278056
1998-04-01,0.278056
1998-04-02,0.278056
1998-04-03,0.278056
1998-04-06,0.278056
1998-04-07,0.272279
1998-04-08,0.272279
1998-04-13,0.26634
1998-04-14,0.26634
1998-04-15,0.26634
1998-04-16,0.26634
1998-04-17,0.26634
1998-04-20,0.26634
1998-04-21,0.26634
1998-04-22,0.268384
1998-04-23,0.268384
1998-04-24,0.268384
1998-04-27,0.268384
1998-04-28,0.268723
1998-04-29,0.268723
1998-04-30,0.268723
1998-05-04,0.268723
1998-05-05,0.270915
1998-05-06,0.270915
1998-05-07,0.270915
1998-05-08,0.270915
1998-05-11,0.270915
1998-05-12,0.27242
1998-05-13,0.27242
1998-05-14,0.27242
1998-05-15,0.27242
1998-05-18,0.27242
1998-05-19,0.273575
1998-05-20,0.273575
1998-05-21,0.273575
1998-05-22,0.273575
1998-05-26,0.273575
1998-05-27,0.273575
1998-05-28,0.274115
1998-05-29,0.274115
1998-06-01,0.274348
1998-06-02,0.274348
1998-06-03,0.274348
1998-06-04,0.274348
1998-06-05,0.274348
1998-06-09,0.274348
1998-06-10,0.274228
1998-06-11,0.274228
1998-06-12,0.274228
1998-06-16,0.271584
1998-06-17,0.271584
1998-06-18,0.271584
1998-06-19,0.271584
1998-06-22,0.271584
1998-06-23,0.273815
1998-06-24,0.273815
1998-06-25,0.273815
1998-06-26,0.273815
1998-06-29,0.273815
1998-06-30,0.273815
1998-07-01,0.273246
1998-07-02,0.273246
1998-07-03,0.273246
1998-07-07,0.273246
1998-07-08,0.272829
1998-07-10,0.272829
1998-07-13,0.273
1998-07-14,0.273
1998-07-15,0.273
1998-07-16,0.273
1998-07-17,0.273
1998-07-20,0.273
1998-07-21,0.273965
1998-07-22,0.273965
1998-07-23,0.273965
1998-07-24,0.273965
1998-07-27,0.273635
1998-07-28,0.273635
1998-07-29,0.273635
1998-07-30,0.273635
1998-07-31,0.273635
1998-08-03,0.273635
1998-08-04,0.273635
1998-08-05,0.273635
1998-08-06,0.273635
1998-08-07,0.273635
1998-08-10,0.273635
1998-08-11,0.271828
1998-08-12,0.271828
1998-08-13,0.271828
1998-08-14,0.271828
1998-08-18,0.271828
1998-08-19,0.271828
1998-08-20,0.271828
1998-08-21,0.271828
1998-08-24,0.268644
1998-08-25,0.268644
1998-08-26,0.268644
1998-08-27,0.268644
1998-08-28,0.268644
1998-08-31,0.263276
1998-09-01,0.263276
1998-09-02,0.263276
1998-09-03,0.263276
1998-09-04,0.263276
1998-09-07,0.263276
1998-09-08,0.263276
1998-09-09,0.263276
1998-09-10,0.263276
1998-09-11,0.263276
1998-09-14,0.263276
1998-09-15,0.263276
1998-09-16,0.261131
1998-09-17,0.261131
1998-09-18,0.261131
1998-09-21,0.261383
1998-09-22,0.261383
1998-09-23,0.261383
1998-09-24,0.261383
1998-09-25,0.261383
1998-09-28,0.260179
1998-09-29,0.260179
1998-09-30,0.260179
1998-10-01,0.260179
1998-10-02,0.260179
1998-10-05,0.260179
1998-10-06,0.260179
1998-10-07,0.260179
1998-10-08,0.260179
1998-10-09,0.260179
1998-10-13,0.240234
1998-10-14,0.240234
1998-10-15,0.240234
1998-10-16,0.240234
1998-10-19,0.236664
1998-10-20,0.236664
1998-10-21,0.236664
1998-10-22,0.236664
1998-10-23,0.236664
1998-10-26,0.236664
1998-10-27,0.240044
1998-10-28,0.240044
1998-10-29,0.240044
1998-10-30,0.240044
1998-11-02,0.240044
1998-11-03,0.240044
1998-11-04,0.232964
1998-11-05,0.232964
1998-11-06,0.232964
1998-11-09,0.232515
1998-11-10,0.232515
1998-11-11,0.232515
1998-11-12,0.232515
1998-11-13,0.232515
1998-11-16,0.232515
1998-11-17,0.241295
1998-11-18,0.241295
1998-11-19,0.241295
1998-11-20,0.241295
1998-11-23,0.239269
1998-11-24,0.239269
1998-11-25,0.239269
1998-11-26,0.239269
1998-11-27,0.239269
1998-11-30,0.238846
1998-12-01,0.238846
1998-12-02,0.238846
1998-12-03,0.238846
1998-12-04,0.238846
1998-12-09,0.239028
1998-12-10,0.239028
1998-12-11,0.239028
1998-12-14,0.240645
1998-12-15,0.240645
1998-12-16,0.240645
1998-12-17,0.240645
1998-12-18,0.240645
1998-12-21,0.238857
1998-12-22,0.238857
1998-12-23,0.238857
1998-12-24,0.238857
1998-12-28,0.239595
1998-12-29,0.239595
1998-12-30,0.239595
1999-01-04,0.239595
1999-01-05,0.242401
1999-01-06,0.242401
1999-01-07,0.242401
1999-01-08,0.242401
1999-01-11,0.242401
1999-01-12,0.242401
1999-01-13,0.242401
1999-01-14,0.242401
1999-01-15,0.245266
1999-01-18,0.245266
1999-01-19,0.245266
1999-01-20,0.245266
1999-01-21,0.245549
1999-01-22,0.245549
1999-01-28,0.245236
1999-02-01,0.245236
1999-02-02,0.245314
1999-02-03,0.245314
1999-02-04,0.245314
1999-02-05,0.245314
1999-02-08,0.245134
1999-02-09,0.245134
1999-02-12,0.245658
1999-02-16,0.246999
1999-02-17,0.246999
1999-02-18,0.246914
1999-02-19,0.246914
1999-02-22,0.246148
1999-02-23,0.246166
1999-02-26,0.247145
1999-03-01,0.247727
1999-03-02,0.246981
1999-03-03,0.247445
1999-03-04,0.247445
1999-03-05,0.248016
1999-03-08,0.248016
1999-03-09,0.248503
1999-03-10,0.248503
1999-03-11,0.249476
1999-03-12,0.249476
1999-03-15,0.249557
1999-03-16,0.24919
1999-03-17,0.24919
1999-03-18,0.24919
1999-03-22,0.248948
1999-03-23,0.248645
1999-03-24,0.248645
1999-03-25,0.248645
1999-03-26,0.248645
1999-03-29,0.247979
1999-03-30,0.247979
1999-03-31,0.248503
1999-04-05,0.247653
1999-04-06,0.247653
1999-04-07,0.247672
1999-04-08,0.247672
1999-04-09,0.248281
1999-04-12,0.24817
1999-04-13,0.24817
1999-04-14,0.248348
1999-04-15,0.248348
1999-04-16,0.248348
1999-04-19,0.248367
1999-04-20,0.248367
1999-04-21,0.248367
1999-04-23,0.247764
1999-04-26,0.247764
1999-04-27,0.245471
1999-04-30,0.241208
1999-05-03,0.241208
1999-05-04,0.241208
1999-05-05,0.241208
1999-05-06,0.241208
1999-05-07,0.241208
1999-05-10,0.243025
1999-05-11,0.241482
1999-05-12,0.243025
1999-05-14,0.243025
1999-05-17,0.2437
1999-05-18,0.243025
1999-05-20,0.244732
1999-05-28,0.243025
1999-05-31,0.243025
1999-06-01,0.243244
1999-06-02,0.243244
1999-06-03,0.243025
1999-06-04,0.243025
1999-06-07,0.243025
1999-06-10,0.243244
1999-06-11,0.243244
1999-06-15,0.243244
1999-06-17,0.243244
1999-06-18,0.243244
1999-06-22,0.243244
1999-06-23,0.243244
1999-06-24,0.243244
1999-06-25,0.243244
1999-06-28,0.243244
1999-06-29,0.243244
1999-06-30,0.243244
1999-07-01,0.243244
1999-07-02,0.245525
1999-07-05,0.245525
1999-07-06,0.24517
1999-07-07,0.24517
1999-07-12,0.24517
1999-07-13,0.244786
1999-07-19,0.245531
1999-07-20,0.245531
1999-07-21,0.245531
1999-07-22,0.245531
1999-07-23,0.244882
1999-07-26,0.244882
1999-07-27,0.243078
1999-07-28,0.243078
1999-07-29,0.243078
1999-07-30,0.241051
1999-08-02,0.241051
1999-08-03,0.241051
1999-08-04,0.241051
1999-08-05,0.241051
1999-08-06,0.241051
1999-08-09,0.241051
1999-08-10,0.241051
1999-08-11,0.241051
1999-08-12,0.241051
1999-08-13,0.241051
1999-08-17,0.241051
1999-08-18,0.241051
1999-08-19,0.241051
1999-08-20,0.241051
1999-08-23,0.241051
1999-08-24,0.238567
1999-08-25,0.238567
1999-08-26,0.238567
1999-08-27,0.238567
1999-08-30,0.23663
1999-08-31,0.23663
1999-09-02,0.23663
1999-09-03,0.23663
1999-09-06,0.236423
1999-09-07,0.236423
1999-09-08,0.237164
1999-09-09,0.237164
1999-09-10,0.237164
1999-09-13,0.235949
1999-09-14,0.236239
1999-09-15,0.236239
1999-09-16,0.236239
1999-09-17,0.236239
1999-09-20,0.236239
1999-09-21,0.236239
1999-09-22,0.236239
1999-09-24,0.236239
1999-09-28,0.236239
1999-09-29,0.236239
1999-09-30,0.236239
1999-10-01,0.236239
1999-10-04,0.234654
1999-10-05,0.234654
1999-10-06,0.234654
1999-10-07,0.234654
1999-10-08,0.234654
1999-10-12,0.234654
1999-10-13,0.234654
1999-10-14,0.234654
1999-10-19,0.234654
1999-10-20,0.234654
1999-10-21,0.234654
1999-10-22,0.234654
1999-10-25,0.234654
1999-10-26,0.234962
1999-10-27,0.234962
1999-10-28,0.234962
1999-11-01,0.235905
1999-11-02,0.235905
1999-11-03,0.235905
1999-11-04,0.236619
1999-11-05,0.236619
1999-11-08,0.237062
1999-11-09,0.237062
1999-11-10,0.237062
1999-11-11,0.237062
1999-11-12,0.237062
1999-11-15,0.237062
1999-11-16,0.237062
1999-11-17,0.236429
1999-11-18,0.236429
1999-11-19,0.236429
1999-11-22,0.236429
1999-11-23,0.236278
1999-11-24,0.236278
1999-11-25,0.236278
1999-11-26,0.236278
1999-11-29,0.236479
1999-11-30,0.236479
1999-12-01,0.236479
1999-12-02,0.236479
1999-12-03,0.236479
1999-12-06,0.236479
1999-12-07,0.236479
1999-12-09,0.236479
1999-12-10,0.236479
1999-12-13,0.236479
1999-12-14,0.236479
1999-12-15,0.236479
1999-12-16,0.236479
1999-12-17,0.236479
1999-12-20,0.236479
1999-12-21,0.239676
1999-12-22,0.239676
1999-12-23,0.239676
2000-01-03,0.240402
2000-01-04,0.240402
2000-01-05,0.240402
2000-01-06,0.240402
2000-01-07,0.240402
2000-01-12,0.240402
2000-01-13,0.240402
2000-01-14,0.240402
2000-01-17,0.240402
2000-01-18,0.240402
2000-01-20,0.240402
2000-01-21,0.240402
2000-01-24,0.240402
2000-01-25,0.240402
2000-01-26,0.240402
2000-01-27,0.240402
2000-01-28,0.240402
2000-01-29,0.244182
2000-02-01,0.244182
2000-02-02,0.244182
2000-02-03,0.244182
2000-02-04,0.244182
2000-02-07,0.244182
2000-02-08,0.244182
2000-02-09,0.244182
2000-02-10,0.244182
2000-02-11,0.244182
2000-02-14,0.244182
2000-02-15,0.244182
2000-02-16,0.244182
2000-02-17,0.244182
2000-02-18,0.244182
2000-02-21,0.244182
2000-02-22,0.244182
2000-02-23,0.244182
2000-02-24,0.244182
2000-02-25,0.244182
2000-02-28,0.244182
2000-02-29,0.244182
2000-03-01,0.244182
2000-03-02,0.244182
2000-03-03,0.244182
2000-03-06,0.244182
2000-03-07,0.244182
2000-03-08,0.244182
2000-03-09,0.244182
2000-03-10,0.244182
2000-03-13,0.244182
2000-03-14,0.251788
2000-03-15,0.251788
2000-03-16,0.251788
2000-03-17,0.251788
2000-03-20,0.251788
2000-03-21,0.251439
2000-03-22,0.251439
2000-03-23,0.251439
2000-03-24,0.251439
2000-03-27,0.248016
2000-03-28,0.248016
2000-03-29,0.248016
2000-03-30,0.248016
2000-03-31,0.248016
2000-04-03,0.248016
2000-04-04,0.248016
2000-04-05,0.248016
2000-04-06,0.248016
2000-04-07,0.248016
2000-04-10,0.248016
2000-04-11,0.248016
2000-04-12,0.248016
2000-04-13,0.248016
2000-04-14,0.248016
2000-04-17,0.248016
2000-04-18,0.246725
2000-04-19,0.246725
2000-04-24,0.246725
2000-04-25,0.246725
2000-04-26,0.246725
2000-04-27,0.246725
2000-04-28,0.246725
2000-05-02,0.246725
2000-05-03,0.246725
2000-05-04,0.246725
2000-05-05,0.246725
2000-05-08,0.246725
2000-05-16,0.243126
2000-05-17,0.243126
2000-05-18,0.243126
2000-05-19,0.243126
2000-05-22,0.243126
2000-05-23,0.243126
2000-05-24,0.243126
2000-05-26,0.243126
2000-05-29,0.243126
2000-05-30,0.243126
2000-05-31,0.243126
2000-06-01,0.243126
2000-06-02,0.243126
2000-06-05,0.242512
2000-06-06,0.242512
2000-06-07,0.242512
2000-06-08,0.242512
2000-06-09,0.242512
2000-06-12,0.242512
2000-06-13,0.242512
2000-06-14,0.242512
2000-06-15,0.242512
2000-06-16,0.242512
2000-06-20,0.242512
2000-06-21,0.242512
2000-06-22,0.242512
2000-06-23,0.24457
2000-06-26,0.24457
2000-06-27,0.245158
2000-06-28,0.245158
2000-06-29,0.245158
2000-06-30,0.245158
2000-07-03,0.245158
2000-07-04,0.245158
2000-07-05,0.245158
2000-07-06,0.245158
2000-07-07,0.245158
2000-07-10,0.245158
2000-07-11,0.245158
2000-07-12,0.245158
2000-07-17,0.245158
2000-07-18,0.244558
2000-07-19,0.244558
2000-07-20,0.244558
2000-07-21,0.244558
2000-07-24,0.244918
2000-07-27,0.244918
2000-07-28,0.244918
2000-07-31,0.244918
2000-08-01,0.244798
2000-08-02,0.244798
2000-08-03,0.244798
2000-08-04,0.244798
2000-08-07,0.244798
2000-08-09,0.244798
2000-08-10,0.244798
2000-08-11,0.244798
2000-08-14,0.244798
2000-08-15,0.244798
2000-08-16,0.244798
2000-08-17,0.244798
2000-08-18,0.244798
2000-08-22,0.244798
2000-08-23,0.248355
2000-08-24,0.248355
2000-08-25,0.248355
2000-08-29,0.247893
2000-08-30,0.247893
2000-08-31,0.247893
2000-09-01,0.247893
2000-09-04,0.247893
2000-09-05,0.249004
2000-09-06,0.249004
2000-09-07,0.249004
2000-09-08,0.249004
2000-09-11,0.249004
2000-09-12,0.249004
2000-09-13,0.249004
2000-09-14,0.249004
2000-09-15,0.249004
2000-09-18,0.246609
2000-09-19,0.246609
2000-09-20,0.246609
2000-09-21,0.246609
2000-09-22,0.246609
2000-09-25,0.247127
2000-09-26,0.247127
2000-09-27,0.247127
2000-09-28,0.247127
2000-09-29,0.247127
2000-10-02,0.247831
2000-10-03,0.247831
2000-10-04,0.247831
2000-10-05,0.247831
2000-10-06,0.247831
2000-10-09,0.247831
2000-10-10,0.244618
2000-10-11,0.244618
2000-10-12,0.244618
2000-10-13,0.244618
2000-10-17,0.244618
2000-10-18,0.244618
2000-10-19,0.244618
2000-10-20,0.244618
2000-10-23,0.241371
2000-10-24,0.241371
2000-10-25,0.241371
2000-10-26,0.241371
2000-10-31,0.241867
2000-11-01,0.241867
2000-11-02,0.241867
2000-11-03,0.241867
2000-11-07,0.243843
2000-11-08,0.243843
2000-11-09,0.243843
2000-11-10,0.243843
2000-11-13,0.243309
2000-11-14,0.243309
2000-11-15,0.243309
2000-11-16,0.243309
2000-11-17,0.243309
2000-11-20,0.244439
2000-11-21,0.244439
2000-11-22,0.244439
2000-11-23,0.244439
2000-11-27,0.244439
2000-11-28,0.243724
2000-11-29,0.243724
2000-11-30,0.243724
2000-12-01,0.243724
2000-12-04,0.243843
2000-12-05,0.243843
2000-12-06,0.243843
2000-12-07,0.243843
2000-12-11,0.244618
2000-12-12,0.244618
2000-12-13,0.244618
2000-12-19,0.245338
2000-12-20,0.245338
2000-12-21,0.245338
2000-12-22,0.245338
2000-12-26,0.245338
2000-12-27,0.246063
2000-12-28,0.246063
2001-01-02,0.241225
2001-01-04,0.24558
2001-01-05,0.24558
2001-01-08,0.24558
2001-01-09,0.242954
2001-01-10,0.242954
2001-01-11,0.242954
2001-01-12,0.242954
2001-01-15,0.242954
2001-01-17,0.242954
2001-01-24,0.242954
2001-01-26,0.242954
2001-01-29,0.241225
2001-01-30,0.241225
2001-01-31,0.241225
2001-02-01,0.241225
2001-02-05,0.242072
2001-02-06,0.242072
2001-02-07,0.242072
2001-02-08,0.242072
2001-02-09,0.242072
2001-02-12,0.242072
2001-02-13,0.242072
2001-02-15,0.242072
2001-02-16,0.242072
2001-02-23,0.242837
2001-02-26,0.243309
2001-02-27,0.243309
2001-02-28,0.243309
2001-03-01,0.243309
2001-03-02,0.243309
2001-03-05,0.243309
2001-03-06,0.243309
2001-03-07,0.243309
2001-03-08,0.243309
2001-03-09,0.243309
2001-03-12,0.243309
2001-03-13,0.243309
2001-03-14,0.243309
2001-03-15,0.243309
2001-03-16,0.243309
2001-03-19,0.243309
2001-03-20,0.243309
2001-03-22,0.243309
2001-03-23,0.243309
2001-03-26,0.239521
2001-03-27,0.239521
2001-03-28,0.239521
2001-03-30,0.239521
2001-04-03,0.237473
2001-04-04,0.237473
2001-04-05,0.237473
2001-04-06,0.237473
2001-04-09,0.237473
2001-04-10,0.240396
2001-04-11,0.240396
2001-04-16,0.239716
2001-04-17,0.239716
2001-04-18,0.239716
2001-04-19,0.239716
2001-04-20,0.239716
2001-04-23,0.24108
2001-04-24,0.24108
2001-04-25,0.24108
2001-04-26,0.24108
2001-04-30,0.241779
2001-05-02,0.241779
2001-05-03,0.241779
2001-05-04,0.241779
2001-05-07,0.241371
2001-05-08,0.241371
2001-05-09,0.241371
2001-05-10,0.241371
2001-05-11,0.241371
2001-05-16,0.241371
2001-05-17,0.241371
2001-05-18,0.241371
2001-05-21,0.241371
2001-05-22,0.241371
2001-05-24,0.241371
2001-05-28,0.241371
2001-05-29,0.241371
2001-05-30,0.241371
2001-06-01,0.241371
2001-06-06,0.240211
2001-06-07,0.240211
2001-06-08,0.240211
2001-06-12,0.240211
2001-06-13,0.240211
2001-06-14,0.240211
2001-06-15,0.240211
2001-06-19,0.240211
2001-06-20,0.240211
2001-06-21,0.240211
2001-06-22,0.240211
2001-06-25,0.239636
2001-06-26,0.239636
2001-06-27,0.239636
2001-06-28,0.239636
2001-06-29,0.239636
2001-07-02,0.239481
2001-07-03,0.239481
2001-07-04,0.239481
2001-07-05,0.239481
2001-07-06,0.239481
2001-07-10,0.239481
2001-07-11,0.239481
2001-07-12,0.239481
2001-07-13,0.239481
2001-07-16,0.237954
2001-07-17,0.237954
2001-07-18,0.237954
2001-07-19,0.237954
2001-07-20,0.237954
2001-07-23,0.238493
2001-07-24,0.238493
2001-07-25,0.238493
2001-07-26,0.238493
2001-07-27,0.238493
2001-07-30,0.238493
2001-07-31,0.238493
2001-08-01,0.238493
2001-08-02,0.238493
2001-08-03,0.238493
2001-08-06,0.237079
2001-08-07,0.237079
2001-08-08,0.237079
2001-08-09,0.237079
2001-08-10,0.237079
2001-08-13,0.236574
2001-08-14,0.236574
2001-08-15,0.236574
2001-08-16,0.236574
2001-08-17,0.236574
2001-08-21,0.236574
2001-08-22,0.236574
2001-08-23,0.236574
2001-08-24,0.236574
2001-08-27,0.236574
2001-08-28,0.236574
2001-08-29,0.236574
2001-08-30,0.236574
2001-08-31,0.236574
2001-09-03,0.236574
2001-09-04,0.236574
2001-09-05,0.236574
2001-09-06,0.232693
2001-09-07,0.232693
2001-09-10,0.232693
2001-09-12,0.232693
2001-09-13,0.232693
2001-09-14,0.232693
2001-09-17,0.229832
2001-09-18,0.229832
2001-09-19,0.229832
2001-09-21,0.229832
2001-09-24,0.229727
2001-09-25,0.229727
2001-09-26,0.229727
2001-09-27,0.229727
2001-09-28,0.229727
2001-10-02,0.229727
2001-10-03,0.229727
2001-10-09,0.229885
2001-10-10,0.229727
2001-10-11,0.229727
2001-10-12,0.229885
2001-10-15,0.229885
2001-10-16,0.229885
2001-10-17,0.229885
2001-10-18,0.229885
2001-10-19,0.229885
2001-10-24,0.233154
2001-10-25,0.233154
2001-10-26,0.233154
2001-10-29,0.232937
2001-10-30,0.232937
2001-10-31,0.232937
2001-11-01,0.232937
2001-11-02,0.232937
2001-11-05,0.235183
2001-11-07,0.235183
2001-11-08,0.235183
2001-11-09,0.235183
2001-11-12,0.235183
2001-11-13,0.237135
2001-11-15,0.237135
2001-11-19,0.236969
2001-11-20,0.236969
2001-11-22,0.236969
2001-11-23,0.236969
2001-11-26,0.236969
2001-11-27,0.236969
2001-11-28,0.236969
2001-11-29,0.236969
2001-12-04,0.236969
2001-12-05,0.236969
2001-12-06,0.236969
2001-12-07,0.236969
2001-12-10,0.236969
2001-12-11,0.236969
2001-12-12,0.236969
2001-12-14,0.236969
2001-12-18,0.236969
2001-12-19,0.236969
2001-12-20,0.236969
2002-01-11,0.2299912499999999
2002-01-14,0.2299912499999999
2002-01-15,0.2299911764705882
2002-01-16,0.2299910526315789
2002-01-17,0.2299910526315789
2002-01-18,0.2299907692307692
2002-01-21,0.2299907692307692
2002-01-22,0.2299907692307692
2002-01-23,0.2299907692307692
2002-01-24,0.2299907692307692
2002-01-25,0.2299907692307692
2002-01-28,0.2299908212560386
2002-01-29,0.2299912195121951
2002-01-30,0.2299912195121951
2002-01-31,0.2299912195121951
2002-02-01,0.2299912195121951
2002-02-11,0.2111492307692307
2002-02-12,0.2136297297297297
2002-02-13,0.2154241176470588
2002-02-14,0.2156566666666666
2002-02-15,0.2165438888888888
2002-02-18,0.215424
2002-02-19,0.2154238095238095
2002-02-20,0.2154238095238095
2002-02-21,0.215424
2002-02-22,0.2154238095238095
2002-02-25,0.2154238095238095
2002-02-26,0.2154238095238095
2002-02-27,0.2154241860465116
2002-02-28,0.2154241860465116
2002-03-01,0.2154238095238095
2002-03-04,0.2154239024390244
2002-03-06,0.2154241860465116
2002-03-07,0.2154240909090909
2002-03-08,0.215424
2002-03-11,0.215423829787234
2002-03-12,0.2154241666666666
2002-03-13,0.2154240506329113
2002-03-14,0.2154240506329113
2002-03-15,0.2154238095238095
2002-03-18,0.2154239495798319
2002-03-19,0.2154239669421487
2002-03-20,0.215424193548387
2002-03-21,0.2154239495798319
2002-03-22,0.2154240677966101
2002-03-25,0.215424126984127
2002-03-26,0.2154241379310345
2002-03-27,0.2154239999999999
2002-04-02,0.2154240677966101
2002-04-03,0.2154240677966101
2002-04-04,0.2154238805970149
2002-04-05,0.215424
2002-04-08,0.215424
2002-04-09,0.2154239285714285
2002-04-10,0.2154239285714285
2002-04-11,0.2154238596491228
2002-04-12,0.2154241379310345
2002-04-15,0.2154240677966101
2002-04-16,0.2154239285714285
2002-04-19,0.215424126984127
2002-04-29,0.2154240677966101
2002-04-30,0.2154241610738255
2002-05-02,0.2154238709677419
2002-05-03,0.2154240624999999
2002-05-06,0.2154240624999999
2002-05-07,0.2154240624999999
2002-05-08,0.2154240624999999
2002-05-09,0.2154241379310345
2002-05-10,0.215424
2002-05-13,0.215424
2002-05-14,0.215424
2002-05-15,0.215424
2002-05-16,0.215424
2002-05-17,0.2154241176470588
2002-05-20,0.2154239436619718
2002-05-22,0.2154240579710145
2002-05-23,0.2154241176470588
2002-05-28,0.215424
2002-05-29,0.2154238888888889
2002-05-31,0.2154238888888889
2002-06-03,0.2154240331491712
2002-06-04,0.2154240331491712
2002-06-05,0.2154241095890411
2002-06-06,0.2154241095890411
2002-06-10,0.215424
2002-06-11,0.215424
2002-06-12,0.215424
2002-06-13,0.215424
2002-06-14,0.2154240896358543
2002-06-18,0.2154239436619718
2002-06-19,0.2154238764044943
2002-06-20,0.2154240997229916
2002-06-21,0.2154241286863271
2002-06-24,0.2154240105540897
2002-06-25,0.2154241025641025
2002-06-26,0.2154238961038961
2002-06-27,0.215423947368421
2002-06-28,0.215423947368421
2002-07-01,0.2154240105540897
2002-07-02,0.2154241095890411
2002-07-03,0.2154239554317548
2002-07-11,0.2154239554317548
2002-07-12,0.2154238888888889
2002-07-15,0.2154238888888889
2002-07-16,0.2154240896358543
2002-07-17,0.2154240896358543
2002-07-18,0.2154238764044943
2002-07-19,0.2154240223463687
2002-07-22,0.2154240331491712
2002-07-23,0.2154239782016349
2002-07-24,0.2154239010989011
2002-07-25,0.2154241095890411
2002-07-26,0.215424043715847
2002-07-29,0.215424043715847
2002-07-30,0.2154239130434782
2002-07-31,0.215424054054054
2002-08-01,0.2154240997229916
2002-08-02,0.2154239669421487
2002-08-05,0.2154239010989011
2002-08-06,0.2154239669421487
2002-08-07,0.2154239010989011
2002-08-08,0.2154241095890411
2002-08-09,0.2154239010989011
2002-08-12,0.2154240331491712
2002-08-13,0.2154239669421487
2002-08-14,0.2154239010989011
2002-08-15,0.2154239010989011
2002-08-16,0.2154239010989011
2002-08-20,0.2154239669421487
2002-08-21,0.2154239554317548
2002-08-22,0.2154239554317548
2002-08-23,0.2154240331491712
2002-08-26,0.2154239669421487
2002-08-27,0.2154240331491712
2002-08-28,0.2154240997229916
2002-08-29,0.2154240331491712
2002-08-30,0.2154239669421487
2002-09-02,0.2154239669421487
2002-09-03,0.2154239010989011
2002-09-04,0.2154241095890411
2002-09-05,0.2154239669421487
2002-09-06,0.2154239669421487
2002-09-09,0.2154239669421487
2002-09-10,0.2154239669421487
2002-09-11,0.2160190607734806
2002-09-12,0.2160190607734806
2002-09-13,0.2154239669421487
2002-09-16,0.2142435616438356
2002-09-17,0.2154239669421487
2002-09-18,0.2142435616438356
2002-09-19,0.2130760217983651
2002-09-20,0.2136581967213114
2002-09-23,0.2154239782016349
2002-09-24,0.2154241095890411
2002-09-25,0.2154239782016349
2002-09-26,0.2154239669421487
2002-09-27,0.215424
2002-09-30,0.215424
2002-10-01,0.2154240641711229
2002-10-02,0.215424
2002-10-03,0.215424
2002-10-04,0.215424
2002-10-07,0.215424
2002-10-08,0.2154240641711229
2002-10-09,0.2154239247311828
2002-10-10,0.215424054054054
2002-10-11,0.2076843243243243
2002-10-15,0.2071251366120218
2002-10-16,0.207641111111111
2002-10-17,0.2099516666666666
2002-10-18,0.215424054054054
2002-10-21,0.2125851239669421
2002-10-22,0.2089864640883977
2002-10-23,0.2112379501385042
2002-10-24,0.2112825484764543
2002-10-25,0.2107480662983425
2002-10-28,0.2102163888888888
2002-10-29,0.209467877094972
2002-10-30,0.2111039436619718
2002-10-31,0.2100840909090909
2002-11-01,0.2104821022727273
2002-11-04,0.2109705882352941
2002-11-05,0.2112378531073446
2002-11-07,0.2128565826330532
2002-11-08,0.2126303370786516
2002-11-11,0.2126303370786516
2002-11-12,0.2126303116147308
2002-11-13,0.2132651558073654
2002-11-14,0.2144081460674157
2002-11-15,0.2145923728813559
2002-11-18,0.214500283286119
2002-11-19,0.2139036931818181
2002-11-20,0.2136295454545454
2002-11-21,0.2138581196581196
2002-11-22,0.2138122857142857
2002-11-25,0.2139494285714285
2002-11-26,0.2151462643678161
2002-11-27,0.216076
2002-11-29,0.2153780219780219
2002-12-02,0.2160759776536313
2002-12-03,0.2156101694915254
2002-12-04,0.2153317280453258
2002-12-05,0.2145923512747875
2002-12-06,0.2125399433427762
2002-12-09,0.2132651558073654
2002-12-10,0.2132650568181818
2002-12-11,0.2150538461538461
2002-12-12,0.2145002857142857
2002-12-13,0.2149613636363636
2002-12-16,0.2159827683615819
2002-12-17,0.2154709039548022
2002-12-18,0.2145922857142857
2002-12-19,0.2111040345821325
2002-12-20,0.2114166189111747
2002-12-23,0.2116850144092218
2002-12-24,0.2104377521613832
2002-12-26,0.2101282352941176
2002-12-27,0.2088991176470588
2002-12-30,0.2099076923076923
2002-12-31,0.2110148367952522
2003-01-02,0.2091611940298507
2003-01-03,0.2088991017964072
2003-01-06,0.2090738738738738
2003-01-07,0.2095996951219512
2003-01-08,0.2075551515151515
2003-01-09,0.2075550898203593
2003-01-10,0.208246567164179
2003-01-13,0.2075981981981982
2003-01-14,0.2073827692307692
2003-01-15,0.2072108359133126
2003-01-16,0.2071680981595092
2003-01-17,0.206355900621118
2003-01-20,0.2063557993730407
2003-01-21,0.2053387096774193
2003-01-22,0.2043319354838709
2003-01-23,0.2048761146496815
2003-01-24,0.2044990445859872
2003-01-27,0.2047503012048193
2003-01-28,0.2052123493975904
2003-01-29,0.2050441087613292
2003-01-30,0.2076412307692307
2003-01-31,0.2075118380062305
2003-02-03,0.2070393081761006
2003-02-04,0.205381072555205
2003-02-05,0.2047920886075949
2003-02-06,0.2055920886075949
2003-02-07,0.2056342857142857
2003-02-10,0.2051281150159744
2003-02-11,0.2057189710610932
2003-02-12,0.2057189710610932
2003-02-13,0.2040815286624203
2003-02-14,0.203666037735849
2003-02-17,0.2036661392405063
2003-02-18,0.2065687697160883
2003-02-19,0.2058460815047022
2003-02-20,0.2054230529595015
2003-02-21,0.2052545171339563
2003-02-24,0.205507570977918
2003-02-25,0.2052965189873417
2003-02-26,0.2055921135646687
2003-02-27,0.2071680250783699
2003-02-28,0.2077705329153605
2003-03-03,0.2069109034267912
2003-03-04,0.2068251572327043
2003-03-05,0.2059731861198738
2003-03-06,0.2067396226415094
2003-03-07,0.2066968354430379
2003-03-10,0.2063557324840764
2003-03-11,0.2072108626198083
2003-03-12,0.2081163987138263
2003-03-13,0.2089426282051281
2003-03-14,0.2081166666666666
2003-03-17,0.2085941935483871
2003-03-18,0.2085941176470588
2003-03-19,0.2103933554817275
2003-03-20,0.2104818481848185
2003-03-21,0.2109705298013245
2003-03-24,0.2124946488294314
2003-03-25,0.2134472789115646
2003-03-26,0.2134472413793103
2003-03-27,0.2125399305555555
2003-03-28,0.2124043624161073
2003-04-01,0.2142246621621621
2003-04-02,0.2144541379310345
2003-04-03,0.2149151724137931
2003-04-04,0.2143624137931034
2003-04-07,0.2156103448275862
2003-04-08,0.215656506849315
2003-04-09,0.2159359589041096
2003-04-10,0.2153778546712803
2003-04-11,0.2148689655172413
2003-04-14,0.2178174061433447
2003-04-15,0.2182454237288135
2003-04-16,0.218579180887372
2003-04-21,0.2177698961937716
2003-04-22,0.2166845614035087
2003-04-23,0.2166848591549295
2003-04-24,0.2190580419580419
2003-04-25,0.2186748251748252
2003-04-28,0.2190101398601398
2003-04-29,0.2205070175438596
2003-04-30,0.2199737588652482
2003-05-02,0.2230648745519713
2003-05-05,0.2233639285714285
2003-05-06,0.2244667857142857
2003-05-07,0.2248200716845878
2003-05-08,0.2239641564083997
2003-05-09,0.2246179856115108
2003-05-12,0.2238638989169674
2003-05-13,0.2229653429602888
2003-05-14,0.2236635714285714
2003-05-15,0.2230647887323943
2003-05-16,0.2232142857142857
2003-05-19,0.2212390410958904
2003-05-20,0.220021875
2003-05-21,0.210260823653643
2003-05-22,0.2217293913043478
2003-05-23,0.2238637931034482
2003-05-26,0.223863763066202
2003-05-27,0.2247191637630662
2003-05-28,0.2265517361111111
2003-05-29,0.2279461805555555
2003-05-30,0.2277905263157894
2003-06-02,0.2275312280701754
2003-06-03,0.2289378091872791
2003-06-04,0.2283104181431608
2003-06-05,0.2267572438162544
2003-06-06,0.2267574468085106
2003-06-09,0.2274277087033747
2003-06-10,0.2257846975088968
2003-06-11,0.2267572643515237
2003-06-12,0.2262443582510578
2003-06-13,0.2275312056737589
2003-06-17,0.2294632142857142
2003-06-18,0.2281542039355993
2003-06-19,0.2281542857142857
2003-06-20,0.228414973262032
2003-06-23,0.2282064516129032
2003-06-24,0.2290949458483754
2003-06-25,0.2300967509025271
2003-06-26,0.2317498207885304
2003-06-27,0.2306272630457933
2003-06-30,0.2314814285714285
2003-07-01,0.2320185714285714
2003-07-02,0.2329917857142857
2003-07-03,0.2328289803220035
2003-07-04,0.2328289803220035
2003-07-07,0.2335357271095152
2003-07-08,0.2302554954954955
2003-07-10,0.2295685848715165
2003-07-11,0.2296210144927536
2003-07-14,0.2289902527075812
2003-07-15,0.2283628158844765
2003-07-16,0.2255298561151079
2003-07-17,0.2260910394265232
2003-07-18,0.2257335714285714
2003-07-21,0.2270146428571428
2003-07-22,0.2278942446043166
2003-07-23,0.2284669064748201
2003-07-24,0.2275829181494661
2003-07-25,0.2277904255319149
2003-07-28,0.2285714285714286
2003-07-29,0.2274794376098418
2003-07-30,0.2264492254733218
2003-07-31,0.2249719178082191
2003-08-01,0.224467006802721
2003-08-04,0.224165143824027
2003-08-05,0.2247192504258943
2003-08-06,0.2260396581196581
2003-08-07,0.2259887372013652
2003-08-08,0.2261420765027322
2003-08-11,0.2254792452830188
2003-08-12,0.2252758620689655
2003-08-13,0.2256828422876949
2003-08-14,0.2248200345423143
2003-08-15,0.2248200345423143
2003-08-19,0.225326650535776
2003-08-20,0.2249718696397941
2003-08-21,0.2235637288135593
2003-08-22,0.2226179661016948
2003-08-25,0.2239641025641025
2003-08-26,0.2237136054421769
2003-08-27,0.2245172297297297
2003-08-28,0.2246684745762711
2003-08-29,0.225276048714479
2003-09-01,0.2252760135135135
2003-09-02,0.2247694630872483
2003-09-03,0.2254281879194631
2003-09-04,0.2249719215155615
2003-09-05,0.2251744027303754
2003-09-08,0.2248200680272108
2003-09-09,0.2248200680272108
2003-09-10,0.2236634844868735
2003-09-11,0.2223210344827586
2003-09-12,0.2209944827586207
2003-09-15,0.2223211072664359
2003-09-16,0.222568417415342
2003-09-17,0.2237137457044673
2003-09-18,0.2234635738831615
2003-09-19,0.2234137457044673
2003-09-22,0.2247697074010327
2003-09-23,0.2253265517241379
2003-09-24,0.2248705882352941
2003-09-25,0.2246687392055267
2003-09-26,0.2246182444061962
2003-09-29,0.2251745704467354
2003-09-30,0.2252758147512864
2003-10-01,0.2262444061962134
2003-10-02,0.2267572314049586
2003-10-03,0.2268086655112652
2003-10-06,0.2268089416695773
2003-10-07,0.2252252001392272
2003-10-08,0.225733636681834
2003-10-09,0.2265007047216349
2003-10-10,0.2263981677237491
2003-10-14,0.2269633415579837
2003-10-15,0.2263468309859155
2003-10-16,0.2256828581485392
2003-10-17,0.2258355008787346
2003-10-20,0.2248707530647986
2003-10-21,0.2245677192982456
2003-10-22,0.2236136842105263
2003-10-23,0.2230151089248067
2003-10-24,0.2228165492957746
2003-10-27,0.2231147887323944
2003-10-28,0.2233140350877193
2003-10-29,0.2221726795096322
2003-10-30,0.2224198606271777
2003-10-31,0.2228164048865619
2003-11-03,0.2228661996497373
2003-11-04,0.2232143607705779
2003-11-05,0.2231646234676007
2003-11-07,0.223064980681419
2003-11-10,0.2217294736842105
2003-11-11,0.2217293706293706
2003-11-12,0.221385989492119
2003-11-13,0.2213860383944153
2003-11-14,0.2209456445993031
2003-11-17,0.2211410122164049
2003-11-18,0.2216802792321116
2003-11-19,0.2227172173913043
2003-11-20,0.2232142361111111
2003-11-21,0.2230152249134948
2003-11-24,0.2229654815326199
2003-11-25,0.2241147260273972
2003-11-26,0.2241147651006711
2003-11-27,0.224114671163575
2003-11-28,0.2252250836120401
2003-12-01,0.226039932885906
2003-12-02,0.2262954621848739
2003-12-03,0.2260909090909091
2003-12-04,0.2254282828282827
2003-12-05,0.2255298482293423
2003-12-09,0.2288329931972789
2003-12-10,0.2275829931972789
2003-12-11,0.2278942372881355
2003-12-12,0.2277903280351707
2003-12-15,0.2288328267477203
2003-12-16,0.2294105156723963
2003-12-17,0.2284149223497636
2003-12-18,0.2277905018524755
2003-12-19,0.2283105192178017
2003-12-22,0.228310472972973
2003-12-23,0.2294629692255664
2003-12-24,0.2295682432432432
2003-12-26,0.2292
2003-12-29,0.2290951733514615
2003-12-30,0.2296211243611584
2003-12-31,0.2278941979522184
2004-01-02,0.2275311643835616
2004-01-05,0.2284670138888889
2004-01-06,0.2284146596858638
2004-01-07,0.2272726013162452
2004-01-08,0.2280501383125864
2004-01-09,0.2285712802768166
2004-01-12,0.2279982425307556
2004-01-13,0.2276349040139616
2004-01-14,0.2263979130434782
2004-01-15,0.2272209424083769
2004-01-16,0.227998264491496
2004-01-19,0.227998266897747
2004-01-20,0.2261420670584168
2004-01-21,0.2261931271477663
2004-01-22,0.2252252158894646
2004-01-23,0.2252250859106529
2004-01-26,0.2246687285223367
2004-01-27,0.2240645604395604
2004-01-28,0.2233636986301369
2004-01-29,0.2234136178861788
2004-01-30,0.2232640027322404
2004-02-02,0.2238639316239316
2004-02-03,0.2239141104294478
2004-02-04,0.2231644580360176
2004-02-05,0.2237637901861252
2004-02-06,0.2242152284263959
2004-02-09,0.2240643952299829
2004-02-10,0.2237137989778534
2004-02-11,0.2234636054421768
2004-02-12,0.2246182997610106
2004-02-13,0.2253773972602739
2004-02-16,0.2253776559287183
2004-02-17,0.225631704817219
2004-02-18,0.2255807220708447
2004-02-19,0.2251236797274276
2004-02-20,0.2246180887372013
2004-02-23,0.2240143687991789
2004-02-24,0.2241148440178265
2004-02-25,0.2239141586867305
2004-02-26,0.2234637978142076
2004-02-27,0.2230150530277112
2004-03-01,0.2229654109589041
2004-03-02,0.2228164383561643
2004-03-03,0.2219756013745704
2004-03-04,0.222172708618331
2004-03-05,0.2224694434960737
2004-03-08,0.2224693042291951
2004-03-09,0.222568431911967
2004-03-10,0.2225188356164383
2004-03-11,0.2221235839340886
2004-03-12,0.2218277873070326
2004-03-15,0.2228661390227116
2004-03-16,0.2233140096618357
2004-03-17,0.2232640332640332
2004-03-18,0.2232642881884309
2004-03-19,0.2233638260869565
2004-03-22,0.2225683879972086
2004-03-23,0.2223209189001044
2004-03-24,0.2219756690997567
2004-03-25,0.2215330319888734
2004-03-26,0.2214840277777778
2004-03-29,0.221141065830721
2004-03-30,0.2207993006993007
2004-03-31,0.2211412587412587
2004-04-01,0.2216311533052039
2004-04-02,0.2217294736842105
2004-04-06,0.221141238938053
2004-04-07,0.2213367820192651
2004-04-12,0.2212387900355872
2004-04-13,0.221190053285968
2004-04-14,0.2207507112375533
2004-04-15,0.2206043293115684
2004-04-16,0.2204099290780141
2004-04-19,0.220652989034312
2004-04-20,0.2194427211843496
2004-04-21,0.21896214511041
2004-04-22,0.218722706662016
2004-04-23,0.2189141856392294
2004-04-26,0.2184837570621469
2004-04-27,0.2184836094465985
2004-04-28,0.2175806451612903
2004-04-29,0.2182928621413576
2004-04-30,0.21815
2004-05-03,0.2177701754385964
2004-05-04,0.2187227272727272
2004-05-05,0.2188182135380321
2004-05-06,0.2183883125864453
2004-05-07,0.2180075342465753
2004-05-10,0.2162628512679917
2004-05-11,0.2164035087719298
2004-05-12,0.216497094017094
2004-05-13,0.2167317824153267
2004-05-14,0.2170609294320137
2004-05-17,0.2174859106529209
2004-05-18,0.2168255933952528
2004-05-19,0.2182452700378397
2004-05-20,0.217817627118644
2004-05-21,0.2185790721300372
2004-05-24,0.2186269814502529
2004-05-26,0.2188183659689399
2004-05-27,0.2194909090909091
2004-05-28,0.2192982810920121
2004-05-31,0.2192983108108108
2004-06-01,0.219877027027027
2004-06-02,0.2198769126147569
2004-06-03,0.2200219002695417
2004-06-04,0.2196354447439353
2004-06-07,0.2214840121171322
2004-06-08,0.2212878839014512
2004-06-09,0.2212878378378378
2004-06-10,0.2214838165879973
2004-06-11,0.2211899629504884
2004-06-14,0.2212389470131623
2004-06-15,0.2212388211382114
2004-06-16,0.2220741116751269
2004-06-17,0.2225239864864865
2004-06-18,0.2225188679245283
2004-06-22,0.2225189189189189
2004-06-23,0.2220248046211348
2004-06-24,0.2223705463182897
2004-06-25,0.2224693739424703
2004-06-28,0.2226674536256324
2004-06-29,0.2224693189480782
2004-06-30,0.2224695740365111
2004-07-01,0.2234637533875338
2004-07-02,0.2234637288135593
2004-07-05,0.2234636301835486
2004-07-06,0.222965306122449
2004-07-07,0.2234136409908381
2004-07-08,0.2232640297498309
2004-07-12,0.2236137440758293
2004-07-13,0.2227170963364993
2004-07-14,0.2227170516304348
2004-07-15,0.2229157608695652
2004-07-16,0.2228909276248725
2004-07-19,0.223214382632293
2004-07-20,0.2229654120040692
2004-07-21,0.2227172367084321
2004-07-22,0.2227667342799188
2004-07-23,0.222618132794068
2004-07-26,0.2219264360094054
2004-07-27,0.221483860121049
2004-07-28,0.2211411764705882
2004-07-29,0.221385752688172
2004-07-30,0.2217295302013422
2004-08-02,0.2214840977569467
2004-08-03,0.2209943276609943
2004-08-04,0.2211460674157303
2004-08-05,0.2200218954248365
2004-08-06,0.2208967320261438
2004-08-09,0.221190099009901
2004-08-10,0.2213367583692409
2004-08-11,0.2205557024793388
2004-08-12,0.2206530544488711
2004-08-13,0.2201671641791044
2004-08-17,0.2207506640106241
2004-08-18,0.2206045816733067
2004-08-19,0.2208480718085106
2004-08-20,0.2209454968428049
2004-08-23,0.2211412429378531
2004-08-24,0.2209455213903743
2004-08-25,0.2204587094617184
2004-08-26,0.2204101030242605
2004-08-27,0.2200219414893617
2004-08-30,0.2205557033588293
2004-08-31,0.2213857190523857
2004-09-01,0.2218771228771228
2004-09-02,0.2218770819453697
2004-09-03,0.2212632632632632
2004-09-06,0.2212633689839572
2004-09-07,0.2222221108884435
2004-09-08,0.2221236666666667
2004-09-09,0.2222221852098601
2004-09-10,0.2224692793091995
2004-09-13,0.223015015015015
2004-09-14,0.223613453815261
2004-09-15,0.2235634654130288
2004-09-16,0.2235635451505016
2004-09-17,0.2235635451505016
2004-09-20,0.2236134846461949
2004-09-21,0.2234637150466045
2004-09-22,0.2230647746243739
2004-09-23,0.2231643286573146
2004-09-24,0.2232640186915888
2004-09-27,0.2236135604542417
2004-09-28,0.2236636546184739
2004-09-29,0.2234638069705093
2004-09-30,0.2234636028178463
2004-10-01,0.2236637583892617
2004-10-04,0.2241148921832884
2004-10-05,0.2242151983860121
2004-10-06,0.2242150790979468
2004-10-07,0.2242151983860121
2004-10-08,0.2245424528301886
2004-10-12,0.2245426069383631
2004-10-13,0.2239892328398385
2004-10-14,0.224290756302521
2004-10-15,0.2238637436762226
2004-10-18,0.2235634517766497
2004-10-19,0.2242906819716407
2004-10-20,0.2255807432432432
2004-10-21,0.2252758620689655
2004-10-22,0.2256316677920324
2004-10-25,0.2259885444743935
2004-10-26,0.2254281870164816
2004-10-27,0.2242907133243606
2004-10-28,0.2233687919463087
2004-10-29,0.2244417508417508
2004-11-01,0.2251744695183563
2004-11-02,0.2249719310111599
2004-11-03,0.2254792159513349
2004-11-04,0.2256572104018912
2004-11-05,0.2262444294395678
2004-11-08,0.2262700067249495
2004-11-09,0.2263981138430448
2004-11-10,0.2262700336700336
2004-11-11,0.2262699696663296
2004-11-12,0.2261726351351351
2004-11-15,0.2270921097189299
2004-11-16,0.2284671409214092
2004-11-17,0.2285034083162917
2004-11-18,0.2276867346938775
2004-11-19,0.2292264855687606
2004-11-22,0.2282322033898305
2004-11-23,0.228467006802721
2004-11-24,0.2291475186947654
2004-11-25,0.2291474685694869
2004-11-26,0.2295158109486569
2004-11-29,0.2291999322263639
2004-11-30,0.2292787775891341
2004-12-01,0.2293576766304347
2004-12-02,0.2291476351351351
2004-12-03,0.2297265703728585
2004-12-06,0.2299326633165829
2004-12-07,0.2313744123572867
2004-12-09,0.2302026209677419
2004-12-10,0.2298851578240429
2004-12-13,0.2300965030262272
2004-12-14,0.2310536912751678
2004-12-15,0.2315618279569892
2004-12-16,0.2307336901973904
2004-12-17,0.2307072843235985
2004-12-20,0.2311605937921727
2004-12-21,0.2310003370407819
2004-12-22,0.2303245614035087
2004-12-23,0.2307335815842925
2004-12-24,0.2311605147307822
2004-12-27,0.2309469773725093
2004-12-28,0.2304147899159663
2004-12-29,0.2290949983215844
2004-12-30,0.2307603361344538
2004-12-31,0.231749580396106
2005-01-03,0.2292526954177897
2005-01-04,0.2281802835921674
2005-01-05,0.2281801346801346
2005-01-06,0.2276348617666891
2005-01-07,0.2276710437710437
2005-01-10,0.2290424528301886
2005-01-11,0.2293316447146234
2005-01-12,0.2300702886247878
2005-01-13,0.2296211243611584
2005-01-14,0.2295156569094622
2005-01-17,0.229515699658703
2005-01-18,0.2290163432073544
2005-01-19,0.2296211348963642
2005-01-20,0.2289901528013582
2005-01-21,0.2289901461094121
2005-01-24,0.2281022843504943
2005-01-25,0.2268603696098562
2005-01-26,0.2270147159479808
2005-01-27,0.2274278879015721
2005-01-28,0.2278425008541168
2005-01-31,0.2282530779753762
2005-02-01,0.228154188034188
2005-02-02,0.227894358974359
2005-02-03,0.2288853524982888
2005-02-04,0.2297794520547945
2005-02-07,0.2286238437821171
2005-02-08,0.2282584076870281
2005-02-09,0.228362667583362
2005-02-10,0.2286235415236788
2005-02-11,0.2287282720714531
2005-02-14,0.2290426556587547
2005-02-15,0.2289900137741047
2005-02-16,0.2289903248099516
2005-02-17,0.2295948364888124
2005-02-18,0.2296211861501542
2005-02-21,0.229621009268795
2005-02-22,0.2297003079028395
2005-02-23,0.2295683134582623
2005-02-24,0.2297264986376022
2005-02-25,0.2294628999319264
2005-02-28,0.2304680054458815
2005-03-01,0.2310267978290366
2005-03-02,0.2309736219141021
2005-03-03,0.2306805555555555
2005-03-04,0.2310003404834865
2005-03-07,0.2313423208191126
2005-03-08,0.2328829750938246
2005-03-09,0.2328233287858117
2005-03-10,0.2325581316058643
2005-03-11,0.2329101816935207
2005-03-14,0.2321530821917808
2005-03-15,0.2315885577252484
2005-03-16,0.23245
2005-03-17,0.2322878684030157
2005-03-18,0.2321803222488858
2005-03-21,0.2322341446691807
2005-03-22,0.2320185503263483
2005-03-23,0.2305209334248455
2005-03-28,0.2292262149212867
2005-03-29,0.2288329339267374
2005-03-30,0.2291527397260274
2005-03-31,0.2294631470689064
2005-04-01,0.2296211031175059
2005-04-04,0.2289900650907845
2005-04-05,0.2293577068314452
2005-04-06,0.2292314846710299
2005-04-07,0.2293053250345781
2005-04-08,0.2290424723756906
2005-04-11,0.2292051903114186
2005-04-12,0.2284671280276816
2005-04-13,0.2285557485237929
2005-04-14,0.2281543252595155
2005-04-15,0.2279462068965517
2005-04-18,0.2286237077877325
2005-04-19,0.2286237077877325
2005-04-20,0.2292055172413793
2005-04-21,0.2293579056148811
2005-04-22,0.2299379310344827
2005-04-25,0.2296211651154774
2005-04-26,0.2294628926475664
2005-04-27,0.2291737931034482
2005-04-28,0.2291474733585424
2005-04-29,0.2290426116838488
2005-05-02,0.2284148275862069
2005-05-03,0.2289116327235071
2005-05-04,0.2294368093922651
2005-05-05,0.22972661373835
2005-05-06,0.229357709555019
2005-05-09,0.2294103626943005
2005-05-10,0.2297003110957483
2005-05-11,0.2289899861878453
2005-05-12,0.2290425017277125
2005-05-13,0.2284929188255613
2005-05-16,0.2287281553398058
2005-05-17,0.2288853083853083
2005-05-18,0.2294473319473319
2005-05-19,0.2294894280762565
2005-05-20,0.2287284378247315
2005-05-23,0.2285921690921691
2005-05-24,0.2288014553014553
2005-05-26,0.2277386481802426
2005-05-27,0.2273500866551126
2005-05-30,0.2273502080443828
2005-05-31,0.226911897329171
2005-06-01,0.2264338184338184
2005-06-02,0.2269632582322357
2005-06-03,0.2269633724948168
2005-06-06,0.2270663212435233
2005-06-07,0.2270663441603317
2005-06-08,0.227169544198895
2005-06-09,0.2262493955094991
2005-06-10,0.2252251037344398
2005-06-13,0.2250479166666666
2005-06-14,0.2241148625130525
2005-06-15,0.2238136948209941
2005-06-16,0.2225337508698677
2005-06-17,0.2237635793871866
2005-06-21,0.2215820843499477
2005-06-22,0.221043265875785
2005-06-23,0.2209456824512534
2005-06-24,0.220896875
2005-06-27,0.2202644513672551
2005-06-28,0.2193462335867311
2005-06-29,0.2191540587219343
2005-06-30,0.2185936958780741
2005-07-01,0.2176278586278586
2005-07-04,0.2176277296360485
2005-07-05,0.2176704781704781
2005-07-06,0.2176515098923984
2005-07-07,0.217216469770674
2005-07-08,0.2176277448588358
2005-07-11,0.2197318688981868
2005-07-12,0.2212387747998607
2005-07-13,0.2202886023004531
2005-07-14,0.2207018156424581
2005-07-15,0.2202399580859238
2005-07-18,0.2196354748603352
2005-07-19,0.2188183088749126
2005-07-20,0.2192501747030049
2005-07-21,0.2206043341488989
2005-07-22,0.2207017114914425
2005-07-25,0.2209454926624737
2005-07-26,0.2205265548567435
2005-07-27,0.2201577661431064
2005-07-28,0.2212389102340203
2005-07-29,0.2213858790632645
2005-08-01,0.2214594405594405
2005-08-02,0.2225190626093039
2005-08-03,0.2231895104895104
2005-08-04,0.2234638491093259
2005-08-05,0.548560907504363
2005-08-08,0.2221728825374695
2005-08-09,0.2215328924469196
2005-08-10,0.2217540869565217
2005-08-11,0.221385818561001
2005-08-12,0.221729448491155
2005-08-16,0.2214103185595568
2005-08-17,0.2228164535084687
2005-08-18,0.2233638246461857
2005-08-19,0.2231145510835913
2005-08-22,0.2226178190574475
2005-08-23,0.2228909903713893
2005-08-24,0.2225187478500172
2005-08-25,0.2216312349501204
2005-08-26,0.2210433138535579
2005-08-29,0.2199251630621352
2005-08-30,0.2203516483516483
2005-08-31,0.2210140845070422
2005-09-01,0.2226178694158075
2005-09-02,0.2228164948453608
2005-09-05,0.2228163054695562
2005-09-06,0.2230650154798761
2005-09-07,0.222360413080895
2005-09-08,0.2221728650137741
2005-09-09,0.2223703194778426
2005-09-12,0.2214840589646897
2005-09-13,0.220945529290853
2005-09-14,0.2213466940733127
2005-09-15,0.2208723404255319
2005-09-16,0.2205314324974235
2005-09-19,0.2196836138783923
2005-09-20,0.219780370624571
2005-09-21,0.2186032944406314
2005-09-22,0.2182692307692308
2005-09-23,0.2174384879725086
2005-09-26,0.2185316151202749
2005-09-27,0.2187704467353952
2005-09-28,0.2185790737564322
2005-09-29,0.2175331046312178
2005-09-30,0.2177701030927835
2005-10-03,0.2174149192162255
2005-10-04,0.2174385724090597
2005-10-05,0.2175330140266849
2005-10-06,0.2181502555366269
2005-10-07,0.2180074906367041
2005-10-11,0.2165907244414353
2005-10-12,0.215633389544688
2005-10-13,0.215053619302949
2005-10-14,0.2153315382026253
2005-10-17,0.2157497473896935
2005-10-18,0.2157497473896935
2005-10-19,0.2157124117053481
2005-10-20,0.2156566063044936
2005-10-21,0.2164503688799463
2005-10-24,0.2158895231699127
2005-10-25,0.2163564257028112
2005-10-26,0.2163564521507169
2005-10-27,0.2161693174287607
2005-10-28,0.2151001658374792
2005-10-31,0.2157031978680879
2005-11-01,0.2153780080213903
2005-11-02,0.2151463496316141
2005-11-03,0.2145231388329979
2005-11-04,0.2145003353454057
2005-11-07,0.2136525395223679
2005-11-08,0.2135929800877489
2005-11-09,0.2132425058942405
2005-11-10,0.2127205387205387
2005-11-11,0.2127205931917762
2005-11-14,0.2108816188870152
2005-11-15,0.2114610433604336
2005-11-16,0.2115955932203389
2005-11-17,0.2122691131498471
2005-11-18,0.2119993204213387
2005-11-21,0.2115416808438244
2005-11-22,0.2112601018675721
2005-11-23,0.2124945762711864
2005-11-24,0.2124945872801082
2005-11-25,0.2130834735779199
2005-11-28,0.2142474916387959
2005-11-29,0.2144543010752688
2005-11-30,0.2148688469318947
2005-12-01,0.2144264607118871
2005-12-02,0.2150909090909091
2005-12-05,0.2159361064891847
2005-12-06,0.2164878211544878
2005-12-07,0.2159826203208556
2005-12-09,0.2161226321036889
2005-12-12,0.2174857332448573
2005-12-13,0.2179124500665779
2005-12-14,0.2182451634422948
2005-12-15,0.2179028192371476
2005-12-16,0.2185551894563426
2005-12-19,0.2169196694214876
2005-12-20,0.2173441001977587
2005-12-21,0.2171081437520606
2005-12-22,0.2175851802844856
2005-12-23,0.2183407211379424
2005-12-26,0.2183406229290921
2005-12-27,0.2172968698517298
2005-12-28,0.2179598684210526
2005-12-29,0.2183405940594059
2005-12-30,0.217296833773087
2006-01-02,0.217296699669967
2006-01-03,0.2183884134298881
2006-01-04,0.2188664034221783
2006-01-05,0.2168727868852459
2006-01-06,0.216825816993464
2006-01-09,0.21663772845953
2006-01-10,0.2158429833169774
2006-01-11,0.2163097345132743
2006-01-12,0.2164501480750247
2006-01-13,0.2167785831960461
2006-01-16,0.2167785831960461
2006-01-17,0.2165909389363099
2006-01-18,0.2162161364381764
2006-01-19,0.2167081418253447
2006-01-20,0.2164736668861092
2006-01-23,0.2169667544437129
2006-01-24,0.2174385907145209
2006-01-25,0.2177416393442623
2006-01-26,0.2167317631665031
2006-01-27,0.2160058881256133
2006-01-30,0.2154243711205488
2006-01-31,0.2144543378995434
2006-02-01,0.214477183833116
2006-02-02,0.2133561420658195
2006-02-03,0.2130378219758722
2006-02-06,0.2127253176930596
2006-02-07,0.2124495770982433
2006-02-08,0.2122014973958333
2006-02-09,0.2130378343118069
2006-02-10,0.2130378219758722
2006-02-13,0.2126754643206256
2006-02-14,0.211999023119505
2006-02-15,0.2122240312601758
2006-02-16,0.2135839582654059
2006-02-17,0.2134015645371577
2006-02-20,0.2134015003261578
2006-02-21,0.2121342019543974
2006-02-22,0.2118958672307191
2006-02-23,0.2123142485361093
2006-02-24,0.2119765853658536
2006-02-27,0.212630243902439
2006-02-28,0.2126753415744957
2006-03-01,0.2128337679269882
2006-03-02,0.2130378219758722
2006-03-03,0.2127660266840221
2006-03-06,0.2128566785830354
2006-03-07,0.2124045454545454
2006-03-08,0.2122241323386312
2006-03-09,0.2124495621148232
2006-03-10,0.2123591823491239
2006-03-13,0.2121025974025973
2006-03-14,0.2124044213263979
2006-03-15,0.2129925130208333
2006-03-16,0.2139036771884152
2006-03-17,0.2148688577936869
2006-03-20,0.2148689004554326
2006-03-21,0.2148227065712427
2006-03-22,0.2146383739837398
2006-03-23,0.2140870412471581
2006-03-27,0.2139493999351281
2006-03-28,0.2139493835171966
2006-03-29,0.2131285714285714
2006-03-30,0.2145232067510548
2006-03-31,0.2145785204412719
2006-04-03,0.2150538087520259
2006-04-04,0.2165909828089522
2006-04-05,0.2173441558441558
2006-04-06,0.2176278012341669
2006-04-07,0.2169198312236286
2006-04-10,0.2172969814995131
2006-04-11,0.2178648033799155
2006-04-12,0.217722547108512
2006-04-17,0.2185552665799739
2006-04-18,0.218971661237785
2006-04-19,0.2199253585397653
2006-04-20,0.2195390650539392
2006-04-21,0.2199251389342922
2006-04-24,0.2206531014112241
2006-04-25,0.221018743834265
2006-04-26,0.2208236261928265
2006-04-27,0.2217296320630749
2006-04-28,0.2234137139107611
2006-05-02,0.2227668308702791
2006-05-03,0.2229158448389217
2006-05-04,0.2232144031568563
2006-05-05,0.2239240381453469
2006-05-08,0.2252759868421052
2006-05-09,0.2256826701742847
2006-05-10,0.2263723684210526
2006-05-11,0.2260346077785102
2006-05-12,0.2252252964426877
2006-05-15,0.2245675764551134
2006-05-16,0.2249717291255752
2006-05-17,0.2249061679790026
2006-05-18,0.2247190569744597
2006-05-19,0.2243157722513089
2006-05-22,0.2225683593749999
2006-05-23,0.2231643880208333
2006-05-24,0.2210285528877352
2006-05-26,0.2232642487046632
2006-05-29,0.2216802079948001
2006-05-30,0.2219261658031088
2006-05-31,0.2213465153970826
2006-06-01,0.2215084415584415
2006-06-02,0.2219116596297499
2006-06-05,0.2237136363636363
2006-06-06,0.2234638339279921
2006-06-07,0.224139844256976
2006-06-08,0.2233139798897178
2006-06-09,0.2242654120700843
2006-06-12,0.2239139889646219
2006-06-13,0.2226675316250405
2006-06-14,0.2234637869438129
2006-06-15,0.2242402597402597
2006-06-16,0.2257846703475154
2006-06-20,0.224361273554256
2006-06-21,0.2246182113821138
2006-06-22,0.2244668615984405
2006-06-23,0.2240344044141512
2006-06-26,0.2234886584575502
2006-06-27,0.2235537216828479
2006-06-28,0.2232642487046632
2006-06-29,0.2236285621761657
2006-06-30,0.2258609850939728
2006-07-03,0.2270920583468395
2006-07-04,0.2270920583468395
2006-07-05,0.2271179138321995
2006-07-06,0.227847375243033
2006-07-07,0.2282064160725858
2006-07-10,0.2277747893713545
2006-07-11,0.2282584306095979
2006-07-12,0.2253013298734998
2006-07-13,0.2194909208819714
2006-07-14,0.2209455076224456
2006-07-17,0.2228163530175211
2006-07-18,0.2244669046073978
2006-07-19,0.2247797986359207
2006-07-20,0.2252709279688514
2006-07-21,0.2240142764438676
2006-07-24,0.2247694805194805
2006-07-25,0.2262699805068226
2006-07-26,0.2257335718932986
2006-07-27,0.2263981150471238
2006-07-28,0.2263467663308417
2006-07-31,0.2280240885416666
2006-08-01,0.2275314229892542
2006-08-02,0.2271693259524584
2006-08-03,0.227257328990228
2006-08-04,0.2275314434669273
2006-08-07,0.2283626302083333
2006-08-08,0.2293313802083333
2006-08-09,0.2294630172694688
2006-08-10,0.2277644183773216
2006-08-11,0.2277645718007163
2006-08-14,0.2289115447154471
2006-08-15,0.2294103896103896
2006-08-16,0.2294892648015615
2006-08-17,0.229462987012987
2006-08-18,0.2295684620376379
2006-08-22,0.2240142764438676
2006-08-23,0.2289902786779002
2006-08-24,0.2285714285714285
2006-08-25,0.2276348641655886
2006-08-28,0.2273245075879883
2006-08-29,0.2275831987075929
2006-08-30,0.2289638359702938
2006-08-31,0.2292263480787859
2006-09-01,0.2292790697674418
2006-09-04,0.2292789269553975
2006-09-05,0.2294367333763718
2006-09-06,0.2289900096680631
2006-09-07,0.2282842852533075
2006-09-08,0.2281283456949371
2006-09-11,0.2275726716081211
2006-09-12,0.2280762793691663
2006-09-13,0.2287753786658072
2006-09-14,0.2287022580645161
2006-09-15,0.2291475145255003
2006-09-18,0.2306220142027114
2006-09-19,0.23020245398773
2006-09-20,0.2312672692059393
2006-09-21,0.2312407228138109
2006-09-22,0.2312139399806388
2006-09-25,0.2315083870967741
2006-09-26,0.2324229529335912
2006-09-27,0.2326663442940038
2006-09-28,0.232666237113402
2006-09-29,0.2325202963917526
2006-10-02,0.2328288752819851
2006-10-03,0.2333176546391752
2006-10-04,0.2347307568438003
2006-10-05,0.2353217391304348
2006-10-06,0.2357379265936896
2006-10-09,0.2357379265936896
2006-10-10,0.2348519472159639
2006-10-11,0.2346039922730199
2006-10-12,0.2350177190721649
2006-10-13,0.2355156300354495
2006-10-17,0.2345709677419354
2006-10-18,0.2341371724361048
2006-10-19,0.2342359987050825
2006-10-20,0.2332906148867314
2006-10-23,0.2334213592233009
2006-10-24,0.233263430420712
2006-10-25,0.2332634982217911
2006-10-26,0.2335901586273875
2006-10-27,0.2334812540400775
2006-10-30,0.2332091144149967
2006-10-31,0.2341372612495953
2006-11-01,0.2346592160673793
2006-11-02,0.2331816412585144
2006-11-03,0.2329915666558546
2006-11-07,0.2309470263243419
2006-11-08,0.2307605083088953
2006-11-09,0.2324230769230769
2006-11-10,0.2334540417209908
2006-11-13,0.2331001300390117
2006-11-14,0.2335631510416666
2006-11-15,0.2316153846153846
2006-11-16,0.2325040729879439
2006-11-17,0.231910865322056
2006-11-20,0.2318572821846553
2006-11-21,0.2315350649350649
2006-11-22,0.2320725675235926
2006-11-23,0.2320722891566265
2006-11-24,0.2329372357723577
2006-11-27,0.2325581546458739
2006-11-28,0.2335357374918778
2006-11-29,0.2348243331164606
2006-11-30,0.2359882659713168
2006-12-01,0.2362668190725016
2006-12-04,0.2365464052287581
2006-12-05,0.2368824877250409
2006-12-06,0.2385210991167811
2006-12-07,0.2385781556572923
2006-12-11,0.2379535947712418
2006-12-12,0.2385779305828421
2006-12-13,0.2393203534031413
2006-12-14,0.2401249182472204
2006-12-15,0.2390915930650965
2006-12-18,0.2386918547595682
2006-12-19,0.2389202092871157
2006-12-20,0.2394921363040629
2006-12-21,0.2390344488188976
2006-12-22,0.2390915032679738
2006-12-26,0.2364905537459283
2006-12-27,0.2367704811443433
2006-12-28,0.2379140625
2006-12-29,0.2369500326583932
2007-01-02,0.2383505559189012
2007-01-03,0.239091533180778
2007-01-04,0.2367145182291666
2007-01-05,0.2360438596491228
2007-01-08,0.236127355425601
2007-01-09,0.2360716834252351
2007-01-10,0.2352388834793898
2007-01-11,0.2360717532467532
2007-01-12,0.2370791950665368
2007-01-15,0.2370792465086066
2007-01-16,0.2367983766233766
2007-01-17,0.2370230594348814
2007-01-18,0.2370791693705386
2007-01-19,0.2370790667530784
2007-01-22,0.2371915374677002
2007-01-23,0.2367985797288573
2007-01-24,0.2364625322997416
2007-01-25,0.2363508715300193
2007-01-26,0.2357933032839665
2007-01-29,0.2352940797940798
2007-01-30,0.2344666881235919
2007-01-31,0.2352664950112648
2007-02-01,0.2357934257170479
2007-02-02,0.2356821555340432
2007-02-05,0.2351833709313567
2007-02-06,0.2361276595744681
2007-02-07,0.2359045776918117
2007-02-08,0.2364067632850241
2007-02-09,0.2366023824855119
2007-02-12,0.2359603737113401
2007-02-13,0.2362949709864603
2007-02-14,0.2368825048418334
2007-02-15,0.237248064516129
2007-02-16,0.2382086956521739
2007-02-19,0.238208830164357
2007-02-20,0.2391201675257732
2007-02-21,0.2392343850611719
2007-02-22,0.2390057989690721
2007-02-23,0.2387773840206185
2007-02-26,0.2382655494682565
2007-02-27,0.2377555627217027
2007-02-28,0.2375129032258064
2007-03-01,0.2371917985146916
2007-03-02,0.2461841166936791
2007-03-05,0.2364065119277885
2007-03-06,0.237022881082823
2007-03-07,0.2371916881443299
2007-03-08,0.2380386473429951
2007-03-09,0.2384359304571796
2007-03-12,0.238208830164357
2007-03-13,0.2380951306030312
2007-03-14,0.2375861846352485
2007-03-15,0.2375861846352485
2007-03-16,0.2378687520154788
2007-03-19,0.237586129032258
2007-03-20,0.2378686673120361
2007-03-21,0.2389487096774193
2007-03-22,0.2390058083252662
2007-03-23,0.238720502901354
2007-03-26,0.2382087628865979
2007-03-27,0.2392916934964584
2007-03-28,0.23940625
2007-03-29,0.2403845905867182
2007-03-30,0.2407319354838709
2007-04-03,0.2405582070299903
2007-04-04,0.2421893548387096
2007-04-09,0.2426596706490151
2007-04-10,0.2426008403361344
2007-04-11,0.2437835651892591
2007-04-12,0.2461841166936791
2007-04-13,0.2460025889967637
2007-04-16,0.2467308066083575
2007-04-17,0.2455796302302951
2007-04-18,0.2461235008103728
2007-04-19,0.245639896373057
2007-04-20,0.2454588730569948
2007-04-23,0.2460447615958481
2007-04-24,0.2459056114174505
2007-04-25,0.2492521062864549
2007-04-26,0.2485090673575129
2007-04-27,0.2488987055016181
2007-04-30,0.2484472491909385
2007-05-02,0.2461841166936791
2007-05-03,0.2478313878080415
2007-05-04,0.2478070061628284
2007-05-07,0.2499376623376623
2007-05-08,0.2514457792207792
2007-05-09,0.2525251705099058
2007-05-10,0.2520162284972411
2007-05-11,0.2519525974025974
2007-05-14,0.2523976608187134
2007-05-15,0.2538072171651495
2007-05-16,0.2537426064348391
2007-05-17,0.2523339837398374
2007-05-18,0.2505009746588694
2007-05-21,0.2500624390243902
2007-05-22,0.2521432748538011
2007-05-23,0.2522069412909503
2007-05-24,0.2478313878080415
2007-05-28,0.2478313331170937
2007-05-29,0.2482622525154171
2007-05-30,0.2470357142857143
2007-05-31,0.2461234969125772
2007-06-01,0.2460026024723487
2007-06-04,0.2460026041666666
2007-06-05,0.2452785180370491
2007-06-06,0.2430133289986996
2007-06-07,0.240153721156971
2007-06-08,0.2391199609882965
2007-06-11,0.2388344715447154
2007-06-12,0.2383220559531555
2007-06-13,0.2390627846454131
2007-06-14,0.2402112630208333
2007-06-15,0.2428362040948976
2007-06-19,0.2396932335718933
2007-06-20,0.237925300422215
2007-06-21,0.2365184944841012
2007-06-22,0.2361275146009085
2007-06-25,0.2351835278858625
2007-06-26,0.2340715673575129
2007-06-27,0.2347968295050145
2007-06-28,0.2352941747572815
2007-06-29,0.2353494988684125
2007-07-02,0.2385609835004852
2007-07-03,0.2392918149466192
2007-07-04,0.2392917205692109
2007-07-05,0.2365855623590074
2007-07-06,0.236305958132045
2007-07-10,0.2366303577183371
2007-07-11,0.2351280232183166
2007-07-12,0.2347251612903225
2007-07-13,0.2343019354838709
2007-07-16,0.2332634633989036
2007-07-17,0.2339729119638826
2007-07-18,0.2346317654639175
2007-07-19,0.2363508376288659
2007-07-20,0.2363618589743589
2007-07-23,0.2383051823416506
2007-07-24,0.2388743670886076
2007-07-25,0.2356267295597484
2007-07-26,0.2320831739961759
2007-07-27,0.231107119948685
2007-07-30,0.2316530089628681
2007-07-31,0.2320724126882409
2007-08-01,0.2305742100223428
2007-08-02,0.2319216061185468
2007-08-03,0.2318035031847133
2007-08-06,0.232234076433121
2007-08-07,0.2329372811206622
2007-08-08,0.234907117778487
2007-08-09,0.2344664333439389
2007-08-10,0.2357824015247776
2007-08-13,0.237259223918575
2007-08-14,0.2365856371147124
2007-08-15,0.2374168781725888
2007-08-16,0.2362389240506329
2007-08-17,0.2370903041825094
2007-08-21,0.2400382911392405
2007-08-22,0.2404425505050505
2007-08-23,0.240483008181246
2007-08-24,0.2413826498422712
2007-08-27,0.2410220820189274
2007-08-28,0.2419551201011377
2007-08-29,0.2427772511848341
2007-08-30,0.2420721975934135
2007-08-31,0.2427183143219264
2007-09-03,0.24271853257432
2007-09-04,0.2427124802527646
2007-09-05,0.2423125790139064
2007-09-06,0.2420720606826801
2007-09-07,0.2420192915876027
2007-09-10,0.2422481798037353
2007-09-11,0.2444391483952971
2007-09-12,0.2444988842843481
2007-09-13,0.2444988821462791
2007-09-14,0.2444389544150462
2007-09-17,0.2442360446570973
2007-09-18,0.2448038903061224
2007-09-19,0.2462446502714788
2007-09-20,0.2470356915232632
2007-09-21,0.247133227344992
2007-09-24,0.2474635930047694
2007-09-25,0.2483238004448681
2007-09-26,0.2485088945362134
2007-09-27,0.2485088888888889
2007-09-28,0.2491279365079365
2007-10-01,0.2510041282946967
2007-10-02,0.2496254764930114
2007-10-03,0.2495011107584894
2007-10-04,0.2495632329635499
2007-10-05,0.2501251584283903
2007-10-08,0.250125039569484
2007-10-09,0.2485090104331331
2007-10-10,0.2480158428390367
2007-10-11,0.25
2007-10-12,0.2484472600570161
2007-10-16,0.247678164556962
2007-10-17,0.2480158177791837
2007-10-18,0.2490660974067046
2007-10-19,0.2490041100221308
2007-10-22,0.2475247712212054
2007-10-23,0.2486325244248345
2007-10-24,0.2478313935199748
2007-10-25,0.2497502359232463
2007-10-26,0.2519590034689372
2007-10-29,0.251509027557808
2007-10-30,0.2525250952986023
2007-10-31,0.2527167409293444
2007-11-01,0.2522704342273307
2007-11-02,0.2533697666986257
2007-11-05,0.2525253750398978
2007-11-07,0.2549069097888675
2007-11-08,0.254517571884984
2007-11-09,0.2545631192074145
2007-11-12,0.2545628991060025
2007-11-13,0.2533569377990431
2007-11-14,0.2547771739130434
2007-11-15,0.2544529449423816
2007-11-16,0.25492656449553
2007-11-19,0.2548418530351438
2007-11-20,0.2578649425287356
2007-11-21,0.2575329722841669
2007-11-22,0.2575329512893983
2007-11-23,0.2588660515431117
2007-11-26,0.2579980909958638
2007-11-27,0.2587320634920635
2007-11-28,0.2588663067640521
2007-11-29,0.2614380559085133
2007-11-30,0.2611647058823529
2007-12-03,0.259740363172985
2007-12-04,0.260484375
2007-12-05,0.2596727330779055
2007-12-06,0.258431397574984
2007-12-07,0.2582644996813257
2007-12-10,0.2568052899936265
2007-12-11,0.2540006371455878
2007-12-12,0.2551672507167888
2007-12-13,0.2528443666454487
2007-12-14,0.2497937619350732
2007-12-17,0.2501875796178344
2007-12-18,0.253292955052598
2007-12-19,0.2540006385696041
2007-12-20,0.2543364158163265
2007-12-21,0.2562788920725883
2007-12-26,0.2572016539440203
2007-12-27,0.2582645284217211
2007-12-28,0.2600781200381073
2007-12-31,0.2596052715147666
2008-01-02,0.2603488076311606
2008-01-03,0.2617800063673989
2008-01-04,0.2621920382165605
2008-01-07,0.2617799744897959
2008-01-08,0.2640194888178914
2008-01-09,0.2642706935123042
2008-01-10,0.2644103547459252
2008-01-11,0.2663117007672634
2008-01-14,0.2695419190309213
2008-01-15,0.2701973893664438
2008-01-16,0.2680966306420851
2008-01-17,0.267044126984127
2008-01-18,0.2655336294416243
2008-01-21,0.2655335655478151
2008-01-22,0.2696145074437757
2008-01-23,0.2712232425585814
2008-01-24,0.2707824294322867
2008-01-25,0.2711863492063492
2008-01-28,0.2729704855601396
2008-01-29,0.2742655456852791
2008-01-30,0.2757480988593155
2008-01-31,0.276969917669411
2008-02-01,0.2803868103994927
2008-02-04,0.279251741608613
2008-02-05,0.2760524652338811
2008-02-06,0.2755579047017987
2008-02-07,0.2757100031555696
2008-02-08,0.2741978542126854
2008-02-11,0.2783576388888888
2008-02-12,0.2767631246046806
2008-02-13,0.2774695817490494
2008-02-14,0.2786448035487959
2008-02-15,0.2781252775134792
2008-02-18,0.2781252775134792
2008-02-19,0.277008243500317
2008-02-20,0.2760142811805776
2008-02-21,0.2780095207870517
2008-02-22,0.2794859043395629
2008-02-25,0.2748309056364788
2008-02-26,0.2750351377018044
2008-02-27,0.2788701709943002
2008-02-28,0.2763959455178967
2008-02-29,0.2736652957924707
2008-03-03,0.2751031972143083
2008-03-04,0.2767859181731684
2008-03-05,0.278318845177665
2008-03-06,0.2786756499682942
2008-03-07,0.2783266793409379
2008-03-10,0.2807017099430019
2008-03-11,0.2851440355329949
2008-03-12,0.2892680837563451
2008-03-13,0.293341168996188
2008-03-14,0.2891007628734901
2008-03-17,0.294247458703939
2008-03-18,0.295954242135367
2008-03-19,0.2959455178967374
2008-03-25,0.2870262492093611
2008-03-26,0.2864509308930262
2008-03-27,0.2853879936808847
2008-03-28,0.2834870335230867
2008-03-31,0.2838087121212121
2008-04-01,0.2816107255520504
2008-04-03,0.2782414664981036
2008-04-04,0.2767018653177363
2008-04-07,0.2750275403608737
2008-04-08,0.277238683127572
2008-04-09,0.2775463754352643
2008-04-10,0.2777778833967047
2008-04-11,0.2783190612115445
2008-04-14,0.2845760938490805
2008-04-15,0.2854289781714647
2008-04-16,0.2883506001263424
2008-04-17,0.2883505674653215
2008-04-18,0.2909514195583596
2008-04-21,0.2895194968553459
2008-04-22,0.2900232558139535
2008-04-23,0.2913753536623703
2008-04-24,0.2875628140703517
2008-04-25,0.2871417769376181
2008-04-28,0.2877698612862547
2008-04-29,0.2891010419955794
2008-04-30,0.2918002528445006
2008-05-02,0.2898549810844892
2008-05-05,0.2910362318840579
2008-05-06,0.2920560276990872
2008-05-07,0.2902757537688442
2008-05-08,0.2901913755114888
2008-05-09,0.2875627950897073
2008-05-12,0.2919707271010387
2008-05-13,0.2913753554502369
2008-05-14,0.2918005058488777
2008-05-15,0.295595697564062
2008-05-16,0.2976191989828353
2008-05-19,0.2967357891394093
2008-05-20,0.2955955414012738
2008-05-21,0.302023619533993
2008-05-22,0.3002102744097
2008-05-23,0.3018410976388002
2008-05-26,0.3018411839592616
2008-05-27,0.3040437979539642
2008-05-28,0.3042288189987163
2008-05-29,0.3081665059466409
2008-05-30,0.3109451435947079
2008-06-02,0.3060913508260446
2008-06-03,0.3047852020860495
2008-06-04,0.3010234222511386
2008-06-05,0.2985073505390395
2008-06-06,0.2985074967405476
2008-06-09,0.3009327676240209
2008-06-10,0.2948982055464926
2008-06-11,0.2948983992159425
2008-06-12,0.2942908614477563
2008-06-13,0.2930315789473684
2008-06-17,0.2997601317957166
2008-06-18,0.2976191103789127
2008-06-19,0.297663372859025
2008-06-20,0.2977963085036256
2008-06-23,0.2968241139450149
2008-06-24,0.295683023872679
2008-06-25,0.2962084161696487
2008-06-26,0.2969121242153947
2008-06-27,0.2979028420356907
2008-06-30,0.2990429752066115
2008-07-01,0.3033060886829914
2008-07-02,0.3057168874172185
2008-07-03,0.3060911492734478
2008-07-04,0.3060912095175149
2008-07-07,0.307219754723235
2008-07-08,0.3064664897146649
2008-07-10,0.2984628893306826
2008-07-11,0.2962961614824619
2008-07-14,0.2999401455026455
2008-07-15,0.3013862433862433
2008-07-16,0.2977077278731836
2008-07-17,0.2969563347667879
2008-07-18,0.2943774396295071
2008-07-21,0.2896031746031746
2008-07-22,0.2891845848494873
2008-07-23,0.2868618290258449
2008-07-24,0.2872737819025522
2008-07-25,0.2877697150430749
2008-07-28,0.2889337748344371
2008-07-29,0.2894357024793388
2008-07-30,0.2871913417052214
2008-07-31,0.2864507227332457
2008-08-01,0.2840910585141354
2008-08-04,0.2824061882817643
2008-08-05,0.2820874424720579
2008-08-06,0.2816902102496715
2008-08-07,0.2814522481128979
2008-08-08,0.2792516382699869
2008-08-11,0.2797985492911309
2008-08-12,0.2791735836627141
2008-08-13,0.2784739273927393
2008-08-14,0.278862330802245
2008-08-15,0.2799551155115511
2008-08-19,0.2798612945838837
2008-08-20,0.2798768163804491
2008-08-21,0.2861229752066115
2008-08-22,0.2879355371900826
2008-08-25,0.2856325181758096
2008-08-26,0.281690019828156
2008-08-27,0.2797984803435744
2008-08-28,0.2791737694086554
2008-08-29,0.2794858085808581
2008-09-01,0.2794857992073976
2008-09-02,0.2780868992758394
2008-09-03,0.2777006914718472
2008-09-04,0.2801905859117841
2008-09-05,0.2784740131578947
2008-09-08,0.2773157377049181
2008-09-09,0.2783189401373896
2008-09-10,0.2770849056603774
2008-09-11,0.2756340909090909
2008-09-12,0.2787845554834523
2008-09-15,0.2806624554583738
2008-09-16,0.2879521809369951
2008-09-17,0.2830454106280193
2008-09-18,0.284333119589612
2008-09-19,0.2877698234349919
2008-09-22,0.2948025806451613
2008-09-23,0.2932552436269764
2008-09-24,0.2922266580811333
2008-09-25,0.2935994217796338
2008-09-26,0.2926116816431322
2008-09-29,0.2895192431045542
2008-09-30,0.2883090909090909
2008-10-01,0.288600191448628
2008-10-02,0.2890174936386768
2008-10-03,0.2896872232764073
2008-10-06,0.2859593368783234
2008-10-07,0.2828052877138414
2008-10-08,0.2784740924604406
2008-10-09,0.2781640359021974
2008-10-10,0.2768933002481389
2008-10-14,0.2785513784461152
2008-10-15,0.2724796747967479
2008-10-16,0.2681684867394696
2008-10-17,0.2554930639324487
2008-10-20,0.267165425201738
2008-10-21,0.2638523824353784
2008-10-22,0.2600778777536456
2008-10-23,0.2638522273425499
2008-10-24,0.2613014032946918
2008-10-27,0.2622606060606061
2008-10-28,0.2648093824228028
2008-10-29,0.2642148367952522
2008-10-30,0.267522599704579
2008-10-31,0.2691428571428571
2008-11-03,0.2662406259226454
2008-11-04,0.2660283105022831
2008-11-05,0.2609604229607251
2008-11-07,0.2618485031750831
2008-11-10,0.2640612121212121
2008-11-11,0.2640612121212121
2008-11-12,0.2576656580937972
2008-11-13,0.257267673716012
2008-11-14,0.2575992757996379
2008-11-17,0.2554930639324487
2008-11-18,0.2533571213489912
2008-11-19,0.2516357078449053
2008-11-20,0.2486326224091318
2008-11-21,0.2513195319531953
2008-11-24,0.25
2008-11-25,0.2552649700598802
2008-11-26,0.2586651732377539
2008-11-27,0.2586651785714285
2008-11-28,0.2544530091906314
2008-12-01,0.2501877032219923
2008-12-02,0.2520479976442874
2008-12-03,0.2509724259313582
2008-12-04,0.2518890502468777
2008-12-05,0.250752306805075
2008-12-09,0.2550369723435225
2008-12-10,0.2555584187408491
2008-12-11,0.2577519061583577
2008-12-12,0.2576654981010809
2008-12-15,0.2595380116959064
2008-12-16,0.2621919459141681
2008-12-17,0.2691067019400353
2008-12-18,0.2696872246696035
2008-12-19,0.2676659836065574
2008-12-22,0.260348905109489
2008-12-23,0.2604167152009318
2008-12-24,0.2580646288209607
2008-12-26,0.2604845930232558
2008-12-29,0.2598078374455733
2008-12-30,0.2658867323290846
2008-12-31,0.2648305821025196
2009-01-02,0.2629502602660497
2009-01-05,0.2612329759490002
2009-01-06,0.2573339125398204
2009-01-07,0.2579314037626627
2009-01-08,0.2578649275362318
2009-01-09,0.2591345317483328
2009-01-12,0.2562789214265004
2009-01-13,0.2562132715155027
2009-01-14,0.256344537815126
2009-01-15,0.258131190269331
2009-01-16,0.2619858217592593
2009-01-19,0.2619858217592593
2009-01-20,0.2577982658959538
2009-01-21,0.2543236311239193
2009-01-22,0.2540005755395683
2009-01-23,0.2518258120149468
2009-01-26,0.2520160873312266
2009-01-27,0.2503694029850746
2009-01-28,0.250125
2009-01-29,0.2468525107604017
2009-01-30,0.2463661123853211
2009-02-02,0.2457605270696075
2009-02-03,0.2464874285714285
2009-02-04,0.2458210496128477
2009-02-05,0.2470966724039013
2009-02-06,0.2484472174411933
2009-02-09,0.2480157728706624
2009-02-10,0.2481389207807118
2009-02-11,0.2468527220630372
2009-02-12,0.2466700085935262
2009-02-13,0.2477088100686499
2009-02-16,0.2477086073777523
2009-02-17,0.242072203196347
2009-02-18,0.240905698005698
2009-02-19,0.2417209960384833
2009-02-20,0.2411382136800452
2009-02-23,0.2414467305524239
2009-02-24,0.2392917839054586
2009-02-25,0.2386635724331926
2009-02-26,0.2394634626194491
2009-02-27,0.24026913372582
2009-03-02,0.2380386003887808
2009-03-03,0.2372478537801162
2009-03-04,0.2379253731343283
2009-03-05,0.2363506350082827
2009-03-06,0.2360159735610024
2009-03-09,0.2361833929062414
2009-03-10,0.2361833929062414
2009-03-11,0.2384928610653487
2009-03-12,0.238720515633571
2009-03-13,0.2397506849315068
2009-03-16,0.2418380455668405
2009-03-17,0.2423067434210526
2009-03-18,0.2420722100656455
2009-03-19,0.2480158947656892
2009-03-20,0.2482622368061252
2009-03-23,0.2472800216860938
2009-03-25,0.2402114967462039
2009-03-26,0.2394063345966432
2009-03-27,0.2373606027987083
2009-03-30,0.2378687113263384
2009-03-31,0.2374169354838709
2009-04-01,0.2385495689655172
2009-04-03,0.2402114239306984
2009-04-06,0.2418380511703865
2009-04-07,0.2418965704953729
2009-04-08,0.241720968180582
2009-04-13,0.2417209239130434
2009-04-14,0.240616095704187
2009-04-15,0.2406159912972532
2009-04-16,0.2392345746126665
2009-04-17,0.2396357220412595
2009-04-20,0.2382653835727839
2009-04-21,0.2379252437703141
2009-04-22,0.2359602272727272
2009-04-23,0.234962401947525
2009-04-24,0.236127400595077
2009-04-27,0.2356822354211663
2009-04-28,0.235349569429494
2009-04-29,0.2381690405804891
2009-04-30,0.2416042003231017
2009-05-04,0.2413710419485792
2009-05-05,0.2425417680454177
2009-05-06,0.2415459444893559
2009-05-07,0.2426595001343724
2009-05-08,0.2459056705186778
2009-05-11,0.2449779569892473
2009-05-12,0.2444987906476753
2009-05-13,0.2416042953020134
2009-05-14,0.2421306680976657
2009-05-15,0.2413709763948497
2009-05-18,0.2405580896163134
2009-05-19,0.2432497317596566
2009-05-20,0.2492087352625937
2009-05-21,0.250941113490364
2009-05-22,0.2542587637142092
2009-05-26,0.2531005616474993
2009-05-27,0.2523976451699224
2009-05-28,0.2517622863247863
2009-05-29,0.2556889837289944
2009-06-01,0.2566734312416555
2009-06-02,0.2562789206518835
2009-06-03,0.2522067307692308
2009-06-04,0.2547771840769436
2009-06-05,0.2537426137875965
2009-06-08,0.2505637137536579
2009-06-09,0.2543106382978723
2009-06-10,0.2540651595744681
2009-06-11,0.2552973404255319
2009-06-12,0.2539359723698193
2009-06-16,0.2541941051513542
2009-06-17,0.2522705070347757
2009-06-18,0.2534854033970276
2009-06-19,0.2531003973509934
2009-06-22,0.2511930706162391
2009-06-23,0.2546472449248615
2009-06-24,0.2538072257383966
2009-06-25,0.2520795783926218
2009-06-26,0.252397840968931
2009-06-29,0.2547121372031662
2009-06-30,0.2545501711877798
2009-07-01,0.2595380363253488
2009-07-02,0.2581978426729808
2009-07-03,0.2579978963975808
2009-07-06,0.2547770181435709
2009-07-07,0.2552975032851511
2009-07-08,0.2514459033613445
2009-07-13,0.2516990546218488
2009-07-14,0.2529085654230163
2009-07-15,0.2569372209088521
2009-07-16,0.2576656159705805
2009-07-17,0.256344537815126
2009-07-20,0.2570693277310925
2009-07-21,0.2579978991596638
2009-07-22,0.2577983193277311
2009-07-23,0.2592689075630252
2009-07-24,0.2590002625360987
2009-07-27,0.2619858267716535
2009-07-28,0.2649006553079948
2009-07-29,0.2619858786610878
2009-07-30,0.264690258553147
2009-07-31,0.2638522193211488
2009-08-03,0.2638523261892315
2009-08-04,0.2583978550876275
2009-08-05,0.2564431372549019
2009-08-06,0.2554932043910088
2009-08-07,0.2561476352234126
2009-08-10,0.2588662836249673
2009-08-11,0.2591344296528322
2009-08-12,0.2609261867501304
2009-08-13,0.2640612457649205
2009-08-14,0.2637130208333333
2009-08-18,0.2618486739469578
2009-08-19,0.2623295218295218
2009-08-20,0.2623982852689009
2009-08-21,0.2630194855806703
2009-08-24,0.263574025974026
2009-08-25,0.2644103896103896
2009-08-26,0.263435291060291
2009-08-27,0.2623983887733888
2009-08-28,0.2623296103896103
2009-08-31,0.263852246169826
2009-09-01,0.2628811443433029
2009-09-02,0.2625361414456578
2009-09-03,0.2653928757150286
2009-09-04,0.265745515986483
2009-09-07,0.2657453884125746
2009-09-08,0.2643404310568684
2009-09-09,0.2657454592631033
2009-09-10,0.26427069815728
2009-09-11,0.2647605085625324
2009-09-14,0.2649005726184279
2009-09-15,0.2668089271730618
2009-09-16,0.2669514106583072
2009-09-17,0.2677377348643006
2009-09-18,0.2677376921073195
2009-09-21,0.2671652763295098
2009-09-22,0.2688173051863435
2009-09-23,0.2684563461037269
2009-09-24,0.266951524628616
2009-09-25,0.2656042209484106
2009-09-28,0.2656748242645144
2009-09-29,0.2660281030444965
2009-09-30,0.2657455113192818
2009-10-01,0.2658160770031217
2009-10-02,0.2657806971904266
2009-10-05,0.2676658854166666
2009-10-06,0.2680965049556599
2009-10-07,0.2673797600417318
2009-10-08,0.2678092877641534
2009-10-09,0.2679527291721076
2009-10-13,0.2688172549019608
2009-10-14,0.2700366300366301
2009-10-15,0.2699054726368159
2009-10-16,0.2699055221146296
2009-10-19,0.2703432757718472
2009-10-20,0.2704163831457733
2009-10-21,0.2712232399895315
2009-10-22,0.2712231815803244
2009-10-23,0.2712968586387435
2009-10-26,0.2704895287958115
2009-10-27,0.2685861256544503
2009-10-28,0.2655337696335079
2009-10-29,0.2672366492146597
2009-10-30,0.2662264990835297
2009-11-02,0.2656043466876145
2009-11-03,0.2629502357255107
2009-11-04,0.2633658983761131
2009-11-05,0.2648304951532617
2009-11-09,0.2670227987421383
2009-11-10,0.2657100917431192
2009-11-11,0.2657102019407291
2009-11-12,0.2646203460933403
2009-11-13,0.2651816990036707
2009-11-16,0.2665245085190039
2009-11-17,0.2647603565810172
2009-11-18,0.2656748031496063
2009-11-19,0.2634351827504601
2009-11-20,0.2623294736842105
2009-11-23,0.2652519083969465
2009-11-24,0.2649005786428196
2009-11-25,0.2664535892716276
2009-11-26,0.2664534944823962
2009-11-27,0.2623982672617485
2009-11-30,0.2645502492784046
2009-12-01,0.2652520986358867
2009-12-02,0.2650411965363421
2009-12-03,0.2653223943292203
2009-12-04,0.2654633569739952
2009-12-07,0.2632965299684542
2009-12-09,0.2636435904185312
2009-12-10,0.2649005524861879
2009-12-11,0.2653223770707336
2009-12-14,0.2639916032537392
2009-12-15,0.2638871687221201
2009-12-16,0.265251968503937
2009-12-17,0.26322722513089
2009-12-18,0.2632963545764489
2009-12-21,0.2639915966386554
2009-12-22,0.2634352631578948
2009-12-23,0.2634353096179183
2009-12-24,0.2630886075949367
2009-12-28,0.2646201632008423
2009-12-29,0.2634698197021166
2009-12-30,0.2636784210526316
2009-12-31,0.2640892105263158
2010-01-04,0.2674368088467614
2010-01-05,0.2674869702553303
2010-01-06,0.2688895013123359
2010-01-07,0.2685644268774703
2010-01-08,0.2698546603475513
2010-01-11,0.2713189246178176
2010-01-12,0.2709146020031628
2010-01-13,0.2717761390571503
2010-01-14,0.2710395048722676
2010-01-15,0.2713702923360547
2010-01-18,0.2713703606212161
2010-01-19,0.2711128650355169
2010-01-20,0.268622239747634
2010-01-21,0.2684779411764706
2010-01-22,0.2690123456790123
2010-01-25,0.268492380451918
2010-01-26,0.2684564761405348
2010-01-27,0.2677089669638175
2010-01-28,0.2677735009164703
2010-01-29,0.2679384615384615
2010-02-01,0.2692877997914494
2010-02-02,0.2697090292275574
2010-02-03,0.2697962962962963
2010-02-04,0.266844571726113
2010-02-05,0.2666453125
2010-02-08,0.2681541265295495
2010-02-09,0.2679026801977621
2010-02-10,0.2664889524304653
2010-02-11,0.2677018181818181
2010-02-12,0.2658160352880124
2010-02-15,0.266560103626943
2010-02-16,0.2674869069224786
2010-02-17,0.2677663381742738
2010-02-18,0.2670583203732504
2010-02-19,0.2652096941420425
2010-02-22,0.2654985762360859
2010-02-23,0.2648655440414508
2010-02-24,0.2648865284974093
2010-02-25,0.2637478621404509
2010-02-26,0.2644104690334283
2010-03-01,0.2639707026186155
2010-03-02,0.2639566796368353
2010-03-03,0.2657808041504539
2010-03-04,0.2644802904564315
2010-03-05,0.2650199533557916
2010-03-08,0.2657877688520342
2010-03-09,0.2655831175556706
2010-03-10,0.2670940902021773
2010-03-11,0.268600673749676
2010-03-12,0.2690919689119171
2010-03-15,0.2684563810509967
2010-03-16,0.2679528741584671
2010-03-17,0.2690341791817711
2010-03-18,0.2677377006732263
2010-03-19,0.2667875258799171
2010-03-22,0.2671581262939959
2010-03-23,0.268240362225097
2010-03-25,0.2672940263770364
2010-03-26,0.2674654771140419
2010-03-29,0.2697671056028918
2010-03-30,0.2697963870967741
2010-03-31,0.2706358947911294
2010-04-05,0.2700366073730342
2010-04-06,0.2699783505154638
2010-04-07,0.2704164086687306
2010-04-08,0.2707092363261094
2010-04-09,0.2711865325077399
2010-04-12,0.2717021660649819
2010-04-13,0.2710028357824182
2010-04-14,0.2702556759545924
2010-04-15,0.2706138946280992
2010-04-16,0.2689472731972085
2010-04-19,0.2675801033591731
2010-04-20,0.2685068457762852
2010-04-21,0.267265306122449
2010-04-22,0.2675228623094808
2010-04-23,0.2687089359504132
2010-04-26,0.2686367157242447
2010-04-27,0.2670582774626096
2010-04-28,0.2667804689513012
2010-04-29,0.2686005665722379
2010-04-30,0.2684202674897119
2010-05-03,0.268110853909465
2010-05-04,0.2667378690629012
2010-05-05,0.2649006418485237
2010-05-06,0.2630333761232349
2010-05-07,0.2642007702182284
2010-05-10,0.2666595635430038
2010-05-11,0.2664889630390143
2010-05-12,0.2664038510911425
2010-05-13,0.2664534017971758
2010-05-14,0.2650410572235052
2010-05-17,0.2651114527286702
2010-05-18,0.2660990023023791
2010-05-19,0.2627567844342037
2010-05-20,0.2615405889884763
2010-05-21,0.2608241167434716
2010-05-26,0.2592219381232421
2010-05-27,0.2624327709611452
2010-05-28,0.2604979591836734
2010-05-31,0.2578648511071519
2010-06-01,0.2590002544529262
2010-06-02,0.2592351592356688
2010-06-03,0.2594706632653061
2010-06-04,0.2593361365953109
2010-06-07,0.2577452830188679
2010-06-08,0.2574001532175689
2010-06-09,0.2580311462854225
2010-06-10,0.2597402398571064
2010-06-11,0.2595381085903645
2010-06-14,0.2617870606214977
2010-06-15,0.2617939378502292
2010-06-16,0.2619857361181864
2010-06-17,0.2611989302088639
2010-06-18,0.261951604686704
2010-06-22,0.2602809875286332
2010-06-23,0.2589666412019353
2010-06-24,0.2591681933842239
2010-06-25,0.2591681078331638
2010-06-28,0.2577320111873887
2010-06-29,0.2579979654120041
2010-06-30,0.2574001526329178
2010-07-01,0.2568052377320112
2010-07-02,0.2573340111845449
2010-07-05,0.2572149936467598
2010-07-06,0.257069377382465
2010-07-07,0.2577850609756097
2010-07-08,0.2583980187960376
2010-07-12,0.2586720020325203
2010-07-13,0.2594504321301474
2010-07-14,0.2589867819013726
2010-07-15,0.2586653113087674
2010-07-16,0.2587724961870869
2010-07-19,0.2592688691232528
2010-07-20,0.2592150482968988
2010-07-21,0.2591344687341129
2010-07-22,0.2591747202441505
2010-07-23,0.2598415161536505
2010-07-26,0.2618486775178026
2010-07-27,0.2622606153063819
2010-07-28,0.2624742058449809
2010-07-29,0.2640960121920244
2010-07-30,0.265111421319797
2010-08-02,0.2664890807516505
2010-08-03,0.2655971021860701
2010-08-04,0.265463259598271
2010-08-05,0.2648164251207729
2010-08-06,0.2652026958290946
2010-08-09,0.2658868260427263
2010-08-10,0.2639916094584287
2010-08-11,0.2635879511947128
2010-08-12,0.263442156114925
2010-08-13,0.2625774218154081
2010-08-17,0.2645503304524657
2010-08-18,0.2650622459349593
2010-08-19,0.2638453136906274
2010-08-20,0.2625360589131539
2010-08-23,0.2624739781670474
2010-08-24,0.2618485540334855
2010-08-25,0.2620134347275032
2010-08-26,0.2620887423935091
2010-08-27,0.261807555780933
2010-08-30,0.2620956962025316
2010-08-31,0.2625154430379747
2010-09-01,0.2640751898734177
2010-09-02,0.264515328097289
2010-09-03,0.2651044359949303
2010-09-06,0.2651255070993915
2010-09-07,0.2640613123891563
2010-09-08,0.2651112519006589
2010-09-09,0.2650271229404309
2010-09-10,0.2651604562737643
2010-09-13,0.2654772036474164
2010-09-14,0.2661982780450747
2010-09-15,0.2665245569620253
2010-09-16,0.2678093188148898
2010-09-17,0.2677734750696026
2010-09-20,0.2687450632911392
2010-09-21,0.2692298152366489
2010-09-22,0.2709367408906883
2010-09-23,0.2703359473817354
2010-09-24,0.272635606060606
2010-09-27,0.2727693276252833
2010-09-28,0.2725909891769444
2010-09-29,0.2731493440968718
2010-09-30,0.2746121212121212
2010-10-01,0.2755655137591517
2010-10-04,0.2524424242424242
2010-10-05,0.2772693279434057
2010-10-06,0.2785126262626263
2010-10-07,0.2779398686205154
2010-10-08,0.2774155712841253
2010-10-12,0.2766328697850821
2010-10-13,0.2784739372469635
2010-10-14,0.2788622087132725
2010-10-15,0.2798533501896333
2010-10-18,0.2793295397066261
2010-10-19,0.2765868081880212
2010-10-20,0.2769163719050025
2010-10-21,0.2754820616472966
2010-10-22,0.2757631445904954
2010-10-25,0.2769393173198483
2010-10-26,0.2749065184436584
2010-10-28,0.2751031084154663
2010-10-29,0.2751485974222896
2010-11-01,0.275702450113665
2010-11-02,0.2767400202122284
2010-11-03,0.2767629517311094
2010-11-04,0.2795559484718363
2010-11-05,0.2789401212733703
2010-11-08,0.2755884430986626
2010-11-09,0.2755959111559818
2010-11-10,0.2740477152234284
2010-11-11,0.2733584048460373
2010-11-12,0.2719387137452711
2010-11-15,0.272256926952141
2010-11-16,0.2718869871633526
2010-11-17,0.2722421344072489
2010-11-18,0.2738150012584948
2010-11-19,0.2747178454568336
2010-11-23,0.2728363956707778
2010-11-24,0.2737774981122577
2010-11-25,0.2739725786163521
2010-11-26,0.2726281407035175
2010-11-29,0.2715841907151819
2010-11-30,0.2719681544633902
2010-12-01,0.2735154406226462
2010-12-02,0.2750273869346734
2010-12-03,0.2760143288084464
2010-12-06,0.2754441930618401
2010-12-07,0.2763956762192056
2010-12-09,0.2759001760120694
2010-12-10,0.2767552201257861
2010-12-13,0.2775464384596023
2010-12-14,0.2781796678409662
2010-12-15,0.2783190739808756
2010-12-16,0.2779013836477987
2010-12-17,0.2783731756416708
2010-12-20,0.2769086562657272
2010-12-21,0.2782338283413038
2010-12-22,0.2781795065458207
2010-12-23,0.2783886375062845
2010-12-27,0.2799472891566265
2010-12-28,0.2803476513438834
2010-12-29,0.2799316239316239
2010-12-30,0.2823103621730382
2010-12-31,0.2815472837022132
2011-01-03,0.2827253964258746
2011-01-04,0.2837523282154543
2011-01-05,0.282039778449144
2011-01-06,0.2799866565961732
2011-01-07,0.2790957767722474
2011-01-10,0.2803554550025138
2011-01-11,0.2827415786827551
2011-01-12,0.2823264587525151
2011-01-13,0.2813335010060362
2011-01-14,0.2812938662644544
2011-01-17,0.2821829605428499
2011-01-18,0.2831097162942506
2011-01-19,0.2820873713281446
2011-01-20,0.2766251569168968
2011-01-21,0.2756339442631182
2011-01-24,0.2772386449184441
2011-01-25,0.2773847117794486
2011-01-26,0.2771466165413533
2011-01-27,0.2744763454317897
2011-01-28,0.2709660084978755
2011-01-31,0.2698545409181637
2011-02-01,0.2711496632576702
2011-02-02,0.2713629574309186
2011-02-03,0.2696144458281445
2011-02-04,0.2696507343788896
2011-02-07,0.2712968400099527
2011-02-08,0.2733883495145631
2011-02-09,0.2724127458302215
2011-02-10,0.2722495024875622
2011-02-11,0.2714365987071108
2011-02-14,0.2738225205070843
2011-02-15,0.2748081987577639
2011-02-16,0.2760144171016654
2011-02-17,0.2764187375745526
2011-02-18,0.2767016149068322
2011-02-21,0.2770081926514399
2011-02-22,0.2748386295928501
2011-02-23,0.2743407793497145
2011-02-24,0.2734183217477656
2011-02-25,0.2738225366095805
2011-02-28,0.2760905707196029
2011-03-01,0.2752545274125527
2011-03-02,0.2757935483870967
2011-03-03,0.2765793000744602
2011-03-04,0.2770081885856079
2011-03-09,0.2807332010909992
2011-03-10,0.2798769536095262
2011-03-11,0.2807410625620655
2011-03-14,0.2817455944403078
2011-03-15,0.2813334159643034
2011-03-16,0.2803241703813769
2011-03-17,0.281080465461748
2011-03-18,0.2822943797969794
2011-03-21,0.282861420440485
2011-03-22,0.2832219198416625
2011-03-23,0.2822466600692726
2011-03-28,0.2835190405539071
2011-03-29,0.283671855695577
2011-03-30,0.2855511111111111
2011-03-31,0.2876043413912185
2011-04-01,0.289402072027627
2011-04-04,0.2886586870681145
2011-04-05,0.2886835224469659
2011-04-06,0.2899980266403552
2011-04-07,0.2896619787811497
2011-04-08,0.2910106172839506
2011-04-11,0.2906046913580247
2011-04-12,0.2913753390875462
2011-04-13,0.2927143913257762
2011-04-14,0.2927228915662651
2011-04-15,0.2931776412776412
2011-04-18,0.2898718703976436
2011-04-19,0.2913159960745829
2011-04-20,0.2928085315028193
2011-04-25,0.29318642822146
2011-04-26,0.2927743753062224
2011-04-27,0.292628641370869
2011-04-28,0.2946463235294117
2011-04-29,0.2956044117647059
2011-05-02,0.2968151507722481
2011-05-03,0.2957354095144678
2011-05-04,0.2946810492767835
2011-05-05,0.2918855392156863
2011-05-06,0.2898466062239647
2011-05-09,0.2894355707986281
2011-05-10,0.2894943655071044
2011-05-11,0.286738427626745
2011-05-12,0.2863441940225379
2011-05-13,0.2848192505510654
2011-05-16,0.2836395690499511
2011-05-17,0.2822785801713586
2011-05-18,0.2841311796377875
2011-05-19,0.2867548323954
2011-05-20,0.2876869799314733
2011-05-23,0.2860822118913629
2011-05-24,0.287290259422418
2011-05-26,0.2870922662750856
2011-05-27,0.2880682819383259
2011-05-30,0.2898131115459882
2011-05-31,0.2910953545232274
2011-06-01,0.2923976522377109
2011-06-02,0.2950809290953545
2011-06-03,0.2969122249388753
2011-06-06,0.2962084555229717
2011-06-07,0.2974508797653959
2011-06-08,0.296753421309873
2011-06-09,0.2953337405326167
2011-06-10,0.2936339198435972
2011-06-13,0.2922267839687195
2011-06-14,0.2948025897874419
2011-06-15,0.290528822667318
2011-06-16,0.2887835857352223
2011-06-17,0.2914603174603175
2011-06-21,0.2930231820400195
2011-06-22,0.2933154427909246
2011-06-23,0.2899558428885093
2011-06-24,0.2906470731707317
2011-06-27,0.2901916138469039
2011-06-28,0.2902336744639376
2011-06-29,0.291970802919708
2011-06-30,0.2939447688564476
2011-07-01,0.2947591240875912
2011-07-04,0.294464155528554
2011-07-05,0.2933326044703596
2011-07-06,0.2932552209810587
2011-07-07,0.2941521475370056
2011-07-08,0.2930575103130308
2011-07-11,0.2906048034934498
2011-07-12,0.2899306162057254
2011-07-13,0.2915451237263464
2011-07-14,0.2926800097040271
2011-07-15,0.2913668122270742
2011-07-18,0.2896620639534883
2011-07-19,0.2911124274661508
2011-07-20,0.2927828820116054
2011-07-21,0.2941609084319884
2011-07-22,0.294481517274704
2011-07-25,0.2940744860943168
2011-07-26,0.2945073724921441
2011-07-27,0.293263653939101
2011-07-28,0.2917153549010139
2011-07-29,0.2922012062726176
2011-08-01,0.2909937304075234
2011-08-02,0.2886752651880424
2011-08-03,0.2884753071549025
2011-08-04,0.2859756802311582
2011-08-05,0.2839699230028874
2011-08-08,0.2804419836302359
2011-08-09,0.2795874428674524
2011-08-10,0.281056771710368
2011-08-11,0.2821671074777591
2011-08-12,0.2829975949975949
2011-08-15,0.2839214131218457
2011-08-16,0.2832699975978861
2011-08-17,0.2837441804655627
2011-08-18,0.2805835130601486
2011-08-19,0.2792829104834849
2011-08-23,0.2781254780114723
2011-08-24,0.2776619684663163
2011-08-25,0.2762965352449223
2011-08-26,0.2775466061185468
2011-08-29,0.2795639923591213
2011-08-30,0.2797985697258641
2011-08-31,0.2806149999999999
2011-09-01,0.2796420454545454
2011-09-02,0.2773155640171347
2011-09-05,0.2751561311787072
2011-09-06,0.272331036121673
2011-09-07,0.2722198716425006
2011-09-08,0.270292241789624
2011-09-09,0.2696145610278372
2011-09-12,0.2680606565176023
2011-09-13,0.2696144148430067
2011-09-14,0.2694619410085633
2011-09-15,0.2733360285374554
2011-09-16,0.2730375743162901
2011-09-19,0.2707020214030915
2011-09-20,0.2711496420047732
2011-09-21,0.2712673669133444
2011-09-22,0.2688171428571428
2011-09-23,0.2699564803804994
2011-09-26,0.2676946492271105
2011-09-27,0.2690920332936979
2011-09-28,0.2685862068965517
2011-09-29,0.2684925089179548
2011-09-30,0.267315338882283
2011-10-03,0.2663043995243757
2011-10-04,0.2661697978596908
2011-10-05,0.2680030900879486
2011-10-06,0.2690558194774347
2011-10-07,0.2689980997624703
2011-10-11,0.2714072666824982
2011-10-12,0.2742431726430776
2011-10-13,0.2733584144315215
2011-10-14,0.2736577324478178
2011-10-17,0.2690558194774347
2011-10-18,0.2744236686390532
2011-10-19,0.2737626918536009
2011-10-20,0.2730599763872491
2011-10-21,0.2744989374262101
2011-10-24,0.2746272426817753
2011-10-25,0.2741227573182248
2011-10-26,0.2735679886685552
2011-10-27,0.2780712936732767
2011-10-28,0.2791581680830973
2011-10-31,0.2768548158640226
2011-11-01,0.2734182975713275
2011-11-02,0.2723237647058823
2011-11-03,0.2732837647058823
2011-11-04,0.2727767857142857
2011-11-07,0.2713115023474178
2011-11-08,0.2711863849765258
2011-11-09,0.269106572769953
2011-11-10,0.2682043162092423
2011-11-11,0.2692731741573034
2011-11-14,0.2691789473684211
2011-11-15,0.2680964109781844
2011-11-16,0.2686006577401926
2011-11-17,0.2682044172932331
2011-11-18,0.2688172421893352
2011-11-21,0.2674511507750117
2011-11-22,0.2671582531110589
2011-11-23,0.2650692650857008
2011-11-24,0.2637825475017593
2011-11-25,0.2636434435843303
2011-11-29,0.2637618713450292
2011-11-30,0.2664463910301332
2011-12-01,0.267379729098552
2011-12-02,0.2661982255428438
2011-12-05,0.2682403173121792
2011-12-06,0.2668873305282843
2011-12-07,0.2673510986442263
2011-12-12,0.2645293292825426
2011-12-13,0.2637826594998831
2011-12-14,0.2626049988320486
2011-12-15,0.2629502801120448
2011-12-16,0.263504662004662
2011-12-19,0.2631370629370629
2011-12-20,0.2651887232059646
2011-12-21,0.2651183597390494
2011-12-22,0.264012348555452
2011-12-23,0.2643264212488351
2011-12-27,0.2648094462540716
2011-12-28,0.2627224290367613
2011-12-29,0.2626049267952591
2011-12-30,0.2618554832713755
2012-01-03,0.2614788568773234
2012-01-04,0.2596727821644217
2012-01-05,0.2598617490141498
2012-01-06,0.2597671994440583
2012-01-09,0.2600509967547519
2012-01-10,0.2606881520983074
2012-01-11,0.2598346474953617
2012-01-12,0.2609125695732838
2012-01-13,0.2603216604823747
2012-01-16,0.2598144544822793
2012-01-17,0.2609059749884206
2012-01-18,0.2630125
2012-01-19,0.2644103216847952
2012-01-20,0.2644522322461253
2012-01-23,0.2646411737523105
2012-01-24,0.2645293031841255
2012-01-25,0.2653294144767174
2012-01-26,0.2666312269372693
2012-01-27,0.2661626297577855
2012-01-30,0.2663257208765859
2012-01-31,0.2666951810006917
2012-02-01,0.26855006922012
2012-02-02,0.2687955227325178
2012-02-03,0.2690341564735748
2012-02-06,0.2689907685206554
2012-02-07,0.2693674504379899
2012-02-08,0.2691427913403961
2012-02-09,0.2697745052922227
2012-02-10,0.2687882623705409
2012-02-13,0.2684562816382881
2012-02-14,0.2673724994251552
2012-02-15,0.2666524936796138
2012-02-16,0.2664819664599127
2012-02-17,0.2671511254019292
2012-02-22,0.2659361506660542
2012-02-23,0.2664322462103812
2012-02-24,0.2657030998851894
2012-02-28,0.2641239669421488
2012-02-29,0.2644452605003443
2012-03-01,0.2642915324436263
2012-03-02,0.2627983852364475
2012-03-05,0.2636782006920415
2012-03-06,0.2622126383763837
2012-03-07,0.2629432787641226
2012-03-08,0.2646201889836367
2012-03-09,0.2636645176145522
2012-03-12,0.2645641674333027
2012-03-13,0.2653011716057891
2012-03-14,0.2637686481523984
2012-03-15,0.2651675091911765
2012-03-16,0.2663256880733945
2012-03-19,0.2670797616319046
2012-03-20,0.2672868270332187
2012-03-21,0.2670867872681475
2012-03-22,0.2668018781493358
2012-03-23,0.2681755550469215
2012-03-26,0.2690704483074108
2012-03-27,0.2687665218385547
2012-03-28,0.2680032007315958
2012-03-29,0.2678594928032899
2012-03-30,0.2696362183146837
2012-04-03,0.2686077133728891
2012-04-04,0.267630127620784
2012-04-09,0.2668517335766423
2012-04-10,0.2666808850364963
2012-04-11,0.2659574031890661
2012-04-12,0.2675369738339022
2012-04-13,0.2668873463814292
2012-04-16,0.2662052799271734
2012-04-17,0.2664109620195588
2012-04-18,0.2659575193094048
2012-04-19,0.2659716167120799
2012-04-20,0.2664961416250567
2012-04-23,0.2657596459373581
2012-04-24,0.2663400589435502
2012-04-25,0.2664179882193022
2012-04-26,0.2669014499320344
2012-04-27,0.2671582522073805
2012-05-02,0.2649918662449164
2012-05-03,0.2644593495934959
2012-05-04,0.263372854561879
2012-05-07,0.2632896100969123
2012-05-08,0.2627291572780532
2012-05-09,0.2616295045045044
2012-05-10,0.2623156116242397
2012-05-11,0.2618418918918918
2012-05-14,0.2612604096331308
2012-05-15,0.2609536244934714
2012-05-16,0.261335507083427
2012-05-17,0.2610080880700966
2012-05-18,0.261008073559094
2012-05-21,0.2617458006718925
2012-05-22,0.2599834377797672
2012-05-23,0.259087491608861
2012-05-24,0.2593360178970917
2012-05-28,0.2584915064818954
2012-05-29,0.2581644295302013
2012-05-30,0.2577718631178707
2012-05-31,0.2561802728696041
2012-06-01,0.2559575039141131
2012-06-04,0.2572215020116227
2012-06-05,0.2567065120428189
2012-06-06,0.2575991992882562
2012-06-07,0.2588059768064228
2012-06-08,0.2580579580918413
2012-06-11,0.2577385300668151
2012-06-12,0.2579579064587973
2012-06-13,0.2584915405164737
2012-06-14,0.2582978865406006
2012-06-15,0.2595313612099644
2012-06-16,0.2481698113207547
2012-06-18,0.2592553333333333
2012-06-19,0.2597606040417499
2012-06-21,0.2568118899733806
2012-06-22,0.2560492021276596
2012-06-25,0.2550824102791316
2012-06-26,0.2534919194155412
2012-06-27,0.2534404603806994
2012-06-28,0.25351116515587
2012-06-29,0.2557086370664899
2012-07-02,0.2549133701657458
2012-07-03,0.2549588950276242
2012-07-04,0.2549655400927766
2012-07-05,0.2544724061810154
2012-07-06,0.2534983461962514
2012-07-10,0.2522959453503746
2012-07-11,0.2522959700506496
2012-07-12,0.251686317641883
2012-07-13,0.2527358698042665
2012-07-16,0.2519399604134594
2012-07-17,0.2506832161687171
2012-07-18,0.2492833004169409
2012-07-19,0.2497688596491228
2012-07-20,0.2497876862401402
2012-07-23,0.2476350907897615
2012-07-24,0.2453745899846927
2012-07-25,0.2455374179431072
2012-07-26,0.2447741582859641
2012-07-27,0.2472982532751091
2012-07-30,0.2471393013100437
2012-07-31,0.2508213740458015
2012-08-01,0.2537427512535426
2012-08-02,0.2487686436982119
2012-08-03,0.2518003922423186
2012-08-06,0.2508466898954704
2012-08-07,0.2505952121871599
2012-08-08,0.2505889517181383
2012-08-09,0.2504445652173913
2012-08-10,0.2504068680721582
2012-08-13,0.2464875135722041
2012-08-14,0.2475125922709509
2012-08-15,0.2470661892361111
2012-08-16,0.2481698113207547
2012-08-17,0.2480281629116118
2012-08-21,0.2491093546990039
2012-08-22,0.2491715771230503
2012-08-23,0.2490101797704137
2012-08-24,0.2487995675675675
2012-08-27,0.2491466839490171
2012-08-28,0.2488118384100238
2012-08-29,0.2480896521926982
2012-08-30,0.2478314267213468
2012-08-31,0.249047434238896
2012-09-03,0.248768684040491
2012-09-04,0.2488120025812002
2012-09-05,0.2484595872742906
2012-09-06,0.2488738990332975
2012-09-07,0.2514205106200387
2012-09-10,0.2524042051062004
2012-09-11,0.2530364806866952
2012-09-12,0.2532222698991633
2012-09-13,0.2539489817792068
2012-09-14,0.2569306358381503
2012-09-17,0.2571024818142918
2012-09-18,0.2566867650203122
2012-09-19,0.2561279641102328
2012-09-20,0.2562132023071993
2012-09-21,0.2564432351685872
2012-09-25,0.2567460012795905
2012-09-26,0.2558134328358208
2012-09-27,0.2559377664109122
2012-09-28,0.2552778369171812
2012-10-01,0.2557218557139817
2012-10-02,0.2573804255319149
2012-10-03,0.2577918349989368
2012-10-04,0.2588863153421164
2012-10-05,0.2594640050966235
2012-10-09,0.2584780394653087
2012-10-10,0.2588326617179215
2012-10-11,0.2597671610169492
2012-10-12,0.2611103112428541
2012-10-15,0.2607017135603977
2012-10-16,0.2622813358697949
2012-10-17,0.2631855452240067
2012-10-18,0.2619034846884899
2012-10-19,0.2613970029548332
2012-10-22,0.2616088148460564
2012-10-23,0.2597200084334808
2012-10-24,0.2585583403538332
2012-10-25,0.2586050084175084
2012-10-26,0.2584581228956229
2012-10-29,0.2555976455749422
2012-10-30,0.2571685912240185
2012-10-31,0.2573804028535459
2012-11-01,0.2579247379454927
2012-11-02,0.2571486684839589
2012-11-05,0.2559704402515723
2012-11-07,0.2565287211740042
2012-11-08,0.2565615835777126
2012-11-12,0.2540649947753395
2012-11-13,0.254725067948986
2012-11-14,0.2519463129308544
2012-11-15,0.2516293283270755
2012-11-16,0.2521114583333333
2012-11-19,0.2547575442247659
2012-11-20,0.2564366548783025
2012-11-21,0.2563970099667774
2012-11-22,0.257944640265395
2012-11-23,0.2591681195516812
2012-11-27,0.2589332504145937
2012-11-28,0.2603149068322981
2012-11-29,0.2617458083212585
2012-11-30,0.2623156262918561
2012-12-03,0.2612808756712103
2012-12-04,0.2626187332370538
2012-12-05,0.2629641311069882
2012-12-06,0.2608853437628654
2012-12-07,0.2611920625128521
2012-12-10,0.2614310096648159
2012-12-11,0.2630955217748562
2012-12-12,0.2651042692939244
2012-12-13,0.2638104226508002
2012-12-14,0.263949774497745
2012-12-17,0.2646273546273546
2012-12-18,0.2657383923092657
2012-12-19,0.2664393382352941
2012-12-20,0.2669085714285714
2012-12-21,0.2666952089704383
2012-12-26,0.2677735234215885
2012-12-27,0.2679025035619784
2012-12-28,0.2678451363451364
2012-12-31,0.267709028060187
2013-01-02,0.268781116751269
2013-01-03,0.266595494215547
2013-01-04,0.2645012180267965
2013-01-07,0.2647114175623605
2013-01-08,0.2648795620437956
2013-01-09,0.2647044165316045
2013-01-10,0.26653168657623
2013-01-11,0.2673510724403075
2013-01-14,0.2684492021813775
2013-01-15,0.2686872095372802
2013-01-16,0.2685501212611156
2013-01-17,0.2690486868686868
2013-01-18,0.2682906483538679
2013-01-21,0.2678307785397337
2013-01-22,0.2680750453903571
2013-01-23,0.268564464141821
2013-01-24,0.2693239975821075
2013-01-25,0.2689184290030211
2013-01-28,0.2684779722389861
2013-01-29,0.2681324356913183
2013-01-30,0.2683123744475693
2013-02-01,0.2724722166499498
2013-02-04,0.2705627132249649
2013-02-05,0.2709733146067415
2013-02-06,0.2708339683176258
2013-02-07,0.2704602602602602
2013-02-08,0.2710248198558846
2013-02-13,0.2717244204636291
2013-02-14,0.2716284972022382
2013-02-15,0.2709145879066054
2013-02-18,0.2714072082835523
2013-02-19,0.2721383910792512
2013-02-21,0.2707826605687015
2013-02-22,0.2697817097415507
2013-02-25,0.2691354787445371
2013-02-26,0.267931321953156
2013-02-27,0.268853373015873
2013-02-28,0.2694472849782005
2013-03-01,0.2683410576351752
2013-03-04,0.2675370003957261
2013-03-05,0.2678236108364643
2013-03-06,0.2679170124481327
2013-03-07,0.2698982816511949
2013-03-08,0.2711717670286278
2013-03-11,0.2715767487684729
2013-03-12,0.2715988578180385
2013-03-13,0.2704677165354331
2013-03-14,0.2706139626352015
2013-03-15,0.2718721523959151
2013-03-18,0.2712158555729984
2013-03-19,0.2710541601255887
2013-03-20,0.2722200196270854
2013-03-21,0.272657848324515
2013-03-22,0.2734332681017612
2013-03-25,0.2753303362001564
2013-03-26,0.2756187499999999
2013-03-27,0.2743032018742679
2013-04-03,0.2760068226120857
2013-04-04,0.2759534476042072
2013-04-05,0.2758469029996104
2013-04-08,0.2761667640755893
2013-04-09,0.2757175394198949
2013-04-10,0.2746498054474708
2013-04-11,0.2758543651565234
2013-04-12,0.2757935521460478
2013-04-15,0.275042701863354
2013-04-16,0.276541028128031
2013-04-17,0.2752924747866563
2013-04-18,0.2754593913549137
2013-04-19,0.2755960495739737
2013-04-22,0.2758469131023804
2013-04-23,0.2761210363495747
2013-04-24,0.2765257971014493
2013-04-25,0.277269476126039
2013-04-26,0.2775465430668211
2013-04-29,0.2788544401544401
2013-04-30,0.2788700597647965
2013-05-02,0.2800179087232813
2013-05-03,0.2812860165416426
2013-05-06,0.2804498847926267
2013-05-07,0.2803948176583493
2013-05-08,0.2815632911392404
2013-05-09,0.2822466960352423
2013-05-10,0.2799395677949895
2013-05-13,0.2767169883432065
2013-05-14,0.2745140401146131
2013-05-15,0.2731866997897955
2013-05-16,0.2748763615516912
2013-05-17,0.2726430481283423
2013-05-20,0.272628217349857
2013-05-21,0.2729778963414634
2013-05-22,0.2700294957183635
2013-05-23,0.2703505605168155
2013-05-24,0.2705480440562096
2013-05-27,0.2692588235294118
2013-05-28,0.2698982922201138
2013-05-29,0.2706578847611827
2013-05-30,0.2715840909090909
2013-05-31,0.2710174110522331
2013-06-03,0.272829014564025
2013-06-04,0.2724276800907544
2013-06-05,0.2727025137025137
2013-06-06,0.2761667609884927
2013-06-07,0.2769239622641509
2013-06-10,0.2752697455230914
2013-06-11,0.2756035781544256
2013-06-12,0.2759763068822866
2013-06-13,0.2770467430073212
2013-06-14,0.27772382739212
2013-06-17,0.2778240584598089
2013-06-18,0.2786446358359857
2013-06-19,0.2784584034398953
2013-06-24,0.275656844461022
2013-06-25,0.2773310331965684
2013-06-26,0.2747932960893854
2013-06-27,0.2762430723451739
2013-06-28,0.2741904231625835
2013-07-01,0.2754669758812616
2013-07-02,0.2751106785317018
2013-07-03,0.2749518340125972
2013-07-04,0.2744989820470109
2013-07-05,0.2734929681717246
2013-07-08,0.2731046597633136
2013-07-10,0.2746951782745243
2013-07-11,0.2773541243771913
2013-07-12,0.2778394765941762
2013-07-15,0.2794076257137594
2013-07-16,0.2808673413063478
2013-07-17,0.2795169117647059
2013-07-18,0.2793218348623853
2013-07-19,0.279915964848041
2013-07-22,0.2800258194469877
2013-07-23,0.279939582570487
2013-07-24,0.2790722913616398
2013-07-25,0.2794622262773722
2013-07-26,0.2790645867542419
2013-07-29,0.2796029117379436
2013-07-30,0.2799316487911288
2013-07-31,0.2803947320617621
2013-08-01,0.2807174741426238
2013-08-02,0.2805757026291931
2013-08-05,0.281460242709654
2013-08-06,0.2819761215629522
2013-08-07,0.2817773960216998
2013-08-08,0.2829655234657039
2013-08-09,0.2828933597979069
2013-08-12,0.2822626080691642
2013-08-13,0.2811040992448759
2013-08-14,0.2797907686781609
2013-08-15,0.2805678436995877
2013-08-16,0.2801904847075657
2013-08-20,0.2815869526362824
2013-08-21,0.2805757629841157
2013-08-22,0.2789711435696473
2013-08-23,0.2788545519203414
2013-08-26,0.27703125
2013-08-27,0.2732987772461456
2013-08-28,0.2736502654867256
2013-08-29,0.2757936760289702
2013-08-30,0.2753834626234132
2013-09-03,0.2740476274165202
2013-09-04,0.2746045247281655
2013-09-05,0.2737101245832602
2013-09-06,0.274325907735485
2013-09-09,0.2765869565217391
2013-09-10,0.2792359943977591
2013-09-11,0.2809225659849677
2013-09-12,0.281705944055944
2013-09-13,0.2821271615720524
2013-09-16,0.2829014305652477
2013-09-17,0.2828934169278997
2013-09-18,0.2850871152842983
2013-09-19,0.2857224730809308
2013-09-20,0.2851602152404096
2013-09-23,0.2828854617917172
2013-09-24,0.2826934673366834
2013-09-25,0.281246404435973
2013-09-26,0.280820020746888
2013-09-27,0.2814048359240069
2013-09-30,0.2835995166580355
2013-10-01,0.2834306896551724
2013-10-02,0.2823263829053937
2013-10-03,0.2815394012388162
2013-10-04,0.2818489592293136
2013-10-07,0.2814523277787322
2013-10-08,0.2811200618344212
2013-10-09,0.2802612055641422
2013-10-10,0.2819284611425631
2013-10-11,0.2817695473251029
2013-10-15,0.2816425145597807
2013-10-16,0.2822227358329053
2013-10-17,0.2837362843958297
2013-10-18,0.2832620430474888
2013-10-21,0.2829655407710679
2013-10-22,0.2846002046733754
2013-10-23,0.2841635402455661
2013-10-24,0.2838086882453151
2013-10-25,0.283302242609582
2013-10-28,0.2838328241683638
2013-10-29,0.2842361723786902
2013-10-30,0.2844382935500254
2013-10-31,0.2838570703653586
2013-11-01,0.2827015680323723
2013-11-04,0.2831176173649672
2013-11-05,0.2826455079764903
2013-11-07,0.2828935060565276
2013-11-08,0.2826535881958417
2013-11-11,0.2833584463418717
2013-11-12,0.283262048192771
2013-11-13,0.2835029278902459
2013-11-14,0.2841878443813658
2013-11-15,0.2841232693911593
2013-11-18,0.2840747834776815
2013-11-19,0.2838408676933267
2013-11-20,0.2808436983129341
2013-11-21,0.2807884139296914
2013-11-22,0.280985695494903
2013-11-26,0.2822864643150123
2013-11-27,0.2822466448445171
2013-11-28,0.2837683643486777
2013-11-29,0.2839376323074418
2013-12-02,0.2833985060084443
2013-12-03,0.2840990451529373
2013-12-04,0.283527105517909
2013-12-05,0.2843090266623835
2013-12-06,0.2856244793335469
2013-12-09,0.2862376380220836
2013-12-10,0.2865247445721584
2013-12-11,0.2854696511072168
2013-12-12,0.2853066878980891
2013-12-13,0.2854859278104627
2013-12-16,0.2851277909738717
2013-12-17,0.2851928300694883
2013-12-18,0.2851196299780495
2013-12-19,0.2845111771142723
2013-12-20,0.2853474470734745
2013-12-23,0.2865329192546583
2013-12-26,0.2863196354086204
2013-12-27,0.2868699738098906
2013-12-30,0.2875381076522005
2013-12-31,0.2883427388437356
2014-01-02,0.2866725744843392
2014-01-03,0.2851115179252479
2014-01-06,0.2855185746777862
2014-01-07,0.2850789633222189
2014-01-08,0.2852660105980318
2014-01-09,0.2858122547539993
2014-01-10,0.2868535414165666
2014-01-13,0.2866315160567587
2014-01-14,0.2870016393442623
2014-01-15,0.2868452997779422
2014-01-16,0.2862623265426631
2014-01-17,0.2863277916727968
2014-01-20,0.2863032967032967
2014-01-21,0.2863525054466231
2014-01-22,0.2862787114845938
2014-01-23,0.2871005161290322
2014-01-24,0.2861885
2014-01-27,0.2861558052434457
2014-01-28,0.2857388264669164
2014-01-29,0.2867630231105559
2014-01-30,0.2865493449781659
2014-01-31,0.2841877652933832
2014-02-03,0.2834467207995003
2014-02-04,0.2825657007244566
2014-02-05,0.282669493670886
2014-02-06,0.283494923857868
2014-02-07,0.283663775510204
2014-02-10,0.2840748081841432
2014-02-11,0.284373623559539
2014-02-12,0.2843332479180013
2014-02-13,0.285070841889117
2014-02-14,0.2846488854529055
2014-02-17,0.2849164948453608
2014-02-18,0.2852416012356802
2014-02-19,0.2852985477445058
2014-02-20,0.2847947799385875
2014-02-21,0.2854532823454429
2014-02-24,0.284292807129217
2014-02-25,0.2842443766679374
2014-02-26,0.2841635579241213
2014-02-27,0.2853637171511997
2014-02-28,0.286763017526035
2014-03-05,0.2866725888324873
2014-03-06,0.2889505780714013
2014-03-07,0.2885836407581732
2014-03-10,0.2878442946190052
2014-03-11,0.288425540025413
2014-03-12,0.2877283229655961
2014-03-13,0.2883921916592724
2014-03-14,0.2888587341772152
2014-03-17,0.2891594696969697
2014-03-18,0.2890590749120161
2014-03-19,0.2889254369420344
2014-03-20,0.2876125549278091
2014-03-21,0.2872325056433408
2014-03-25,0.2872572142410993
2014-03-26,0.2863360829896263
2014-03-27,0.28581225
2014-03-28,0.285551168311883
2014-03-31,0.2867300674831292
2014-04-01,0.2877118220444888
2014-04-03,0.287645625
2014-04-04,0.28733975
2014-04-07,0.2868863892013498
2014-04-08,0.2875133108361454
2014-04-09,0.287505
2014-04-10,0.288250875
2014-04-11,0.28870025
2014-04-14,0.2884920634920635
2014-04-15,0.288001875
2014-04-16,0.2878111486064242
2014-04-21,0.28724075
2014-04-22,0.2868617672790901
2014-04-23,0.287042875
2014-04-24,0.2874636920384952
2014-04-25,0.288018375
2014-04-28,0.2874884389451319
2014-04-29,0.2883090477380655
2014-04-30,0.2889171457135716
2014-05-05,0.2892848393950756
2014-05-06,0.29006525
2014-05-07,0.2903179602549681
2014-05-08,0.2900652336915771
2014-05-09,0.2891761399125546
2014-05-12,0.2893853451504182
2014-05-13,0.2891761625732452
2014-05-14,0.2893937282229965
2014-05-15,0.2890925006208095
2014-05-16,0.2890006208095356
2014-05-19,0.2895696909519672
2014-05-20,0.2875712158808933
2014-05-21,0.2864098238650459
2014-05-22,0.286911075282153
2014-05-23,0.2868864087301587
2014-05-26,0.2875215720307463
2014-05-27,0.2872077809441209
2014-05-28,0.2872078275947486
2014-05-29,0.2878609287925697
2014-05-30,0.2878525990099009
2014-06-02,0.2879438466295608
2014-06-03,0.2874223594811612
2014-06-04,0.287199481865285
2014-06-05,0.2882093480934808
2014-06-06,0.2888169741697416
2014-06-09,0.2889838868388683
2014-06-10,0.2886669126691266
2014-06-11,0.2892347152171239
2014-06-12,0.2891426989789642
2014-06-13,0.2895528905289052
2014-06-16,0.2893685570180834
2014-06-17,0.2888587772173699
2014-06-18,0.2897963099630996
2014-06-19,0.2904527675276753
2014-06-23,0.2905963099630996
2014-06-24,0.2908667896678966
2014-06-25,0.2915281603541564
2014-06-26,0.292218273487457
2014-06-27,0.2917578701426463
2014-06-30,0.2914091970982417
2014-07-01,0.2919537799631223
2014-07-02,0.2918855984271319
2014-07-03,0.2926115753256328
2014-07-04,0.2925944949619071
2014-07-07,0.2921584766584766
2014-07-08,0.2911886282696794
2014-07-10,0.291434691873312
2014-07-11,0.2916557477610109
2014-07-14,0.2924661349693251
2014-07-15,0.2931949693251534
2014-07-16,0.292662987490802
2014-07-17,0.2926971554683668
2014-07-18,0.2915281862745098
2014-07-21,0.2924490196078431
2014-07-22,0.2924660788635807
2014-07-23,0.2931089484637043
2014-07-24,0.2926801223241589
2014-07-25,0.2918004402054291
2014-07-28,0.2917152981427175
2014-07-29,0.29151123046875
2014-07-30,0.2914942080234117
2014-07-31,0.291766346036771
2014-08-01,0.2921158329286061
2014-08-04,0.2926457627118644
2014-08-05,0.292312167392356
2014-08-06,0.2908667311645906
2014-08-07,0.2879355423872294
2014-08-08,0.2883506226574779
2014-08-11,0.2885269649334946
2014-08-12,0.2866068665377176
2014-08-13,0.2870263507796446
2014-08-14,0.287894043735653
2014-08-15,0.2867794952300446
2014-08-19,0.283125754284335
2014-08-20,0.282669590291962
2014-08-21,0.2836799285288862
2014-08-22,0.2828613920285545
2014-08-25,0.2801120761451517
2014-08-26,0.2801042112776588
2014-08-27,0.2804105463635282
2014-08-28,0.2800885187388459
2014-08-29,0.2798533507915724
2014-09-01,0.2799551564172713
2014-09-02,0.2797124004280109
2014-09-03,0.2794076804184996
2014-09-04,0.2777161052255684
2014-09-05,0.2773232323232323
2014-09-08,0.2776389715510058
2014-09-09,0.2759686904761905
2014-09-10,0.2763958333333333
2014-09-11,0.275482085466016
2014-09-12,0.2756415139252559
2014-09-15,0.2755808140918829
2014-09-16,0.2747931691062715
2014-09-17,0.2742505643340858
2014-09-18,0.2745593441843887
2014-09-19,0.2735230349085727
2014-09-22,0.2728513112614216
2014-09-23,0.2729928741092636
2014-09-24,0.2725017814726841
2014-09-25,0.2721829297245964
2014-09-26,0.2719682802698544
2014-09-29,0.2713777594144729
2014-09-30,0.2715104389086595
2014-10-01,0.272985325443787
2014-10-02,0.2728587329780935
2014-10-03,0.2709953846153846
2014-10-06,0.2717907746895328
2014-10-07,0.269070372560615
2014-10-08,0.2686871825162433
2014-10-09,0.2696944510035419
2014-10-10,0.268384360973305
2014-10-14,0.2677735158739525
2014-10-15,0.2705334592234155
2014-10-16,0.2704164503186216
2014-10-17,0.2682547192071732
2014-10-20,0.26749410933082
2014-10-21,0.2672725023562677
2014-10-22,0.2666666274001649
2014-10-23,0.2649076451878902
2014-10-24,0.2646062176165802
2014-10-27,0.2655689411764705
2014-10-28,0.2671511409080216
2014-10-29,0.2665174685331137
2014-10-30,0.2655055294117647
2014-10-31,0.2637825882352941
2014-11-03,0.2629433474377057
2014-11-04,0.2640821579689704
2014-11-05,0.2632271979313587
2014-11-07,0.2624534665099882
2014-11-10,0.2629296039487601
2014-11-11,0.2618692126909518
2014-11-12,0.262405170387779
2014-11-13,0.2624465334900118
2014-11-14,0.2619172835154506
2014-11-17,0.2612329652255639
2014-11-18,0.2600848214285714
2014-11-19,0.2603421423537703
2014-11-20,0.260470988959361
2014-11-21,0.2591680366369187
2014-11-25,0.2588996832101373
2014-11-26,0.2580645312683327
2014-11-27,0.2569306826178747
2014-11-28,0.2567988033786955
2014-12-01,0.2549199484294421
2014-12-02,0.2513825526932084
2014-12-03,0.2511490283306017
2014-12-04,0.2528892268101532
2014-12-05,0.2510229052237934
2014-12-09,0.2542006548175865
2014-12-10,0.2543817097415507
2014-12-11,0.2552127485380117
2014-12-12,0.2558853935212256
2014-12-15,0.2540780025727985
2014-12-16,0.2561475850777687
2014-12-17,0.2556041398666823
2014-12-18,0.2537942690058479
2014-12-19,0.2549784820488832
2014-12-22,0.255885380116959
2014-12-23,0.2541618713450292
2014-12-24,0.2546602361744417
2014-12-29,0.2560294667913938
2014-12-30,0.2563314232253537
2014-12-31,0.2563839317038943
2015-01-02,0.2543881940385739
2015-01-05,0.2530364443406144
2015-01-06,0.2530044330377974
2015-01-07,0.2517115899825277
2015-01-08,0.2530236266294227
2015-01-09,0.2536333372133628
2015-01-12,0.2540328250494704
2015-01-13,0.2541747934365181
2015-01-14,0.2566274578243164
2015-01-15,0.2544075840409445
2015-01-16,0.2534661085920242
2015-01-19,0.2554669378268449
2015-01-20,0.2542847520613169
2015-01-21,0.2538844011142061
2015-01-22,0.2532607586126899
2015-01-23,0.2493765797101449
2015-01-26,0.2507019130434782
2015-01-27,0.2533055974041024
2015-01-28,0.2541038118410381
2015-01-29,0.254071461663192
2015-01-30,0.2542523137436372
2015-02-02,0.2541942005545286
2015-02-03,0.2572413116268329
2015-02-04,0.2568251732101616
2015-02-05,0.2590673210161663
2015-02-06,0.2567987065481002
2015-02-09,0.2577119778444495
2015-02-10,0.2583045433579335
2015-02-11,0.257267803641392
2015-02-12,0.2573803709250087
2015-02-13,0.2571553252734599
2015-02-18,0.2586853855005754
2015-02-19,0.2591882258249972
2015-02-20,0.258899689762151
2015-02-23,0.2555975889781859
2015-02-24,0.25314533149805
2015-02-25,0.2533570282045402
2015-02-26,0.2530428849902534
2015-02-27,0.2508843685537474
2015-03-02,0.2500124813924195
2015-03-03,0.2514711065339283
2015-03-04,0.2505260750228728
2015-03-05,0.2500562285714285
2015-03-06,0.2486201187485727
2015-03-09,0.2497876540392515
2015-03-10,0.247463511972634
2015-03-11,0.2473533097869431
2015-03-12,0.2493082004555809
2015-03-13,0.2475798702038028
2015-03-16,0.2491156780143459
2015-03-17,0.2495632183908046
2015-03-18,0.2485706973040609
2015-03-19,0.2476228110075051
2015-03-20,0.246956245027844
2015-03-25,0.2530107942279286
2015-03-26,0.2523531682943448
2015-03-27,0.2524296254256526
2015-03-30,0.2519779945553538
2015-03-31,0.2512499433235095
2015-04-01,0.2522513877874702
2015-04-06,0.2556825954025591
2015-04-07,0.254136034404708
2015-04-08,0.2541167288768239
2015-04-09,0.2526209157716224
2015-04-10,0.2505575141242938
2015-04-13,0.2501251129177958
2015-04-14,0.2523468051478889
2015-04-15,0.2521559891721182
2015-04-16,0.2544334536431311
2015-04-17,0.2553756625690763
2015-04-20,0.2537684590237853
2015-04-21,0.2532991886409736
2015-04-22,0.2536397116792431
2015-04-23,0.2543688238604389
2015-04-24,0.2560359955005624
2015-04-27,0.256719617762788
2015-04-28,0.2591680341688209
2015-04-29,0.2594639406874859
2015-04-30,0.2585515886381498
2015-05-04,0.2575593581687612
2015-05-05,0.2582911293035774
2015-05-06,0.2592487110513337
2015-05-07,0.2585115419094577
2015-05-08,0.2586185035842294
2015-05-11,0.2589398858166349
2015-05-12,0.2593360564010743
2015-05-13,0.2605388143176734
2015-05-14,0.2616225402504472
2015-05-15,0.2624602660109534
2015-05-18,0.2607222160169775
2015-05-19,0.2584313462826523
2015-05-20,0.2581577772818567
2015-05-21,0.2578515834076717
2015-05-22,0.2571619663359714
2015-05-26,0.2576323234573401
2015-05-27,0.2579180674607592
2015-05-28,0.2583111506788337
2015-05-29,0.2584112544483986
2015-06-01,0.2580312361049355
2015-06-02,0.2601524275080547
2015-06-03,0.260742644609748
2015-06-04,0.2607630410654828
2015-06-05,0.2586986909252274
2015-06-08,0.2605388112663561
2015-06-09,0.2615815139088995
2015-06-10,0.2618006423745708
2015-06-11,0.2613286093888397
2015-06-12,0.2602472059311718
2015-06-15,0.2607018028979095
2015-06-16,0.2605591552410438
2015-06-17,0.2607493922651933
2015-06-18,0.2617252540874945
2015-06-19,0.2613558966431096
2015-06-22,0.2647323694956406
2015-06-23,0.2657242140099283
2015-06-24,0.2669157569743081
2015-06-25,0.264669348616775
2015-06-26,0.2633103106411104
2015-06-29,0.2650761862820654
2015-06-30,0.265034110915493
2015-07-01,0.2639775651600132
2015-07-02,0.2653575904144223
2015-07-03,0.2654702328646748
2015-07-06,0.2653927316644707
2015-07-07,0.2636018213737107
2015-07-08,0.2638173941653871
2015-07-10,0.2659786277948268
2015-07-13,0.2647744303242769
2015-07-14,0.2652801138852387
2015-07-15,0.2646342344314326
2015-07-16,0.2636227302559615
2015-07-17,0.2619721189591077
2015-07-20,0.2612193202928641
2015-07-21,0.2631370685889034
2015-07-22,0.2617184805152276
2015-07-23,0.2619721767594108
2015-07-24,0.2617938481675393
2015-07-27,0.2650480758748501
2015-07-28,0.2646973196774896
2015-07-29,0.2651745807013722
2015-07-30,0.2642916077065418
2015-07-31,0.2651605005440696
2015-08-03,0.2649848830886351
2015-08-04,0.2637965217391305
2015-08-05,0.2621644758283541
2015-08-06,0.2632064284938647
2015-08-07,0.2632064250054265
2015-08-10,0.263275704989154
2015-08-11,0.2623432318196597
2015-08-12,0.2626187845303868
2015-08-13,0.2634698495182418
2015-08-14,0.2644033549783549
2015-08-18,0.259564954029205
2015-08-19,0.2587924548697438
2015-08-20,0.2578316585629389
2015-08-21,0.2587187904967603
2015-08-24,0.260640660407899
2015-08-25,0.2587255176876617
2015-08-26,0.2545695656859575
2015-08-27,0.2553887333046101
2015-08-28,0.2544658772874058
2015-08-31,0.2544788080895009
2015-09-01,0.2546343508168529
2015-09-02,0.2546213748657358
2015-09-03,0.2541425351507996
2015-09-04,0.2552974683544304
2015-09-07,0.2542071734475374
2015-09-08,0.2557348184641748
2015-09-09,0.2568712542808219
2015-09-10,0.2573804278074866
2015-09-11,0.2585849903784478
2015-09-14,0.2574665028314991
2015-09-15,0.2576788040576614
2015-09-16,0.2592487461316828
2015-09-17,0.2582444278553908
2015-09-18,0.2562393945853762
2015-09-21,0.2539166932992436
2015-09-22,0.2532607815994037
2015-09-23,0.2531197063204937
2015-09-24,0.2549914929817099
2015-09-25,0.2541102370575103
2015-09-28,0.2543041445270988
2015-09-29,0.2544723874256584
2015-09-30,0.2548810231373381
2015-10-01,0.2542847295864263
2015-10-02,0.2555714134350498
2015-10-05,0.2578847945785684
2015-10-06,0.2591949000105809
2015-10-07,0.2595784686971235
2015-10-08,0.2592016913319239
2015-10-09,0.2611648177496038
2015-10-13,0.2588192949123918
2015-10-14,0.260091570840806
2015-10-15,0.2625085407001265
2015-10-16,0.2607494204425711
2015-10-19,0.2596188671299221
2015-10-20,0.259490845959596
2015-10-21,0.2585515718641573
2015-10-22,0.2578848013453858
2015-10-23,0.2567921218487395
2015-10-26,0.2581977537524929
2015-10-27,0.2581111926990454
2015-10-28,0.258511532816104
2015-10-29,0.2580112135820583
2015-10-30,0.2588996438298764
2015-11-02,0.2578383045525902
2015-11-03,0.258418008784773
2015-11-04,0.2571950480568324
2015-11-05,0.2574864300626305
2015-11-09,0.2551867111713779
2015-11-10,0.2555387661525635
2015-11-11,0.2564563157346662
2015-11-12,0.2577053562142485
2015-11-13,0.2568976517040731
2015-11-16,0.2563313959522574
2015-11-17,0.2558591578510683
2015-11-18,0.2561671849087893
2015-11-19,0.2576921404162783
2015-11-20,0.2571090194455938
2015-11-23,0.2578582506203474
2015-11-24,0.2586385156088485
2015-11-25,0.2579114486464145
2015-11-26,0.2577651374250878
2015-11-30,0.2581911643270024
2015-12-01,0.2582510826974634
2015-12-02,0.257672159851684
2015-12-03,0.2596390946502057
2015-12-04,0.2619858170606372
2015-12-09,0.2589399137222679
2015-12-10,0.2588326325505076
2015-12-11,0.2594571779392203
2015-12-14,0.2590808297567954
2015-12-15,0.2580378339791964
2015-12-16,0.2577253205780582
2015-12-17,0.2566339552238806
2015-12-18,0.2563379622641509
2015-12-21,0.2569373250388803
2015-12-22,0.2568515408320493
2015-12-23,0.2572546082949308
2015-12-24,0.2571553516819572
2015-12-28,0.2577452307692308
2015-12-29,0.2564299930571627
2015-12-30,0.2562066389402341
2015-12-31,0.2569372699386503
2016-01-04,0.2552257575757576
2016-01-05,0.254245934065934
2016-01-06,0.2535625629949604
2016-01-07,0.2546992086330935
2016-01-08,0.2545371037463976
2016-01-11,0.2542200732600732
2016-01-12,0.2540779335793358
2016-01-13,0.2541296159527326
2016-01-14,0.253800679245283
2016-01-15,0.2521686567164179
2016-01-18,0.252889233038348
2016-01-19,0.2518827997021593
2016-01-20,0.2519462962962963
2016-01-21,0.2518447794117647
2016-01-22,0.2509221412964312
2016-01-25,0.2519716871832005
2016-01-26,0.2520478700361011
2016-01-27,0.2519399135446686
2016-01-28,0.2530684248554913
2016-01-29,0.2523722779369627
2016-02-01,0.2528445152158527
2016-02-02,0.2522386275203396
2016-02-03,0.2534211864406779
2016-02-04,0.2561081517919887
2016-02-05,0.257838312095258
2016-02-10,0.2573207586206896
2016-02-11,0.2571619535519125
2016-02-12,0.2572810590631365
2016-02-15,0.256561554054054
2016-02-16,0.256088489014692
2016-02-17,0.2563773849232822
2016-02-18,0.2557086985391766
2016-02-19,0.2555126826029216
2016-02-22,0.2558853770491803
2016-02-23,0.2557871895424836
2016-02-24,0.2552517915309446
2016-02-25,0.2558395061728395
2016-02-26,0.2555191984486102
2016-02-29,0.2561934810126582
2016-03-01,0.257195
2016-03-02,0.257109067688378
2016-03-03,0.2571355263157894
2016-03-04,0.2560229605263158
2016-03-07,0.2557283349561831
2016-03-08,0.2560754094116124
2016-03-09,0.2569967469095641
2016-03-10,0.2574665580182529
2016-03-11,0.2577186531986532
2016-03-14,0.2572413513513513
2016-03-15,0.2566274104683195
2016-03-16,0.256502327173169
2016-03-17,0.2592083612040134
2016-03-18,0.259564972899729
2016-03-21,0.2595447823082238
2016-03-22,0.2603014593467685
2016-03-23,0.2605252413793103
2016-03-28,0.2614242076871207
2016-03-29,0.26274996582365
2016-03-30,0.2643404794520548
2016-03-31,0.2662265306122449
2016-04-01,0.264585260311021
2016-04-04,0.264361439239647
2016-04-05,0.2622125340599455
2016-04-06,0.2634282876712329
2016-04-07,0.2636574291637871
2016-04-08,0.2647323895027624
2016-04-11,0.2658654958677686
2016-04-12,0.2653928052576963
2016-04-13,0.2648445293504689
2016-04-14,0.2643614096301465
2016-04-15,0.2649076868327402
2016-04-18,0.2649989391796322
2016-04-19,0.2654914023960535
2016-04-20,0.2654773361227336
2016-04-21,0.2654350385423966
2016-04-22,0.265244965034965
2016-04-25,0.2657595254710397
2016-04-26,0.265872606568833
2016-04-27,0.2662832276250881
2016-04-28,0.2662548251748251
2016-04-29,0.2677161403508772
2016-05-02,0.2665955602536998
2016-05-03,0.2647533802816901
2016-05-04,0.264033356741573
2016-05-05,0.2638940308988764
2016-05-06,0.2640752287121745
2016-05-09,0.2643055145767475
2016-05-10,0.2650340733455107
2016-05-11,0.2662052779732582
2016-05-12,0.2653928016937191
2016-05-13,0.2641379505300353
2016-05-16,0.2616636485817358
2016-05-17,0.2620132956152758
2016-05-18,0.2602878669968164
2016-05-19,0.2586251773049645
2016-05-20,0.2576589241182757
2016-05-23,0.2585582558970693
2016-05-24,0.259578434163701
2016-05-26,0.2607834226509468
2016-05-27,0.2601930316091954
2016-05-30,0.260071265189421
2016-05-31,0.2595245514973912
2016-06-01,0.2595514695340501
2016-06-02,0.2589868345323741
2016-06-03,0.2597537361923326
2016-06-06,0.2615199709513435
2016-06-07,0.2606203034682081
2016-06-08,0.2610489208633093
2016-06-09,0.260579522431259
2016-06-10,0.2588460869565217
2016-06-13,0.2591412318840579
2016-06-14,0.2578515636363636
2016-06-15,0.2589532921062205
2016-06-16,0.2581778017241379
2016-06-21,0.2591613457408733
2016-06-22,0.2598347547974413
2016-06-23,0.2623432525951557
2016-06-24,0.2573936369725385
2016-06-27,0.2574532679738562
2016-06-28,0.2578981208053691
2016-06-29,0.2594774365821095
2016-06-30,0.2587857712765957
2016-07-01,0.2595717333333333
2016-07-04,0.2594976095617529
2016-07-05,0.2572082432432432
2016-07-06,0.2575925144607009
2016-07-07,0.2574863837011885
2016-07-11,0.2575196038251366
2016-07-12,0.2583578983516483
2016-07-13,0.2590673301304049
2016-07-14,0.2597942333785617
2016-07-15,0.2586786622073578
2016-07-18,0.2596121452145214
2016-07-19,0.2590270666666667
2016-07-20,0.2592151293961513
2016-07-21,0.2599833333333333
2016-07-22,0.2603149564050972
2016-07-25,0.259996856187291
2016-07-26,0.2603014046822742
2016-07-27,0.2601795333333333
2016-07-28,0.2612740026595745
2016-07-29,0.2623570286475682
2016-08-01,0.2623088412592096
2016-08-02,0.262542962962963
2016-08-03,0.2615131136516476
2016-08-04,0.2612329966329966
2016-08-05,0.2602066260987153
2016-08-08,0.2616841854124063
2016-08-09,0.262191943127962
2016-08-10,0.2620132924335378
2016-08-11,0.2623088676671214
2016-08-12,0.2623295160190866
2016-08-16,0.2647042944785276
2016-08-17,0.2635393098782138
2016-08-18,0.2656536144578313
2016-08-19,0.2653153237699424
2016-08-22,0.2647814314652262
2016-08-23,0.2650621293800539
2016-08-24,0.2656889636608345
2016-08-25,0.2661131631967763
2016-08-26,0.2646903333333333
2016-08-29,0.2640891390728477
2016-08-30,0.263699200532978
2016-08-31,0.2646482920294709
2016-09-01,0.265435033557047
2016-09-02,0.2659362241494329
2016-09-05,0.2657312916111851
2016-09-06,0.2663470705725699
2016-09-07,0.2662477740863787
2016-09-08,0.2663328467153285
2016-09-09,0.2656324432576769
2016-09-12,0.2653082943143813
2016-09-13,0.2640682666666666
2016-09-14,0.2639636726546906
2016-09-15,0.2648374917053749
2016-09-16,0.264802445472571
2016-09-19,0.2650481188118812
2016-09-20,0.2645992734478203
2016-09-21,0.2653082562747688
2016-09-22,0.2659998681086785
2016-09-23,0.265844322827377
2016-09-26,0.2664961286089239
2016-09-27,0.2666737565445026
2016-09-28,0.2663896036387264
2016-09-29,0.266184
2016-09-30,0.2668160679294578
2016-10-03,0.2658584402764067
2016-10-04,0.2647744232036915
2016-10-05,0.2651605661619486
2016-10-06,0.2640403681788297
2016-10-07,0.2632825814948963
2016-10-11,0.2624809492419248
2016-10-12,0.2619721300597213
2016-10-13,0.2627568728522336
2016-10-14,0.2620339373970345
2016-10-17,0.2613559020923806
2016-10-18,0.2614242503945292
2016-10-19,0.260817374136229
2016-10-20,0.2598145166611679
2016-10-21,0.2588058804096465
2016-10-24,0.2589465865575069
2016-10-25,0.259760472751149
2016-10-26,0.260098322920092
2016-10-27,0.2594773955450112
2016-10-28,0.2598955233706386
2016-10-31,0.2606066666666666
2016-11-01,0.2625843449419568
2016-11-02,0.2622538054268696
2016-11-03,0.2622813245033112
2016-11-04,0.2636018592297476
2016-11-07,0.2621712956810631
2016-11-08,0.2629019423978567
2016-11-09,0.2618898123324397
2016-11-10,0.2606067198935463
2016-11-11,0.2604641509433962
2016-11-14,0.2595986581469648
2016-11-15,0.2603352903225807
2016-11-16,0.2598617419354839
2016-11-17,0.25855826873385
2016-11-18,0.257619069166128
2016-11-21,0.2585716607084823
2016-11-22,0.2589801294498381
2016-11-23,0.2582978120978121
2016-11-24,0.2582311454311454
2016-11-25,0.2583979414602766
2016-11-29,0.260722229299363
2016-11-30,0.2605184018149735
2016-12-01,0.2609330808080808
2016-12-02,0.2622400250941029
2016-12-05,0.2623088652258836
2016-12-06,0.262570540201005
2016-12-07,0.2633311444652907
2016-12-12,0.2623157205240174
2016-12-13,0.2629572215958913
2016-12-14,0.262446524733876
2016-12-15,0.2596323308270676
2016-12-16,0.2580977987421383
2016-12-19,0.2590405303030302
2016-12-20,0.2599631147540983
2016-12-21,0.2613422419252691
2016-12-22,0.2619858232676414
2016-12-23,0.2620751113118668
2016-12-26,0.2618280566280566
2016-12-27,0.2601998070739549
2016-12-28,0.2593697142857143
2016-12-29,0.2602133977900552
2016-12-30,0.259855003146633
2017-01-02,0.2597942211055276
2017-01-03,0.25884603323926
2017-01-04,0.25931592039801
2017-01-05,0.2600374686716791
2017-01-06,0.26013889943074
2017-01-09,0.2601998111425873
2017-01-10,0.2601659936908517
2017-01-11,0.2606338801261829
2017-01-12,0.261547311827957
2017-01-13,0.2611784520280073
2017-01-16,0.2611102644836272
2017-01-17,0.2622469042680244
2017-01-18,0.2625016588419405
2017-01-19,0.2620201886792453
2017-01-20,0.2632964498900408
2017-01-23,0.2635671267252196
2017-01-24,0.264005461393597
2017-01-25,0.2643264807270448
2017-01-26,0.2637617462311558
2017-01-27,0.2647954716981132
2017-01-30,0.2649918969849246
2017-01-31,0.2651113417625967
2017-02-01,0.2646062658227848
2017-02-02,0.2661981505102041
2017-02-03,0.2671368117797695
2017-02-06,0.2673224968314322
2017-02-07,0.2669157894736842
2017-02-08,0.2668018500797448
2017-02-09,0.2670226777706598
2017-02-10,0.2667377734877735
2017-02-13,0.2666453341943817
2017-02-14,0.2666239819004524
2017-02-15,0.267208203125
2017-02-16,0.2691065759637188
2017-02-17,0.2701023596938775
2017-02-20,0.2694619062798852
2017-02-21,0.2703725816784113
2017-02-22,0.2699419852232573
2017-02-23,0.2703945161290322
2017-02-24,0.2711570413436692
2017-03-01,0.2737850843060959
2017-03-02,0.2709366233766234
2017-03-03,0.2700804530744336
2017-03-06,0.2721162790697674
2017-03-07,0.2721754983922829
2017-03-08,0.2708559284116331
2017-03-09,0.2714661944623309
2017-03-10,0.2722644056847545
2017-03-13,0.2731792792792792
2017-03-14,0.2727099452848406
2017-03-15,0.2744312138728323
2017-03-16,0.2750502253702511
2017-03-17,0.2752697943444729
2017-03-20,0.2758468330134357
2017-03-21,0.275103141025641
2017-03-22,0.2742656220019188
2017-03-23,0.2740101347017318
2017-03-27,0.2768166398972053
2017-03-28,0.2766558115587592
2017-03-29,0.2761286454957875
2017-03-30,0.2755428293316028
2017-03-31,0.2755807667316439
2017-04-03,0.2751258850276064
2017-04-04,0.2738450814332248
2017-04-05,0.2737476240072907
2017-04-06,0.2743634827810266
2017-04-07,0.2739575757575757
2017-04-10,0.2731494411571334
2017-04-11,0.2732837864395676
2017-04-12,0.2734107965766952
2017-04-17,0.2735005263157894
2017-04-18,0.2726058565919341
2017-04-19,0.2723830519480519
2017-04-20,0.2723089219572422
2017-04-21,0.2720496449322143
2017-04-24,0.2738375568551007
2017-04-25,0.2747554474708171
2017-04-26,0.2746045836023241
2017-04-27,0.275239429312581
2017-04-28,0.2759838961038961
2017-05-02,0.2771311111111111
2017-05-03,0.2768549378678875
2017-05-04,0.2769699542782495
2017-05-05,0.2783731945348081
2017-05-08,0.277831803490627
2017-05-09,0.2773309500805153
2017-05-10,0.277323275306254
2017-05-11,0.2770697116942014
2017-05-12,0.2775310880829015
2017-05-15,0.2773771410173857
2017-05-16,0.2782569961489088
2017-05-17,0.277131133888533
2017-05-18,0.2780945
2017-05-19,0.2793842367601246
2017-05-22,0.2788700030892802
2017-05-23,0.2783886886264761
2017-05-24,0.2786990055935364
2017-05-26,0.2795404122423485
2017-05-29,0.2806623830318153
2017-05-30,0.2820635913312694
2017-05-31,0.2825976397515528
2017-06-01,0.281373100871731
2017-06-02,0.2819363125
2017-06-05,0.2821909346670835
2017-06-06,0.282302435977514
2017-06-07,0.2827175109443402
2017-06-08,0.2832941509433962
2017-06-09,0.2832219221105527
2017-06-12,0.2822387441130298
2017-06-13,0.2833422907488986
2017-06-14,0.2848029348784481
2017-06-15,0.2832138923654568
2017-06-16,0.2839940773067332
2017-06-19,0.283326253869969
2017-06-21,0.2822546239210851
2017-06-22,0.2816980489315578
2017-06-23,0.2828694281298299
2017-06-26,0.283840931372549
2017-06-27,0.2842362804878049
2017-06-28,0.2855266261398176
2017-06-29,0.2865247272727272
2017-06-30,0.2868205652435358
2017-07-03,0.2851683928571428
2017-07-04,0.2844303012404017
2017-07-05,0.284949008168028
2017-07-06,0.2834225995316159
2017-07-07,0.2824858657243816
2017-07-10,0.2816742571344513
2017-07-11,0.2805757647058823
2017-07-12,0.282222786005074
2017-07-13,0.2822546312684366
2017-07-14,0.2813968545994065
2017-07-17,0.2792048434731246
2017-07-18,0.2803869186046512
2017-07-19,0.2804262390670554
2017-07-20,0.2812939534883721
2017-07-21,0.2800728473019517
2017-07-24,0.2801591508892714
2017-07-25,0.2800728260869565
2017-07-26,0.2804970285714286
2017-07-27,0.2812464852607709
2017-07-28,0.2809699269252389
2017-07-31,0.2805521541950113
2017-08-01,0.2808830755232029
2017-08-02,0.2794154545454545
2017-08-03,0.2777623655913978
2017-08-04,0.2754365591397849
2017-08-07,0.2766098870056497
2017-08-08,0.2769546352197709
2017-08-09,0.2780480790960452
2017-08-10,0.278776736307171
2017-08-11,0.2792282326369282
2017-08-14,0.2790256275539989
2017-08-15,0.2765104276508494
2017-08-16,0.2763805345729227
2017-08-17,0.2757631912442396
2017-08-18,0.2761591777649103
2017-08-22,0.2762583381754794
2017-08-23,0.2769699361578642
2017-08-24,0.2783964555490993
2017-08-25,0.2790178861788618
2017-08-28,0.2794076610562971
2017-08-29,0.2799081920091981
2017-08-30,0.2785825761932144
2017-08-31,0.2789244945118428
2017-09-01,0.2797437790697674
2017-09-04,0.2798690075449797
2017-09-05,0.2801198955916473
2017-09-06,0.2789244712182061
2017-09-07,0.2836235465116279
2017-09-08,0.2846894186046512
2017-09-11,0.283857026239067
2017-09-12,0.2823024604569419
2017-09-13,0.282119273579379
2017-09-14,0.2842039434961742
2017-09-15,0.2838731664212076
2017-09-18,0.2835431492842536
2017-09-19,0.2847785880980163
2017-09-20,0.2856326934264107
2017-09-21,0.2849002895193978
2017-09-22,0.2862458694396302
2017-09-25,0.2840263849229012
2017-09-26,0.2835511945392491
2017-09-27,0.2824459567198177
2017-09-28,0.2834065751858205
2017-09-29,0.2829894858463316
2017-10-02,0.2828214183175423
2017-10-03,0.2832299741602067
2017-10-04,0.2846732154174108
2017-10-05,0.2842523987359954
2017-10-06,0.2841474347950702
2017-10-09,0.2850383161512027
2017-10-10,0.2861393974175036
2017-10-11,0.2862458950510966
2017-10-12,0.2859594028136664
2017-10-13,0.2853962753690036
2017-10-17,0.2846164984136141
2017-10-18,0.2853148703170028
2017-10-19,0.2866150716332378
2017-10-20,0.2866150975889782
2017-10-23,0.2861967269595177
2017-10-24,0.2854125714285714
2017-10-25,0.2850139508290452
2017-10-26,0.2836235560588901
2017-10-27,0.2827894468085106
2017-10-30,0.2838087005649717
2017-10-31,0.2840505805720759
2017-11-01,0.2847542305508234
2017-11-02,0.2851358447488584
2017-11-03,0.2848191609977324
2017-11-07,0.284357507082153
2017-11-08,0.2847542808219178
2017-11-09,0.2838248358549814
2017-11-10,0.281729808516719
2017-11-13,0.2818886285714285
2017-11-14,0.2827094857142856
2017-11-15,0.2831818285714286
2017-11-16,0.2843817776252573
2017-11-17,0.2848434658278524
2017-11-21,0.2842362492853059
2017-11-22,0.2847299483648881
2017-11-23,0.284770493685419
2017-11-24,0.2849489913544668
2017-11-27,0.2852578521939954
2017-11-28,0.2857959689029657
2017-11-29,0.2853229842180774
2017-11-30,0.2859103149378792
2017-12-01,0.287034648868253
2017-12-04,0.286385249207721
2017-12-05,0.285322961249277
2017-12-06,0.284155491161982
2017-12-07,0.2845759837962963
2017-12-11,0.2833583526682134
2017-12-12,0.2818727377521614
2017-12-13,0.2830536106296938
2017-12-14,0.2837926074498568
2017-12-15,0.2844869540393948
2017-12-18,0.2854207171314741
2017-12-19,0.2854207171314741
2017-12-20,0.2861557995495495
2017-12-21,0.2866972431077694
2017-12-22,0.2867383508577753
2017-12-26,0.2863852195254976
2017-12-27,0.2872903015838577
2017-12-28,0.2879520833333333
2017-12-29,0.2882093409834307
2018-01-02,0.2894775122216186
2018-01-03,0.2898970994849553
2018-01-04,0.2900568438003221
2018-01-05,0.2911716861081654
2018-01-08,0.2901325801366263
2018-01-09,0.2904528262017961
2018-01-10,0.2919281954887218
2018-01-11,0.2925601817210048
2018-01-12,0.2944380417335473
2018-01-15,0.2942387852956846
2018-01-16,0.2914092592592592
2018-01-17,0.291290397877984
2018-01-18,0.2926201377848436
2018-01-19,0.2929630429060278
2018-01-22,0.2925173926668756
2018-01-23,0.2931347814843548
2018-01-24,0.2931777608142494
2018-01-25,0.2955956032719837
2018-01-26,0.2948808891159938
2018-01-29,0.2939706843718079
2018-01-30,0.2925002801120447
2018-01-31,0.2927315012722646
2018-02-01,0.2916302373581011
2018-02-02,0.2904865863041805
2018-02-05,0.2895361396303901
2018-02-06,0.2874389059304703
2018-02-07,0.2861967504442751
2018-02-08,0.2848272408612919
2018-02-09,0.2828054054054054
2018-02-14,0.2834467336683418
2018-02-15,0.2827894201424211
2018-02-16,0.2819840587044534
2018-02-19,0.2851602512562814
2018-02-20,0.2863196473551637
2018-02-21,0.2866808030112923
2018-02-22,0.2863606516290726
2018-02-23,0.286574024024024
2018-02-26,0.2869604950495049
2018-02-27,0.2874967821782178
2018-02-28,0.287976976628543
2018-03-01,0.2875711875341174
2018-03-02,0.2905709916132215
2018-03-05,0.2885003958436418
2018-03-06,0.288950540806293
2018-03-07,0.2892263106320431
2018-03-08,0.2889338408644401
2018-03-09,0.2905456296296296
2018-03-12,0.2903937623762376
2018-03-13,0.2915366963402572
2018-03-14,0.2912479980227385
2018-03-15,0.2901157532563283
2018-03-16,0.2892179702970296
2018-03-19,0.2879520792079208
2018-03-20,0.2874224031581544
2018-03-21,0.286795905278737
2018-03-22,0.2873233127317676
2018-03-23,0.2873315502724121
2018-03-26,0.2858041109460129
2018-03-27,0.2867959143197144
2018-03-28,0.2850302248250533
2018-04-03,0.2833985133795837
2018-04-04,0.2827334489593657
2018-04-05,0.2832781188118812
2018-04-06,0.2827734390485629
2018-04-09,0.2840344229816741
2018-04-10,0.2854451388888889
2018-04-11,0.2851439904799683
2018-04-12,0.2847299356754082
2018-04-13,0.283969881305638
2018-04-16,0.2831978733926805
2018-04-17,0.2845354806739346
2018-04-18,0.2846326794139558
2018-04-19,0.2839376488095238
2018-04-20,0.2832861317483903
2018-04-23,0.2819045409674234
2018-04-24,0.2805285291214215
2018-04-25,0.2783112285206399
2018-04-26,0.2787456447688564
2018-04-27,0.2786058422590068
2018-05-02,0.2760524528301887
2018-05-03,0.2764569130434782
2018-05-04,0.2767016972477064
2018-05-07,0.2772002732240436
2018-05-08,0.277561875
2018-05-09,0.2789789172535211
2018-05-10,0.2804576906126046
2018-05-11,0.2800257523645743
2018-05-14,0.2785050020008003
2018-05-15,0.2779708108108108
2018-05-16,0.2787145738987238
2018-05-17,0.2782415296052631
2018-05-18,0.2784274252967663
2018-05-21,0.279399852392472
2018-05-22,0.2806623558484349
2018-05-23,0.2797124412665985
2018-05-24,0.2806938617886179
2018-05-28,0.2798376770538243
2018-05-29,0.2779862721417069
2018-05-30,0.2801512635379061
2018-05-31,0.2806387419871795
2018-06-01,0.2811437037037037
2018-06-04,0.2803633560272326
2018-06-05,0.2806387419871795
2018-06-06,0.2798220481927711
2018-06-07,0.2801826696017611
2018-06-08,0.2802140655867246
2018-06-11,0.2797750769230769
2018-06-12,0.2785437669902912
2018-06-13,0.2780867692307692
2018-06-14,0.2769929602888086
2018-06-15,0.2759305820105819
2018-06-18,0.2746649021029732
2018-06-19,0.2750804755043227
2018-06-21,0.2760677090909091
2018-06-22,0.2774540910773787
2018-06-25,0.2762354743447767
2018-06-26,0.27474036900369
2018-06-27,0.2742205174927113
2018-06-28,0.2734780782918149
2018-06-29,0.2734930675909878
2018-07-02,0.2723089045936396
2018-07-03,0.2739575899280575
2018-07-04,0.2736277520484503
2018-07-05,0.2748158645276292
2018-07-06,0.2759229749103943
2018-07-10,0.2753607234198026
2018-07-11,0.2740702081051478
2018-07-12,0.2745970253396989
2018-07-13,0.2745141124586548
2018-07-16,0.2757327485380117
2018-07-17,0.2750199274047187
2018-07-18,0.2748309660120299
2018-07-19,0.2744538347923196
2018-07-20,0.2754441624365482
2018-07-23,0.2744237146994931
2018-07-24,0.2740326783114992
2018-07-25,0.2747630156991603
2018-07-26,0.274167894928858
2018-07-27,0.2734257639524245
2018-07-30,0.2729406714364337
2018-07-31,0.2723608172199927
2018-08-01,0.2719756221616712
2018-08-02,0.2709953734061931
2018-08-03,0.2704530230853793
2018-08-06,0.2703287230150018
2018-08-07,0.2715841576930097
2018-08-08,0.2719460397830018
2018-08-09,0.2711496620419779
2018-08-10,0.2688316581196581
2018-08-13,0.2702775605680869
2018-08-14,0.2715030395136778
2018-08-15,0.2714072333333333
2018-08-16,0.2720496313672922
2018-08-17,0.2730375544388609
2018-08-21,0.2750123666666667
2018-08-22,0.2753759008264463
2018-08-23,0.2745593309281732
2018-08-24,0.2757631715210356
2018-08-27,0.2755276396512754
2018-08-28,0.2758620733652312
2018-08-29,0.2768855882352941
2018-08-30,0.27674
2018-08-31,0.2771925915875169
2018-09-03,0.2769929679144385
2018-09-04,0.2764034465020575
2018-09-05,0.2777160677083333
2018-09-06,0.2789244712182061
2018-09-07,0.2784351987023519
2018-09-10,0.2784352059925093
2018-09-11,0.2792048180069054
2018-09-12,0.2796185882352941
2018-09-13,0.2800492793931732
2018-09-14,0.2793920471650777
2018-09-17,0.2797593979256261
2018-09-18,0.2786524376431502
2018-09-19,0.2788466972711043
2018-09-20,0.2798846858638743
2018-09-21,0.2796811574697174
2018-09-24,0.2795560589812332
2018-09-25,0.2790412073490813
2018-09-26,0.2790801609971436
2018-09-27,0.277231007556675
2018-09-28,0.2751712969696969
2018-10-01,0.274989696969697
2018-10-02,0.2739500787401575
2018-10-03,0.2753228177235341
2018-10-04,0.2748612010443864
2018-10-05,0.2758696881606765
2018-10-08,0.2747479155531801
2018-10-09,0.2749065193965517
2018-10-10,0.2757555704697986
2018-10-11,0.2749594476346732
2018-10-12,0.2755048707482993
2018-10-16,0.2747856666666666
2018-10-17,0.2741979823106689
2018-10-18,0.2725315416098227
2018-10-19,0.2736053092501369
2018-10-22,0.2731792649478881
2018-10-23,0.272449877015578
2018-10-24,0.2713335945945946
2018-10-25,0.2703141070943191
2018-10-26,0.2705334961997828
2018-10-29,0.2699784010840109
2018-10-30,0.2694618904930537
2018-10-31,0.2686944089012517
2018-11-01,0.2702556490047659
2018-11-02,0.2709586644125105
2018-11-05,0.270804572230014
2018-11-07,0.2725612559573871
2018-11-08,0.2723311549295775
2018-11-09,0.2716726836158192
2018-11-12,0.2707605677346824
2018-11-13,0.2710688210818308
2018-11-14,0.2706726183844011
2018-11-15,0.2697599167822469
2018-11-16,0.270153437239076
2018-11-20,0.2678236594803759
2018-11-21,0.2681755895738519
2018-11-22,0.2676301369863013
2018-11-23,0.2677591223404255
2018-11-26,0.2690486555697823
2018-11-27,0.2677232684824903
2018-11-28,0.2686871814872595
2018-11-29,0.2694981972428419
2018-12-03,0.2686222465753424
2018-12-04,0.2673868181818181
2018-12-05,0.2684707877169559
2018-12-06,0.267422572944297
2018-12-07,0.2678380213903743
2018-12-10,0.2670369622942113
2018-12-11,0.2665884686590848
2018-12-12,0.2663612396914072
2018-12-13,0.2655689928628073
2018-12-14,0.265209772072308
2018-12-17,0.2656536330371145
2018-12-18,0.2659503659174072
2018-12-19,0.266638232994527
2018-12-20,0.2656113009198423
2018-12-21,0.2656889269256089
2018-12-26,0.2649076683937824
2018-12-27,0.2652942036553525
2018-12-28,0.2656677453580902
2018-12-31,0.2669585411140583
2019-01-02,0.2668659229747676
2019-01-03,0.2684059279038718
2019-01-04,0.2699346802247793
2019-01-07,0.2699856855649377
2019-01-08,0.2704456914893617
2019-01-09,0.272412764249398
2019-01-10,0.2722051240560949
2019-01-11,0.2725315447154471
2019-01-14,0.2731195675675675
2019-01-15,0.2718869002695417
2019-01-16,0.2711717333333333
2019-01-17,0.2708852559002916
2019-01-18,0.2709292974986695
2019-01-21,0.2706067108753315
2019-01-22,0.2715325339728217
2019-01-23,0.2720422257720979
2019-01-24,0.2712011497326203
2019-01-25,0.2726801782338644
2019-01-28,0.2720940242261103
2019-01-29,0.2718573209549071
2019-01-30,0.2728289522793922
2019-01-31,0.2749065327978581
2019-02-01,0.2751637341942426
2019-02-04,0.2767400107555794
2019-02-05,0.2769315860215053
2019-02-06,0.2762049573560767
2019-02-07,0.2750123744050767
2019-02-08,0.2745216380449141
2019-02-11,0.2741979688736481
2019-02-12,0.2750804685443537
2019-02-13,0.2738300627943485
2019-02-14,0.2742882260596546
2019-02-15,0.2760676851372345
2019-02-18,0.2763117783505155
2019-02-19,0.2765410236822001
2019-02-20,0.277069700025208
2019-02-21,0.2759991145965089
2019-02-22,0.2768625956144824
2019-02-25,0.2771465082332454
2019-02-26,0.2763117828659635
2019-02-27,0.2766098660484286
2019-02-28,0.2759305747126437
2019-03-01,0.2754517457925144
2019-03-06,0.2768702576687116
2019-03-07,0.2760219764705882
2019-03-08,0.2754289805825242
2019-03-11,0.2759534140435836
2019-03-12,0.2768089397590361
2019-03-13,0.2775618932038834
2019-03-14,0.2774078979641893
2019-03-15,0.27788585
2019-03-18,0.2771465
2019-03-19,0.2773155802469135
2019-03-20,0.2770543696450428
2019-03-21,0.2774694762484775
2019-03-22,0.2763346889952153
2019-03-25,0.275558008555133
2019-03-26,0.2762278377110694
2019-03-27,0.2754972646455436
2019-03-28,0.2757251661700665
2019-03-29,0.275337970011534
2019-04-01,0.2760372044017794
2019-04-03,0.2778317937951948
2019-04-04,0.2787611840589726
2019-04-05,0.2792671978147052
2019-04-08,0.278978947368421
2019-04-09,0.2794779238754325
2019-04-10,0.2794466868170193
2019-04-11,0.2793140116959064
2019-04-12,0.2802533428165007
2019-04-15,0.2807648005766458
2019-04-16,0.2802769049304081
2019-04-17,0.2800022434367542
2019-04-22,0.2783344397363465
2019-04-23,0.2772694575471698
2019-04-24,0.276151558589306
2019-04-25,0.2754972828507795
2019-04-26,0.276128670872308
2019-04-29,0.2767246926113931
2019-04-30,0.2780481087202718
2019-05-02,0.2779399107142857
2019-05-03,0.2791113186318632
2019-05-06,0.2788466965285554
2019-05-07,0.2784196999779396
2019-05-08,0.2796889800443459
2019-05-09,0.2803790718232044
2019-05-10,0.2809304464285714
2019-05-13,0.2794623059866962
2019-05-14,0.2798925061151879
2019-05-15,0.2798768444444444
2019-05-16,0.2798925206519312
2019-05-17,0.2799160222222222
2019-05-20,0.2790957291436158
2019-05-21,0.2763881393790484
2019-05-22,0.2768012694877506
2019-05-23,0.2770773785761809
2019-05-24,0.277377130745203
2019-05-27,0.2773847937569677
2019-05-28,0.2768472588946073
2019-05-29,0.2766022272215973
2019-05-30,0.2753758922558922
2019-05-31,0.2756871313672922
2019-06-03,0.2763728772008023
2019-06-04,0.2764569223887273
2019-06-05,0.2773463474387528
2019-06-06,0.278032628533274
2019-06-07,0.2796733333333333
2019-06-10,0.2793998440979955
2019-06-11,0.2794701118568232
2019-06-12,0.2788777879551179
2019-06-13,0.2779939820152179
2019-06-14,0.2772079599727087
2019-06-18,0.2773001839926403
2019-06-19,0.2779630715935335
2019-06-21,0.2765945548025239
2019-06-24,0.2775618755890669
2019-06-25,0.2779553563001415
2019-06-26,0.2785359934472268
2019-06-27,0.2798141920374707
2019-06-28,0.2800492664201775
2019-07-01,0.2792438045787113
2019-07-02,0.2798925118483412
2019-07-03,0.2802062098501071
2019-07-04,0.280946223709369
2019-07-05,0.2799081720430108
2019-07-10,0.2815632233381157
2019-07-11,0.2814918944844125
2019-07-12,0.2815077403846154
2019-07-15,0.2817377358490566
2019-07-16,0.2817695030473511
2019-07-17,0.2824778823529412
2019-07-18,0.2825976207302709
2019-07-19,0.2825497171145686
2019-07-22,0.2835351001177856
2019-07-23,0.2825417252695734
2019-07-24,0.2837281782132027
2019-07-25,0.2835109983859811
2019-07-26,0.2840424913494809
2019-07-29,0.2841796942733288
2019-07-30,0.2864754837241065
2019-07-31,0.2855103463992707
2019-08-01,0.2849408701532913
2019-08-02,0.2863032474804031
2019-08-05,0.2871253022642339
2019-08-06,0.2870099116997793
2019-08-07,0.287397609124808
2019-08-08,0.2877201017249005
2019-08-09,0.28772008839779
2019-08-12,0.2877366603773585
2019-08-13,0.287240752688172
2019-08-14,0.2841554801324503
2019-08-15,0.282669519650655
2019-08-16,0.2821113272727272
2019-08-20,0.2835270684931507
2019-08-21,0.2837603780443475
2019-08-22,0.2847056090034489
2019-08-23,0.2847218132366274
2019-08-26,0.2841151202749141
2019-08-27,0.2840021492007105
2019-08-28,0.2835592254733218
2019-08-29,0.2830615889464594
2019-08-30,0.2827494538732986
2019-09-02,0.2825098035714286
2019-09-03,0.2824220435869953
2019-09-04,0.2835029464285714
2019-09-05,0.2839215140153543
2019-09-06,0.2838087065567897
2019-09-09,0.2834949125312388
2019-09-10,0.2822148187823602
2019-09-11,0.2824220363118547
2019-09-12,0.2829895008912656
2019-09-13,0.2833262341828551
2019-09-16,0.2819601812366737
2019-09-17,0.2819760707964601
2019-09-18,0.2833824486907289
2019-09-19,0.2844141064168287
2019-09-20,0.2838973354508558
2019-09-23,0.2846245783555868
2019-09-24,0.2859593810444874
2019-09-25,0.2847866783523225
2019-09-26,0.2867301171123929
2019-09-27,0.2871912595952547
2019-09-30,0.2875959715228338
2019-10-01,0.2872407529493407
2019-10-02,0.2864016430300934
2019-10-03,0.2864098389052485
2019-10-04,0.2872820197470985
2019-10-07,0.2848515905947441
2019-10-08,0.2852253241140882
2019-10-09,0.285396257975513
2019-10-10,0.2849002759572266
2019-10-11,0.2855755727820844
2019-10-15,0.2840102110863223
2019-10-16,0.2833182114211284
2019-10-17,0.2825337540081277
2019-10-18,0.2824858611825192
2019-10-21,0.2822944795761408
2019-10-22,0.2831657800511509
2019-10-23,0.283559220338983
2019-10-24,0.2828214129520605
2019-10-25,0.2827494415735956
2019-10-28,0.2831417310924369
2019-10-29,0.2836235580965193
2019-10-30,0.2831738111185532
2019-10-31,0.2835913859560918
2019-11-01,0.2833101924686192
2019-11-04,0.2847866834170854
2019-11-05,0.2861639564124057
2019-11-07,0.2861803355704698
2019-11-08,0.2863196470588235
2019-11-11,0.2855184987489574
2019-11-12,0.2854370016750419
2019-11-13,0.2862212993971869
2019-11-14,0.2870428834561286
2019-11-15,0.28783604826546
2019-11-19,0.2887002680515999
2019-11-20,0.2882342708856521
2019-11-21,0.2886502675585284
2019-11-22,0.2881263008198093
2019-11-25,0.2883090604588846
2019-11-26,0.2887085919252586
2019-11-27,0.2882758072611678
2019-11-28,0.2876207852965747
2019-11-29,0.2878111945278612
2019-12-02,0.2875463609837432
2019-12-03,0.2870511138923655
2019-12-04,0.287836038744155
2019-12-05,0.2886252729849128
2019-12-06,0.2883173673673673
2019-12-09,0.2884088414379848
2019-12-10,0.2874058646616541
2019-12-11,0.2879437933628688
2019-12-12,0.2874884895093204
2019-12-13,0.2871253009228299
2019-12-16,0.2860248265485246
2019-12-17,0.2864672740951267
2019-12-18,0.2860657360193931
2019-12-19,0.2874636963972248
2019-12-20,0.2875877121123464
2019-12-23,0.2874554425737622
2019-12-26,0.2880931040240441
2019-12-27,0.2891343306033762
2019-12-30,0.289000634496577
2019-12-31,0.2894774920687928
2020-01-02,0.2898634623422219
2020-01-03,0.2872737607623506
2020-01-06,0.2877532224358439
2020-01-07,0.2886919334615063
2020-01-08,0.2891343308534648
2020-01-09,0.2885253364540667
2020-01-10,0.2884171626320717
2020-01-13,0.2885086905754795
2020-01-14,0.288600283050283
2020-01-15,0.2893685904920767
2020-01-16,0.2894439683201333
2020-01-17,0.2892765102908091
2020-01-20,0.2893518481518481
2020-01-21,0.2893769550748752
2020-01-22,0.2890089728649909
2020-01-23,0.2893937083888149
2020-01-24,0.2892597726781049
2020-01-27,0.2891259597806216
2020-01-28,0.2895361581920904
2020-01-29,0.2897123028391167
2020-01-30,0.2898046639004149
2020-01-31,0.2898298591549296
2020-02-03,0.2902504713080866
2020-02-04,0.290174678111588
2020-02-05,0.2904781152005281
2020-02-06,0.2915451804251112
2020-02-07,0.2916727377426785
2020-02-10,0.2925002787890715
2020-02-11,0.2925944305371488
2020-02-12,0.2915451828381976
2020-02-13,0.2919281793155125
2020-02-14,0.291808913259246
2020-02-17,0.2923634565178615
2020-02-18,0.2925002919139827
2020-02-19,0.2916557371737757
2020-02-20,0.2917578371554807
2020-02-21,0.292645806044729
2020-02-26,0.2913413326031986
2020-02-27,0.2901494230676387
2020-02-28,0.2868946471628355
2020-03-02,0.2873480621275638
2020-03-03,0.2894607199601983
2020-03-04,0.2894607193829279
2020-03-05,0.28707584229161
2020-03-06,0.2869111075544174
2020-03-09,0.283527075003998
2020-03-10,0.2831657799293806
2020-03-11,0.2814918940481889
2020-03-12,0.2739500787978159
2020-03-13,0.272012607513633
2020-03-16,0.2647814210250797
2020-03-17,0.2619789803573972
2020-03-18,0.2659291489025738
2020-03-19,0.273807565815355
2020-03-20,0.2778472322408656
2020-03-25,0.2765639656518345
2020-03-26,0.2786757228043408
2020-03-27,0.280080656430002
2020-03-30,0.2804734368456157
2020-04-01,0.2776852113003455
2020-04-02,0.2751107231149567
2020-04-03,0.2749670004621784
2020-04-06,0.2786757193414372
2020-04-07,0.2799160122331678
2020-04-08,0.278365423572744
2020-04-13,0.2797750535331906
2020-04-14,0.2791814351145038
2020-04-15,0.2772156387631631
2020-04-16,0.278536005476118
2020-04-17,0.2789011235955056
2020-04-20,0.2813335101545923
2020-04-21,0.2805914813133606
2020-04-22,0.2822148120187226
2020-04-23,0.2829494571773221
2020-04-24,0.2838973355411711
2020-04-27,0.2851439951901398
2020-04-28,0.2857714392916104
2020-04-29,0.2859512059925094
2020-04-30,0.2868781867145422
2020-05-04,0.2825896458987001
2020-05-05,0.2843494029850746
2020-05-06,0.2847947988077496
2020-05-07,0.2853474028873344
2020-05-08,0.2848596997175561
2020-05-11,0.2851602493691554
2020-05-12,0.2848678179662022
2020-05-13,0.2833423008587504
2020-05-14,0.2821192785334122
2020-05-15,0.2827174664107486
2020-05-18,0.2834467118843999
2020-05-19,0.2847299263622975
2020-05-20,0.2845516764705882
2020-05-21,0.2842362461448083
2020-05-22,0.2832299501320035
2020-05-26,0.2849408671451589
2020-05-27,0.285600043885313
2020-05-28,0.284932753834916
2020-05-29,0.2847866939013714
2020-06-01,0.2862868570595949
2020-06-02,0.2873810944549556
2020-06-03,0.2878608923121639
2020-06-04,0.2896703483309143
2020-06-05,0.2882342658356284
2020-06-08,0.2896451795020267
2020-06-09,0.2900063755963568
2020-06-10,0.29123950332082
2020-06-11,0.2886835954407733
2020-06-12,0.2868205852674066
2020-06-16,0.2891844993535412
2020-06-17,0.2897458877565667
2020-06-18,0.2898886722110697
2020-06-19,0.2898466618911175
2020-06-22,0.2905878519365442
2020-06-23,0.2918940882478937
2020-06-24,0.2906469757489301
2020-06-25,0.2908583095781072
2020-06-26,0.2914007547707206
2020-06-29,0.28959484375
2020-06-30,0.288683593528243
2020-07-01,0.289905487804878
2020-07-02,0.290427500708416
2020-07-03,0.2910022083805209
2020-07-06,0.2894523580909348
2020-07-07,0.2902167913080288
2020-07-08,0.289829856216521
2020-07-13,0.2908413952835486
2020-07-14,0.2906807713884993
2020-07-15,0.291621706838565
2020-07-16,0.2899559227107253
2020-07-17,0.2913243564633463
2020-07-20,0.2919537538375663
2020-07-21,0.29260298382599
2020-07-22,0.2922011423794929
2020-07-23,0.2927571826280624
2020-07-24,0.2928086091794158
2020-07-27,0.2929887763596004
2020-07-28,0.2930231078458553
2020-07-29,0.2938842659279778
2020-07-30,0.2939015361195682
2020-07-31,0.2936857577433628
2020-08-03,0.2933497517926089
2020-08-04,0.2926972027008406
2020-08-05,0.2937116221426604
2020-08-06,0.2937892847317744
2020-08-07,0.2928857908478769
2020-08-10,0.2934272241261138
2020-08-11,0.2935391917808219
2020-08-12,0.2933669678302533
2020-08-13,0.2937979209410477
2020-08-14,0.2937030071077091
2020-08-18,0.2940657493188011
2020-08-19,0.2940311649428415
2020-08-20,0.2941435876512988
2020-08-21,0.2939447268279423
2020-08-24,0.2938583480265834
2020-08-25,0.2941089960709931
2020-08-26,0.294100338478202
2020-08-27,0.2962962942926697
2020-08-28,0.2975836081081081
2020-08-31,0.2984361822593691
2020-09-01,0.2974419932659932
2020-09-02,0.2972828310010764
2020-09-03,0.2968151653670342
2020-09-04,0.2966830736163353
2020-09-07,0.2959105157401205
2020-09-08,0.2947157408646768
2020-09-09,0.2944207168650528
2020-09-10,0.2919963789417423
2020-09-11,0.288467080496596
2020-09-14,0.2907906549520767
2020-09-15,0.2918174358292326
2020-09-16,0.2926629368770764
2020-09-17,0.2918855682421667
2020-09-18,0.2925259485274609
2020-09-21,0.2894355999470829
2020-09-22,0.2911631857237277
2020-09-23,0.2890841785525621
2020-09-24,0.2881678279229347
2020-09-25,0.2872820171390903
2020-09-28,0.2887502760978175
2020-09-29,0.2902420520231213
2020-09-30,0.292004896298241
2020-10-01,0.2919452327868852
2020-10-02,0.2914262378167641
2020-10-05,0.2934961173873523
2020-10-06,0.2931691489361702
2020-10-07,0.2938151860977824
2020-10-08,0.294976540007781
2020-10-09,0.2959805832793259
2020-10-13,0.2948373886090662
2020-10-14,0.295884241094476
2020-10-15,0.2948547824964502
2020-10-16,0.296155895252838
2020-10-19,0.2957354859499871
2020-10-20,0.2960156282183316
2020-10-21,0.2962172990353698
2020-10-22,0.2957354892418033
2020-10-23,0.2962699603225394
2020-10-26,0.294846089956555
2020-10-27,0.2956830268199233
2020-10-28,0.2936943813050696
2020-10-29,0.2924233077905491
2020-10-30,0.2931863381001022
2020-11-02,0.2932379209556487
2020-11-03,0.2928000380083618
2020-11-04,0.2946983677084651
2020-11-05,0.2961734386852086
2020-11-09,0.2971326654064272
2020-11-10,0.2957617273070628
2020-11-11,0.2961734306202038
2020-11-12,0.2965686902966314
2020-11-13,0.2969297429467085
2020-11-16,0.2971856446167313
2020-11-17,0.2980536981509245
2020-11-18,0.2986411728009981
2020-11-19,0.298525274040857
2020-11-20,0.299365339141257
2020-11-24,0.2999130235439901
2020-11-25,0.3014863225646738
2020-11-26,0.3010053529484485
2020-11-27,0.3017046256321697
2020-11-30,0.3024163079572008
2020-12-01,0.3040437799336853
2020-12-02,0.3041547551846852
2020-12-03,0.3062787150564002
2020-12-04,0.3060443723208818
2020-12-09,0.3075787420770355
2020-12-10,0.3071630463898697
2020-12-11,0.306710838097555
2020-12-14,0.3069085142510612
2020-12-15,0.3074274445656125
2020-12-16,0.3075976640038731
2020-12-17,0.3085848265022367
2020-12-18,0.3087849348140994
2020-12-21,0.3079481419122068
2020-12-22,0.3094250930930931
2020-12-23,0.3109646113243762
2020-12-28,0.310289189511323
2020-12-29,0.3106747798143299
2020-12-30,0.3109452762923351
2020-12-31,0.3110419964349376
2021-01-04,0.3114100590318772
2021-01-05,0.3123048107534489
2021-01-06,0.3144357437286539
2021-01-07,0.3144555176470588
2021-01-08,0.3139618890977443
2021-01-11,0.3152286986060676
2021-01-12,0.3170778050778051
2021-01-13,0.3196419988310929
2021-01-14,0.3140802195235871
2021-01-15,0.3060256473058083
2021-01-18,0.3095496050185873
2021-01-19,0.3070781463867301
2021-01-20,0.3063819339895773
2021-01-21,0.305688869605461
2021-01-22,0.3057075545801086
2021-01-25,0.3054367779056386
2021-01-26,0.3062505745805562
2021-01-27,0.3062787165652623
2021-01-28,0.3045437958715596
2021-01-29,0.304543787930837
2021-02-01,0.3036652397260274
2021-02-02,0.302443740022805
2021-02-03,0.3033060364464692
2021-02-04,0.3041640086452053
2021-02-05,0.3040437840909091
2021-02-08,0.3071064421004877
2021-02-09,0.3076260480398821
2021-02-10,0.3074085445903123
2021-02-11,0.3074652572074619
2021-02-12,0.3075030720578269
2021-02-17,0.3063256240161907
2021-02-18,0.3056701774084886
2021-02-19,0.3059320170518285
2021-02-22,0.3064194901039919
2021-02-23,0.305754294649838
2021-02-24,0.3063725468331846
2021-02-25,0.3041177493036212
2021-02-26,0.3021330549988867
2021-03-01,0.3029017982017982
2021-03-02,0.3031956849694953
2021-03-03,0.3023248808600243
2021-03-04,0.3020235574260715
2021-03-05,0.3000750138320239
2021-03-08,0.2995626366346473
2021-03-09,0.3004988307963821
2021-03-10,0.3011141203703704
2021-03-11,0.3023340163031505
2021-03-12,0.3009328893780958
2021-03-15,0.302306600043927
2021-03-16,0.3039606057280807
2021-03-17,0.3037482565789474
2021-03-18,0.303656013143483
2021-03-19,0.3031221541155867
2021-03-22,0.3033520366932402
2021-03-23,0.3033428415539066
2021-03-25,0.3004085539936799
2021-03-26,0.3000840265679442
2021-03-29,0.300174105102818
2021-03-30,0.2997601892127012
2021-03-31,0.2993922391304348
2021-04-05,0.3020235581092801
2021-04-06,0.3033796488946684
2021-04-07,0.3041362504061518
2021-04-08,0.3048315760987227
2021-04-09,0.3036375811337083
2021-04-12,0.3033612443292288
2021-04-13,0.303692906499676
2021-04-14,0.3048408762274738
2021-04-15,0.3047944132873166
2021-04-16,0.3049245339941816
2021-04-19,0.30677670038743
2021-04-20,0.3075787350758309
2021-04-21,0.3063256261421047
2021-04-22,0.3067861072311164
2021-04-23,0.3071253114261168
2021-04-26,0.3088421464565241
2021-04-27,0.3084896389156755
2021-04-28,0.307465261130137
2021-04-29,0.3079007379679144
2021-04-30,0.3080335185976913
2021-05-03,0.3078628162698836
2021-05-04,0.3063913242983673
2021-05-05,0.3062411946666666
2021-05-06,0.3068990937200128
2021-05-07,0.307881768779968
2021-05-10,0.3070121579899925
2021-05-11,0.304191761575306
2021-05-12,0.3040345392636731
2021-05-13,0.3041270077651313
2021-05-14,0.3053248617609527
2021-05-17,0.3052130351641347
2021-05-18,0.3074085492778249
2021-05-19,0.3060724734607218
2021-05-20,0.3073707555178268
2021-05-21,0.3072102259467487
2021-05-26,0.3078438611346316
2021-05-27,0.3082709087062308
2021-05-28,0.307815429357022
2021-05-31,0.3078817692388894
2021-06-01,0.3084325451282593
2021-06-02,0.3079860820934895
2021-06-03,0.3070592975424533
2021-06-04,0.3076733712839974
2021-06-07,0.3081569172457359
2021-06-08,0.3082994211135669
2021-06-09,0.3083374434508154
2021-06-10,0.3082804121543476
2021-06-11,0.3073518553558289
2021-06-14,0.3080430026246719
2021-06-15,0.3083945015739769
2021-06-16,0.3081854055188333
2021-06-17,0.3060724756212645
2021-06-18,0.3050454545454545
2021-06-22,0.3069273536495968
2021-06-23,0.3072857426986287
2021-06-24,0.3083184301412873
2021-06-25,0.3074747071129707
2021-06-28,0.3066544048489915
2021-06-29,0.3071347403615088
2021-06-30,0.3066826159632261
2021-07-01,0.3056328111946533
2021-07-02,0.306109959285938
2021-07-05,0.3063537755527743
2021-07-06,0.3052409863413617
2021-07-07,0.305446101730248
2021-07-08,0.305017543494114
2021-07-12,0.3047108335935061
2021-07-13,0.3042658031627133
2021-07-14,0.3062224417637271
2021-07-15,0.3051850904553961
2021-07-16,0.3039975680731656
2021-07-19,0.3030119406084519
2021-07-20,0.3037482561760432
2021-07-21,0.3054647675383977
2021-07-22,0.3051944092936417
2021-07-23,0.3056795270690728
2021-07-26,0.3071913507354464
2021-07-27,0.3072479755617687
2021-07-28,0.3070970085912431
2021-07-29,0.3088230753311258
2021-07-30,0.3096454545454545
2021-08-02,0.3101352205806384
2021-08-03,0.3114100609441173
2021-08-04,0.311090374883817
2021-08-05,0.3111387656104861
2021-08-06,0.3100198452012384
2021-08-09,0.3105782989690722
2021-08-10,0.3099333608162424
2021-08-11,0.310260305028854
2021-08-12,0.3101159884619346
2021-08-13,0.3112549788899186
2021-08-17,0.308842149100257
2021-08-18,0.3093102416452442
2021-08-19,0.3080240234374999
2021-08-20,0.3087086733120954
2021-08-23,0.3102410574948665
2021-08-24,0.3105204309902514
2021-08-25,0.3097797496922445
2021-08-26,0.3097701527735056
2021-08-27,0.3103180709307093
2021-08-30,0.3110613447958243
2021-08-31,0.3116721199099652
2021-09-01,0.3117206995295561
2021-09-02,0.3116721251149954
2021-09-03,0.3122755569180462
2021-09-06,0.3121683205717202
2021-09-07,0.3121293499336667
2021-09-08,0.311779012345679
2021-09-09,0.3119735441101479
2021-09-10,0.3123828524824141
2021-09-13,0.3115361849475507
2021-09-14,0.3119151613888606
2021-09-15,0.3119540763358779
2021-09-16,0.3111678128179044
2021-09-17,0.3115750101667344
2021-09-20,0.3111387670119846
2021-09-21,0.3120514268305067
2021-09-22,0.312441415372119
2021-09-23,0.3125390704282524
2021-09-24,0.3126954342532467
2021-09-27,0.3123438304775423
2021-09-28,0.3110226434218528
2021-09-29,0.3104240376823338
2021-09-30,0.3098469313348187
2021-10-01,0.3109162668286263
2021-10-04,0.3099429698563625
2021-10-05,0.3094155121852563
2021-10-06,0.3088516882329155
2021-10-07,0.3100967455023246
2021-10-12,0.309377222726814
2021-10-13,0.3097317695722357
2021-10-14,0.3103662363856393
2021-10-15,0.3104336761443839
2021-10-18,0.3107906517578322
2021-10-19,0.3112840499446178
2021-10-20,0.3113615802717664
2021-10-21,0.3116429807789071
2021-10-22,0.3116721199315826
2021-10-25,0.3124804684358665
2021-10-26,0.3126367818400964
2021-10-27,0.3138042448569995
2021-10-28,0.3161455512087471
2021-10-29,0.3159657541115122
2021-11-01,0.3209963731089069
2021-11-02,0.3191115962347286
2021-11-03,0.3201946752076869
2021-11-04,0.3210272909163665
2021-11-05,0.321378066840104
2021-11-08,0.3213470823341326
2021-11-09,0.3219160423534112
2021-11-10,0.3210994408387419
2021-11-11,0.3205333632824199
2021-11-12,0.321698573139094
2021-11-15,0.3214607160666201
2021-11-16,0.3233629773656396
2021-11-17,0.3250975286497259
2021-11-18,0.3240545662782592
2021-11-19,0.3231226557833964
2021-11-23,0.3182078552252163
2021-11-24,0.3177427549194991
2021-11-25,0.3163355681366706
2021-11-26,0.3136467757936508
2021-11-29,0.3156266792153754
2021-11-30,0.3164156398573692
2021-12-01,0.3168166237623762
2021-12-02,0.3161055786350148
2021-12-03,0.3158859035191775
2021-12-06,0.3159757306477093
2021-12-07,0.319101409978308
2021-12-09,0.3224038408508962
2021-12-10,0.3226639094042344
2021-12-13,0.3210272861356932
2021-12-14,0.3185524955786991
2021-12-15,0.3189996169711255
2021-12-16,0.3223518842001962
2021-12-17,0.3198567071974896
2021-12-20,0.3159557622637814
2021-12-21,0.3163755966353678
2021-12-22,0.3162055349110111
2021-12-23,0.3177730498533724
2021-12-27,0.3208110103374292
2021-12-28,0.3223726661469498
2021-12-29,0.3209345636930268
2021-12-30,0.3215434092679128
2021-12-31,0.3218124513239875
2022-01-03,0.321243854368932
2022-01-04,0.3235094286545736
2022-01-05,0.3234048089974791
2022-01-06,0.3213264335528865
2022-01-07,0.3221545701006971
2022-01-10,0.3186743116607091
2022-01-11,0.3213470838161452
2022-01-12,0.3217710262345679
2022-01-13,0.3209448588223957
2022-01-14,0.321771032357473
2022-01-17,0.3215227281460135
2022-01-18,0.3194479984640492
2022-01-19,0.3198771680736761
2022-01-20,0.3199078707698207
2022-01-21,0.3182888824995208
2022-01-24,0.3142085047354826
2022-01-25,0.3143369049894857
2022-01-26,0.31508964660936
2022-01-27,0.3131360599408228
2022-01-28,0.3125293017932087
2022-01-31,0.3152286992953723
2022-02-01,0.3155967941400304
2022-02-02,0.3154872718631178
2022-02-03,0.313028230937233
2022-02-04,0.3120416848496347
2022-02-07,0.3129792486752459
2022-02-08,0.3115652995652995
2022-02-09,0.3114003683067334
2022-02-10,0.310221809263277
2022-02-11,0.3083944983513895
2022-02-14,0.3071158706280557
2022-02-15,0.3110806987883911
2022-02-16,0.3125
2022-02-17,0.3119054279553764
2022-02-18,0.3118957014422176
2022-02-21,0.3108582772795216
2022-02-22,0.3093580837764717
2022-02-23,0.309405937733035
2022-02-24,0.3064288787483702
2022-02-25,0.3087467938576082
2022-03-02,0.309271972574817
2022-03-03,0.3079291770804406
2022-03-04,0.3064758346434847
2022-03-07,0.3044510789376614
2022-03-08,0.3044325350036846
2022-03-09,0.3070027327935222
2022-03-10,0.3063913211363427
2022-03-11,0.3070027277736958
2022-03-14,0.3043213644688644
2022-03-15,0.3054834248079034
2022-03-16,0.3066261950461567
2022-03-17,0.3095208656743676
2022-03-18,0.308194904284412
2022-03-21,0.3095112848958807
2022-03-22,0.3104240392477514
2022-03-23,0.3102603104011617
2022-03-25,0.311322812103642
2022-03-28,0.3101159830140946
2022-03-29,0.3131654755459304
2022-03-30,0.3147623500766525
2022-03-31,0.3134206738131699
2022-04-01,0.3120611681065515
2022-04-04,0.3113712826028502
2022-04-05,0.3109742793196061
2022-04-06,0.3094538138245551
2022-04-07,0.3097029918728231
2022-04-08,0.3095879368758916
2022-04-11,0.3110226416770297
2022-04-12,0.3120124778290173
2022-04-13,0.3116818358856333
2022-04-18,0.3086800844847311
2022-04-19,0.308823079627351
2022-04-20,0.3105590031590031
2022-04-21,0.3082709089315453
2022-04-22,0.3062224371881292
2022-04-25,0.3040992588071154
2022-04-26,0.3036744623421855
2022-04-27,0.3022335013908206
2022-04-28,0.3011957457891995
2022-04-29,0.2998410805654323
2022-05-02,0.2970002937872634
2022-05-03,0.2986500992491585
2022-05-04,0.2953337269436304
2022-05-05,0.2928086174242424
2022-05-06,0.294152252794497
2022-05-09,0.2912649678800856
2022-05-10,0.2896787479688702
2022-05-11,0.2905372053296891
2022-05-12,0.290023198294243
2022-05-13,0.2943947202588776
2022-05-16,0.2950635839131172
2022-05-17,0.2980004150080461
2022-05-19,0.2969738380936285
2022-05-20,0.2959630654962862
2022-05-23,0.2994549941146797
2022-05-24,0.2980892452354965
2022-05-26,0.298810736119253
2022-05-27,0.2980625930572982
2022-05-30,0.2997062911424047
2022-05-31,0.3015772462562396
2022-06-01,0.2986679438164893
2022-06-02,0.3007247468039183
2022-06-03,0.299715271793172
2022-06-06,0.3007066633638841
2022-06-07,0.2990162338197707
2022-06-08,0.299679341292713
2022-06-09,0.2976633448445979
2022-06-10,0.2945074390344034
2022-06-13,0.2900232052330335
2022-06-14,0.2886752653061225
2022-06-15,0.2897374979625101
2022-06-16,0.2899222990562967
2022-06-21,0.2896619632893992
2022-06-22,0.2906976746063787
2022-06-23,0.2890507574536664
2022-06-24,0.2936426352221506
2022-06-27,0.2921414000481117
2022-06-28,0.2910360855289501
2022-06-29,0.2890340451055662
2022-06-30,0.2868946498442865
2022-07-01,0.2842362534874452
2022-07-04,0.2853799841206828
2022-07-05,0.2844060142630744
2022-07-06,0.2862294960044307
2022-07-07,0.2882425884955752
2022-07-08,0.2891594164037855
2022-07-11,0.287620800942285
2022-07-12,0.2873315541970374
2022-07-13,0.2888253481458301
2022-07-14,0.28630325
2022-07-15,0.2880350253411306
2022-07-18,0.2902589093165775
2022-07-19,0.290748389344897
2022-07-20,0.2905794172205905
2022-07-21,0.2903347584503781
2022-07-22,0.2906469785725297
2022-07-25,0.2908667868098159
2022-07-26,0.2903094735231099
2022-07-27,0.2915366893285463
2022-07-28,0.2927486195851129
2022-07-29,0.2935478174754323
2022-08-01,0.2966302828114338
2022-08-02,0.2962524054462935
2022-08-03,0.2979737803957106
2022-08-04,0.2998950392038601
2022-08-05,0.29861442546467
2022-08-08,0.301477240398293
2022-08-09,0.3017592528950317
2022-08-10,0.3071441700857888
2022-08-11,0.3081189320026811
2022-08-12,0.3094825469945761
2022-08-16,0.3069838838395033
2022-08-17,0.3075503578543496
2022-08-18,0.3072951840942562
2022-08-19,0.3057636410369391
2022-08-22,0.3034625073185012
2022-08-23,0.3063443957648777
2022-08-24,0.3056701786365293
2022-08-25,0.3059226637554585
2022-08-26,0.3055487654320987
2022-08-29,0.3017410425101214
2022-08-30,0.3002822655122655
2022-08-31,0.3004446550854177
2022-09-01,0.2958579874847155
2022-09-05,0.2940138793840889
2022-09-06,0.2923207313602732
2022-09-07,0.2923036434659091
2022-09-08,0.2905625292242295
2022-09-09,0.29332394963927
2022-09-12,0.2972386561709306
2022-09-13,0.2922951045027352
2022-09-14,0.2920731382978723
2022-09-15,0.2907314804469273
2022-09-16,0.2908837026198439
2022-09-19,0.2905540832582947
2022-09-20,0.289259782909292
2022-09-21,0.2894691145006557
2022-09-22,0.2870593620832185
2022-09-23,0.284519306930693
2022-09-26,0.2831257076439218
2022-09-27,0.2840102271951968
2022-09-28,0.2844545553588451
2022-09-29,0.280938335486503
2022-09-30,0.2797750610915015
2022-10-03,0.2816901436956082
2022-10-04,0.2851358705161854
2022-10-05,0.2828374261149919
2022-10-06,0.2830776206434316
2022-10-11,0.280954117725131
2022-10-12,0.279978720868644
2022-10-13,0.2814602181097158
2022-10-14,0.2807569176998153
2022-10-17,0.2843413245901639
2022-10-18,0.2835351132050779
2022-10-19,0.2819760869565217
2022-10-20,0.281634610123119
2022-10-21,0.282159080564406
2022-10-24,0.281555312136487
2022-10-25,0.2839698994067577
2022-10-26,0.2863114486131669
2022-10-27,0.2847380435480763
2022-10-28,0.2826855146776054
2022-10-31,0.2839054043719329
2022-11-01,0.2829094417599186
2022-11-02,0.2838731662436548
2022-11-03,0.2795404381965553
2022-11-04,0.2815156810715188
2022-11-07,0.2822865219300997
2022-11-08,0.2831417381503976
2022-11-09,0.282079490063742
2022-11-10,0.2870099320406509
2022-11-11,0.2927914747977598
2022-11-14,0.2913752936086042
2022-11-15,0.2937202627683197
2022-11-16,0.2919622761125131
2022-11-17,0.2882342793955031
2022-11-18,0.2882176614781223
2022-11-22,0.2880848094340769
2022-11-23,0.2912140742538219
2022-11-24,0.2929115428848132
2022-11-25,0.2919963765927894
2022-11-28,0.290554087635054
2022-11-29,0.2905540848107331
2022-11-30,0.2897039215686274
2022-12-01,0.2946202361077987
2022-12-02,0.2945074364923553
2022-12-05,0.2935219673681721
2022-12-06,0.292602997226975
2022-12-07,0.2912988993525603
2022-12-12,0.2914602147400361
2022-12-13,0.2929287003084803
2022-12-14,0.2942734379540831
2022-12-15,0.2898970879981437
2022-12-16,0.2886502721482339
2022-12-19,0.2899895622119816
2022-12-20,0.2886502730983729
2022-12-21,0.2881844388340601
2022-12-22,0.2858613017819286
2022-12-23,0.2857142873484328
2022-12-26,0.2862131167131395
2022-12-27,0.2845840783868219
2022-12-28,0.2827494557823129
2022-12-29,0.284373667835728
2022-12-30,0.2844788326936103
2023-01-02,0.2852415997754701
2023-01-03,0.2824539582866113
2023-01-04,0.2837603940445539
2023-01-05,0.2817139488096569
2023-01-06,0.2851521283124128
2023-01-09,0.2881180132156143
2023-01-10,0.2885336733562479
2023-01-11,0.2907652958432501
2023-01-12,0.293151969939769
2023-01-13,0.2930317040878248
2023-01-16,0.293160565312843
2023-01-17,0.2936771329935886
2023-01-18,0.2949243531535473
2023-01-19,0.2933411555895363
2023-01-20,0.2940311692559281
2023-01-23,0.2964631935781309
2023-01-24,0.2973977692349342
2023-01-25,0.2951593849646003
2023-01-26,0.2930832344053529
2023-01-27,0.2911801519314692
2023-01-30,0.2891259701972555
2023-01-31,0.2894020962566845
2023-02-01,0.2899727428052753
2023-02-02,0.2943687263421656
2023-02-03,0.2920219604297415
2023-02-06,0.2881512241552535
2023-02-07,0.2892346876319122
2023-02-08,0.2863770450355544
2023-02-09,0.2861066610588297
2023-02-10,0.2831257099364863
2023-02-13,0.2845678841638403
2023-02-14,0.2836316214386166
2023-02-15,0.283398513358977
2023-02-16,0.2819999429549343
2023-02-17,0.2818092137274186
2023-02-22,0.2765333777891767
2023-02-23,0.2751637243356715
2023-02-24,0.2728587387571545
2023-02-27,0.2728512982063919
2023-02-28,0.2741528683743343
2023-03-01,0.2770850635217897
2023-03-02,0.2724944155253449
2023-03-03,0.2730226346580593
2023-03-06,0.2782569980937092
2023-03-07,0.2760829377003205
2023-03-08,0.2780171792948237
2023-03-09,0.2786679676582152
2023-03-10,0.2780403726398645
2023-03-13,0.276449286634301
2023-03-14,0.2762888899886178
2023-03-15,0.2768855894549763
2023-03-16,0.2728661870503597
2023-03-17,0.2726801711419298
2023-03-20,0.2726653009338483
2023-03-21,0.2738000731635938
2023-03-22,0.2765410263901061
2023-03-23,0.2801591311108951
2023-03-27,0.2794310770417511
2023-03-28,0.2818886547344111
2023-03-29,0.2798455256841094
2023-03-30,0.2779321827508509
2023-03-31,0.2782569972728578
2023-04-03,0.2783189523220991
2023-04-04,0.2790178574817344
2023-04-05,0.2785437742638008
2023-04-10,0.2756339566052767
2023-04-11,0.2727545471556886
2023-04-12,0.2726430031740104
2023-04-13,0.2739726010806782
2023-04-14,0.2720348210134821
2023-04-17,0.2740702190590627
2023-04-18,0.2739350788236379
2023-04-19,0.2742882242045246
2023-04-20,0.2740401761548695
2023-04-21,0.272791749416556
2023-04-24,0.2736202715589664
2023-04-25,0.2747328202109838
2023-04-26,0.2749443245926795
2023-04-27,0.2753607207207207
2023-04-28,0.275125871205317
2023-05-02,0.2746121121744936
2023-05-03,0.2748687522202487
2023-05-04,0.2746271953921134
2023-05-05,0.2748007690607735
2023-05-08,0.2755504107182077
2023-05-09,0.2726132690199517
2023-05-10,0.2739050634573304
2023-05-11,0.2739275720524017
2023-05-12,0.2720792277486911
2023-05-15,0.2735603901170351
2023-05-16,0.2739951233232367
2023-05-17,0.2745141118066048
2023-05-18,0.2742054890133563
2023-05-19,0.2747781181525242
2023-05-22,0.2734108000853424
2023-05-23,0.2704237539902107
2023-05-24,0.2689401060445387
2023-05-29,0.2681252675760756
2023-05-30,0.2693530123508478
2023-05-31,0.2679959248434237
2023-06-01,0.267258197710718
2023-06-02,0.2670226987751712
2023-06-05,0.2673439381443299
2023-06-06,0.2714072476875642
2023-06-07,0.2737700862422998
2023-06-08,0.2738450603395377
2023-06-09,0.2790490018371096
2023-06-12,0.2779939951377633
2023-06-13,0.280883095912586
2023-06-14,0.2791892338709677
2023-06-15,0.2807963398429635
2023-06-16,0.281206939266386
2023-06-21,0.2765104387532262
2023-06-22,0.2756643507521773
2023-06-23,0.2760295889328063
2023-06-26,0.2752243087195601
2023-06-27,0.2734780959843291
2023-06-28,0.2722940785616572
2023-06-29,0.270526174863388
2023-06-30,0.2695708414491625
2023-07-03,0.2704091275688251
2023-07-04,0.269425583188741
2023-07-05,0.2703141040462428
2023-07-06,0.2688822580645161
2023-07-07,0.2707605670498084
2023-07-10,0.270022140952381
2023-07-11,0.2711276215805471
2023-07-12,0.2745367203181215
2023-07-13,0.2764110800075657
2023-07-14,0.2772771401622335
2023-07-17,0.2751334395501406
2023-07-18,0.2772233327106296
2023-07-19,0.2791035193133047
2023-07-20,0.2770390063267585
2023-07-21,0.2760753126739655
2023-07-24,0.2734631365313653
2023-07-25,0.269389293078056
2023-07-26,0.2712011486238532
2023-07-27,0.2686150201391431
2023-07-28,0.2705847351114359
2023-07-31,0.2720570245231608
2023-08-01,0.2749896867644396
2023-08-02,0.2724944124008652
2023-08-03,0.2717169795037756
2023-08-04,0.2736202684804009
2023-08-07,0.2715030402542373
2023-08-08,0.2689328747361013
2023-08-09,0.270051309836928
2023-08-10,0.2689835115303983
2023-08-11,0.2677376161475552
2023-08-14,0.2668018459779969
2023-08-15,0.2669371628571428
2023-08-16,0.2660777482497499
2023-08-17,0.2640054922131733
2023-08-18,0.2633796885269324
2023-08-22,0.2643264952136019
2023-08-23,0.2660989884269181
2023-08-24,0.26415194
2023-08-25,0.2632063810339903
2023-08-28,0.2630263809115588
2023-08-29,0.2636227028571428
2023-08-30,0.2641449628571429
2023-08-31,0.2629088228571429
2023-09-01,0.2630540588403313
2023-09-04,0.2644942857142857
2023-09-05,0.26308174
2023-09-06,0.2611443342857142
2023-09-07,0.2598752593227604
2023-09-08,0.2598212430347192
2023-09-11,0.2628742677525361
2023-09-12,0.2627499414202029
2023-09-13,0.2619103756606198
2023-09-14,0.2614652514285714
2023-09-15,0.26213694
2023-09-18,0.26195154
2023-09-19,0.2623983197599657
2023-09-20,0.2628328106255355
2023-09-21,0.2619858514285714
2023-09-22,0.2627430367090416
2023-09-25,0.2624258648764462
2023-09-26,0.2610080142857143
2023-09-27,0.25947068
2023-09-28,0.2608105984859306
2023-09-29,0.2620888469781397
2023-10-02,0.2603420882731038
2023-10-03,0.2598482473932295
2023-10-04,0.2595514942857143
2023-10-05,0.2587322114285714
2023-10-06,0.2600847872036561
2023-10-09,0.2532222536418166
2023-10-10,0.252850894030277
2023-10-11,0.2526273236218223
2023-10-12,0.251768675525075
2023-10-17,0.248533650385604
2023-10-18,0.2480343273350471
2023-10-19,0.2473043834833547
2023-10-20,0.2465665609372767
2023-10-23,0.2461417288184026
2023-10-24,0.2463296870981569
2023-10-25,0.2458029163096257
2023-10-26,0.2449719502786112
2023-10-27,0.2460872124589227
2023-10-30,0.2481759079868552
2023-10-31,0.2474022771428571
2023-11-01,0.2493206000857265
2023-11-02,0.2511742387889174
2023-11-03,0.2551606226792345
2023-11-07,0.2581444571428571
2023-11-08,0.2612057265323618
2023-11-09,0.2603149821403058
2023-11-10,0.2595986598085441
2023-11-13,0.2591009201314473
2023-11-14,0.2646622907740645
2023-11-15,0.2633866241677292
2023-11-16,0.2672510567265525
2023-11-17,0.2688894872157084
2023-11-21,0.2689979828627616
2023-11-22,0.2685789479590405
2023-11-23,0.2674726516318812
2023-11-24,0.2675871672259508
2023-11-27,0.269599913649025
2023-11-28,0.2714661891515994
2023-11-29,0.2714883
2023-11-30,0.2679959251040222
2023-12-01,0.269556311271116
2023-12-04,0.2684707904538557
2023-12-05,0.2686078050123932
2023-12-06,0.2701388507011273
2023-12-07,0.2703871948051948
2023-12-11,0.2684419620166689
2023-12-12,0.2692804830126893
2023-12-13,0.2703141046315394
2023-12-14,0.2730971955028107
2023-12-15,0.2719460454375234
2023-12-18,0.2731195713929728
2023-12-19,0.2737476050550955
2023-12-20,0.2753531404753017
2023-12-21,0.275824023874658
2023-12-22,0.2768472631251941
2023-12-26,0.2759762657247319
2023-12-27,0.2764034381966807
2023-12-28,0.2754820941889968
2023-12-29,0.2765104384934133
2024-01-02,0.273478094239546
2024-01-03,0.2735903254839107
2024-01-04,0.2732464408032524
2024-01-05,0.2711790864319133
2024-01-08,0.2700950737281887
2024-01-09,0.2678308386542239
2024-01-10,0.2669300380414774
2024-01-11,0.2669371633554084
2024-01-12,0.2678164926470588
2024-01-15,0.2664535041585127
2024-01-16,0.2646973181762621
2024-01-17,0.2636991717566577
2024-01-18,0.2655196215820312
2024-01-19,0.2669870513602537
2024-01-22,0.2657383540297053
2024-01-23,0.2658938021657136
2024-01-24,0.2706140235894941
2024-01-25,0.270270269744836
2024-01-26,0.2710541299332119
2024-01-29,0.2730449975763451
2024-01-30,0.2733285951314036
2024-01-31,0.2745517945304937
2024-02-01,0.2749670044745435
2024-02-02,0.2729332128611145
2024-02-05,0.2728140772014475
2024-02-06,0.2742355684147076
2024-02-07,0.2738300614309805
2024-02-08,0.2706359944618348
2024-02-09,0.2721829074942861
2024-02-14,0.273597811488188
2024-02-15,0.275922962252846
2024-02-16,0.2772463892215568
2024-02-19,0.2752546109716744
2024-02-20,0.272094036072623
2024-02-21,0.2724498687194175
2024-02-22,0.2747781164261004
2024-02-23,0.275118301347002
2024-02-26,0.2746498215560314
2024-02-27,0.27700063726073
2024-02-28,0.278722336937151
2024-02-29,0.2798376941344098
2024-03-01,0.2801748296735905
2024-03-04,0.2793140047393365
2024-03-05,0.2786990331360947
2024-03-06,0.2793452146658781
2024-03-07,0.2791346820330969
2024-03-08,0.2784817176609568
2024-03-11,0.2755959764150943
2024-03-12,0.2729183158515026
2024-03-13,0.2751940117716304
2024-03-14,0.2736202694117647
2024-03-15,0.2722199541446208
2024-03-18,0.2736651976539589
2024-03-19,0.2727917502930832
2024-03-20,0.2735753563892145
2024-03-21,0.277346350117096
2024-03-22,0.2748989748390872
2024-03-25,0.2746422780373831
2024-03-26,0.2728215201401051
2024-03-27,0.2719016806526806
2024-04-03,0.2704676387921022
2024-04-04,0.2683987336041787
2024-04-05,0.2655619292753623
2024-04-08,0.2716653078703703
2024-04-09,0.2705042197802197
2024-04-10,0.2660989884393063
2024-04-11,0.2682043720392836
2024-04-12,0.26624777034045
2024-04-15,0.2669300380184332
2024-04-16,0.2661060702360391
2024-04-17,0.263442134560092
2024-04-18,0.2630471379310344
2024-04-19,0.2657877946069994
2024-04-22,0.2651816490825688
2024-04-23,0.2650129856733524
2024-04-24,0.264089156930126
2024-04-25,0.2627844645308924
2024-04-26,0.2631648205714286
2024-04-29,0.2666880011409013
2024-04-30,0.2671725134055904
2024-05-02,0.2688099783599089
2024-05-03,0.2694110677290837
2024-05-06,0.2695417784090909
2024-05-07,0.2701607461669506
2024-05-08,0.2686944140669314
2024-05-09,0.2681756009070294
2024-05-10,0.2683339150141643
2024-05-13,0.2691717590497737
2024-05-14,0.2705993774011299
2024-05-15,0.2725686877470356
2024-05-16,0.2704530090293454
2024-05-17,0.2696726170332769
2024-05-20,0.2713483297692741
2024-05-21,0.2727768683914511
2024-05-22,0.2723534052838673
2024-05-23,0.2718277696629213
2024-05-24,0.2734107995508141
2024-05-27,0.2720644252937885
2024-05-28,0.2712379294907666
2024-05-29,0.2697453598209289
2024-05-30,0.2701169608501119
2024-05-31,0.2694836694584031
2024-06-03,0.2732763099219621
2024-06-04,0.2712967982162765
2024-06-05,0.2689328747913189
2024-06-06,0.2678451859688196
2024-06-07,0.2656254149054505
2024-06-10,0.2670583525498891
2024-06-11,0.2701826430155211
2024-06-12,0.2708192279534109
2024-06-13,0.2688967172949002
2024-06-14,0.2689111787493082
2024-06-18,0.2689401071823204
2024-06-19,0.2692732319559228
2024-06-24,0.2680462113373693
2024-06-25,0.2675871661166116
2024-06-26,0.2662548594950604
2024-06-27,0.2662335929786067
2024-06-28,0.2652449539473684
2024-07-01,0.2653575689277899
2024-07-02,0.2653786954620011
2024-07-03,0.2657595409836065
2024-07-04,0.2677089465065502
2024-07-05,0.271061477124183
2024-07-08,0.2713851497005988
2024-07-10,0.2732091147362697
2024-07-11,0.2744538369565217
2024-07-12,0.2780481020075963
2024-07-15,0.276487502708559
2024-07-16,0.2759305760693015
2024-07-17,0.2748763051948052
2024-07-18,0.2745894889249055
2024-07-19,0.2740401746630728
2024-07-22,0.2752924986508365
2024-07-23,0.2754745048543689
2024-07-24,0.2741303211206896
2024-07-25,0.2727471086021505
2024-07-26,0.2735080139559849
2024-07-29,0.2692224849785408
2024-07-30,0.2661839860589812
2024-07-31,0.2656465836909871
2024-08-01,0.2630402186495177
2024-08-02,0.2628328117647059
2024-08-05,0.2613900726884019
2024-08-06,0.2607969951948745
2024-08-07,0.2636157533368927
2024-08-08,0.2654773287086446
2024-08-09,0.268197178913738
2024-08-12,0.2647884342735497
2024-08-13,0.268341115364168
2024-08-14,0.2691427800212539
2024-08-15,0.2712526447158789
2024-08-16,0.2721162478813559
2024-08-19,0.2712820794491525
2024-08-20,0.2711129190047644
2024-08-21,0.2689256423280423
2024-08-22,0.2695199852008456
2024-08-23,0.2717538998418555
2024-08-26,0.2715546501841136
2024-08-27,0.2719682336842105
2024-08-28,0.2725984075829383
2024-08-29,0.2735005331230283
2024-08-30,0.2748158730991086
2024-09-02,0.2741829349422875
2024-09-03,0.270775229155742
2024-09-04,0.270723916186485
2024-09-05,0.2696435316919853
2024-09-06,0.2682403434237995
2024-09-09,0.2666168982785603
2024-09-10,0.2658655250521921
2024-09-11,0.2647253479394888
2024-09-12,0.2684996241540864
2024-09-13,0.2693820374220374
2024-09-16,0.2675298960498961
2024-09-17,0.2637965602910603
2024-09-18,0.2647253471717696
2024-09-19,0.2665458329008822
2024-09-20,0.2640961305023304
2024-09-23,0.2634143768115942
2024-09-24,0.2665245204345577
2024-09-25,0.2672224891640867
2024-09-26,0.2705042199277233
2024-09-27,0.2689545731958763
2024-09-30,0.2682331478619268
2024-10-01,0.2657454160659114
2024-10-02,0.2645222727740607
2024-10-03,0.2634837821171634
2024-10-04,0.2626947224217547
2024-10-07,0.2636366037929267
2024-10-08,0.2658301875961045
2024-10-09,0.2654491403688524
2024-10-10,0.2655971950970378
2024-10-14,0.2651043183673469
2024-10-15,0.2661839867414584
2024-10-16,0.2660565107033639
2024-10-17,0.2680031085073867
2024-10-18,0.2692007425088877
2024-10-21,0.2648585650406504
2024-10-22,0.2652590259014728
2024-10-23,0.2628880882800609
2024-10-24,0.2633796886409736
2024-10-25,0.2636227034412955
2024-10-28,0.2684131411229135
2024-10-29,0.2688894863498483
2024-10-30,0.2695635767676767
2024-10-31,0.2669656683467742
2024-11-01,0.266695113796576
2024-11-04,0.266645335347432
2024-11-05,0.2673868285570638
2024-11-07,0.2684491688442211
2024-11-08,0.2662052447342026
2024-11-11,0.2666026823647294
2024-11-12,0.266120233350025
2024-11-13,0.2666666666666666
2024-11-14,0.2673868284142071
2024-11-15,0.2672796279301745
2024-11-19,0.2671511006979063
2024-11-20,0.2673367912306926
2024-11-21,0.2691572686567164
2024-11-22,0.2699201032770606
2024-11-25,0.2740551946375372
2024-11-26,0.274295746031746
2024-11-27,0.2734780941993059
2024-11-28,0.273627757185332
2024-11-29,0.2753228156203658
2024-12-02,0.2738000711111111
2024-12-03,0.2760524503703703
2024-12-04,0.2761896870681145
2024-12-05,0.2776697947705969
2024-12-06,0.2793218069916297
2024-12-09,0.2800885076242007
2024-12-10,0.2783267000983284
2024-12-11,0.2796889857493858
2024-12-12,0.2789322473012757
2024-12-13,0.2775079784419402
2024-12-16,0.2786291442542787
2024-12-17,0.2778395203132648
2024-12-18,0.2783034621026894
2024-12-19,0.2744764359726295
2024-12-20,0.2747479190243903
2024-12-23,0.2725612581429266
2024-12-26,0.2735229762020398
2024-12-27,0.2711055685894328
2024-12-30,0.273717632751938
2024-12-31,0.2744839699612403
2025-01-02,0.2734182750605327
2025-01-03,0.27395759150169
2025-01-06,0.2751788662481892
2025-01-07,0.2738825588803089
2025-01-08,0.2727396700434153
2025-01-09,0.2733734284337349
2025-01-10,0.2710100548340548
2025-01-13,0.2751788663461538
2025-01-14,0.2748460864553314
2025-01-15,0.2766022188099808
2025-01-16,0.2768549280230326
2025-01-17,0.2805442557471264
2025-01-20,0.2802454954610606
2025-01-21,0.2814047726838586
2025-01-22,0.2821909303435114
2025-01-23,0.2793920429184549
2025-01-24,0.2794935576739752
2025-01-27,0.2754441532603522
2025-01-28,0.2757175547098002
2025-01-29,0.2776158354731336
2025-01-30,0.2793842366920152
2025-01-31,0.2797359288087327
2025-02-03,0.279095729665639
2025-02-04,0.2805678691012568
2025-02-05,0.2823183982930298
2025-02-06,0.2816187447262384
2025-02-07,0.2803947961165048
2025-02-10,0.2783964363464268
2025-02-11,0.278543772834832
2025-02-12,0.2790645753489472
2025-02-13,0.2800179210588513
2025-02-14,0.2819045471296952
2025-02-17,0.281064673117772
2025-02-18,0.2813176921624173
2025-02-19,0.2819760887420344
2025-02-20,0.2818330417551309
2025-02-21,0.2803554909262314
2025-02-24,0.2801512818096136
2025-02-25,0.2795873292510598
2025-02-26,0.2806151080762891
2025-02-27,0.2799473702047541
2025-02-28,0.2771388185019957
2025-03-05,0.2773309664082687
2025-03-06,0.276609869422264
2025-03-07,0.2758392405063291
2025-03-10,0.2744613696060037
2025-03-11,0.2736726872948898
2025-03-12,0.274551793766112
2025-03-13,0.2725538294283036
2025-03-14,0.2731121123069724
2025-03-17,0.2740176471689284
2025-03-18,0.2726281356407858
2025-03-19,0.2728885253563917
2025-03-20,0.2715546507713885
2025-03-21,0.2693167438170789
2025-03-25,0.2725835465360391
2025-03-26,0.2706213463960812
2025-03-27,0.2722051340638843
2025-03-28,0.2701242571029343
2025-03-31,0.2683339143389199
2025-04-01,0.2709219474296347
2025-04-03,0.2710761720930232
2025-04-04,0.2670155669144981
2025-04-07,0.265442093866171
2025-04-08,0.2641868329849012
2025-04-09,0.26602819865398
2025-04-10,0.266212330547818
2025-04-11,0.2698763970315398
2025-04-14,0.2713041594323873
2025-04-15,0.2718351591666667
2025-04-16,0.2710982185022026
2025-04-21,0.2679672010968921
2025-04-22,0.2706067001811594
2025-04-23,0.2738000715517241
2025-04-24,0.275839241056218
2025-04-25,0.2761591782813168
2025-04-28,0.2760524499151103
2025-04-29,0.2764340017167382
2025-04-30,0.2749972504273504
2025-05-05,0.2764187191666666
2025-05-06,0.2778318006700168
2025-05-07,0.2791268914590747
2025-05-08,0.280049289048474
2025-05-09,0.2822068573943662
2025-05-12,0.2801983807420495
2025-05-13,0.2812623056419369
2025-05-14,0.2816425388692579
2025-05-15,0.2814839833040422
2025-05-16,0.2812464842381786
2025-05-19,0.2825656967572305
2025-05-20,0.2834868884026258
2025-05-21,0.2814839834205934
2025-05-22,0.2782957173051519
2025-05-23,0.2779321843846493
2025-05-26,0.2808042230971128
2025-05-27,0.2827174801038062
2025-05-28,0.2849165198275862
2025-05-29,0.2869934564666103
2025-05-30,0.2842362575757575
2025-06-02,0.2832700694620923
2025-06-03,0.2839860278716216
2025-06-04,0.2869522800506116
2025-06-05,0.2863770436607892
2025-06-06,0.2859348637705609
2025-06-09,0.2865411620253165
2025-06-10,0.2857796070677324
2025-06-11,0.2861312199661591
2025-06-12,0.2812306649789029
2025-06-13,0.2769622774957699
2025-06-17,0.2839457094827586
2025-06-18,0.2876373470459519
2025-06-19,0.2862458855421687
2025-06-23,0.2894858727583262
2025-06-24,0.2943427330779055
2025-06-25,0.2934100109106168
2025-06-26,0.2959718234552333
2025-06-27,0.2951419629941126
2025-06-30,0.2964631941908713
2025-07-01,0.296033155482815
2025-07-02,0.296718295362083
2025-07-03,0.299679342810723
2025-07-04,0.2988553838709677
2025-07-07,0.2977342420886076
2025-07-08,0.2982581721115538
2025-07-10,0.3022061043824701
2025-07-11,0.3002912826000792
2025-07-14,0.29843619453125
2025-07-15,0.2971944841269841
2025-07-16,0.2976899262490087
2025-07-17,0.2973712386185243
2025-07-18,0.2975482029548989
2025-07-21,0.2989357882352941
2025-07-22,0.2984361941902109
2025-07-23,0.3003905077473182
2025-07-24,0.2986857822327044
2025-07-25,0.298462915625
2025-07-28,0.2981159073359073
2025-07-29,0.2971944841208366
2025-07-30,0.2965599049429657
2025-07-31,0.2945508100436681
2025-08-01,0.2929372822580645
2025-08-04,0.2931347830882352
2025-08-05,0.2898634740381023
2025-08-06,0.2914602154654654
2025-08-07,0.2915621899736147
2025-08-08,0.2914007631975867
2025-08-11,0.2928943819969742
2025-08-12,0.2929372819734345
2025-08-13,0.2954820792079208
2025-08-14,0.2952465307692308
2025-08-18,0.2960682142304717
2025-08-19,0.2947418058027079
2025-08-20,0.2934875119139123
2025-08-21,0.2935133551330798
2025-08-22,0.2968856691900076
2025-08-25,0.296313855359765
2025-08-26,0.2980092981938813
2025-08-27,0.3002642326787699
2025-08-28,0.3005530172543136
2025-08-29,0.2989715380029806
2025-09-01,0.2977342427113703
2025-09-02,0.2955432086700955
2025-09-03,0.297441998531032
2025-09-04,0.2978850165137615
2025-09-05,0.2994101616236162
2025-09-08,0.3006253009226401
2025-09-09,0.2989536618425697
2025-09-10,0.3006433768879522
2025-09-11,0.3006253002793296
2025-09-12,0.2998590660701996
2025-09-15,0.2984540081799591
2025-09-16,0.3010325418652144
2025-09-17,0.2991683119701593
2025-09-18,0.2996075144116649
2025-09-19,0.3000570108474576
2025-09-22,0.2989536619318182
2025-09-23,0.2990341197954711
2025-09-24,0.2976367641121495
2025-09-25,0.2975127928197457
2025-09-26,0.2979826576168929
2025-09-29,0.3025535522058823
2025-09-30,0.3016318282608695
2025-10-01,0.301413629655657
2025-10-02,0.3018503425763426
2025-10-03,0.3018230108810109
2025-10-06,0.3056514965034965
2025-10-07,0.3048408730325289
2025-10-08,0.3059039461538461
2025-10-09,0.3064100992957747
2025-10-13,0.3044047368421053
2025-10-14,0.3025260926470588
2025-10-15,0.3036099217391304
2025-10-16,0.3022791847360913
2025-10-17,0.3022426406896552
2025-10-20,0.3042750644067796
2025-10-21,0.3037021288158336
2025-10-22,0.3023065990597716
2025-10-23,0.3039790865449628
2025-10-24,0.3051664684986595
2025-10-27,0.3070404369337979
2025-10-28,0.3066449972789116
2025-10-29,0.3080050515320334
2025-10-30,0.3073424102920723
2025-10-31,0.3064758346020761
2025-11-03,0.3071724770580297
2025-11-04,0.3056608390646492
2025-11-05,0.3069650365013774
2025-11-07,0.3065791893992933
2025-11-10,0.3100679049630412
2025-11-11,0.3107520198159943
2025-11-12,0.3125
2025-11-13,0.3106072368421053
2025-11-14,0.3097029950106914
2025-11-17,0.3072007865897621
2025-11-18,0.3055861142857143
2025-11-19,0.3053901357980803
2025-11-20,0.3047944161403508
2025-11-25,0.305138532642487
2025-11-26,0.3058291028551771
2025-11-27,0.3061286965517241
2025-11-28,0.3069367709266276
2025-12-01,0.3065134102652428
2025-12-02,0.3067766969072165
2025-12-03,0.3090616889194769
2025-12-04,0.3086896128808864
2025-12-05,0.3090043881533101
2025-12-09,0.3097893432732316
2025-12-10,0.3086896125217391
2025-12-11,0.3121001218662952
2025-12-12,0.3104433129770992
2025-12-15,0.3110516656239138
2025-12-16,0.3096742226050999
2025-12-17,0.3098181364576154
2025-12-18,0.311993011026878
2025-12-19,0.3127736772413793
2025-12-22,0.3121488326446281
2025-12-23,0.3137451764300482
2025-12-26,0.3129400722891566
2025-12-29,0.3135877577213452
2025-12-30,0.3137451759450171
2025-12-31,0.3135779243986254
2026-01-02,0.3136172616949153
2026-01-05,0.3161155721088435
2026-01-06,0.3156964265758092
2026-01-07,0.3152485732876712
2026-01-08,0.3152187616120219
2026-01-09,0.3171381453924914
2026-01-12,0.3180560415672913
2026-01-13,0.3177932436513384
2026-01-14,0.3160556256022023
2026-01-15,0.3180560416377516
2026-01-16,0.3180863923076923
2026-01-19,0.3166861958870686
2026-01-20,0.3158360181247822
2026-01-21,0.3162255323313526
2026-01-22,0.3189792661769849
2026-01-23,0.3189589183531053
2026-01-26,0.3209242615652173
2026-01-27,0.3222376180242634
2026-01-28,0.3229765517480097
2026-01-29,0.3239076213222568
2026-01-30,0.3219989695922598
2026-02-02,0.3229765520330806
2026-02-03,0.3231226576763485
2026-02-04,0.321006677029361
2026-02-05,0.3201536740638003
2026-02-06,0.3222791585195531
2026-02-09,0.3238761497175141
2026-02-10,0.3242121642958748
2026-02-11,0.3253831385714285
2026-02-12,0.3255102372759856
2026-02-13,0.3238341972132905
2026-02-18,0.3209345616045845
2026-02-19,0.3183598099352052
2026-02-20,0.3205641933139535
2026-02-23,0.3198771674571324
2026-02-24,0.3220611915972474
2026-02-25,0.3240125718370264
2026-02-26,0.3186946271306818
2026-02-27,0.3187149413027917
2026-03-02,0.3245067498207885
2026-03-03,0.3225494303886926
2026-03-04,0.3246226262049268
2026-03-05,0.3227472245913291
2026-03-06,0.3228410007062147
2026-03-09,0.3223103206214689
2026-03-10,0.3246647835714285
2026-03-11,0.3215537478510029
2026-03-12,0.3184916235209752
2026-03-13,0.3185524971428571
2026-03-16,0.3204306590257879
2026-03-17,0.3228097356733524
2026-03-18,0.3226430925394548
2026-03-19,0.3201229272140552
2026-03-20,0.3219160445882776
2026-03-25,0.3209345611615245
2026-03-26,0.3191523311403509
2026-03-27,0.3178033432188065
2026-03-30,0.3152883311874105
2026-03-31,0.3175712156295224
2026-04-01,0.3196828744619799
2026-04-06,0.3177225649676956
2026-04-07,0.3188063892280072
2026-04-08,0.3238237102702703
2026-04-09,0.3278796024619841
2026-04-10,0.3288175722627737
2026-04-13,0.3283209667651403
2026-04-14,0.3319722470674486
2026-04-15,0.3335334532744665
2026-04-16,0.3339567194403534
2026-04-17,0.337154417002565
2026-04-20,0.3347168293391431
2026-04-21,0.3329005627044711
2026-04-22,0.3334444811320755
2026-04-23,0.3338229403735632
2026-04-24,0.3347392382993926
2026-04-27,0.3355817311220889
2026-04-28,0.3378492516909932
2026-04-29,0.33504204743083
2026-04-30,0.3389830510424155
2026-05-04,0.3380319778966132
2026-05-05,0.3403907688442211
2026-05-06,0.343902606628242
2026-05-07,0.3423602313753581
2026-05-08,0.3448513690987124
2026-05-11,0.3444712367948257
2026-05-12,0.3427474638728323
2026-05-13,0.3435835768678161
2026-05-14,0.3443170474478792
2026-05-15,0.3432062323413409
2026-05-18,0.3446374416607015
2026-05-19,0.3425009420600858
2026-05-20,0.3439617516105941
2026-05-21,0.3440801021950342
2026-05-22,0.3460926143977192
2026-05-26,0.351543274982282
2026-05-27,0.3536568113274336
2026-05-28,0.3549623737588652
2026-05-29,0.3554544488636363
2026-06-01,0.3548238302945302
2026-06-02,0.3503240497547302
2026-06-03,0.3476084539450816
2026-06-04,0.3455186237382527
2026-06-05,0.3389026331135022
2026-06-08,0.3402517863809194
2026-06-09,0.3373363920888272
2026-06-10,0.3369612830715532
2026-06-11,0.3395470443280977
2026-06-12,0.3421962149859944
2026-06-16,0.3428297166724678
2026-06-17,0.3421962150537634
2026-06-18,0.3396277677463818
2026-06-19,0.3372681279945243
2026-06-22,0.3367343503250085
2026-06-23,0.3334000135915732
2026-06-24,0.3338452292089249
2026-06-25,0.3352667048070413
2026-06-26,0.333166750169262
2026-06-29,0.3351655720553493
2026-06-30,0.3358183893387315
2026-07-01,0.3346384231027535
2026-07-02,0.3330225120967742
2026-07-03,0.3334778401074907
2026-07-06,0.3338898163471241
2026-07-07,0.3292723083109919
2026-07-08,0.3297935490591397
2026-07-13,0.33010926585695
2026-07-14,0.3328783995922528
2026-07-15,0.3346720217022719
2026-07-16,0.3310052628726287
2026-07-17,0.3289581894451962
2026-07-20,0.3274501458474004
2026-07-21,0.3279226104906937
2026-07-22,0.3264773095077545
2026-07-23,0.3249918750839489
2026-07-24,0.3275252197728791
2026-07-27,0.3273429572478289
2026-07-28,0.3276969459279039
2026-07-29,0.326115314171123
2026-07-30,0.3267653501344086
2026-07-31,0.3274179818181818
2026-08-03,0.3278473545150501
2026-08-04,0.3327787018716577
2026-08-05,0.3327122706314734
2026-08-06,0.3317960120040013
2026-08-07,0.3339232645979312
2026-08-10,0.3330557866934135
2026-08-11,0.3326348004025495
2026-08-12,0.3349747093530003
2026-08-13,0.3373250127345845
2026-08-14,0.3382492221848739
2026-08-18,0.3340124923076923
2026-08-19,0.3356380480961923
2026-08-20,0.3325573660654642
2026-08-21,0.3346832221480987
2026-08-24,0.3329338125827814
2026-08-25,0.3356155190208402
2026-08-26,0.3352891869220608
2026-08-27,0.3373363915343915
2026-08-28,0.33387866865079363
2026-08-31,0.3342581140205502
2026-09-01,0.3294458717779246
