,NOK
1997-11-21,0.1419
1997-11-24,0.1425
1997-11-25,0.1414
1997-11-26,0.1397
1997-11-27,0.1397
1997-11-28,0.1397
1997-12-01,0.1387
1997-12-02,0.1398
1997-12-03,0.1405
1997-12-04,0.1402
1997-12-05,0.1393
1997-12-09,0.1385
1997-12-10,0.1386
1997-12-11,0.1394
1997-12-12,0.1383
1997-12-15,0.1381
1997-12-16,0.1377
1997-12-17,0.1394
1997-12-18,0.1386
1997-12-19,0.1387
1997-12-22,0.1379
1997-12-23,0.1374
1997-12-24,0.1379
1997-12-26,0.1378
1997-12-29,0.137
1997-12-30,0.1367
1998-01-02,0.1364
1998-01-05,0.1351
1998-01-06,0.1339
1998-01-07,0.1341
1998-01-08,0.1343
1998-01-09,0.1345
1998-01-12,0.1337
1998-01-13,0.1336
1998-01-14,0.1336
1998-01-15,0.1333
1998-01-16,0.1331
1998-01-19,0.1331
1998-01-27,0.135
1998-02-02,0.1337
1998-02-03,0.1335
1998-02-04,0.1343
1998-02-05,0.1352
1998-02-06,0.1338
1998-02-09,0.1328
1998-02-10,0.1332
1998-02-11,0.1331
1998-02-12,0.1336
1998-02-13,0.1328
1998-02-16,0.133
1998-02-17,0.1321
1998-02-18,0.1323
1998-02-19,0.1325
1998-02-20,0.1323
1998-02-23,0.1342
1998-02-24,0.1335
1998-02-25,0.1324
1998-02-26,0.1329
1998-02-27,0.1328
1998-03-02,0.1328
1998-03-03,0.1333
1998-03-04,0.1332
1998-03-05,0.1325
1998-03-06,0.1318
1998-03-09,0.1325
1998-03-10,0.1321
1998-03-11,0.132
1998-03-12,0.1322
1998-03-13,0.1329
1998-03-16,0.1324
1998-03-17,0.1324
1998-03-18,0.1321
1998-03-19,0.1323
1998-03-20,0.1321
1998-03-23,0.1333
1998-03-24,0.1329
1998-03-25,0.1328
1998-03-26,0.1338
1998-03-27,0.1337
1998-03-30,0.1325
1998-03-31,0.1329
1998-04-01,0.1312
1998-04-02,0.1312
1998-04-03,0.1312
1998-04-06,0.1316
1998-04-07,0.1315
1998-04-08,0.1335
1998-04-13,0.1331
1998-04-14,0.1343
1998-04-15,0.1341
1998-04-16,0.1344
1998-04-17,0.134
1998-04-20,0.1346
1998-04-21,0.1355
1998-04-22,0.1352
1998-04-23,0.1344
1998-04-24,0.135
1998-04-27,0.1353
1998-04-28,0.1348
1998-04-29,0.1347
1998-04-30,0.1347
1998-05-04,0.1361
1998-05-05,0.1369
1998-05-06,0.1367
1998-05-07,0.1361
1998-05-08,0.1356
1998-05-11,0.1353
1998-05-12,0.1355
1998-05-13,0.1348
1998-05-14,0.1348
1998-05-15,0.1341
1998-05-18,0.1337
1998-05-19,0.1338
1998-05-20,0.1343
1998-05-21,0.1353
1998-05-22,0.1357
1998-05-26,0.1344
1998-05-27,0.1327
1998-05-28,0.1334
1998-05-29,0.1334
1998-06-01,0.1337
1998-06-02,0.1343
1998-06-03,0.1349
1998-06-04,0.1354
1998-06-05,0.1348
1998-06-09,0.1339
1998-06-10,0.1339
1998-06-11,0.1319
1998-06-12,0.1315
1998-06-16,0.1318
1998-06-17,0.1332
1998-06-18,0.1323
1998-06-19,0.1331
1998-06-22,0.1325
1998-06-23,0.1324
1998-06-24,0.1323
1998-06-25,0.1322
1998-06-26,0.1322
1998-06-29,0.1307
1998-06-30,0.1315
1998-07-01,0.1303
1998-07-02,0.1295
1998-07-03,0.1294
1998-07-07,0.1305
1998-07-08,0.1303
1998-07-10,0.1304
1998-07-13,0.1315
1998-07-14,0.1311
1998-07-15,0.1317
1998-07-16,0.133
1998-07-17,0.1338
1998-07-20,0.1339
1998-07-21,0.1329
1998-07-22,0.1329
1998-07-23,0.1329
1998-07-24,0.1336
1998-07-27,0.1333
1998-07-28,0.1341
1998-07-29,0.1336
1998-07-30,0.1332
1998-07-31,0.1331
1998-08-03,0.1322
1998-08-04,0.1331
1998-08-05,0.1332
1998-08-06,0.133
1998-08-07,0.1322
1998-08-10,0.1325
1998-08-11,0.1321
1998-08-12,0.1331
1998-08-13,0.1324
1998-08-14,0.1311
1998-08-18,0.1303
1998-08-19,0.1303
1998-08-20,0.1298
1998-08-21,0.1298
1998-08-24,0.129
1998-08-25,0.1277
1998-08-26,0.1253
1998-08-27,0.1216
1998-08-28,0.1271
1998-08-31,0.1288
1998-09-01,0.1303
1998-09-02,0.1301
1998-09-03,0.13
1998-09-04,0.1311
1998-09-07,0.1307
1998-09-08,0.1301
1998-09-09,0.1305
1998-09-10,0.1329
1998-09-11,0.1332
1998-09-14,0.1332
1998-09-15,0.1332
1998-09-16,0.1343
1998-09-17,0.1343
1998-09-18,0.1354
1998-09-21,0.1345
1998-09-22,0.1342
1998-09-23,0.1338
1998-09-24,0.1351
1998-09-25,0.1355
1998-09-28,0.1357
1998-09-29,0.136
1998-09-30,0.1359
1998-10-01,0.1362
1998-10-02,0.1348
1998-10-05,0.1348
1998-10-06,0.1353
1998-10-07,0.1371
1998-10-08,0.1377
1998-10-09,0.1339
1998-10-13,0.1336
1998-10-14,0.1321
1998-10-15,0.1318
1998-10-16,0.1352
1998-10-19,0.1351
1998-10-20,0.1348
1998-10-21,0.1355
1998-10-22,0.1363
1998-10-23,0.1372
1998-10-26,0.1371
1998-10-27,0.1362
1998-10-28,0.136
1998-10-29,0.1365
1998-10-30,0.1369
1998-11-02,0.1371
1998-11-03,0.1369
1998-11-04,0.1353
1998-11-05,0.1368
1998-11-06,0.1356
1998-11-09,0.1342
1998-11-10,0.1341
1998-11-11,0.1344
1998-11-12,0.1336
1998-11-13,0.1345
1998-11-16,0.1384
1998-11-17,0.1355
1998-11-18,0.1354
1998-11-19,0.1344
1998-11-20,0.1346
1998-11-23,0.1341
1998-11-24,0.1342
1998-11-25,0.1338
1998-11-26,0.1336
1998-11-27,0.133
1998-11-30,0.1343
1998-12-01,0.1348
1998-12-02,0.1355
1998-12-03,0.1355
1998-12-04,0.1349
1998-12-09,0.1331
1998-12-10,0.1334
1998-12-11,0.1313
1998-12-14,0.1295
1998-12-15,0.1288
1998-12-16,0.1314
1998-12-17,0.1303
1998-12-18,0.1305
1998-12-21,0.1309
1998-12-22,0.131
1998-12-23,0.1318
1998-12-24,0.1319
1998-12-28,0.1315
1998-12-29,0.1323
1998-12-30,0.1324
1999-01-04,0.1349
1999-01-05,0.1354
1999-01-06,0.1343
1999-01-07,0.136
1999-01-08,0.1359
1999-01-11,0.1355
1999-01-12,0.1354
1999-01-13,0.1349
1999-01-14,0.1347
1999-01-15,0.1345
1999-01-18,0.135
1999-01-19,0.1353
1999-01-20,0.1356
1999-01-21,0.135
1999-01-22,0.1348
1999-01-28,0.1339
1999-02-01,0.1332
1999-02-02,0.1325
1999-02-03,0.1319
1999-02-04,0.1316
1999-02-05,0.1312
1999-02-08,0.1316
1999-02-09,0.1316
1999-02-12,0.132
1999-02-16,0.1299
1999-02-17,0.1299
1999-02-18,0.1291
1999-02-19,0.1284
1999-02-22,0.1279
1999-02-23,0.1277
1999-02-26,0.1271
1999-03-01,0.1265
1999-03-02,0.1271
1999-03-03,0.1267
1999-03-04,0.1267
1999-03-05,0.1272
1999-03-08,0.128
1999-03-09,0.128
1999-03-10,0.129
1999-03-11,0.1292
1999-03-12,0.129
1999-03-15,0.1285
1999-03-16,0.1286
1999-03-17,0.13
1999-03-18,0.1308
1999-03-22,0.13
1999-03-23,0.1302
1999-03-24,0.1298
1999-03-25,0.1295
1999-03-26,0.1289
1999-03-29,0.1292
1999-03-30,0.1291
1999-03-31,0.1302
1999-04-05,0.1292
1999-04-06,0.1307
1999-04-07,0.1295
1999-04-08,0.1289
1999-04-09,0.1292
1999-04-12,0.1301
1999-04-13,0.1295
1999-04-14,0.1301
1999-04-15,0.1298
1999-04-16,0.1298
1999-04-19,0.1293
1999-04-20,0.1289
1999-04-21,0.1293
1999-04-23,0.1291
1999-04-26,0.1287
1999-04-27,0.1292
1999-04-30,0.1289
1999-05-03,0.1289
1999-05-04,0.1292
1999-05-05,0.1309
1999-05-06,0.1314
1999-05-07,0.1317
1999-05-10,0.1319
1999-05-11,0.1311
1999-05-12,0.1319
1999-05-14,0.1319
1999-05-17,0.1309
1999-05-18,0.1319
1999-05-20,0.1296
1999-05-28,0.1319
1999-05-31,0.1319
1999-06-01,0.1276
1999-06-02,0.1263
1999-06-03,0.1319
1999-06-04,0.1319
1999-06-07,0.1319
1999-06-10,0.1284
1999-06-11,0.1293
1999-06-15,0.1279
1999-06-17,0.1278
1999-06-18,0.1283
1999-06-22,0.1282
1999-06-23,0.1281
1999-06-24,0.1285
1999-06-25,0.1289
1999-06-28,0.1281
1999-06-29,0.1282
1999-06-30,0.1278
1999-07-01,0.1274
1999-07-02,0.1275
1999-07-05,0.1274
1999-07-06,0.1275
1999-07-07,0.1271
1999-07-12,0.1258
1999-07-13,0.1255
1999-07-19,0.1271
1999-07-20,0.128
1999-07-21,0.1278
1999-07-22,0.1283
1999-07-23,0.1279
1999-07-26,0.1287
1999-07-27,0.1281
1999-07-28,0.1282
1999-07-29,0.1292
1999-07-30,0.1294
1999-08-02,0.1302
1999-08-03,0.1299
1999-08-04,0.1304
1999-08-05,0.1305
1999-08-06,0.13
1999-08-09,0.13
1999-08-10,0.1306
1999-08-11,0.1301
1999-08-12,0.1301
1999-08-13,0.1289
1999-08-17,0.1288
1999-08-18,0.1288
1999-08-19,0.1299
1999-08-20,0.1299
1999-08-23,0.128
1999-08-24,0.1282
1999-08-25,0.1261
1999-08-26,0.126
1999-08-27,0.1266
1999-08-30,0.1267
1999-08-31,0.1284
1999-09-02,0.1292
1999-09-03,0.1283
1999-09-06,0.1285
1999-09-07,0.129
1999-09-08,0.1294
1999-09-09,0.1293
1999-09-10,0.1276
1999-09-13,0.128
1999-09-14,0.1269
1999-09-15,0.1274
1999-09-16,0.1272
1999-09-17,0.1274
1999-09-20,0.1278
1999-09-21,0.1286
1999-09-22,0.1277
1999-09-24,0.128
1999-09-28,0.1296
1999-09-29,0.1299
1999-09-30,0.1305
1999-10-01,0.1309
1999-10-04,0.1308
1999-10-05,0.1307
1999-10-06,0.1301
1999-10-07,0.13
1999-10-08,0.1288
1999-10-12,0.1304
1999-10-13,0.1303
1999-10-14,0.1303
1999-10-19,0.1305
1999-10-20,0.1299
1999-10-21,0.1305
1999-10-22,0.1297
1999-10-25,0.1299
1999-10-26,0.1293
1999-10-27,0.1288
1999-10-28,0.1282
1999-11-01,0.1276
1999-11-02,0.1281
1999-11-03,0.1277
1999-11-04,0.1264
1999-11-05,0.1271
1999-11-08,0.1269
1999-11-09,0.1274
1999-11-10,0.128
1999-11-11,0.1274
1999-11-12,0.127
1999-11-15,0.1265
1999-11-16,0.1266
1999-11-17,0.1276
1999-11-18,0.1266
1999-11-19,0.1267
1999-11-22,0.1272
1999-11-23,0.1266
1999-11-24,0.1257
1999-11-25,0.126
1999-11-26,0.1259
1999-11-29,0.125
1999-11-30,0.1247
1999-12-01,0.1243
1999-12-02,0.1242
1999-12-03,0.1244
1999-12-06,0.1268
1999-12-07,0.1268
1999-12-09,0.1262
1999-12-10,0.1258
1999-12-13,0.1255
1999-12-14,0.1249
1999-12-15,0.125
1999-12-16,0.1259
1999-12-17,0.1257
1999-12-20,0.1255
1999-12-21,0.1256
1999-12-22,0.126
1999-12-23,0.1261
2000-01-03,0.127
2000-01-04,0.1266
2000-01-05,0.1267
2000-01-06,0.1265
2000-01-07,0.1261
2000-01-12,0.1263
2000-01-13,0.1265
2000-01-14,0.126
2000-01-17,0.1255
2000-01-18,0.1257
2000-01-20,0.1261
2000-01-21,0.1256
2000-01-24,0.1253
2000-01-25,0.1252
2000-01-26,0.1247
2000-01-27,0.1235
2000-01-28,0.1216
2000-01-29,0.1212
2000-02-01,0.1212
2000-02-02,0.1222
2000-02-03,0.1237
2000-02-04,0.122
2000-02-07,0.1218
2000-02-08,0.1231
2000-02-09,0.1212
2000-02-10,0.1233
2000-02-11,0.1226
2000-02-14,0.1221
2000-02-15,0.1223
2000-02-16,0.1222
2000-02-17,0.1215
2000-02-18,0.1218
2000-02-21,0.1215
2000-02-22,0.1235
2000-02-23,0.1231
2000-02-24,0.1226
2000-02-25,0.1209
2000-02-28,0.1208
2000-02-29,0.1204
2000-03-01,0.1204
2000-03-02,0.1202
2000-03-03,0.1201
2000-03-06,0.1196
2000-03-07,0.119
2000-03-08,0.119
2000-03-09,0.1198
2000-03-10,0.12
2000-03-13,0.1193
2000-03-14,0.1192
2000-03-15,0.1197
2000-03-16,0.1196
2000-03-17,0.1198
2000-03-20,0.1195
2000-03-21,0.1192
2000-03-22,0.1187
2000-03-23,0.12
2000-03-24,0.1205
2000-03-27,0.1196
2000-03-28,0.1201
2000-03-29,0.119
2000-03-30,0.1198
2000-03-31,0.1191
2000-04-03,0.119
2000-04-04,0.1193
2000-04-05,0.119
2000-04-06,0.1187
2000-04-07,0.1184
2000-04-10,0.1184
2000-04-11,0.118
2000-04-12,0.1179
2000-04-13,0.1177
2000-04-14,0.1178
2000-04-17,0.1172
2000-04-18,0.1169
2000-04-19,0.1158
2000-04-24,0.1161
2000-04-25,0.114
2000-04-26,0.114
2000-04-27,0.1123
2000-04-28,0.1126
2000-05-02,0.1123
2000-05-03,0.1118
2000-05-04,0.1108
2000-05-05,0.1107
2000-05-08,0.111
2000-05-16,0.1111
2000-05-17,0.1099
2000-05-18,0.1102
2000-05-19,0.1107
2000-05-22,0.1107
2000-05-23,0.1101
2000-05-24,0.1109
2000-05-26,0.1128
2000-05-29,0.1121
2000-05-30,0.1126
2000-05-31,0.1128
2000-06-01,0.1126
2000-06-02,0.114
2000-06-05,0.1149
2000-06-06,0.1158
2000-06-07,0.1167
2000-06-08,0.1156
2000-06-09,0.1151
2000-06-12,0.1159
2000-06-13,0.1166
2000-06-14,0.1172
2000-06-15,0.1165
2000-06-16,0.1175
2000-06-20,0.1168
2000-06-21,0.1156
2000-06-22,0.1152
2000-06-23,0.1152
2000-06-26,0.115
2000-06-27,0.1157
2000-06-28,0.1161
2000-06-29,0.1172
2000-06-30,0.1174
2000-07-03,0.1169
2000-07-04,0.1171
2000-07-05,0.1172
2000-07-06,0.1169
2000-07-07,0.1171
2000-07-10,0.1174
2000-07-11,0.1171
2000-07-12,0.1162
2000-07-17,0.1152
2000-07-18,0.1144
2000-07-19,0.1137
2000-07-20,0.1147
2000-07-21,0.1153
2000-07-24,0.1148
2000-07-27,0.1143
2000-07-28,0.1137
2000-07-31,0.1136
2000-08-01,0.1131
2000-08-02,0.1124
2000-08-03,0.112
2000-08-04,0.113
2000-08-07,0.1129
2000-08-09,0.1119
2000-08-10,0.1127
2000-08-11,0.1125
2000-08-14,0.113
2000-08-15,0.1133
2000-08-16,0.1138
2000-08-17,0.114
2000-08-18,0.1133
2000-08-22,0.1122
2000-08-23,0.1117
2000-08-24,0.1119
2000-08-25,0.1123
2000-08-29,0.1111
2000-08-30,0.1113
2000-08-31,0.111
2000-09-01,0.1118
2000-09-04,0.1119
2000-09-05,0.1109
2000-09-06,0.1095
2000-09-07,0.1096
2000-09-08,0.1087
2000-09-11,0.1079
2000-09-12,0.1081
2000-09-13,0.1085
2000-09-14,0.1082
2000-09-15,0.1075
2000-09-18,0.1073
2000-09-19,0.1067
2000-09-20,0.107
2000-09-21,0.108
2000-09-22,0.1103
2000-09-25,0.1097
2000-09-26,0.1103
2000-09-27,0.11
2000-09-28,0.111
2000-09-29,0.1111
2000-10-02,0.1101
2000-10-03,0.1097
2000-10-04,0.1096
2000-10-05,0.1088
2000-10-06,0.1089
2000-10-09,0.1086
2000-10-10,0.1088
2000-10-11,0.1083
2000-10-12,0.1085
2000-10-13,0.1071
2000-10-17,0.1067
2000-10-18,0.1049
2000-10-19,0.106
2000-10-20,0.1063
2000-10-23,0.106
2000-10-24,0.106
2000-10-25,0.1048
2000-10-26,0.1055
2000-10-31,0.1085
2000-11-01,0.1093
2000-11-02,0.1089
2000-11-03,0.1089
2000-11-07,0.1086
2000-11-08,0.1082
2000-11-09,0.1086
2000-11-10,0.1083
2000-11-13,0.1083
2000-11-14,0.1077
2000-11-15,0.1076
2000-11-16,0.1075
2000-11-17,0.1072
2000-11-20,0.1068
2000-11-21,0.106
2000-11-22,0.1058
2000-11-23,0.1054
2000-11-27,0.1069
2000-11-28,0.1075
2000-11-29,0.1076
2000-11-30,0.1086
2000-12-01,0.1086
2000-12-04,0.11
2000-12-05,0.1096
2000-12-06,0.1111
2000-12-07,0.1103
2000-12-11,0.1093
2000-12-12,0.1094
2000-12-13,0.1089
2000-12-19,0.1106
2000-12-20,0.1118
2000-12-21,0.1122
2000-12-22,0.1136
2000-12-26,0.1141
2000-12-27,0.1133
2000-12-28,0.1128
2001-01-02,0.115
2001-01-04,0.1149
2001-01-05,0.1159
2001-01-08,0.1153
2001-01-09,0.1149
2001-01-10,0.1155
2001-01-11,0.1172
2001-01-12,0.1164
2001-01-15,0.1172
2001-01-17,0.1172
2001-01-24,0.1172
2001-01-26,0.1172
2001-01-29,0.1129
2001-01-30,0.1138
2001-01-31,0.114
2001-02-01,0.1151
2001-02-05,0.1153
2001-02-06,0.1144
2001-02-07,0.1148
2001-02-08,0.1133
2001-02-09,0.1137
2001-02-12,0.114
2001-02-13,0.1125
2001-02-15,0.1114
2001-02-16,0.1127
2001-02-23,0.112
2001-02-26,0.1115
2001-02-27,0.1118
2001-02-28,0.1129
2001-03-01,0.1138
2001-03-02,0.1142
2001-03-05,0.1137
2001-03-06,0.1145
2001-03-07,0.1135
2001-03-08,0.1139
2001-03-09,0.1145
2001-03-12,0.1138
2001-03-13,0.1119
2001-03-14,0.1123
2001-03-15,0.1112
2001-03-16,0.1103
2001-03-19,0.1115
2001-03-20,0.1121
2001-03-22,0.1103
2001-03-23,0.111
2001-03-26,0.1112
2001-03-27,0.1106
2001-03-28,0.1104
2001-03-30,0.11
2001-04-03,0.1105
2001-04-04,0.111
2001-04-05,0.1108
2001-04-06,0.1117
2001-04-09,0.1115
2001-04-10,0.111
2001-04-11,0.1103
2001-04-16,0.11
2001-04-17,0.1102
2001-04-18,0.1107
2001-04-19,0.111
2001-04-20,0.1116
2001-04-23,0.1112
2001-04-24,0.1108
2001-04-25,0.1105
2001-04-26,0.1112
2001-04-30,0.1105
2001-05-02,0.1113
2001-05-03,0.1107
2001-05-04,0.1113
2001-05-07,0.1111
2001-05-08,0.1107
2001-05-09,0.1105
2001-05-10,0.1102
2001-05-11,0.1099
2001-05-16,0.1109
2001-05-17,0.111
2001-05-18,0.1114
2001-05-21,0.1111
2001-05-22,0.1097
2001-05-24,0.1094
2001-05-28,0.1093
2001-05-29,0.1091
2001-05-30,0.1091
2001-06-01,0.1067
2001-06-06,0.1074
2001-06-07,0.1074
2001-06-08,0.1078
2001-06-12,0.1068
2001-06-13,0.1077
2001-06-14,0.1087
2001-06-15,0.109
2001-06-19,0.1094
2001-06-20,0.1091
2001-06-21,0.1091
2001-06-22,0.1092
2001-06-25,0.1093
2001-06-26,0.1098
2001-06-27,0.1096
2001-06-28,0.108
2001-06-29,0.1079
2001-07-02,0.107
2001-07-03,0.1077
2001-07-04,0.1073
2001-07-05,0.1066
2001-07-06,0.1074
2001-07-10,0.1084
2001-07-11,0.1082
2001-07-12,0.1077
2001-07-13,0.1077
2001-07-16,0.1078
2001-07-17,0.1082
2001-07-18,0.1097
2001-07-19,0.1095
2001-07-20,0.1096
2001-07-23,0.1094
2001-07-24,0.11
2001-07-25,0.1105
2001-07-26,0.1103
2001-07-27,0.1103
2001-07-30,0.1101
2001-07-31,0.1102
2001-08-01,0.1108
2001-08-02,0.111
2001-08-03,0.1115
2001-08-06,0.1114
2001-08-07,0.1108
2001-08-08,0.1113
2001-08-09,0.1123
2001-08-10,0.1118
2001-08-13,0.1117
2001-08-14,0.1123
2001-08-15,0.1128
2001-08-16,0.1137
2001-08-17,0.1136
2001-08-21,0.1133
2001-08-22,0.1137
2001-08-23,0.1133
2001-08-24,0.1134
2001-08-27,0.1135
2001-08-28,0.1133
2001-08-29,0.1135
2001-08-30,0.1146
2001-08-31,0.1136
2001-09-03,0.1141
2001-09-04,0.1127
2001-09-05,0.1128
2001-09-06,0.1133
2001-09-07,0.1141
2001-09-10,0.1133
2001-09-12,0.1144
2001-09-13,0.1144
2001-09-14,0.1154
2001-09-17,0.1166
2001-09-18,0.1162
2001-09-19,0.1177
2001-09-21,0.1159
2001-09-24,0.1151
2001-09-25,0.1156
2001-09-26,0.1151
2001-09-27,0.1141
2001-09-28,0.1132
2001-10-02,0.1142
2001-10-03,0.1139
2001-10-09,0.1151
2001-10-10,0.1141
2001-10-11,0.1143
2001-10-12,0.115
2001-10-15,0.1147
2001-10-16,0.1146
2001-10-17,0.1144
2001-10-18,0.1144
2001-10-19,0.1133
2001-10-24,0.113
2001-10-25,0.1131
2001-10-26,0.1128
2001-10-29,0.1141
2001-10-30,0.1143
2001-10-31,0.113
2001-11-01,0.114
2001-11-02,0.1138
2001-11-05,0.1139
2001-11-07,0.1138
2001-11-08,0.1136
2001-11-09,0.114
2001-11-12,0.1141
2001-11-13,0.1128
2001-11-15,0.1123
2001-11-19,0.1116
2001-11-20,0.1126
2001-11-22,0.1119
2001-11-23,0.1114
2001-11-26,0.1115
2001-11-27,0.1116
2001-11-28,0.1123
2001-11-29,0.1121
2001-12-04,0.112
2001-12-05,0.1117
2001-12-06,0.1125
2001-12-07,0.1123
2001-12-10,0.1118
2001-12-11,0.1122
2001-12-12,0.1126
2001-12-14,0.1134
2001-12-18,0.1136
2001-12-19,0.1133
2001-12-20,0.1129
2002-01-11,0.1128999999999999
2002-01-14,0.1128999999999999
2002-01-15,0.1576
2002-01-16,0.1123
2002-01-17,0.1124
2002-01-18,0.1124999999999999
2002-01-21,0.1124
2002-01-22,0.1125999999999999
2002-01-23,0.112
2002-01-24,0.1122
2002-01-25,0.1109
2002-01-28,0.1106
2002-01-29,0.111
2002-01-30,0.1108
2002-01-31,0.1105
2002-02-01,0.1107
2002-02-11,0.1124999999999999
2002-02-12,0.1128
2002-02-13,0.1122
2002-02-14,0.1129999999999999
2002-02-15,0.1132
2002-02-18,0.113
2002-02-19,0.1135
2002-02-20,0.1128
2002-02-21,0.113
2002-02-22,0.1130999999999999
2002-02-25,0.1130999999999999
2002-02-26,0.1124
2002-02-27,0.113
2002-02-28,0.1135
2002-03-01,0.1130999999999999
2002-03-04,0.1139
2002-03-06,0.1144
2002-03-07,0.1149999999999999
2002-03-08,0.114
2002-03-11,0.1142
2002-03-12,0.1142
2002-03-13,0.1137
2002-03-14,0.1145
2002-03-15,0.1143
2002-03-18,0.1144999999999999
2002-03-19,0.1146
2002-03-20,0.1152999999999999
2002-03-21,0.1152
2002-03-22,0.1146
2002-03-25,0.1145
2002-03-26,0.1145
2002-03-27,0.1141
2002-04-02,0.1151
2002-04-03,0.1159
2002-04-04,0.1153999999999999
2002-04-05,0.1156
2002-04-08,0.1153
2002-04-09,0.1158
2002-04-10,0.1159
2002-04-11,0.1166
2002-04-12,0.1163
2002-04-15,0.1161
2002-04-16,0.1162
2002-04-19,0.1179
2002-04-29,0.1198999999999999
2002-04-30,0.1195
2002-05-02,0.1200999999999999
2002-05-03,0.1217999999999999
2002-05-06,0.1214999999999999
2002-05-07,0.1204
2002-05-08,0.1201999999999999
2002-05-09,0.1206
2002-05-10,0.1214
2002-05-13,0.1214
2002-05-14,0.1204
2002-05-15,0.1211999999999999
2002-05-16,0.1214
2002-05-17,0.1228
2002-05-20,0.1229
2002-05-22,0.1244
2002-05-23,0.1245
2002-05-28,0.1266
2002-05-29,0.127
2002-05-31,0.1253
2002-06-03,0.1268
2002-06-04,0.1275
2002-06-05,0.1278
2002-06-06,0.1279
2002-06-10,0.1275
2002-06-11,0.128
2002-06-12,0.128
2002-06-13,0.1277
2002-06-14,0.1279
2002-06-18,0.129
2002-06-19,0.1305
2002-06-20,0.1314
2002-06-21,0.1311
2002-06-24,0.1324
2002-06-25,0.133
2002-06-26,0.1344999999999999
2002-06-27,0.134
2002-06-28,0.134
2002-07-01,0.1343
2002-07-02,0.134
2002-07-03,0.1346
2002-07-11,0.1366
2002-07-12,0.1355
2002-07-15,0.1372
2002-07-16,0.1373
2002-07-17,0.1372
2002-07-18,0.1368
2002-07-19,0.137
2002-07-22,0.1341
2002-07-23,0.1319
2002-07-24,0.1316999999999999
2002-07-25,0.1326
2002-07-26,0.1316
2002-07-29,0.1303
2002-07-30,0.1328
2002-07-31,0.1318
2002-08-01,0.1313
2002-08-02,0.1319
2002-08-05,0.1313
2002-08-06,0.1289
2002-08-07,0.1304
2002-08-08,0.1302
2002-08-09,0.1306
2002-08-12,0.1319
2002-08-13,0.1326
2002-08-14,0.1329
2002-08-15,0.1331
2002-08-16,0.1338
2002-08-20,0.1338
2002-08-21,0.1331
2002-08-22,0.1318
2002-08-23,0.1317
2002-08-26,0.1323
2002-08-27,0.1336999999999999
2002-08-28,0.1335
2002-08-29,0.1339
2002-08-30,0.1334
2002-09-02,0.1334
2002-09-03,0.1344
2002-09-04,0.1347
2002-09-05,0.1353
2002-09-06,0.1343
2002-09-09,0.1338
2002-09-10,0.1326
2002-09-11,0.1330665745856353
2002-09-12,0.1344704419889502
2002-09-13,0.1341
2002-09-16,0.1323706849315068
2002-09-17,0.1329
2002-09-18,0.1332657534246575
2002-09-19,0.1336275204359673
2002-09-20,0.1339926229508196
2002-09-23,0.1339
2002-09-24,0.1347
2002-09-25,0.1343
2002-09-26,0.1326
2002-09-27,0.1343
2002-09-30,0.1343
2002-10-01,0.1352
2002-10-02,0.1355
2002-10-03,0.1358
2002-10-04,0.1358
2002-10-07,0.1354
2002-10-08,0.1352
2002-10-09,0.1360999999999999
2002-10-10,0.1362
2002-10-11,0.1362
2002-10-15,0.1349999999999999
2002-10-16,0.1344
2002-10-17,0.1316
2002-10-18,0.1362
2002-10-21,0.1322
2002-10-22,0.1326
2002-10-23,0.133
2002-10-24,0.133
2002-10-25,0.1333
2002-10-28,0.1338
2002-10-29,0.1339
2002-10-30,0.134
2002-10-31,0.1351
2002-11-01,0.1362
2002-11-04,0.136
2002-11-05,0.1367
2002-11-07,0.1381
2002-11-08,0.1389999999999999
2002-11-11,0.1395
2002-11-12,0.1388
2002-11-13,0.1381
2002-11-14,0.1381
2002-11-15,0.1387
2002-11-18,0.1385
2002-11-19,0.1372
2002-11-20,0.1376
2002-11-21,0.1374
2002-11-22,0.1372
2002-11-25,0.1367
2002-11-26,0.137
2002-11-27,0.1368
2002-11-29,0.1371
2002-12-02,0.1375
2002-12-03,0.1377
2002-12-04,0.1385
2002-12-05,0.1379
2002-12-06,0.1391
2002-12-09,0.1386
2002-12-10,0.1383
2002-12-11,0.1378
2002-12-12,0.1396
2002-12-13,0.1397999999999999
2002-12-16,0.1408
2002-12-17,0.1412
2002-12-18,0.1411
2002-12-19,0.1411
2002-12-20,0.1415
2002-12-23,0.1419
2002-12-24,0.1419
2002-12-26,0.1431
2002-12-27,0.1436
2002-12-30,0.1446
2002-12-31,0.145
2003-01-02,0.1436
2003-01-03,0.1442
2003-01-06,0.1452
2003-01-07,0.1447
2003-01-08,0.1456
2003-01-09,0.1454
2003-01-10,0.1463
2003-01-13,0.145
2003-01-14,0.1448
2003-01-15,0.1456
2003-01-16,0.1463
2003-01-17,0.1472
2003-01-20,0.1466
2003-01-21,0.145
2003-01-22,0.1457
2003-01-23,0.1449
2003-01-24,0.1462999999999999
2003-01-27,0.1458
2003-01-28,0.1457
2003-01-29,0.1461
2003-01-30,0.1466
2003-01-31,0.1442999999999999
2003-02-03,0.1444
2003-02-04,0.1456
2003-02-05,0.1439
2003-02-06,0.1439
2003-02-07,0.1453
2003-02-10,0.1446
2003-02-11,0.1447
2003-02-12,0.1442
2003-02-13,0.1445
2003-02-14,0.1442
2003-02-17,0.1434
2003-02-18,0.1429
2003-02-19,0.1435
2003-02-20,0.1451
2003-02-21,0.1439
2003-02-24,0.1429
2003-02-25,0.1423
2003-02-26,0.1417
2003-02-27,0.1390413793103448
2003-02-28,0.1397507836990595
2003-03-03,0.140118691588785
2003-03-04,0.1406251572327043
2003-03-05,0.1420293375394321
2003-03-06,0.1399657232704402
2003-03-07,0.1384810126582278
2003-03-10,0.1390219745222929
2003-03-11,0.1394565495207667
2003-03-12,0.1404061093247588
2003-03-13,0.138213141025641
2003-03-14,0.1383641025641025
2003-03-17,0.1358990322580645
2003-03-18,0.1339405228758169
2003-03-19,0.1340249169435216
2003-03-20,0.1349947194719472
2003-03-21,0.1341149006622516
2003-03-24,0.1355969899665551
2003-03-25,0.1360248299319728
2003-03-26,0.1362175862068965
2003-03-27,0.1359451388888889
2003-03-28,0.1368795302013422
2003-04-01,0.1384314189189189
2003-04-02,0.1374513793103448
2003-04-03,0.1379424137931034
2003-04-04,0.1379786206896551
2003-04-07,0.1369955172413793
2003-04-08,0.1375061643835616
2003-04-09,0.138092808219178
2003-04-10,0.1367934256055363
2003-04-11,0.136701724137931
2003-04-14,0.1369580204778157
2003-04-15,0.1378986440677966
2003-04-16,0.1389313993174061
2003-04-21,0.1386865051903114
2003-04-22,0.1397154385964912
2003-04-23,0.1398151408450704
2003-04-24,0.141248951048951
2003-04-25,0.1412947552447552
2003-04-28,0.1417814685314685
2003-04-29,0.1417817543859649
2003-04-30,0.1426695035460993
2003-05-02,0.1428856630824372
2003-05-05,0.1431803571428571
2003-05-06,0.1449925
2003-05-07,0.144663440860215
2003-05-08,0.1458468501086169
2003-05-09,0.1459830935251798
2003-05-12,0.1467501805054151
2003-05-13,0.1463527075812274
2003-05-14,0.1461775
2003-05-15,0.1453552816901408
2003-05-16,0.1471931972789115
2003-05-19,0.146842808219178
2003-05-20,0.1474402777777778
2003-05-21,0.1488694121788102
2003-05-22,0.1492048695652174
2003-05-23,0.150321724137931
2003-05-26,0.1503216027874564
2003-05-27,0.1506181184668989
2003-05-28,0.149115625
2003-05-29,0.1504597222222222
2003-05-30,0.1494926315789473
2003-06-02,0.1490712280701754
2003-06-03,0.1460770318021201
2003-06-04,0.1447576187101346
2003-06-05,0.1453551236749116
2003-06-06,0.1433528368794326
2003-06-09,0.1436120781527531
2003-06-10,0.142620640569395
2003-06-11,0.1431229624379872
2003-06-12,0.1439305359661495
2003-06-13,0.1446758865248227
2003-06-17,0.1441814285714285
2003-06-18,0.1430819320214669
2003-06-19,0.1436842857142857
2003-06-20,0.1416089126559714
2003-06-23,0.14148458781362
2003-06-24,0.1406093862815884
2003-06-25,0.1400758122743682
2003-06-26,0.1378512544802867
2003-06-27,0.1379996450124245
2003-06-30,0.1386021428571428
2003-07-01,0.1399932142857143
2003-07-02,0.1392078571428571
2003-07-03,0.1388812164579606
2003-07-04,0.1388812164579606
2003-07-07,0.1367260323159784
2003-07-08,0.1372421621621621
2003-07-10,0.1369279768367716
2003-07-11,0.1362192028985507
2003-07-14,0.1353693140794223
2003-07-15,0.1338382671480144
2003-07-16,0.1342280575539568
2003-07-17,0.133779211469534
2003-07-18,0.1351225
2003-07-21,0.1356832142857142
2003-07-22,0.1356611510791366
2003-07-23,0.1382859712230216
2003-07-24,0.1381693950177936
2003-07-25,0.140240780141844
2003-07-28,0.1399520282186949
2003-07-29,0.139147978910369
2003-07-30,0.1391790017211704
2003-07-31,0.137292808219178
2003-08-01,0.1377163265306122
2003-08-04,0.1385539763113367
2003-08-05,0.1381560477001703
2003-08-06,0.1387596581196581
2003-08-07,0.1393689419795221
2003-08-08,0.1383931010928961
2003-08-11,0.1379557461406518
2003-08-12,0.1371251724137931
2003-08-13,0.1361303292894281
2003-08-14,0.1355233160621761
2003-08-15,0.1355233160621761
2003-08-19,0.1338617352229519
2003-08-20,0.1340483704974271
2003-08-21,0.131677627118644
2003-08-22,0.1308779661016949
2003-08-25,0.1309347008547008
2003-08-26,0.1307122448979591
2003-08-27,0.1303408783783783
2003-08-28,0.1310359322033898
2003-08-29,0.1331417456021651
2003-09-01,0.133141554054054
2003-09-02,0.1314302013422819
2003-09-03,0.1318808724832214
2003-09-04,0.1328108930987821
2003-09-05,0.1347798634812286
2003-09-08,0.134612925170068
2003-09-09,0.1359710884353741
2003-09-10,0.1351643368564609
2003-09-11,0.1351424137931034
2003-09-12,0.1369
2003-09-15,0.1366363321799308
2003-09-16,0.1349747753973738
2003-09-17,0.1379292096219931
2003-09-18,0.1382838487972508
2003-09-19,0.1394175257731958
2003-09-22,0.1405796901893287
2003-09-23,0.1415206896551724
2003-09-24,0.1426858131487889
2003-09-25,0.1422901554404145
2003-09-26,0.1416409638554217
2003-09-29,0.1423752577319587
2003-09-30,0.1417012006861063
2003-10-01,0.1423972461273666
2003-10-02,0.1429307851239669
2003-10-03,0.1411511265164644
2003-10-06,0.143231575270695
2003-10-07,0.1430104420466411
2003-10-08,0.143554427721386
2003-10-09,0.1422635658914728
2003-10-10,0.1436162790697674
2003-10-14,0.1420655622136059
2003-10-15,0.1407200704225352
2003-10-16,0.141117212249208
2003-10-17,0.1407894551845342
2003-10-20,0.1405502626970227
2003-10-21,0.1409322807017543
2003-10-22,0.1435543859649122
2003-10-23,0.1426430077301475
2003-10-24,0.1431024647887324
2003-10-27,0.1425355633802817
2003-10-28,0.1420091228070175
2003-10-29,0.1418378283712784
2003-10-30,0.1418337979094076
2003-10-31,0.1407993019197207
2003-11-03,0.1393047285464098
2003-11-04,0.1393884413309982
2003-11-05,0.1389215411558669
2003-11-07,0.1397351598173516
2003-11-10,0.1400480701754386
2003-11-11,0.1400482517482517
2003-11-12,0.1422150612959719
2003-11-13,0.1427082024432809
2003-11-14,0.1430411149825784
2003-11-17,0.1430268760907504
2003-11-18,0.1449989528795811
2003-11-19,0.145687652173913
2003-11-20,0.145503125
2003-11-21,0.1459982698961937
2003-11-24,0.1442147048671039
2003-11-25,0.1446174657534246
2003-11-26,0.1459748322147651
2003-11-27,0.1459747048903878
2003-11-28,0.146728762541806
2003-12-01,0.1465610738255033
2003-12-02,0.1480494117647058
2003-12-03,0.148696632996633
2003-12-04,0.1500013468013468
2003-12-05,0.1502607082630691
2003-12-09,0.1503738095238095
2003-12-10,0.149893537414966
2003-12-11,0.1489203389830508
2003-12-12,0.150251606357795
2003-12-15,0.1496849037487335
2003-12-16,0.1499160768452982
2003-12-17,0.1493318703578663
2003-12-18,0.1487342539575614
2003-12-19,0.1489224544841537
2003-12-22,0.1487189189189189
2003-12-23,0.1482380791342577
2003-12-24,0.148139527027027
2003-12-26,0.1474427118644067
2003-12-29,0.1485156356220258
2003-12-30,0.1487454855195911
2003-12-31,0.1494610921501706
2004-01-02,0.1503013698630137
2004-01-05,0.1501545138888889
2004-01-06,0.1491692844677138
2004-01-07,0.1468621406304122
2004-01-08,0.1470781466113416
2004-01-09,0.1488429065743944
2004-01-12,0.1487121265377856
2004-01-13,0.1486216404886561
2004-01-14,0.1488205217391304
2004-01-15,0.1467158813263525
2004-01-16,0.1439014231169733
2004-01-19,0.1439015597920277
2004-01-20,0.1459982716902869
2004-01-21,0.1477147766323024
2004-01-22,0.1478044905008635
2004-01-23,0.1461646048109965
2004-01-26,0.1454037800687285
2004-01-27,0.1464708104395604
2004-01-28,0.1448876712328767
2004-01-29,0.1411531165311653
2004-01-30,0.1427042349726776
2004-02-02,0.1429839316239316
2004-02-03,0.1436676891615541
2004-02-04,0.1437505946313285
2004-02-05,0.1438311336717428
2004-02-06,0.1454037225042301
2004-02-09,0.1458149914821124
2004-02-10,0.1443315161839863
2004-02-11,0.1445044217687075
2004-02-12,0.1448603618982588
2004-02-13,0.1442397260273972
2004-02-16,0.1442398903358464
2004-02-17,0.1463334472155791
2004-02-18,0.1452663487738419
2004-02-19,0.1444919931856899
2004-02-20,0.1421788395904437
2004-02-23,0.1428775230927129
2004-02-24,0.1440630785053137
2004-02-25,0.1415588235294117
2004-02-26,0.1418924180327869
2004-02-27,0.1425292507697571
2004-03-01,0.1434821917808219
2004-03-02,0.1403941780821918
2004-03-03,0.1402309278350515
2004-03-04,0.1407004103967168
2004-03-05,0.1425414817343803
2004-03-08,0.143100272851296
2004-03-09,0.1443937414030261
2004-03-10,0.1413845890410959
2004-03-11,0.1434328870580158
2004-03-12,0.1436370497427101
2004-03-15,0.1440777701307639
2004-03-16,0.1451104209799862
2004-03-17,0.1446237006237006
2004-03-18,0.1455562868029096
2004-03-19,0.1448772173913043
2004-03-22,0.146692254012561
2004-03-23,0.1462951618517229
2004-03-24,0.144809871393813
2004-03-25,0.144096314325452
2004-03-26,0.1436864583333333
2004-03-29,0.1441027516544757
2004-03-30,0.1448562937062937
2004-03-31,0.1459066433566433
2004-04-01,0.1465084388185654
2004-04-02,0.1444147368421052
2004-04-06,0.1443270796460176
2004-04-07,0.1459514805565465
2004-04-12,0.1435092526690391
2004-04-13,0.1440152753108348
2004-04-14,0.1441088193456614
2004-04-15,0.1443229240596167
2004-04-16,0.1452095744680851
2004-04-19,0.1451273434736469
2004-04-20,0.1438332745858301
2004-04-21,0.1436305643182614
2004-04-22,0.1439989536100453
2004-04-23,0.1430840630472854
2004-04-26,0.1435338983050847
2004-04-27,0.1447472682410997
2004-04-28,0.1447703366058906
2004-04-29,0.1462501749475157
2004-04-30,0.1456602112676056
2004-05-03,0.1449926315789473
2004-05-04,0.1471216783216783
2004-05-05,0.1490690858339148
2004-05-06,0.1484647302904564
2004-05-07,0.1468773972602739
2004-05-10,0.1454396847155586
2004-05-11,0.1436676986584107
2004-05-12,0.145751452991453
2004-05-13,0.1444002736914129
2004-05-14,0.1447094664371773
2004-05-17,0.1455625429553264
2004-05-18,0.1446800825593395
2004-05-19,0.1453212934296525
2004-05-20,0.1439637288135593
2004-05-21,0.1461175076193701
2004-05-24,0.1458789207419898
2004-05-26,0.1478700202565833
2004-05-27,0.1489713804713804
2004-05-28,0.1486879002359285
2004-05-31,0.1486878378378378
2004-06-01,0.1493516891891892
2004-06-02,0.1491023461407684
2004-06-03,0.149044474393531
2004-06-04,0.1498059299191374
2004-06-07,0.1506183103332211
2004-06-08,0.1497161660479244
2004-06-09,0.1478175675675675
2004-06-10,0.14670060687795
2004-06-11,0.1445921185584372
2004-06-14,0.1448542018224772
2004-06-15,0.1463763550135501
2004-06-16,0.1441793570219966
2004-06-17,0.1448604729729729
2004-06-18,0.1454016172506738
2004-06-22,0.1450114864864864
2004-06-23,0.1440652395514781
2004-06-24,0.1456304716661011
2004-06-25,0.1463035532994923
2004-06-28,0.1462330522765598
2004-06-29,0.1449211058664868
2004-06-30,0.1449212305611899
2004-07-01,0.1436429539295393
2004-07-02,0.1436430508474576
2004-07-05,0.143643099932019
2004-07-06,0.1455244897959183
2004-07-07,0.1470587037665422
2004-07-08,0.1465672751859364
2004-07-12,0.1467027758970887
2004-07-13,0.1447574626865671
2004-07-14,0.1459385190217391
2004-07-15,0.1451042798913043
2004-07-16,0.1465908936459395
2004-07-19,0.1465417232021709
2004-07-20,0.1457216005425568
2004-07-21,0.1444273620047409
2004-07-22,0.1444918864097363
2004-07-23,0.1425008426019548
2004-07-26,0.1433691635875042
2004-07-27,0.1420090786819098
2004-07-28,0.142912268907563
2004-07-29,0.1423790322580645
2004-07-30,0.1425862416107382
2004-08-02,0.1426635420154
2004-08-03,0.1429509509509509
2004-08-04,0.1434679444811632
2004-08-05,0.1446800653594771
2004-08-06,0.1471496732026143
2004-08-09,0.1478567656765676
2004-08-10,0.1476950613191912
2004-08-11,0.1468211570247934
2004-08-12,0.1475753652058432
2004-08-13,0.1495641791044776
2004-08-17,0.1488937583001328
2004-08-18,0.1481636786188579
2004-08-19,0.149266954787234
2004-08-20,0.1491203057494184
2004-08-23,0.1474772349617813
2004-08-24,0.1454017379679144
2004-08-25,0.1452771648278167
2004-08-26,0.1447806580259222
2004-08-27,0.1437400265957446
2004-08-30,0.1438786165613568
2004-08-31,0.145425091758425
2004-09-01,0.146066267066267
2004-09-02,0.1462908061292472
2004-09-03,0.1451187854521188
2004-09-06,0.1451189839572192
2004-09-07,0.1450180360721442
2004-09-08,0.1462716666666666
2004-09-09,0.1470502998001332
2004-09-10,0.1474360677515775
2004-09-13,0.1469399399399399
2004-09-14,0.1461582998661312
2004-09-15,0.1444482874412357
2004-09-16,0.1442585284280936
2004-09-17,0.1446444816053511
2004-09-20,0.1450136849132176
2004-09-21,0.1459727030625832
2004-09-22,0.1462073455759599
2004-09-23,0.1479772879091516
2004-09-24,0.1465267022696929
2004-09-27,0.1469722778891115
2004-09-28,0.1477168674698795
2004-09-29,0.1472754691689008
2004-09-30,0.1488426702448842
2004-10-01,0.1495060402684563
2004-10-04,0.1478524258760107
2004-10-05,0.1489246805648957
2004-10-06,0.1485045439246045
2004-10-07,0.148544384667115
2004-10-08,0.149868935309973
2004-10-12,0.1498689794543617
2004-10-13,0.1497880215343203
2004-10-14,0.1514050420168067
2004-10-15,0.1518947723440135
2004-10-18,0.1519434856175972
2004-10-19,0.1517589466576637
2004-10-20,0.1531391891891891
2004-10-21,0.1533789722785666
2004-10-22,0.153940918298447
2004-10-25,0.1556977762803234
2004-10-26,0.1553881601076354
2004-10-27,0.1556904441453566
2004-10-28,0.1563842281879194
2004-10-29,0.1565067340067339
2004-11-01,0.156513977770293
2004-11-02,0.1551951301995265
2004-11-03,0.1565461304494761
2004-11-04,0.1576393110435663
2004-11-05,0.1580077650236326
2004-11-08,0.1570648957632817
2004-11-09,0.1573984506567868
2004-11-10,0.1575397306397306
2004-11-11,0.1575399393326592
2004-11-12,0.1598695945945946
2004-11-15,0.1599769725702675
2004-11-16,0.1603462059620596
2004-11-17,0.1604389911383776
2004-11-18,0.1594030612244898
2004-11-19,0.1601382003395585
2004-11-22,0.1599616949152542
2004-11-23,0.1605496598639455
2004-11-24,0.1616318830727396
2004-11-25,0.1616316683656133
2004-11-26,0.1639748384903094
2004-11-29,0.1641308031175872
2004-11-30,0.1629806451612903
2004-12-01,0.16359375
2004-12-02,0.162056081081081
2004-12-03,0.1643600940544172
2004-12-06,0.1650465661641541
2004-12-07,0.1642575554063129
2004-12-09,0.1607718413978494
2004-12-10,0.1611030893216924
2004-12-13,0.1622585743106926
2004-12-14,0.1616003355704698
2004-12-15,0.1635510752688172
2004-12-16,0.1621903646704583
2004-12-17,0.1619801946962067
2004-12-20,0.1621427125506072
2004-12-21,0.1619460734748904
2004-12-22,0.161331983805668
2004-12-23,0.1630842924847664
2004-12-24,0.1635590924483576
2004-12-27,0.1648642350557244
2004-12-28,0.1647257142857142
2004-12-29,0.1640715005035246
2004-12-30,0.1648994957983193
2004-12-31,0.1655300436388049
2005-01-03,0.1635535714285714
2005-01-04,0.1606995273463875
2005-01-05,0.1609528619528619
2005-01-06,0.1594436952124072
2005-01-07,0.1584360269360269
2005-01-10,0.159347371967655
2005-01-11,0.160015197568389
2005-01-12,0.1620298811544991
2005-01-13,0.1615168654173764
2005-01-14,0.1597471068754254
2005-01-17,0.1597470989761092
2005-01-18,0.1597647259107933
2005-01-19,0.1593244988107373
2005-01-20,0.1581151103565365
2005-01-21,0.1590482500849473
2005-01-24,0.1591142175247187
2005-01-25,0.1580852156057494
2005-01-26,0.1585263518138261
2005-01-27,0.1579306220095693
2005-01-28,0.1579853091902972
2005-01-31,0.1574281805745554
2005-02-01,0.1572229059829059
2005-02-02,0.1577935042735042
2005-02-03,0.1566635865845311
2005-02-04,0.1555160958904109
2005-02-07,0.1526437136005481
2005-02-08,0.1525737817433081
2005-02-09,0.15270436576143
2005-02-10,0.1529052848318462
2005-02-11,0.152781518378564
2005-02-14,0.1546216030271757
2005-02-15,0.1554049586776859
2005-02-16,0.1554460953697304
2005-02-17,0.1569931153184165
2005-02-18,0.157636612958519
2005-02-21,0.1576368005492619
2005-02-22,0.1602459801573725
2005-02-23,0.1603284497444633
2005-02-24,0.1603770435967302
2005-02-25,0.1601330837304288
2005-02-28,0.1611317222600408
2005-03-01,0.1606607869742198
2005-03-02,0.1597544808927967
2005-03-03,0.1598465447154471
2005-03-04,0.1609942117807286
2005-03-07,0.1610358361774743
2005-03-08,0.1628055271238485
2005-03-09,0.163575034106412
2005-03-10,0.1641254688032731
2005-03-11,0.1647473431607816
2005-03-14,0.163361301369863
2005-03-15,0.162757793764988
2005-03-16,0.1641147260273972
2005-03-17,0.164354694996573
2005-03-18,0.1637761398697292
2005-03-21,0.1617154610901611
2005-03-22,0.1615091034008931
2005-03-23,0.1584962251201098
2005-03-28,0.1564897330595482
2005-03-29,0.157378637452927
2005-03-30,0.158167808219178
2005-03-31,0.15782584847446
2005-04-01,0.1575025693730729
2005-04-04,0.1568283658787256
2005-04-05,0.1574654994850669
2005-04-06,0.1576789528074405
2005-04-07,0.1574529737206085
2005-04-08,0.1580801104972375
2005-04-11,0.1586041522491349
2005-04-12,0.1575795847750865
2005-04-13,0.1571191385897881
2005-04-14,0.1556467128027681
2005-04-15,0.1567989655172413
2005-04-18,0.1585640937284631
2005-04-19,0.1586998621640248
2005-04-20,0.160271724137931
2005-04-21,0.1600051670685497
2005-04-22,0.1600872413793103
2005-04-25,0.1595098241985522
2005-04-26,0.1595405591991715
2005-04-27,0.1592051724137931
2005-04-28,0.1585187349604675
2005-04-29,0.1583130584192439
2005-05-02,0.1580627586206896
2005-05-03,0.1586116672419744
2005-05-04,0.1597061464088398
2005-05-05,0.1597418018639972
2005-05-06,0.1580227664711969
2005-05-09,0.1581702936096718
2005-05-10,0.1589875561700656
2005-05-11,0.1584385359116022
2005-05-12,0.157062197650311
2005-05-13,0.1561233160621761
2005-05-16,0.1559382801664355
2005-05-17,0.1561205821205821
2005-05-18,0.1563769923769923
2005-05-19,0.1560062391681109
2005-05-20,0.1546144786976099
2005-05-23,0.1552193347193347
2005-05-24,0.1556905751905751
2005-05-26,0.1566637781629116
2005-05-27,0.1577934142114385
2005-05-30,0.1577933425797503
2005-05-31,0.1551446409989594
2005-06-01,0.1547674982674982
2005-06-02,0.1550915077989601
2005-06-03,0.1548780234968901
2005-06-06,0.1560694300518134
2005-06-07,0.1562059433310297
2005-06-08,0.1547006215469613
2005-06-09,0.1547917098445596
2005-06-10,0.1544260027662517
2005-06-13,0.1537020833333333
2005-06-14,0.1532589627567003
2005-06-15,0.1539787973583594
2005-06-16,0.1535981210855949
2005-06-17,0.1553325208913649
2005-06-21,0.1548490763332171
2005-06-22,0.1539385903698534
2005-06-23,0.1514874651810585
2005-06-24,0.1519548611111111
2005-06-27,0.1529685012114918
2005-06-28,0.1519042847270214
2005-06-29,0.1526998272884283
2005-06-30,0.1528818843089712
2005-07-01,0.151551975051975
2005-07-04,0.1515518197573656
2005-07-05,0.1507158697158697
2005-07-06,0.1506501214855952
2005-07-07,0.1515083391243919
2005-07-08,0.1517633321714883
2005-07-11,0.1527207112970711
2005-07-12,0.1546863905325443
2005-07-13,0.153176716626002
2005-07-14,0.152473812849162
2005-07-15,0.1515403422982885
2005-07-18,0.1503896648044692
2005-07-19,0.1502403913347309
2005-07-20,0.151853249475891
2005-07-21,0.153118140510311
2005-07-22,0.1516276632902549
2005-07-25,0.1524182389937107
2005-07-26,0.1522187281621243
2005-07-27,0.1523043630017451
2005-07-28,0.1533014320642682
2005-07-29,0.1542282418734708
2005-08-01,0.1555136363636363
2005-08-02,0.1553252885624344
2005-08-03,0.1572276223776224
2005-08-04,0.1574058679706601
2005-08-05,0.1561912739965096
2005-08-08,0.1563356570233531
2005-08-09,0.156089105464671
2005-08-10,0.1565335652173913
2005-08-11,0.1576093152589503
2005-08-12,0.1575993756503642
2005-08-16,0.1553493767313019
2005-08-17,0.1547628759073626
2005-08-18,0.153036244390749
2005-08-19,0.1521699346405228
2005-08-22,0.1532284141726866
2005-08-23,0.1532943603851444
2005-08-24,0.1540925352597179
2005-08-25,0.1553398692810457
2005-08-26,0.1549281540048126
2005-08-29,0.1544569172674219
2005-08-30,0.1540405219780219
2005-08-31,0.1568825145997938
2005-09-01,0.1592687285223367
2005-09-02,0.1612460481099656
2005-09-05,0.1612459580323357
2005-09-06,0.1596525627794977
2005-09-07,0.1593879518072289
2005-09-08,0.1590103305785124
2005-09-09,0.1592761937478529
2005-09-12,0.1572845389098389
2005-09-13,0.1569167523124357
2005-09-14,0.1574234326824254
2005-09-15,0.1567913520933425
2005-09-16,0.1569416008244589
2005-09-19,0.1560233596702164
2005-09-20,0.1563575840768702
2005-09-21,0.1568455730954015
2005-09-22,0.1558578296703296
2005-09-23,0.1545333333333333
2005-09-26,0.1542233676975945
2005-09-27,0.1535862542955326
2005-09-28,0.1538579759862778
2005-09-29,0.1533742710120068
2005-09-30,0.1526158075601374
2005-10-03,0.1513592299759367
2005-10-04,0.1510710363761153
2005-10-05,0.1518142319534724
2005-10-06,0.1543567291311754
2005-10-07,0.1533837248893428
2005-10-11,0.15325423155044
2005-10-12,0.1540192242833052
2005-10-13,0.1531652144772118
2005-10-14,0.1548875799394143
2005-10-17,0.1541828898619063
2005-10-18,0.1533459077130347
2005-10-19,0.1535250588631012
2005-10-20,0.1541069751844399
2005-10-21,0.1530291750503018
2005-10-24,0.1530782404298186
2005-10-25,0.1549979919678714
2005-10-26,0.1547579193064354
2005-10-27,0.1555573227302849
2005-10-28,0.1542875621890547
2005-10-31,0.1538557628247834
2005-11-01,0.1542971256684492
2005-11-02,0.1547819825853985
2005-11-03,0.1533648558014755
2005-11-04,0.1520264922870556
2005-11-07,0.1513659603094517
2005-11-08,0.1513570705366183
2005-11-09,0.1520865611316941
2005-11-10,0.1522464646464646
2005-11-11,0.1522463768115942
2005-11-14,0.1504212478920742
2005-11-15,0.1499813685636856
2005-11-16,0.1498847457627118
2005-11-17,0.1491668365613319
2005-11-18,0.1490934420659191
2005-11-21,0.1489823069071112
2005-11-22,0.1494634974533107
2005-11-23,0.1498284745762712
2005-11-24,0.1498284844384303
2005-11-25,0.148791652642208
2005-11-28,0.1494411371237458
2005-11-29,0.1483921370967741
2005-11-30,0.148374578556979
2005-12-01,0.1473992612491605
2005-12-02,0.1480821871855082
2005-12-05,0.1500149750415973
2005-12-06,0.1482449115782449
2005-12-07,0.1478175133689839
2005-12-09,0.1490578265204387
2005-12-12,0.150550099535501
2005-12-13,0.1503059254327563
2005-12-14,0.1514899933288859
2005-12-15,0.1504733001658374
2005-12-16,0.1504889621087314
2005-12-19,0.1501590082644628
2005-12-20,0.1474709953856295
2005-12-21,0.1471388064622486
2005-12-22,0.1474816407542176
2005-12-23,0.1474535229904068
2005-12-26,0.1474536116633532
2005-12-27,0.1478962108731466
2005-12-28,0.1470911184210526
2005-12-29,0.147806600660066
2005-12-30,0.1482427440633245
2006-01-02,0.1482425742574257
2006-01-03,0.1505072416063199
2006-01-04,0.1529986837775584
2006-01-05,0.1524924590163934
2006-01-06,0.1533013071895425
2006-01-09,0.1523831592689295
2006-01-10,0.1509980372914622
2006-01-11,0.1510301540478531
2006-01-12,0.1492872655478775
2006-01-13,0.1508570016474464
2006-01-16,0.1508570016474464
2006-01-17,0.1494432042022324
2006-01-18,0.1481525090193506
2006-01-19,0.1490869993434012
2006-01-20,0.1497745227123107
2006-01-23,0.1529193548387097
2006-01-24,0.1530737569970365
2006-01-25,0.1525924590163934
2006-01-26,0.151630029440628
2006-01-27,0.15016813869807
2006-01-30,0.1486347598823914
2006-01-31,0.1506862361382909
2006-02-01,0.1497858539765319
2006-02-02,0.1506728576083414
2006-02-03,0.1494052820345614
2006-02-06,0.1486083414793092
2006-02-07,0.1490556278464541
2006-02-08,0.1489313151041666
2006-02-09,0.1491203522504892
2006-02-10,0.1475513531137919
2006-02-13,0.1468644509612251
2006-02-14,0.1461989579941387
2006-02-15,0.1459684141973298
2006-02-16,0.1470740136941636
2006-02-17,0.1475384615384615
2006-02-20,0.1475381604696673
2006-02-21,0.1481042345276872
2006-02-22,0.1477214448421737
2006-02-23,0.1483591411841249
2006-02-24,0.1475362601626016
2006-02-27,0.1476146341463414
2006-02-28,0.1483350683148991
2006-03-01,0.1487786831812255
2006-03-02,0.1495572220410825
2006-03-03,0.1502131467621217
2006-03-06,0.1505209619759506
2006-03-07,0.1488428571428571
2006-03-08,0.1487165098929614
2006-03-09,0.1482468374959455
2006-03-10,0.1492271252433484
2006-03-13,0.1499094155844156
2006-03-14,0.1511053315994798
2006-03-15,0.1512174479166666
2006-03-16,0.1522766026684022
2006-03-17,0.1528232997071265
2006-03-20,0.1530455432661028
2006-03-21,0.1520914118412492
2006-03-22,0.1519017886178861
2006-03-23,0.1504417018512504
2006-03-27,0.1510801167693804
2006-03-28,0.1522741726151849
2006-03-29,0.1508181818181818
2006-03-30,0.1523554040895813
2006-03-31,0.1526343283582089
2006-04-03,0.1536427876823339
2006-04-04,0.155690561141745
2006-04-05,0.1556905844155844
2006-04-06,0.1549665475803832
2006-04-07,0.1540191496267445
2006-04-10,0.1540856864654333
2006-04-11,0.1550916477088073
2006-04-12,0.1540782975958414
2006-04-17,0.1562695058517555
2006-04-18,0.1565042345276873
2006-04-19,0.1590508474576271
2006-04-20,0.1579355998692383
2006-04-21,0.1574308597580908
2006-04-24,0.1579704627502461
2006-04-25,0.158185136468267
2006-04-26,0.159665350444225
2006-04-27,0.1609319973718791
2006-04-28,0.1622007874015748
2006-05-02,0.1624617405582923
2006-05-03,0.1631854043392505
2006-05-04,0.1635110161131207
2006-05-05,0.1637869121999342
2006-05-08,0.1628292763157894
2006-05-09,0.1639829003617231
2006-05-10,0.1647634868421052
2006-05-11,0.1658457481872116
2006-05-12,0.1665306324110672
2006-05-15,0.1647148964156527
2006-05-16,0.1639694280078895
2006-05-17,0.1626332020997375
2006-05-18,0.1641872953503602
2006-05-19,0.1639800392670157
2006-05-22,0.1648668619791666
2006-05-23,0.1639586588541667
2006-05-24,0.163241401687216
2006-05-26,0.1589698834196891
2006-05-29,0.1627604809879753
2006-05-30,0.1646143134715026
2006-05-31,0.1648071312803889
2006-06-01,0.1645142857142857
2006-06-02,0.1663117895420591
2006-06-05,0.1671821428571428
2006-06-06,0.164973078170613
2006-06-07,0.1638754055807917
2006-06-08,0.1613058709049627
2006-06-09,0.1622190136275146
2006-06-12,0.1619457968192145
2006-06-13,0.1604236133636069
2006-06-14,0.1605472556024683
2006-06-15,0.1610876623376623
2006-06-16,0.1610772978239688
2006-06-20,0.1595480831708902
2006-06-21,0.1593421138211382
2006-06-22,0.1581176088369071
2006-06-23,0.1580077896786757
2006-06-26,0.1589799092676604
2006-06-27,0.1587980582524271
2006-06-28,0.1589698834196891
2006-06-29,0.1582930699481865
2006-06-30,0.1606889176928062
2006-07-03,0.1604210696920583
2006-07-04,0.1604210696920583
2006-07-05,0.1603385163589245
2006-07-06,0.1603026571613739
2006-07-07,0.1609270900842514
2006-07-10,0.1591140635126377
2006-07-11,0.1599387159533074
2006-07-12,0.1594515082711644
2006-07-13,0.1601922827496757
2006-07-14,0.1598978267920856
2006-07-17,0.1581476314081765
2006-07-18,0.1573887086307592
2006-07-19,0.1580902890548879
2006-07-20,0.1593471771576898
2006-07-21,0.1599974042829331
2006-07-24,0.158563961038961
2006-07-25,0.1580077972709551
2006-07-26,0.1600100845803513
2006-07-27,0.1610721481962951
2006-07-28,0.1617156321091973
2006-07-31,0.1624775390624999
2006-08-01,0.1626808857049821
2006-08-02,0.1626069684141973
2006-08-03,0.162871661237785
2006-08-04,0.1633479960899315
2006-08-07,0.1628294270833333
2006-08-08,0.1622587890625
2006-08-09,0.1622453567937438
2006-08-10,0.1606529814271749
2006-08-11,0.1597955063497232
2006-08-14,0.1585339837398373
2006-08-15,0.1596704545454545
2006-08-16,0.1592508132726089
2006-08-17,0.1590405844155844
2006-08-18,0.1587955872809864
2006-08-22,0.1599974042829331
2006-08-23,0.1588133506156837
2006-08-24,0.157878198898607
2006-08-25,0.1585967011642949
2006-08-28,0.1591772683241847
2006-08-29,0.1587453957996769
2006-08-30,0.1582780109783661
2006-08-31,0.1581378753632547
2006-09-01,0.1578630490956072
2006-09-04,0.1578632837750485
2006-09-05,0.1574306003873467
2006-09-06,0.1564601998066387
2006-09-07,0.1543852855759922
2006-09-08,0.1537987745888423
2006-09-11,0.1526648404769577
2006-09-12,0.1526414547795301
2006-09-13,0.1513706090879793
2006-09-14,0.1533883870967742
2006-09-15,0.1530009683666882
2006-09-18,0.1526530019367333
2006-09-19,0.1533177268324184
2006-09-20,0.1535038734667527
2006-09-21,0.1533036463375282
2006-09-22,0.1527905776056792
2006-09-25,0.1529590322580645
2006-09-26,0.1529706640876853
2006-09-27,0.1540357833655706
2006-09-28,0.1547509664948453
2006-09-29,0.1535625
2006-10-02,0.1526135997421849
2006-10-03,0.1518324742268041
2006-10-04,0.1515471819645732
2006-10-05,0.1512264090177133
2006-10-06,0.1493338699291693
2006-10-09,0.1493338699291693
2006-10-10,0.1493920180238171
2006-10-11,0.1485376690276883
2006-10-12,0.1487232603092783
2006-10-13,0.1484118594908153
2006-10-17,0.148078064516129
2006-10-18,0.1476036881268198
2006-10-19,0.149336354807381
2006-10-20,0.1495527508090615
2006-10-23,0.1491003236245955
2006-10-24,0.1502563106796116
2006-10-25,0.1514164241836404
2006-10-26,0.1531628358692133
2006-10-27,0.152956690368455
2006-10-30,0.1523926955397543
2006-10-31,0.1530783425056652
2006-11-01,0.1544901198574667
2006-11-02,0.1547677586766137
2006-11-03,0.1542020759000973
2006-11-07,0.1551108222294442
2006-11-08,0.1550579993483219
2006-11-09,0.1559090612777053
2006-11-10,0.1571463494132985
2006-11-13,0.1556905071521456
2006-11-14,0.1558749999999999
2006-11-15,0.1554458930899608
2006-11-16,0.15557412838058
2006-11-17,0.1550650618087183
2006-11-20,0.1549499349804941
2006-11-21,0.1550555194805195
2006-11-22,0.1566638464041653
2006-11-23,0.1566636274829045
2006-11-24,0.1585213008130081
2006-11-27,0.1587199480181936
2006-11-28,0.1586117608836907
2006-11-29,0.1596499674690956
2006-11-30,0.1625117340286831
2006-12-01,0.1631613324624428
2006-12-04,0.1629647058823529
2006-12-05,0.1639613747954173
2006-12-06,0.1640124304874059
2006-12-07,0.1641226291693917
2006-12-11,0.163118954248366
2006-12-12,0.1629381139489194
2006-12-13,0.1619198298429319
2006-12-14,0.1615689993459777
2006-12-15,0.1602718351324828
2006-12-18,0.1603333333333333
2006-12-19,0.1618803139306736
2006-12-20,0.1614701834862385
2006-12-21,0.1612306430446194
2006-12-22,0.1602385620915032
2006-12-26,0.1599488599348534
2006-12-27,0.1592864109232769
2006-12-28,0.1598004557291666
2006-12-29,0.1604826910516002
2007-01-02,0.1616265533028123
2007-01-03,0.1594285714285714
2007-01-04,0.1581526692708333
2007-01-05,0.1571559454191033
2007-01-08,0.1574928525016244
2007-01-09,0.1573441453130068
2007-01-10,0.1551398896462187
2007-01-11,0.1544831168831169
2007-01-12,0.1553083414475819
2007-01-15,0.1553085417343293
2007-01-16,0.1553275974025973
2007-01-17,0.1551107502435856
2007-01-18,0.1547031148604802
2007-01-19,0.1552336357744653
2007-01-22,0.1548155684754522
2007-01-23,0.1561768883150419
2007-01-24,0.157376291989664
2007-01-25,0.1585413169786959
2007-01-26,0.157850611719253
2007-01-29,0.1588108108108108
2007-01-30,0.1591367878982941
2007-01-31,0.1599694238815577
2007-02-01,0.1603309700290041
2007-02-02,0.1595175863181671
2007-02-05,0.1592761843377376
2007-02-06,0.1599335912314635
2007-02-07,0.1607975499677627
2007-02-08,0.1606373590982286
2007-02-09,0.1599333547971667
2007-02-12,0.1599358891752577
2007-02-13,0.1609529335912314
2007-02-14,0.1622769528728211
2007-02-15,0.1631322580645161
2007-02-16,0.1635404186795491
2007-02-19,0.1635404447309055
2007-02-20,0.1629461984536082
2007-02-21,0.1627443657437218
2007-02-22,0.1628373067010309
2007-02-23,0.1634226804123711
2007-02-26,0.1634308733483725
2007-02-27,0.1635430506288294
2007-02-28,0.1630070967741935
2007-03-01,0.1623929609299322
2007-03-02,0.1675040518638574
2007-03-05,0.1598668600902643
2007-03-06,0.1608027715114405
2007-03-07,0.1613788659793814
2007-03-08,0.1613033816425121
2007-03-09,0.1619301352221507
2007-03-12,0.1630576861102159
2007-03-13,0.1631773621412447
2007-03-14,0.1631746287927695
2007-03-15,0.1629380245319561
2007-03-16,0.1636204450177362
2007-03-19,0.1631109677419354
2007-03-20,0.1626544046466602
2007-03-21,0.16257
2007-03-22,0.1639532107131332
2007-03-23,0.1636018697614442
2007-03-26,0.1642899484536082
2007-03-27,0.1641819059884095
2007-03-28,0.1645441365979381
2007-03-29,0.1643007736943907
2007-03-30,0.164644193548387
2007-04-03,0.1633827797484682
2007-04-04,0.1634867741935483
2007-04-09,0.1638269292864062
2007-04-10,0.1659476405946994
2007-04-11,0.1657385959236493
2007-04-12,0.1666693679092382
2007-04-13,0.1670453074433657
2007-04-16,0.1677178490443796
2007-04-17,0.1678978267920856
2007-04-18,0.1674846029173419
2007-04-19,0.1677571243523316
2007-04-20,0.1678979922279792
2007-04-23,0.1675322737593253
2007-04-24,0.1681719104768083
2007-04-25,0.1677203499675955
2007-04-26,0.1675433937823834
2007-04-27,0.1677569579288025
2007-04-30,0.1683699029126213
2007-05-02,0.1675040518638574
2007-05-03,0.1669922178988326
2007-05-04,0.1675069737268893
2007-05-07,0.1674818181818181
2007-05-08,0.1665003246753246
2007-05-09,0.1665030854173432
2007-05-10,0.1650165530671859
2007-05-11,0.1655353896103896
2007-05-14,0.1654671864847303
2007-05-15,0.1663949934980494
2007-05-16,0.1651501462463438
2007-05-17,0.1651255284552845
2007-05-18,0.16535477582846
2007-05-21,0.1651528455284552
2007-05-22,0.1655
2007-05-23,0.1659198832306195
2007-05-24,0.1659062905317769
2007-05-28,0.1659062601362309
2007-05-29,0.1661129503407984
2007-05-30,0.1647581168831168
2007-05-31,0.1655079623009425
2007-06-01,0.1661102797657775
2007-06-04,0.16697265625
2007-06-05,0.1674228144296392
2007-06-06,0.167131989596879
2007-06-07,0.1665086122846928
2007-06-08,0.1647935630689206
2007-06-11,0.1648669918699187
2007-06-12,0.1643656473649967
2007-06-13,0.1642791151594014
2007-06-14,0.1642604166666666
2007-06-15,0.1657634059148521
2007-06-19,0.166085230969421
2007-06-20,0.1668389087366027
2007-06-21,0.1676726151849448
2007-06-22,0.1686625567813108
2007-06-25,0.1683784046692607
2007-06-26,0.1680022668393782
2007-06-27,0.168833387253316
2007-06-28,0.1693909385113269
2007-06-29,0.169635305528613
2007-07-02,0.1719689420899385
2007-07-03,0.1717033322549336
2007-07-04,0.1717034282018111
2007-07-05,0.1717592652271994
2007-07-06,0.17214653784219
2007-07-10,0.1722059297454076
2007-07-11,0.1722060625604643
2007-07-12,0.1744896774193548
2007-07-13,0.174216129032258
2007-07-16,0.1746662366978394
2007-07-17,0.1746633344082554
2007-07-18,0.1747061855670103
2007-07-19,0.174593105670103
2007-07-20,0.1745291666666666
2007-07-23,0.1745534229046705
2007-07-24,0.1741705696202531
2007-07-25,0.1722059748427672
2007-07-26,0.1714267049075844
2007-07-27,0.17004201411161
2007-07-30,0.1712474391805377
2007-07-31,0.1718596603652675
2007-08-01,0.1713737631662943
2007-08-02,0.1723543658381134
2007-08-03,0.1734003184713375
2007-08-06,0.173274203821656
2007-08-07,0.1721910219675262
2007-08-08,0.1734395148420044
2007-08-09,0.1722949411390391
2007-08-10,0.1717445997458704
2007-08-13,0.1707124681933842
2007-08-14,0.1700826183666984
2007-08-15,0.1696411802030456
2007-08-16,0.1668363924050633
2007-08-17,0.168503485424588
2007-08-21,0.1682737341772152
2007-08-22,0.1695864898989899
2007-08-23,0.1703288231592196
2007-08-24,0.1722119873817034
2007-08-27,0.171670977917981
2007-08-28,0.1715853350189633
2007-08-29,0.1715529225908373
2007-08-30,0.1720459151361621
2007-08-31,0.1717563371356147
2007-09-03,0.1717564832384566
2007-09-04,0.1727592417061611
2007-09-05,0.1729595448798988
2007-09-06,0.1732803413400758
2007-09-07,0.1740433270082226
2007-09-10,0.17546027223805
2007-09-11,0.1759850651414045
2007-09-12,0.1780121134842206
2007-09-13,0.1775726604918556
2007-09-14,0.1778125597704813
2007-09-17,0.1778947368421052
2007-09-18,0.177780931122449
2007-09-19,0.1794979239859469
2007-09-20,0.1810216698534098
2007-09-21,0.1808254372019077
2007-09-24,0.1812972972972973
2007-09-25,0.1815211312360978
2007-09-26,0.1816035578144853
2007-09-27,0.1832879365079365
2007-09-28,0.1854187301587301
2007-10-01,0.1864385519212448
2007-10-02,0.1842229987293519
2007-10-03,0.1841145668041891
2007-10-04,0.1838202852614897
2007-10-05,0.1849898605830164
2007-10-08,0.1849898702120924
2007-10-09,0.1832608283275371
2007-10-10,0.1836682509505703
2007-10-11,0.1861955006337135
2007-10-12,0.1849455178967374
2007-10-16,0.1847778481012658
2007-10-17,0.1851749446377728
2007-10-18,0.186185009487666
2007-10-19,0.1864628517230477
2007-10-22,0.1830394446197538
2007-10-23,0.1848701544279861
2007-10-24,0.183331550802139
2007-10-25,0.1851509908776344
2007-10-26,0.18619899085462
2007-10-29,0.1874450427621159
2007-10-30,0.1870908513341804
2007-10-31,0.1858322724379376
2007-11-01,0.18470625798212
2007-11-02,0.1855666347075743
2007-11-05,0.1861503351420363
2007-11-07,0.1891612284069098
2007-11-08,0.1899840255591054
2007-11-09,0.1883240651965484
2007-11-12,0.188324074074074
2007-11-13,0.1837594896331738
2007-11-14,0.1850003196930946
2007-11-15,0.1827887323943662
2007-11-16,0.182625159642401
2007-11-19,0.1815773162939297
2007-11-20,0.1854840357598978
2007-11-21,0.184754061803122
2007-11-22,0.1847542184017828
2007-11-23,0.1851749920458161
2007-11-26,0.1850824053452116
2007-11-27,0.183224126984127
2007-11-28,0.1827253096221022
2007-11-29,0.1817982846251588
2007-11-30,0.1810251192368839
2007-12-03,0.1808939152596368
2007-12-04,0.182109693877551
2007-12-05,0.1822190293742017
2007-12-06,0.1831636885768985
2007-12-07,0.1826985340981517
2007-12-10,0.1843588272785213
2007-12-11,0.1843453329085696
2007-12-12,0.184685887225231
2007-12-13,0.1839013367281986
2007-12-14,0.181435391470401
2007-12-17,0.1797140127388534
2007-12-18,0.1794140898948039
2007-12-19,0.1792081736909323
2007-12-20,0.1790191326530612
2007-12-21,0.1788462273161413
2007-12-26,0.1811100508905852
2007-12-27,0.1836783105747856
2007-12-28,0.1847608764687202
2007-12-31,0.1838504287075262
2008-01-02,0.185222893481717
2008-01-03,0.1872028016555237
2008-01-04,0.1876525477707006
2008-01-07,0.1858010204081632
2008-01-08,0.1867517571884984
2008-01-09,0.1857941834451901
2008-01-10,0.1886257590284435
2008-01-11,0.1892790920716112
2008-01-14,0.1899120178514504
2008-01-15,0.1887825533269659
2008-01-16,0.1844815638906548
2008-01-17,0.1840060317460317
2008-01-18,0.1829390862944162
2008-01-21,0.1829392020265991
2008-01-22,0.182939182768451
2008-01-23,0.1801931602279924
2008-01-24,0.1837729146844275
2008-01-25,0.182648253968254
2008-01-28,0.1830764836559822
2008-01-29,0.1840266497461929
2008-01-30,0.1837221166032953
2008-01-31,0.1846314122862571
2008-02-01,0.1849112238427394
2008-02-04,0.1854392020265991
2008-02-05,0.1820862831858407
2008-02-06,0.1815377090564847
2008-02-07,0.1800340801514673
2008-02-08,0.1807011675607447
2008-02-11,0.1810217803030303
2008-02-12,0.1827751423149905
2008-02-13,0.1826118504435994
2008-02-14,0.1847915082382762
2008-02-15,0.1855217253409451
2008-02-18,0.1855217253409451
2008-02-19,0.1875960684844642
2008-02-20,0.1861920025388765
2008-02-21,0.1883592510314186
2008-02-22,0.1881751662971175
2008-02-25,0.1881219126029132
2008-02-26,0.1888395061728395
2008-02-27,0.1927970234325522
2008-02-28,0.1927079505859993
2008-02-29,0.1921486871243277
2008-03-03,0.1930316555872111
2008-03-04,0.1932889311766571
2008-03-05,0.1945980329949238
2008-03-06,0.1952590361445783
2008-03-07,0.1936669835234473
2008-03-10,0.1942992400253324
2008-03-11,0.194684961928934
2008-03-12,0.1962208121827411
2008-03-13,0.1958634053367217
2008-03-14,0.1950079465988557
2008-03-17,0.1953583227445997
2008-03-18,0.1957559580552907
2008-03-19,0.1942879315806145
2008-03-25,0.1929161922833649
2008-03-26,0.1972969390975071
2008-03-27,0.1968890995260663
2008-03-28,0.1958096141682479
2008-03-31,0.1966606691919191
2008-04-01,0.1927041009463722
2008-04-03,0.1952743362831858
2008-04-04,0.1968115712930762
2008-04-07,0.1976283634061411
2008-04-08,0.1975504906616018
2008-04-09,0.1997163659385882
2008-04-10,0.1980747782002535
2008-04-11,0.1987240723120837
2008-04-14,0.1994296131896005
2008-04-15,0.199258778867447
2008-04-16,0.2020445356917246
2008-04-17,0.2008675914249685
2008-04-18,0.1982239747634069
2008-04-21,0.200032075471698
2008-04-22,0.2018815210559396
2008-04-23,0.2002401760452687
2008-04-24,0.1962902010050251
2008-04-25,0.1955875866414618
2008-04-28,0.1959940100882723
2008-04-29,0.1946094095358383
2008-04-30,0.1958365992414665
2008-05-02,0.1947837326607818
2008-05-05,0.1974489603024574
2008-05-06,0.1974919735599622
2008-05-07,0.195660175879397
2008-05-08,0.1955033050047214
2008-05-09,0.1969008498583569
2008-05-12,0.1984403525338369
2008-05-13,0.1976480252764613
2008-05-14,0.1969200126462219
2008-05-15,0.19597848782031
2008-05-16,0.1993261284170375
2008-05-19,0.1986532232454747
2008-05-20,0.200196178343949
2008-05-21,0.200867858282796
2008-05-22,0.1995172303765156
2008-05-23,0.2000641352903637
2008-05-26,0.2000639719923615
2008-05-27,0.1999798593350383
2008-05-28,0.1983260590500641
2008-05-29,0.1966374156219865
2008-05-30,0.1964020651823168
2008-06-02,0.1962938127632005
2008-06-03,0.1943220338983051
2008-06-04,0.1936896551724138
2008-06-05,0.1956909506697157
2008-06-06,0.1987992177314211
2008-06-09,0.1974020887728459
2008-06-10,0.1934309951060359
2008-06-11,0.1944730480235217
2008-06-12,0.1921451031772027
2008-06-13,0.1908944078947368
2008-06-17,0.1926039538714991
2008-06-18,0.1935209225700164
2008-06-19,0.1928567193675889
2008-06-20,0.1944653922214897
2008-06-23,0.1940202053660152
2008-06-24,0.1957367374005305
2008-06-25,0.1958671305500331
2008-06-26,0.1976283448959365
2008-06-27,0.1975502313284864
2008-06-30,0.1967418181818181
2008-07-01,0.1972346128391793
2008-07-02,0.1975582781456953
2008-07-03,0.1963632760898282
2008-07-04,0.1963631857237277
2008-07-07,0.1973360954590653
2008-07-08,0.1947949568679495
2008-07-10,0.1954118621603711
2008-07-11,0.1974722038385175
2008-07-14,0.197558201058201
2008-07-15,0.1979021164021163
2008-07-16,0.1963285997357992
2008-07-17,0.196440621898776
2008-07-18,0.1967962289116771
2008-07-21,0.1972152777777777
2008-07-22,0.1956374462454515
2008-07-23,0.1940354539430086
2008-07-24,0.1931620815379516
2008-07-25,0.1943031809145129
2008-07-28,0.1947456953642384
2008-07-29,0.1928046280991735
2008-07-30,0.1943446794448116
2008-07-31,0.1949812746386333
2008-08-01,0.1946282051282051
2008-08-04,0.1952057274522712
2008-08-05,0.1926262327416173
2008-08-06,0.1920049277266754
2008-08-07,0.1917656711519527
2008-08-08,0.1871258191349934
2008-08-11,0.1859910979228486
2008-08-12,0.1863896574440052
2008-08-13,0.1859947194719471
2008-08-14,0.1851132386926378
2008-08-15,0.1842128712871287
2008-08-19,0.1857701453104359
2008-08-20,0.184925033025099
2008-08-21,0.1876876033057851
2008-08-22,0.1863864462809917
2008-08-25,0.1861609385327164
2008-08-26,0.1845085922009253
2008-08-27,0.1858873472084572
2008-08-28,0.1857079616782292
2008-08-29,0.1844778877887789
2008-09-01,0.1844778731836195
2008-09-02,0.1818446346280448
2008-09-03,0.1806881791241356
2008-09-04,0.1798206056616194
2008-09-05,0.1780786184210526
2008-09-08,0.1759045901639344
2008-09-09,0.1763045469414458
2008-09-10,0.1743588158750813
2008-09-11,0.1719720779220779
2008-09-12,0.1747245295262816
2008-09-15,0.1724169096209912
2008-09-16,0.1703634894991922
2008-09-17,0.170829307568438
2008-09-18,0.1734395639628086
2008-09-19,0.1757316211878009
2008-09-22,0.1811103225806451
2008-09-23,0.1780183930300097
2008-09-24,0.1780183515775917
2008-09-25,0.1767002891101831
2008-09-26,0.1765410783055198
2008-09-29,0.1732620269403464
2008-09-30,0.1700564593301435
2008-10-01,0.1702590938098276
2008-10-02,0.1669449745547073
2008-10-03,0.1671960784313725
2008-10-06,0.1600538004379105
2008-10-07,0.1620429237947123
2008-10-08,0.1632919640086875
2008-10-09,0.1632785515320334
2008-10-10,0.1580353598014888
2008-10-14,0.160423558897243
2008-10-15,0.1566635397123202
2008-10-16,0.1522302652106084
2008-10-17,0.1434041013268999
2008-10-20,0.1507839851024208
2008-10-21,0.1455244472127063
2008-10-22,0.1401442755197021
2008-10-23,0.1427327188940092
2008-10-24,0.1436616839536302
2008-10-27,0.1436181818181818
2008-10-28,0.1443604513064133
2008-10-29,0.1513089020771513
2008-10-30,0.1504800590841949
2008-10-31,0.1490357142857142
2008-11-03,0.1494499557130204
2008-11-04,0.1514715372907153
2008-11-05,0.1491891238670694
2008-11-07,0.1459107952827336
2008-11-10,0.1471930303030303
2008-11-11,0.1471930303030303
2008-11-12,0.141500756429652
2008-11-13,0.1417353474320241
2008-11-14,0.145509656004828
2008-11-17,0.1434041013268999
2008-11-18,0.1426735922914784
2008-11-19,0.1429347760745416
2008-11-20,0.1400246320216281
2008-11-21,0.1385310531053105
2008-11-24,0.1436429856115108
2008-11-25,0.1443083832335329
2008-11-26,0.1420857228195937
2008-11-27,0.1420857142857143
2008-11-28,0.1427530388378298
2008-12-01,0.141073603310671
2008-12-02,0.1424095995288574
2008-12-03,0.1411830448811968
2008-12-04,0.1415167005518443
2008-12-05,0.1372194348327566
2008-12-09,0.1418238719068413
2008-12-10,0.1424360175695461
2008-12-11,0.145091495601173
2008-12-12,0.1446760151913526
2008-12-15,0.1450304093567251
2008-12-16,0.1429817754262198
2008-12-17,0.1510458553791887
2008-12-18,0.1474055800293686
2008-12-19,0.1414326697892271
2008-12-22,0.1409284671532846
2008-12-23,0.1405026208503203
2008-12-24,0.142433770014556
2008-12-26,0.140225
2008-12-29,0.142533526850508
2008-12-30,0.1429675550405562
2008-12-31,0.1435667535476397
2009-01-02,0.1453192596876807
2009-01-05,0.1434474065488264
2009-01-06,0.1429102229944975
2009-01-07,0.1458981186685962
2009-01-08,0.1432727536231884
2009-01-09,0.1432478979414323
2009-01-12,0.1426329370832125
2009-01-13,0.1403155607070414
2009-01-14,0.1386751666183714
2009-01-15,0.1391439328120475
2009-01-16,0.1436987847222222
2009-01-19,0.1436987847222222
2009-01-20,0.1404158959537572
2009-01-21,0.1437276657060518
2009-01-22,0.1435194244604316
2009-01-23,0.143180224202357
2009-01-26,0.1489890835966676
2009-01-27,0.1472666475315729
2009-01-28,0.1497677752293578
2009-01-29,0.1468688665710186
2009-01-30,0.1447092889908257
2009-02-02,0.14221512460613
2009-02-03,0.1446571428571428
2009-02-04,0.1447304273014052
2009-02-05,0.1465180722891566
2009-02-06,0.14726247848537
2009-02-09,0.1512219673071408
2009-02-10,0.1490401836969001
2009-02-11,0.1480363896848137
2009-02-12,0.1457384703523346
2009-02-13,0.1477105263157894
2009-02-16,0.1477106090935087
2009-02-17,0.1425841894977169
2009-02-18,0.1423162393162393
2009-02-19,0.145064233163554
2009-02-20,0.1457492933860938
2009-02-23,0.146586809470124
2009-02-24,0.1460388294879009
2009-02-25,0.145568776371308
2009-02-26,0.1448456998313659
2009-02-27,0.1418561816652649
2009-03-02,0.1399030824770896
2009-03-03,0.1377031293270562
2009-03-04,0.1417092316196794
2009-03-05,0.1410695748205411
2009-03-06,0.141757642522721
2009-03-09,0.1411591971405004
2009-03-10,0.1431025570525158
2009-03-11,0.144609006040637
2009-03-12,0.1436390565002742
2009-03-13,0.1460002739726027
2009-03-16,0.1477976942080703
2009-03-17,0.1479333881578947
2009-03-18,0.150152352297593
2009-03-19,0.1582228007673335
2009-03-20,0.1569488651900464
2009-03-23,0.1588511791813499
2009-03-25,0.153155639913232
2009-03-26,0.1533318895506226
2009-03-27,0.1510277179763186
2009-03-30,0.1461988162496637
2009-03-31,0.1485287634408602
2009-04-01,0.1484450431034482
2009-04-03,0.152795343800758
2009-04-06,0.152462166575939
2009-04-07,0.1494322264561785
2009-04-08,0.1499273864563503
2009-04-13,0.151945652173913
2009-04-14,0.1511305057096248
2009-04-15,0.14910252923579
2009-04-16,0.1493139440065235
2009-04-17,0.149521444082519
2009-04-20,0.146528869612361
2009-04-21,0.1473970747562296
2009-04-22,0.1490113636363636
2009-04-23,0.1509434676764944
2009-04-24,0.1524390045983229
2009-04-27,0.1479400647948164
2009-04-28,0.1492960172228202
2009-04-29,0.1527511421660843
2009-04-30,0.1526507808292945
2009-05-04,0.154178349120433
2009-05-05,0.1525693430656934
2009-05-06,0.1536758286176232
2009-05-07,0.1544402042461703
2009-05-08,0.1570153184627788
2009-05-11,0.1555064516129032
2009-05-12,0.1543520558989518
2009-05-13,0.1536357046979866
2009-05-14,0.1544043466595116
2009-05-15,0.1528165236051502
2009-05-18,0.154502280654682
2009-05-19,0.1554219420600858
2009-05-20,0.156389335476956
2009-05-21,0.1564676124197002
2009-05-22,0.1584937115333154
2009-05-26,0.1567937951323883
2009-05-27,0.1557243778431897
2009-05-28,0.155559829059829
2009-05-29,0.1583606295012003
2009-06-01,0.1631933244325767
2009-06-02,0.1619826342506011
2009-06-03,0.1572574786324786
2009-06-04,0.159293881912904
2009-06-05,0.1562573862124035
2009-06-08,0.1552216014897579
2009-06-09,0.1574481382978723
2009-06-10,0.1560061170212766
2009-06-11,0.1587428191489361
2009-06-12,0.1582678002125398
2009-06-16,0.155651619755709
2009-06-17,0.1566636580833554
2009-06-18,0.1563574840764331
2009-06-19,0.1566980132450331
2009-06-22,0.15283496429516
2009-06-23,0.1547339836540996
2009-06-24,0.1551205168776371
2009-06-25,0.1540974967061923
2009-06-26,0.1552482885729331
2009-06-29,0.1562696569920844
2009-06-30,0.1554290229128259
2009-07-01,0.1581776783364043
2009-07-02,0.1561281241778479
2009-07-03,0.1557509860636339
2009-07-06,0.1542495398369708
2009-07-07,0.1538415243101182
2009-07-08,0.1516943277310924
2009-07-13,0.1537988445378151
2009-07-14,0.15395507094062
2009-07-15,0.1568332019963225
2009-07-16,0.1565826109797741
2009-07-17,0.157000787815126
2009-07-20,0.1584485294117647
2009-07-21,0.1588889180672268
2009-07-22,0.1591772584033613
2009-07-23,0.1597749474789916
2009-07-24,0.1605240220530323
2009-07-27,0.1613813648293963
2009-07-28,0.1610927916120576
2009-07-29,0.1595379184100418
2009-07-30,0.160763907025333
2009-07-31,0.1633798955613577
2009-08-03,0.1662373235755358
2009-08-04,0.1650274653413549
2009-08-05,0.1662290196078431
2009-08-06,0.1645765812859383
2009-08-07,0.1633558923438725
2009-08-10,0.160670932358318
2009-08-11,0.1606115896632733
2009-08-12,0.1641011997913406
2009-08-13,0.1650792285639822
2009-08-14,0.164384375
2009-08-18,0.1634947997919917
2009-08-19,0.1651200623700623
2009-08-20,0.166019225772928
2009-08-21,0.1667500649519355
2009-08-24,0.1663698701298701
2009-08-25,0.1654532467532467
2009-08-26,0.1647040020790021
2009-08-27,0.1649077442827443
2009-08-28,0.1663506493506493
2009-08-31,0.1663147234484549
2009-09-01,0.1642278283485045
2009-09-02,0.1643546541861674
2009-09-03,0.1653494539781591
2009-09-04,0.1664613984923316
2009-09-07,0.1664614185502728
2009-09-08,0.1690960789405349
2009-09-09,0.1693479501816294
2009-09-10,0.1683361017389047
2009-09-11,0.1687337830825116
2009-09-14,0.1688589276418532
2009-09-15,0.1701172017749934
2009-09-16,0.1711742424242424
2009-09-17,0.1709050104384133
2009-09-18,0.1702649127376921
2009-09-21,0.1692849322210636
2009-09-22,0.1713090956476413
2009-09-23,0.1728131352619233
2009-09-24,0.1711889497002866
2009-09-25,0.1719955706096925
2009-09-28,0.1714735745899505
2009-09-29,0.1709927140255009
2009-09-30,0.1731811085089773
2009-10-01,0.1717091571279917
2009-10-02,0.1726758584807492
2009-10-05,0.1741796874999999
2009-10-06,0.1757438706311945
2009-10-07,0.1753985393844548
2009-10-08,0.177016175319593
2009-10-09,0.1769597806215722
2009-10-13,0.1776546405228758
2009-10-14,0.1804727891156462
2009-10-15,0.1796137732390678
2009-10-16,0.1778063334205705
2009-10-19,0.1798851386708529
2009-10-20,0.1784757916775713
2009-10-21,0.1809429468725464
2009-10-22,0.1804631083202511
2009-10-23,0.1799984293193717
2009-10-26,0.178030890052356
2009-10-27,0.1764167539267015
2009-10-28,0.1745293193717277
2009-10-29,0.1772735602094241
2009-10-30,0.1750761979575805
2009-11-02,0.1738284891332809
2009-11-03,0.1729206390780513
2009-11-04,0.1759942378208486
2009-11-05,0.1758705789887346
2009-11-09,0.1791344339622641
2009-11-10,0.1783866317169069
2009-11-11,0.1783865722528193
2009-11-12,0.1771135291033036
2009-11-13,0.1787118510749868
2009-11-16,0.1799176933158584
2009-11-17,0.1780183534347142
2009-11-18,0.1791152230971128
2009-11-19,0.1774780436497502
2009-11-20,0.1765131578947368
2009-11-23,0.1791792576993945
2009-11-24,0.1777588111520252
2009-11-25,0.1794012621614514
2009-11-26,0.1794012086179716
2009-11-27,0.1763667629299028
2009-11-30,0.1752540015743899
2009-12-01,0.1781579223504722
2009-12-02,0.1782277617423248
2009-12-03,0.1784376476765555
2009-12-04,0.1764102968216443
2009-12-07,0.1753278128286014
2009-12-09,0.1730163200842327
2009-12-10,0.1742159957905814
2009-12-11,0.1732500657375756
2009-12-14,0.17327420624508
2009-12-15,0.1719246916819732
2009-12-16,0.1735086614173228
2009-12-17,0.1700767015706806
2009-12-18,0.1713002884867558
2009-12-21,0.1705874474789916
2009-12-22,0.170535
2009-12-23,0.1718774703557312
2009-12-24,0.1720224156118143
2009-12-28,0.1727115030271124
2009-12-29,0.1721348314606741
2009-12-30,0.1724168421052631
2009-12-31,0.1726997368421053
2010-01-04,0.1751282253817798
2010-01-05,0.1752171624111608
2010-01-06,0.1760223097112861
2010-01-07,0.1751159420289855
2010-01-08,0.1761616640337019
2010-01-11,0.1780753821823932
2010-01-12,0.1770474433315761
2010-01-13,0.1772860152752172
2010-01-14,0.1776073215696602
2010-01-15,0.1761648670002633
2010-01-18,0.1761647802053172
2010-01-19,0.1755832675611681
2010-01-20,0.1731811251314405
2010-01-21,0.1725178571428571
2010-01-22,0.1728578933543472
2010-01-25,0.1719424592748292
2010-01-26,0.1715178290508652
2010-01-27,0.1707008390141583
2010-01-28,0.1699004975124378
2010-01-29,0.1690589308996088
2010-02-01,0.1702823253388946
2010-02-02,0.171232776617954
2010-02-03,0.170386802295253
2010-02-04,0.1681067430356677
2010-02-05,0.1664393229166666
2010-02-08,0.1681632387399114
2010-02-09,0.1692648972157169
2010-02-10,0.169339485313231
2010-02-11,0.1692392207792207
2010-02-12,0.1692247016087182
2010-02-15,0.1690588082901554
2010-02-16,0.170796992481203
2010-02-17,0.1701229253112033
2010-02-18,0.1684409020217729
2010-02-19,0.1678133748055987
2010-02-22,0.1692047631374579
2010-02-23,0.1681888601036269
2010-02-24,0.1683784974093264
2010-02-25,0.1675856439492096
2010-02-26,0.1688077222078258
2010-03-01,0.1682255639097744
2010-03-02,0.1689616083009079
2010-03-03,0.1704941634241245
2010-03-04,0.1686026970954357
2010-03-05,0.1693967349054159
2010-03-08,0.1696784140969162
2010-03-09,0.1693221128948731
2010-03-10,0.1703374805598755
2010-03-11,0.170305519564654
2010-03-12,0.1714119170984455
2010-03-15,0.1703577530416774
2010-03-16,0.1710921802175038
2010-03-17,0.1724316416364578
2010-03-18,0.1705321077162092
2010-03-19,0.169603519668737
2010-03-22,0.1685289855072463
2010-03-23,0.1681322121604139
2010-03-25,0.1644197051978277
2010-03-26,0.1652399793121282
2010-03-29,0.1672801445907565
2010-03-30,0.1667388387096774
2010-03-31,0.1685260443527591
2010-04-05,0.168270946120134
2010-04-06,0.1673079896907216
2010-04-07,0.1678021155830753
2010-04-08,0.1678668730650155
2010-04-09,0.1690673374613003
2010-04-12,0.1697013924703455
2010-04-13,0.1697677236401134
2010-04-14,0.1709109907120743
2010-04-15,0.1706949896694215
2010-04-16,0.1694512794003618
2010-04-19,0.1685772609819121
2010-04-20,0.1691588736760527
2010-04-21,0.1692361146990441
2010-04-22,0.1690415913200723
2010-04-23,0.1698801652892562
2010-04-26,0.1701895171701523
2010-04-27,0.1687622485817431
2010-04-28,0.1673135789744911
2010-04-29,0.1691962400206026
2010-04-30,0.1691388888888889
2010-05-03,0.1684465020576131
2010-05-04,0.1661047496790757
2010-05-05,0.1650028241335044
2010-05-06,0.1610747111681643
2010-05-07,0.16019486521181
2010-05-10,0.1625910141206675
2010-05-11,0.1624168377823408
2010-05-12,0.1621086007702182
2010-05-13,0.1621771501925545
2010-05-14,0.1602306902745701
2010-05-17,0.1597878554957724
2010-05-18,0.1579478127398311
2010-05-19,0.1559137224782386
2010-05-20,0.1540002560819462
2010-05-21,0.1552217101894521
2010-05-26,0.1531416517514702
2010-05-27,0.1548755112474437
2010-05-28,0.1538698979591836
2010-05-31,0.154702977856961
2010-06-01,0.1552167938931297
2010-06-02,0.1539243312101911
2010-06-03,0.1546599489795918
2010-06-04,0.1515955657492354
2010-06-07,0.1494813870474247
2010-06-08,0.1493317160367722
2010-06-09,0.1516898136328823
2010-06-10,0.15389104363358
2010-06-11,0.1539265867958195
2010-06-14,0.1557608252674477
2010-06-15,0.1570178298522669
2010-06-16,0.1564088130412633
2010-06-17,0.1571856851757513
2010-06-18,0.1566981660723382
2010-06-22,0.155024433698142
2010-06-23,0.1541830914183855
2010-06-24,0.1544949109414758
2010-06-25,0.1553977619532044
2010-06-28,0.1552384947876939
2010-06-29,0.1540002543234994
2010-06-30,0.1541877384889341
2010-07-01,0.1550821256038647
2010-07-02,0.1550821047280122
2010-07-05,0.155238627700127
2010-07-06,0.1565900889453621
2010-07-07,0.1565017784552845
2010-07-08,0.1564577089154178
2010-07-12,0.1573810975609756
2010-07-13,0.1595940518556177
2010-07-14,0.1606451448906965
2010-07-15,0.1613606099110546
2010-07-16,0.1602897813929842
2010-07-19,0.1585715374841169
2010-07-20,0.1595302491103203
2010-07-21,0.1600282155566852
2010-07-22,0.1620587487283825
2010-07-23,0.1616657339099465
2010-07-26,0.1622769582909461
2010-07-27,0.1621690821256038
2010-07-28,0.1624035578144854
2010-07-29,0.1643736347472695
2010-07-30,0.1650845177664974
2010-08-02,0.1675294565769426
2010-08-03,0.1677374173868835
2010-08-04,0.1667721840833969
2010-08-05,0.1669255021612001
2010-08-06,0.1678077314343845
2010-08-09,0.1673107833163784
2010-08-10,0.1648667683702008
2010-08-11,0.1617285205897305
2010-08-12,0.1617101449275362
2010-08-13,0.1611708619374523
2010-08-17,0.1631029486527707
2010-08-18,0.1626255081300813
2010-08-19,0.1614909829819659
2010-08-20,0.1603181818181818
2010-08-23,0.1602820512820512
2010-08-24,0.1590532724505327
2010-08-25,0.1582403041825095
2010-08-26,0.1588286004056795
2010-08-27,0.1598491379310345
2010-08-30,0.1587250632911392
2010-08-31,0.1589470886075949
2010-09-01,0.161626582278481
2010-09-02,0.1625011401064099
2010-09-03,0.1635911280101394
2010-09-06,0.1634761663286004
2010-09-07,0.1611059032176336
2010-09-08,0.1614125696908261
2010-09-09,0.1613761723700887
2010-09-10,0.1614438529784537
2010-09-13,0.1637920466058764
2010-09-14,0.1659420106356039
2010-09-15,0.1644356962025316
2010-09-16,0.1642656368700936
2010-09-17,0.164190078461149
2010-09-20,0.1651336708860759
2010-09-21,0.1655135408757276
2010-09-22,0.1695776821862348
2010-09-23,0.1684606627877561
2010-09-24,0.1697388888888889
2010-09-27,0.1696497104004029
2010-09-28,0.1706863830858293
2010-09-29,0.1713355196770938
2010-09-30,0.1699696969696969
2010-10-01,0.1714589750063115
2010-10-04,0.1702214646464646
2010-10-05,0.1719573016675088
2010-10-06,0.1730103535353535
2010-10-07,0.1716061141990904
2010-10-08,0.1714266936299292
2010-10-12,0.1698773704171934
2010-10-13,0.1727176113360324
2010-10-14,0.1742160587639311
2010-10-15,0.172046017699115
2010-10-18,0.1716031866464339
2010-10-19,0.168739449077584
2010-10-20,0.1716088933804952
2010-10-21,0.1705757958564931
2010-10-22,0.172108190091001
2010-10-25,0.1730493046776232
2010-10-26,0.1704128347650328
2010-10-28,0.1698888046499873
2010-10-29,0.1704303765478898
2010-11-01,0.1704389997474109
2010-11-02,0.171288529560384
2010-11-03,0.1713121051301491
2010-11-04,0.1742859307906036
2010-11-05,0.1740917129863567
2010-11-08,0.1723454453696694
2010-11-09,0.1719482584553255
2010-11-10,0.1699929310780106
2010-11-11,0.1682539121655729
2010-11-12,0.1674900378310214
2010-11-15,0.1672324937027707
2010-11-16,0.1646091115026428
2010-11-17,0.1656946891517745
2010-11-18,0.1667666750566322
2010-11-19,0.1666778253209161
2010-11-23,0.1640123332494336
2010-11-24,0.1645602819028442
2010-11-25,0.1645250314465408
2010-11-26,0.1623693467336683
2010-11-29,0.1616057716436637
2010-11-30,0.1616632397191574
2010-12-01,0.1625197087622395
2010-12-02,0.1644600502512563
2010-12-03,0.1671347410759175
2010-12-06,0.1664919557566616
2010-12-07,0.1669866767219708
2010-12-09,0.1655546894644204
2010-12-10,0.166502893081761
2010-12-13,0.1687080291970803
2010-12-14,0.1700103170608958
2010-12-15,0.167917715148465
2010-12-16,0.167948679245283
2010-12-17,0.1665500754906894
2010-12-20,0.1669755913437342
2010-12-21,0.1671877674301535
2010-12-22,0.1666362034239678
2010-12-23,0.1673836098541981
2010-12-27,0.1675183232931727
2010-12-28,0.1680135644310474
2010-12-29,0.1686681749622925
2010-12-30,0.1695719315895372
2010-12-31,0.1714119718309859
2011-01-03,0.1716974578404228
2011-01-04,0.1704100176189277
2011-01-05,0.1696812688821752
2011-01-06,0.1678527190332326
2011-01-07,0.1672855706385118
2011-01-10,0.1671261940673705
2011-01-11,0.1680022624434389
2011-01-12,0.1692733903420523
2011-01-13,0.1707240945674044
2011-01-14,0.170840874811463
2011-01-17,0.1706456396079416
2011-01-18,0.1711830278684409
2011-01-19,0.1719394928445894
2011-01-20,0.1705756967110218
2011-01-21,0.1718980667838312
2011-01-24,0.1727683814303638
2011-01-25,0.1731962406015037
2011-01-26,0.1736230576441102
2011-01-27,0.1725001251564455
2011-01-28,0.1716915771057235
2011-01-31,0.1730494011976047
2011-02-01,0.1754385133449738
2011-02-02,0.1745780433159073
2011-02-03,0.1744804483188045
2011-02-04,0.1734876773711725
2011-02-07,0.1726907190843493
2011-02-08,0.1740886233507592
2011-02-09,0.173370425690814
2011-02-10,0.1716562189054726
2011-02-11,0.1705641471904525
2011-02-14,0.1713355704697986
2011-02-15,0.1719898136645962
2011-02-16,0.173728809346259
2011-02-17,0.175278578528827
2011-02-18,0.1761555279503105
2011-02-21,0.1761027805362463
2011-02-22,0.1760191161866931
2011-02-23,0.177500124100273
2011-02-24,0.1782753227408143
2011-02-25,0.1769597915115413
2011-02-28,0.1783548387096774
2011-03-01,0.1790511039444307
2011-03-02,0.1802029776674938
2011-03-03,0.1792789774137503
2011-03-04,0.1792756823821339
2011-03-09,0.1793144061492685
2011-03-10,0.176828330439097
2011-03-11,0.1781355511420059
2011-03-14,0.1783611317944899
2011-03-15,0.1772045116509668
2011-03-16,0.1756295195641406
2011-03-17,0.1765568209952958
2011-03-18,0.1792822480812082
2011-03-21,0.1802536500866122
2011-03-22,0.1798092528451262
2011-03-23,0.1787243938644235
2011-03-28,0.1788009396636993
2011-03-29,0.1782895972325179
2011-03-30,0.1794985185185185
2011-03-31,0.1811872224962999
2011-04-01,0.1822158362111494
2011-04-04,0.1818060217176703
2011-04-05,0.1826845091267883
2011-04-06,0.1832861371484953
2011-04-07,0.1827446336047372
2011-04-08,0.1850874074074074
2011-04-11,0.184196049382716
2011-04-12,0.1831065351418002
2011-04-13,0.183304583538689
2011-04-14,0.1849761494959429
2011-04-15,0.1859773955773955
2011-04-18,0.1821627393225331
2011-04-19,0.1844303238469087
2011-04-20,0.18660554057367
2011-04-25,0.1866366976972072
2011-04-26,0.1879169524742773
2011-04-27,0.1888075887392901
2011-04-28,0.1901828431372549
2011-04-29,0.1907960784313725
2011-05-02,0.1912556999264525
2011-05-03,0.1901647866601274
2011-05-04,0.1881926942878156
2011-05-05,0.183465931372549
2011-05-06,0.1819936290124969
2011-05-09,0.1825017148456638
2011-05-10,0.1837594316511514
2011-05-11,0.1814092578986039
2011-05-12,0.1818843704066634
2011-05-13,0.1797171197648787
2011-05-16,0.1802548971596474
2011-05-17,0.1793850673194614
2011-05-18,0.1805770925110132
2011-05-19,0.1816068020552972
2011-05-20,0.1814454233969652
2011-05-23,0.1856616099828725
2011-05-24,0.1798301517376407
2011-05-26,0.1817190406265296
2011-05-27,0.1839045521292217
2011-05-30,0.183958904109589
2011-05-31,0.1855254278728606
2011-06-01,0.185236732697481
2011-06-02,0.1864002444987775
2011-06-03,0.187480195599022
2011-06-06,0.1861849951124145
2011-06-07,0.1871187683284457
2011-06-08,0.1855527859237536
2011-06-09,0.184498411922795
2011-06-10,0.1819173998044966
2011-06-13,0.184216275659824
2011-06-14,0.1854358661128756
2011-06-15,0.1802613580850024
2011-06-16,0.1801834391792867
2011-06-17,0.1812349206349206
2011-06-21,0.1817884333821376
2011-06-22,0.1840975847767748
2011-06-23,0.1821758965601366
2011-06-24,0.1823753658536585
2011-06-27,0.1826684544124817
2011-06-28,0.1842061403508772
2011-06-29,0.1858737226277372
2011-06-30,0.1855598540145985
2011-07-01,0.1862335766423357
2011-07-04,0.1871501822600243
2011-07-05,0.1869438775510204
2011-07-06,0.1846483729966002
2011-07-07,0.1855700072797864
2011-07-08,0.184413491870905
2011-07-11,0.1814485686559922
2011-07-12,0.1792372634643377
2011-07-13,0.1807304706453178
2011-07-14,0.1803134400776322
2011-07-15,0.1798529839883551
2011-07-18,0.1786543120155038
2011-07-19,0.1812316247582205
2011-07-20,0.1821095261121856
2011-07-21,0.1848018845131674
2011-07-22,0.1845392606909881
2011-07-25,0.1849968561064087
2011-07-26,0.1871153009427121
2011-07-27,0.1849898501691638
2011-07-28,0.1848189280540801
2011-07-29,0.1855700844390832
2011-08-01,0.1855837955148299
2011-08-02,0.1840807618129219
2011-08-03,0.1862890869669959
2011-08-04,0.1817818444497953
2011-08-05,0.1828621270452358
2011-08-08,0.1827987481945113
2011-08-09,0.1807991339908587
2011-08-10,0.1806716382006254
2011-08-11,0.1804695840346237
2011-08-12,0.1810052910052909
2011-08-15,0.1835907233838019
2011-08-16,0.1838741292337256
2011-08-17,0.1856733861291096
2011-08-18,0.1823153606518092
2011-08-19,0.1829291527046433
2011-08-23,0.1837930210325047
2011-08-24,0.1840365504061156
2011-08-25,0.184226523297491
2011-08-26,0.1862232313575526
2011-08-29,0.1865183858643744
2011-08-30,0.1865358760429082
2011-08-31,0.1864733333333333
2011-09-01,0.1851988636363636
2011-09-02,0.1854735840076154
2011-09-05,0.1836749049429658
2011-09-06,0.1855011882129277
2011-09-07,0.1855837889232232
2011-09-08,0.1845188005711566
2011-09-09,0.1810904116107542
2011-09-12,0.1757623691722169
2011-09-13,0.1783039961941008
2011-09-14,0.1766472407231208
2011-09-15,0.1795429250891795
2011-09-16,0.1789229488703924
2011-09-19,0.1753217598097503
2011-09-20,0.1772045346062052
2011-09-21,0.1767471950346144
2011-09-22,0.1707766666666666
2011-09-23,0.1712416171224732
2011-09-26,0.172087514863258
2011-09-27,0.1741431629013079
2011-09-28,0.1729117717003567
2011-09-29,0.1722979785969084
2011-09-30,0.1714413793103448
2011-10-03,0.1697995243757431
2011-10-04,0.1683020214030915
2011-10-05,0.170738768718802
2011-10-06,0.171347268408551
2011-10-07,0.1717681710213776
2011-10-11,0.1763108525290904
2011-10-12,0.1780308715269532
2011-10-13,0.1775347733206741
2011-10-14,0.1793270872865275
2011-10-17,0.171347268408551
2011-10-18,0.1780691124260355
2011-10-19,0.1783485242030696
2011-10-20,0.1778788665879574
2011-10-21,0.1789997638724911
2011-10-24,0.1811824834749764
2011-10-25,0.1810151085930122
2011-10-26,0.1812941454202077
2011-10-27,0.1856562795089707
2011-10-28,0.1843149197355996
2011-10-31,0.1811888574126534
2011-11-01,0.1769096911105871
2011-11-02,0.176463294117647
2011-11-03,0.1789997647058823
2011-11-04,0.1780056390977443
2011-11-07,0.1781514084507042
2011-11-08,0.1779328638497652
2011-11-09,0.1749199530516432
2011-11-10,0.1758055360075064
2011-11-11,0.1773333333333333
2011-11-14,0.1748863157894737
2011-11-15,0.1740401125967628
2011-11-16,0.173553911205074
2011-11-17,0.1721466165413533
2011-11-18,0.1728160676532769
2011-11-21,0.172508924377642
2011-11-22,0.1732082648509039
2011-11-23,0.170753463254285
2011-11-24,0.1699523809523809
2011-11-25,0.1687023223082336
2011-11-29,0.1708874853801169
2011-11-30,0.1733732772716655
2011-12-01,0.1721139654367118
2011-12-02,0.1725505486808311
2011-12-05,0.1741341577228184
2011-12-06,0.1736353436185133
2011-12-07,0.1740825151940159
2011-12-12,0.1713942509932227
2011-12-13,0.1688847861649918
2011-12-14,0.1669560850268629
2011-12-15,0.1667612044817927
2011-12-16,0.1672855477855478
2011-12-19,0.1684181818181818
2011-12-20,0.1696006523765144
2011-12-21,0.1686540074557316
2011-12-22,0.1683303821062441
2011-12-23,0.1673052190121155
2011-12-27,0.1677852489530014
2011-12-28,0.1659255467659376
2011-12-29,0.1666277016035324
2011-12-30,0.1672855483271375
2012-01-03,0.1692620817843866
2012-01-04,0.1684579656293544
2012-01-05,0.1662785896543725
2012-01-06,0.1661653926337734
2012-01-09,0.1661930922577654
2012-01-10,0.167034083004869
2012-01-11,0.1650681818181818
2012-01-12,0.16675
2012-01-13,0.1646822820037105
2012-01-16,0.1652182070882557
2012-01-17,0.1657248726262158
2012-01-18,0.1672773148148148
2012-01-19,0.1690474427215922
2012-01-20,0.1686398334489937
2012-01-23,0.1702301293900184
2012-01-24,0.169851407475773
2012-01-25,0.1702678653757492
2012-01-26,0.1719245848708487
2012-01-27,0.1717504036908881
2012-01-30,0.1715767012687428
2012-01-31,0.1704187226193221
2012-02-01,0.1724554683894785
2012-02-02,0.1718596815139626
2012-02-03,0.1721850911608585
2012-02-06,0.1720311562427879
2012-02-07,0.1733522360534808
2012-02-08,0.1738949792722247
2012-02-09,0.1740006902899217
2012-02-10,0.1739765247410817
2012-02-13,0.1750639668660837
2012-02-14,0.1741069211312945
2012-02-15,0.1727444265686049
2012-02-16,0.1738102458074891
2012-02-17,0.1752142857142857
2012-02-22,0.1768472668810289
2012-02-23,0.1774717501148369
2012-02-24,0.1796718714121699
2012-02-28,0.179791551882461
2012-02-29,0.1795331650218039
2012-03-01,0.1792627703635526
2012-03-02,0.1783294117647059
2012-03-05,0.1782182237600922
2012-03-06,0.1753247232472324
2012-03-07,0.1766721235877334
2012-03-08,0.1788365982945379
2012-03-09,0.1754324199861846
2012-03-12,0.1759139834406624
2012-03-13,0.175771651734436
2012-03-14,0.171700252467294
2012-03-15,0.1731601562499999
2012-03-16,0.1744591743119266
2012-03-19,0.1749046527618611
2012-03-20,0.1735418098510882
2012-03-21,0.1737256697961987
2012-03-22,0.172508932661475
2012-03-23,0.1738253604943923
2012-03-26,0.1757129460201281
2012-03-27,0.17558952664075
2012-03-28,0.1739947416552354
2012-03-29,0.1737256111491889
2012-03-30,0.1757006165791276
2012-04-03,0.1758117298037425
2012-04-04,0.1735237010027347
2012-04-09,0.1731722171532846
2012-04-10,0.1722771441605839
2012-04-11,0.1721674259681093
2012-04-12,0.1736261660978384
2012-04-13,0.1728249886208466
2012-04-16,0.1740279927173418
2012-04-17,0.1741582897430065
2012-04-18,0.1736383462062699
2012-04-19,0.1737679382379655
2012-04-20,0.1746084884248752
2012-04-23,0.1739614162505674
2012-04-24,0.1742341872591249
2012-04-25,0.1745901676483915
2012-04-26,0.1744073402809243
2012-04-27,0.1746633461625537
2012-05-02,0.1740643922277451
2012-05-03,0.1739191508581752
2012-05-04,0.1723870822041553
2012-05-07,0.1726966418751408
2012-05-08,0.1716502929247408
2012-05-09,0.1718921171171171
2012-05-10,0.1707826086956521
2012-05-11,0.1706367117117117
2012-05-14,0.1687963088003601
2012-05-15,0.1667778027915353
2012-05-16,0.1676136721385203
2012-05-17,0.1671988317232083
2012-05-18,0.1668223816999327
2012-05-21,0.1680474804031355
2012-05-22,0.1676530886302596
2012-05-23,0.1666695010069366
2012-05-24,0.1655
2012-05-28,0.1664280286097451
2012-05-29,0.1659778523489933
2012-05-30,0.1645468575262804
2012-05-31,0.1635135316484008
2012-06-01,0.1629778573026168
2012-06-04,0.164133437639696
2012-06-05,0.1634761373773416
2012-06-06,0.1645169039145907
2012-06-07,0.1657578055307761
2012-06-08,0.1651718680338832
2012-06-11,0.1657770601336302
2012-06-12,0.1662371937639198
2012-06-13,0.1675574354407836
2012-06-14,0.1679430478309232
2012-06-15,0.1679570729537366
2012-06-16,0.1683699848189113
2012-06-18,0.1669504444444444
2012-06-19,0.1689473684210526
2012-06-21,0.1679203637976929
2012-06-22,0.1679148936170212
2012-06-25,0.1664503766061143
2012-06-26,0.1661073721496568
2012-06-27,0.1654889331562638
2012-06-28,0.1648885695334954
2012-06-29,0.1679262204550475
2012-07-02,0.1672660773480662
2012-07-03,0.1676782320441988
2012-07-04,0.1670704660923348
2012-07-05,0.1652483443708609
2012-07-06,0.1632092613009922
2012-07-10,0.1639316879682679
2012-07-11,0.1640096894957057
2012-07-12,0.163692916849978
2012-07-13,0.1638029469980207
2012-07-16,0.1642953595777435
2012-07-17,0.1644088312829525
2012-07-18,0.1638242264647794
2012-07-19,0.1649675438596491
2012-07-20,0.1645900525854513
2012-07-23,0.1643089039597462
2012-07-24,0.1633693417887601
2012-07-25,0.1645603938730853
2012-07-26,0.1660356362046349
2012-07-27,0.1652155021834061
2012-07-30,0.1652700873362445
2012-07-31,0.165925627044711
2012-08-01,0.1663671244822324
2012-08-02,0.165182730047972
2012-08-03,0.1673388537807801
2012-08-06,0.167745862369338
2012-08-07,0.1690959738846572
2012-08-08,0.1700680730752501
2012-08-09,0.1688076086956521
2012-08-10,0.1689873940447728
2012-08-13,0.1684182410423452
2012-08-14,0.1686739036039948
2012-08-15,0.1681095920138889
2012-08-16,0.1683699848189113
2012-08-17,0.1687107885615251
2012-08-21,0.170189692507579
2012-08-22,0.1701895580589255
2012-08-23,0.1715707169157461
2012-08-24,0.1718685405405405
2012-08-27,0.1713942536184921
2012-08-28,0.1717033916612659
2012-08-29,0.1715618924173687
2012-08-30,0.1716503345564429
2012-08-31,0.1723751617076326
2012-09-03,0.1721141503338359
2012-09-04,0.1722682297268229
2012-09-05,0.1712446259673258
2012-09-06,0.1710337271750805
2012-09-07,0.1740583565758421
2012-09-10,0.17291761424587
2012-09-11,0.1736171673819742
2012-09-12,0.1741370950439819
2012-09-13,0.1743740621650589
2012-09-14,0.1757283236994219
2012-09-17,0.1751099700470688
2012-09-18,0.1747427838357922
2012-09-19,0.1754385814996795
2012-09-20,0.1741674855800042
2012-09-21,0.174167520273154
2012-09-25,0.1749842183834506
2012-09-26,0.1737710021321961
2012-09-27,0.1752325234441602
2012-09-28,0.1746144347455822
2012-10-01,0.1744469035965098
2012-10-02,0.1754385106382978
2012-10-03,0.1734816074845843
2012-10-04,0.1755926476838079
2012-10-05,0.1757995328095137
2012-10-09,0.1740280076384468
2012-10-10,0.1745717921527041
2012-10-11,0.1753279661016949
2012-10-12,0.1750271014185898
2012-10-15,0.1751620478104506
2012-10-16,0.1763544705136334
2012-10-17,0.1776766694843617
2012-10-18,0.1777841605068637
2012-10-19,0.1766910088644997
2012-10-22,0.1760904681568958
2012-10-23,0.1744317942230655
2012-10-24,0.1738131844987363
2012-10-25,0.1733312289562289
2012-10-26,0.173184132996633
2012-10-29,0.1732171536682783
2012-10-30,0.1743193365525929
2012-10-31,0.1754108266890474
2012-11-01,0.1760687631027254
2012-11-02,0.1744864751520234
2012-11-05,0.1742555555555555
2012-11-07,0.1742767295597484
2012-11-08,0.1743952660242982
2012-11-09,0.1743557974047719
2012-11-12,0.1741341692789968
2012-11-13,0.1733702697052059
2012-11-14,0.1738706914560267
2012-11-15,0.1735417188151856
2012-11-16,0.1726966666666666
2012-11-19,0.1742099895941727
2012-11-20,0.1742889536093197
2012-11-21,0.1749781976744186
2012-11-22,0.1755647936968691
2012-11-23,0.1767689912826899
2012-11-27,0.1757468905472637
2012-11-28,0.176115320910973
2012-11-29,0.1758799420409852
2012-11-30,0.1763294749896651
2012-12-03,0.1774025196199917
2012-12-04,0.1779770992366412
2012-12-05,0.1779548546691403
2012-12-06,0.1768065047344586
2012-12-07,0.1763327164301871
2012-12-10,0.1763078346699567
2012-12-11,0.1769880854560394
2012-12-12,0.1781293103448276
2012-12-13,0.1777778005744768
2012-12-14,0.1780943009430094
2012-12-17,0.1782022932022932
2012-12-18,0.1788140724074453
2012-12-19,0.1798368055555555
2012-12-20,0.179814081632653
2012-12-21,0.1793400611620794
2012-12-26,0.1788077393075356
2012-12-27,0.1790573987380419
2012-12-28,0.1789708994708994
2012-12-31,0.1799434729564863
2013-01-02,0.1801768527918781
2013-01-03,0.1798238278871524
2013-01-04,0.1781451481932602
2013-01-07,0.1788428310687487
2013-01-08,0.1784726277372262
2013-01-09,0.1787534440842787
2013-01-10,0.1809562664506985
2013-01-11,0.1810084985835694
2013-01-14,0.1815112098565946
2013-01-15,0.17958153162255
2013-01-16,0.1792661681487469
2013-01-17,0.1799628282828282
2013-01-18,0.1783389214300141
2013-01-21,0.1784598628479225
2013-01-22,0.1792886826709703
2013-01-23,0.1796849315068493
2013-01-24,0.1807827926657264
2013-01-25,0.180903726082578
2013-01-28,0.1807763025548179
2013-01-29,0.1819405144694534
2013-01-30,0.1823786661309763
2013-02-01,0.1835905717151454
2013-02-04,0.1826116797110175
2013-02-05,0.182528290529695
2013-02-06,0.1818943252456386
2013-02-07,0.1812348348348348
2013-02-08,0.1803296637309847
2013-02-13,0.1826516786570743
2013-02-14,0.1802288169464428
2013-02-15,0.1802905607663141
2013-02-18,0.1800828355236957
2013-02-19,0.1805868180007964
2013-02-21,0.1766534102207198
2013-02-22,0.1762890656063618
2013-02-25,0.1767220897894318
2013-02-26,0.1751190948789202
2013-02-27,0.1751712301587301
2013-02-28,0.1746480380499405
2013-03-01,0.1739401861754803
2013-03-04,0.1746846062524732
2013-03-05,0.1751160767253312
2013-03-06,0.1749996048211816
2013-03-07,0.1763606557377049
2013-03-08,0.1746633761105626
2013-03-11,0.174727487684729
2013-03-12,0.1751835368255218
2013-03-13,0.1742007874015748
2013-03-14,0.1724822025565388
2013-03-15,0.1732382168106834
2013-03-18,0.1728249607535321
2013-03-19,0.1712592229199372
2013-03-20,0.171259273797841
2013-03-21,0.1711683323535175
2013-03-22,0.1721407045009784
2013-03-25,0.1713444096950742
2013-03-26,0.1712974609375
2013-03-27,0.1706718078875439
2013-04-03,0.1721526315789473
2013-04-04,0.173046357615894
2013-04-05,0.1747426957537982
2013-04-08,0.1742341710500682
2013-04-09,0.1749688534163909
2013-04-10,0.1740068093385214
2013-04-11,0.1754139607233132
2013-04-12,0.1747335404932996
2013-04-15,0.1742038043478261
2013-04-16,0.1748343355965082
2013-04-17,0.1723514352211016
2013-04-18,0.1717829036635006
2013-04-19,0.1720548024786987
2013-04-22,0.1706396361525063
2013-04-23,0.1690216550657386
2013-04-24,0.1694427053140096
2013-04-25,0.1703752174753527
2013-04-26,0.1708088064889918
2013-04-29,0.1719158301158301
2013-04-30,0.173202236360131
2013-05-02,0.1723899480069324
2013-05-03,0.1722060011540681
2013-05-06,0.171552995391705
2013-05-07,0.1711742802303263
2013-05-08,0.1740128500191791
2013-05-09,0.1738768435165677
2013-05-10,0.1723752151462994
2013-05-13,0.1723990063061341
2013-05-14,0.1716767908309455
2013-05-15,0.1709665583795146
2013-05-16,0.171845021975922
2013-05-17,0.1706250954927425
2013-05-20,0.1714030505243088
2013-05-21,0.1728041158536585
2013-05-22,0.1717446241674596
2013-05-23,0.1714619038571157
2013-05-24,0.1712740220281048
2013-05-27,0.171042504743833
2013-05-28,0.1697734345351043
2013-05-29,0.1695346853677028
2013-05-30,0.1718125
2013-05-31,0.1699784254352763
2013-06-03,0.1724613202194061
2013-06-04,0.1720192853091321
2013-06-05,0.171983745983746
2013-06-06,0.1740098094699113
2013-06-07,0.1731181132075471
2013-06-10,0.1737890669180019
2013-06-11,0.1727293785310734
2013-06-12,0.1737408800300865
2013-06-13,0.1738162192603717
2013-06-14,0.1748587242026266
2013-06-17,0.1742675660483417
2013-06-18,0.1746571803033139
2013-06-19,0.1744896242288278
2013-06-24,0.1628983588213353
2013-06-25,0.1637734054457292
2013-06-26,0.1637035381750465
2013-06-27,0.165445043704668
2013-06-28,0.1645196733481811
2013-07-01,0.1642224489795918
2013-07-02,0.1636848350018539
2013-07-03,0.1637010003705076
2013-07-04,0.1637305200814362
2013-07-05,0.159989822353812
2013-07-08,0.1626122411242603
2013-07-10,0.1629831886199889
2013-07-11,0.1642386049086547
2013-07-12,0.1648234426833763
2013-07-15,0.1647690182354024
2013-07-16,0.1667389144434222
2013-07-17,0.1670090073529411
2013-07-18,0.1671374311926605
2013-07-19,0.1675574880995972
2013-07-22,0.1684239150338765
2013-07-23,0.1700997803002563
2013-07-24,0.1684097730600292
2013-07-25,0.1688162408759123
2013-07-26,0.1694283889801131
2013-07-29,0.1684436760691537
2013-07-30,0.16846082530449
2013-07-31,0.1695088101725704
2013-08-01,0.1680475412810742
2013-08-02,0.1684692656391659
2013-08-05,0.1687735917406267
2013-08-06,0.169004522431259
2013-08-07,0.1691618444846293
2013-08-08,0.1692792418772563
2013-08-09,0.1707679538072898
2013-08-12,0.1703490634005763
2013-08-13,0.1698369291621718
2013-08-14,0.1697735272988506
2013-08-15,0.1689817171536117
2013-08-16,0.169035950634949
2013-08-20,0.1681067024128686
2013-08-21,0.1651609851865072
2013-08-22,0.1638457427858924
2013-08-23,0.166198613086771
2013-08-26,0.1654779829545454
2013-08-27,0.1661378699273436
2013-08-28,0.1652401769911504
2013-08-29,0.1642008479067302
2013-08-30,0.163404090267983
2013-09-03,0.1646144112478031
2013-09-04,0.1650028060329708
2013-09-05,0.1630922968941919
2013-09-06,0.1644276442729345
2013-09-09,0.1663616760168303
2013-09-10,0.1690017507002801
2013-09-11,0.1692018877818563
2013-09-12,0.1698917832167832
2013-09-13,0.1688305676855895
2013-09-16,0.1693681088625261
2013-09-17,0.1695316962730755
2013-09-18,0.1704797426534515
2013-09-19,0.1714383466481417
2013-09-20,0.1689274431522305
2013-09-23,0.1692791543926529
2013-09-24,0.1675210535435799
2013-09-25,0.166575116964131
2013-09-26,0.166844571230982
2013-09-27,0.1668697754749568
2013-09-30,0.1660744001380976
2013-10-01,0.1667055172413793
2013-10-02,0.166137859727727
2013-10-03,0.1677711631108052
2013-10-04,0.1674452090142783
2013-10-07,0.1676529805875279
2013-10-08,0.1672603916180007
2013-10-09,0.1664585265327151
2013-10-10,0.1655985589294905
2013-10-11,0.1665445816186557
2013-10-15,0.165631551901336
2013-10-16,0.1668000342407122
2013-10-17,0.1685033327636301
2013-10-18,0.1693710283566792
2013-10-21,0.1691131013306039
2013-10-22,0.1699206890670305
2013-10-23,0.169081684856753
2013-10-24,0.1696553662691652
2013-10-25,0.1696870540265035
2013-10-28,0.1695577053632043
2013-10-29,0.169468612147947
2013-10-30,0.1695576434738445
2013-10-31,0.1682056833558863
2013-11-01,0.167588433653684
2013-11-04,0.1679740871613663
2013-11-05,0.1668780856423173
2013-11-07,0.1656864064602961
2013-11-08,0.1627444668008048
2013-11-11,0.1625990289636698
2013-11-12,0.1613631191432396
2013-11-13,0.1618096034800066
2013-11-14,0.1623456336617131
2013-11-15,0.1633185988323603
2013-11-18,0.163577781479014
2013-11-19,0.1642063255505878
2013-11-20,0.1637251075090969
2013-11-21,0.1634735104802772
2013-11-22,0.1646497862545215
2013-11-26,0.1638913863822805
2013-11-27,0.1636875613747954
2013-11-28,0.1640634998367613
2013-11-29,0.1632094121478586
2013-12-02,0.1631987658330626
2013-12-03,0.1640581000161838
2013-12-04,0.1626174572442723
2013-12-05,0.1627022165114038
2013-12-06,0.1624826978532521
2013-12-09,0.1627391582653224
2013-12-10,0.1638001277139208
2013-12-11,0.1635082045563167
2013-12-12,0.1610746815286624
2013-12-13,0.1615665447606933
2013-12-16,0.1625117973079968
2013-12-17,0.1635323752368919
2013-12-18,0.1634386955158356
2013-12-19,0.1627550414256683
2013-12-20,0.1624985990037359
2013-12-23,0.1625989130434782
2013-12-26,0.1627656418971111
2013-12-27,0.1632226159297488
2013-12-30,0.164660481521239
2013-12-31,0.1647909829780708
2014-01-02,0.1622875477463712
2014-01-03,0.162776353928299
2014-01-06,0.1620377558756633
2014-01-07,0.1621454986359503
2014-01-08,0.1611682059046177
2014-01-09,0.1616370359191065
2014-01-10,0.1625012004801921
2014-01-13,0.1632920089619118
2014-01-14,0.164397913561848
2014-01-15,0.162821317542561
2014-01-16,0.1616083554768231
2014-01-17,0.1620247167868177
2014-01-20,0.1618621245421245
2014-01-21,0.1618254175744372
2014-01-22,0.1624511204481792
2014-01-23,0.1638510967741935
2014-01-24,0.16256725
2014-01-27,0.1624088639200998
2014-01-28,0.163070911360799
2014-01-29,0.1620430980637101
2014-01-30,0.160092202121023
2014-01-31,0.1593549313358302
2014-02-03,0.1590381011867582
2014-02-04,0.1590002498126405
2014-02-05,0.1604673417721518
2014-02-06,0.1609890862944162
2014-02-07,0.1616292091836735
2014-02-10,0.1629248081841432
2014-02-11,0.1633293213828425
2014-02-12,0.1636741832158872
2014-02-13,0.1637304928131416
2014-02-14,0.1644411802602757
2014-02-17,0.1645467783505154
2014-02-18,0.1654533401982237
2014-02-19,0.1653329906181724
2014-02-20,0.1637063715455476
2014-02-21,0.164763671128107
2014-02-24,0.1657000636537237
2014-02-25,0.1658072181979921
2014-02-26,0.1650274076893795
2014-02-27,0.1655053954551225
2014-02-28,0.1668028956057912
2014-03-05,0.166808502538071
2014-03-06,0.1673135560919832
2014-03-07,0.1672157486324895
2014-03-10,0.1679204935758809
2014-03-11,0.1681039390088945
2014-03-12,0.1680248825695061
2014-03-13,0.1674312333629103
2014-03-14,0.1674621518987341
2014-03-17,0.1680983585858586
2014-03-18,0.1678725490196078
2014-03-19,0.1666694329183956
2014-03-20,0.1649266792215944
2014-03-21,0.1650846501128668
2014-03-25,0.1658704559650218
2014-03-26,0.1653575803024622
2014-03-27,0.166666625
2014-03-28,0.166569536423841
2014-03-31,0.167011872031992
2014-04-01,0.1670592351912022
2014-04-03,0.166638875
2014-04-04,0.166580625
2014-04-07,0.166708286464192
2014-04-08,0.1674340707411573
2014-04-09,0.168092625
2014-04-10,0.168876125
2014-04-11,0.16852325
2014-04-14,0.1677514060742407
2014-04-15,0.167948625
2014-04-16,0.1674536932883389
2014-04-21,0.166705625
2014-04-22,0.1669365079365079
2014-04-23,0.1666945
2014-04-24,0.1665418072740907
2014-04-25,0.166220625
2014-04-28,0.166583427071616
2014-04-29,0.1663477880529867
2014-04-30,0.1682029492626843
2014-05-05,0.1679515060617422
2014-05-06,0.168910375
2014-05-07,0.169198975128109
2014-05-08,0.1697043239190202
2014-05-09,0.1691331667707682
2014-05-12,0.1688875296467357
2014-05-13,0.1686795910734322
2014-05-14,0.1687649328023892
2014-05-15,0.1682198907375217
2014-05-16,0.1684238887509312
2014-05-19,0.1685034131810847
2014-05-20,0.1679627791563275
2014-05-21,0.168005085586703
2014-05-22,0.1678922237380627
2014-05-23,0.1678330853174603
2014-05-26,0.1678218447805603
2014-05-27,0.1675996778590013
2014-05-28,0.1673528610354223
2014-05-29,0.1674930030959752
2014-05-30,0.1674256188118812
2014-06-02,0.1668529375386518
2014-06-03,0.1667500926497838
2014-06-04,0.1666056007895386
2014-06-05,0.1669226322263222
2014-06-06,0.1681265682656826
2014-06-09,0.1673836408364083
2014-06-10,0.1671569495694956
2014-06-11,0.1666666256612129
2014-06-12,0.1670480993972198
2014-06-13,0.166850184501845
2014-06-16,0.16700627383442
2014-06-17,0.1666721613974658
2014-06-18,0.1660826568265682
2014-06-19,0.1631533825338253
2014-06-23,0.1635831488314883
2014-06-24,0.1636446494464944
2014-06-25,0.1630416871618298
2014-06-26,0.1629620019675356
2014-06-27,0.1630949335956714
2014-06-30,0.1630231157014632
2014-07-01,0.1621928703134603
2014-07-02,0.1619800933890391
2014-07-03,0.1616239862374047
2014-07-04,0.1614518309166871
2014-07-07,0.1624272727272727
2014-07-08,0.1617337590568586
2014-07-10,0.1621113429904247
2014-07-11,0.1617206477732793
2014-07-14,0.1617835582822085
2014-07-15,0.1608131288343558
2014-07-16,0.1613007113073338
2014-07-17,0.161410127513487
2014-07-18,0.1616448529411764
2014-07-21,0.1613241421568627
2014-07-22,0.161550942934117
2014-07-23,0.1613502264659077
2014-07-24,0.1611162079510703
2014-07-25,0.1607898019075568
2014-07-28,0.1606089931573802
2014-07-29,0.16
2014-07-30,0.1596118766004146
2014-07-31,0.1590887617192256
2014-08-01,0.1596220252549781
2014-08-04,0.1595456416464891
2014-08-05,0.1591976294146105
2014-08-06,0.1595353730801789
2014-08-07,0.1600845325916072
2014-08-08,0.1606658203361141
2014-08-11,0.1617507859733978
2014-08-12,0.1618568665377176
2014-08-13,0.1624246343527136
2014-08-14,0.1622928597317869
2014-08-15,0.1628903514068349
2014-08-19,0.1621850108616944
2014-08-20,0.1619616724738675
2014-08-21,0.1626730196545563
2014-08-22,0.1622506841165973
2014-08-25,0.161898750743605
2014-08-26,0.1617468474898881
2014-08-27,0.1618698964408998
2014-08-28,0.1617756097560975
2014-08-29,0.1614256636114748
2014-09-01,0.1614648507196384
2014-09-02,0.1613032933063845
2014-09-03,0.1606528355724646
2014-09-04,0.1597520533269849
2014-09-05,0.1591241830065359
2014-09-08,0.1580128556124271
2014-09-09,0.1572970238095238
2014-09-10,0.1574579761904761
2014-09-11,0.1567840733246042
2014-09-12,0.1570104736967388
2014-09-15,0.156347774339443
2014-09-16,0.1563477329525169
2014-09-17,0.1556541523107995
2014-09-18,0.1580502554354283
2014-09-19,0.1574381382094514
2014-09-22,0.1574604248249673
2014-09-23,0.1573217339667458
2014-09-24,0.156587648456057
2014-09-25,0.1562768281101614
2014-09-26,0.1549091016688365
2014-09-29,0.1552264195490497
2014-09-30,0.1554798339264531
2014-10-01,0.1549330177514793
2014-10-02,0.1551734754292481
2014-10-03,0.1531933727810651
2014-10-06,0.1537207569485511
2014-10-07,0.1545785925487877
2014-10-08,0.154545186060248
2014-10-09,0.154528453364817
2014-10-10,0.1533954642097803
2014-10-14,0.1521930839136079
2014-10-15,0.1521282898619143
2014-10-16,0.1524389898513098
2014-10-17,0.1529870221802737
2014-10-20,0.1524902214891612
2014-10-21,0.1523576814326107
2014-10-22,0.1512996819413358
2014-10-23,0.1521004829779714
2014-10-24,0.1517266839378238
2014-10-27,0.1512470588235294
2014-10-28,0.1514348388614443
2014-10-29,0.1497050935184096
2014-10-30,0.1491958823529411
2014-10-31,0.1481635294117647
2014-11-03,0.1473122943112365
2014-11-04,0.1458768218147625
2014-11-05,0.146455806299953
2014-11-07,0.1464901292596944
2014-11-10,0.1469053942884005
2014-11-11,0.1470414806110458
2014-11-12,0.1472038777908343
2014-11-13,0.1473621621621621
2014-11-14,0.1480253789213958
2014-11-17,0.1472797227443608
2014-11-18,0.1485928101503759
2014-11-19,0.147386070002349
2014-11-20,0.1479684049800328
2014-11-21,0.1470934711131986
2014-11-25,0.1467114865657632
2014-11-26,0.1466727678047635
2014-11-27,0.144193994839315
2014-11-28,0.1425456358517128
2014-12-01,0.1445065635255508
2014-12-02,0.1423994145199063
2014-12-03,0.1419748302505268
2014-12-04,0.1417373961866885
2014-12-05,0.1402190019866775
2014-12-09,0.1408371141253508
2014-12-10,0.1395283592562273
2014-12-11,0.137432514619883
2014-12-12,0.1359545082446497
2014-12-15,0.1342371652438311
2014-12-16,0.1343219506490469
2014-12-17,0.1363642848789615
2014-12-18,0.1355491228070175
2014-12-19,0.13552157642381
2014-12-22,0.135078596491228
2014-12-23,0.1344953216374269
2014-12-24,0.1339262247164737
2014-12-29,0.1340608044901777
2014-12-30,0.1344176119752075
2014-12-31,0.1335791135539702
2015-01-02,0.1320184687317358
2015-01-05,0.1309225557761943
2015-01-06,0.129703336444237
2015-01-07,0.1297757716948165
2015-01-08,0.1314699720670391
2015-01-09,0.130359445931789
2015-01-12,0.1295420789197998
2015-01-13,0.1290722681252182
2015-01-14,0.1307104130308318
2015-01-15,0.1304631848319181
2015-01-16,0.1318079293105452
2015-01-19,0.1311165601394538
2015-01-20,0.1303151782603646
2015-01-21,0.1311923166202414
2015-01-22,0.1306592042686463
2015-01-23,0.1288162318840579
2015-01-26,0.1286769855072463
2015-01-27,0.1292825356356472
2015-01-28,0.1285974973931178
2015-01-29,0.1275217743803567
2015-01-30,0.1290955576122165
2015-02-02,0.1308797365988909
2015-02-03,0.1329309548550976
2015-02-04,0.1322209006928406
2015-02-05,0.132858545034642
2015-02-06,0.1315875967201755
2015-02-09,0.1313421417032079
2015-02-10,0.1319922739852398
2015-02-11,0.1305397557040792
2015-02-12,0.1307856237760626
2015-02-13,0.1320533103051237
2015-02-18,0.1326189873417721
2015-02-19,0.1318808784638381
2015-02-20,0.1329928760197633
2015-02-23,0.1312715269804822
2015-02-24,0.1317731130993347
2015-02-25,0.1323224031185507
2015-02-26,0.1306762985896113
2015-02-27,0.1303967453586981
2015-03-02,0.1298398030459177
2015-03-03,0.1300305526948163
2015-03-04,0.1280212717291857
2015-03-05,0.1292891428571428
2015-03-06,0.1266287965288879
2015-03-09,0.1260318347786399
2015-03-10,0.1235177879133409
2015-03-11,0.1217359006494246
2015-03-12,0.1231253986332574
2015-03-13,0.1217938062165547
2015-03-16,0.1211079357850392
2015-03-17,0.1203268464777512
2015-03-18,0.1206025480605164
2015-03-19,0.1233927677962246
2015-03-20,0.1247178088419138
2015-03-25,0.127634018861493
2015-03-26,0.1263184192595957
2015-03-27,0.1257893303064699
2015-03-30,0.1245345961887477
2015-03-31,0.1241372704602131
2015-04-01,0.1247505381216721
2015-04-06,0.1260763220473332
2015-04-07,0.1240340651878678
2015-04-08,0.1241973758624589
2015-04-09,0.1232923685698134
2015-04-10,0.1233790960451977
2015-04-13,0.1235635727190605
2015-04-14,0.1259017836983517
2015-04-15,0.1274616512519738
2015-04-16,0.1294297315587638
2015-04-17,0.127606405774219
2015-04-20,0.1267957389245857
2015-04-21,0.1273560964615731
2015-04-22,0.1263312309944813
2015-04-23,0.1278167698368036
2015-04-24,0.1285595050618672
2015-04-27,0.1292874648679033
2015-04-28,0.1307531752276048
2015-04-29,0.1330920017973489
2015-04-30,0.1323381609969686
2015-05-04,0.1319157315978456
2015-05-05,0.1319383200628013
2015-05-06,0.134783568706568
2015-05-07,0.1341021963245181
2015-05-08,0.134177755376344
2015-05-11,0.1324152020597783
2015-05-12,0.1335737466427932
2015-05-13,0.1357072706935123
2015-05-14,0.1353015429338103
2015-05-15,0.1368008270928803
2015-05-18,0.1350147436613425
2015-05-19,0.1327316365260102
2015-05-20,0.1322453693372015
2015-05-21,0.1322909232827832
2015-05-22,0.1308780514992754
2015-05-26,0.1289224771664067
2015-05-27,0.1287697873761549
2015-05-28,0.1277319163142666
2015-05-29,0.128658696619217
2015-06-01,0.1256849710982659
2015-06-02,0.1280934340628819
2015-06-03,0.1288211391140224
2015-06-04,0.1288527192008879
2015-06-05,0.125629687153317
2015-06-08,0.1276470392548236
2015-06-09,0.1286389227529646
2015-06-10,0.1286752685790231
2015-06-11,0.1273431133746678
2015-06-12,0.1292858249419055
2015-06-15,0.1286206171883641
2015-06-16,0.1285132684652808
2015-06-17,0.1298718232044199
2015-06-18,0.1283318603623508
2015-06-19,0.1289740503533569
2015-06-22,0.1293945480631277
2015-06-23,0.127684611141754
2015-06-24,0.1274275002756643
2015-06-25,0.1280295381902347
2015-06-26,0.1273918263934787
2015-06-29,0.1272685236155455
2015-06-30,0.1275379621478873
2015-07-01,0.1261638623116683
2015-07-02,0.1255035726063537
2015-07-03,0.1249562829525483
2015-07-06,0.1239664031620553
2015-07-07,0.1218471582181259
2015-07-08,0.1213282518096073
2015-07-10,0.124463283647523
2015-07-13,0.1237088080631025
2015-07-14,0.1231193604905825
2015-07-15,0.1225100142278647
2015-07-16,0.1227475388317654
2015-07-17,0.1224500328012245
2015-07-20,0.1215008195825592
2015-07-21,0.123192114460463
2015-07-22,0.1222807553760506
2015-07-23,0.1223286415711947
2015-07-24,0.122028577661431
2015-07-27,0.1227280061048729
2015-07-28,0.1224529309217694
2015-07-29,0.1234323676758876
2015-07-30,0.1224650048982257
2015-07-31,0.1228048966267682
2015-08-03,0.1213754214246873
2015-08-04,0.1208561956521739
2015-08-05,0.120951113525258
2015-08-06,0.1208400477793463
2015-08-07,0.1210434121988278
2015-08-10,0.121954229934924
2015-08-11,0.1207583179798417
2015-08-12,0.1227384898710865
2015-08-13,0.121586445815741
2015-08-14,0.1215287878787878
2015-08-18,0.1207977285018929
2015-08-19,0.1205051345800454
2015-08-20,0.1213562398703403
2015-08-21,0.121870950323974
2015-08-24,0.1221806409841372
2015-08-25,0.1208313201035375
2015-08-26,0.1193403383985343
2015-08-27,0.1205835846617837
2015-08-28,0.1208517761033369
2015-08-31,0.1206287650602409
2015-09-01,0.120621453138435
2015-09-02,0.1214358754027926
2015-09-03,0.120794783728668
2015-09-04,0.1206331259386397
2015-09-07,0.1201374732334047
2015-09-08,0.1213164828103245
2015-09-09,0.1215229023972602
2015-09-10,0.1224125133689839
2015-09-11,0.1227114603378234
2015-09-14,0.1219720055561491
2015-09-15,0.1219913507741591
2015-09-16,0.1228123999573151
2015-09-17,0.1229286552202196
2015-09-18,0.1230284587507994
2015-09-21,0.1216204325130499
2015-09-22,0.120714620381216
2015-09-23,0.1207977229197701
2015-09-24,0.1183026371756699
2015-09-25,0.1176277240352928
2015-09-28,0.1171248671625929
2015-09-29,0.1181000424808836
2015-09-30,0.117317236255572
2015-10-01,0.118573276776246
2015-10-02,0.1194799745708836
2015-10-05,0.1187197162219398
2015-10-06,0.1204586816209924
2015-10-07,0.1218754230118443
2015-10-08,0.1229180761099365
2015-10-09,0.1237241415742208
2015-10-13,0.122696326789107
2015-10-14,0.1236491191053908
2015-10-15,0.1233380430198228
2015-10-16,0.1234445732349841
2015-10-19,0.1230451674036639
2015-10-20,0.1229996843434343
2015-10-21,0.1221031437283146
2015-10-22,0.1206098381332772
2015-10-23,0.1190745798319327
2015-10-26,0.1200350582554844
2015-10-27,0.118164166579251
2015-10-28,0.1176221430069196
2015-10-29,0.1165365751414797
2015-10-30,0.1179189189189189
2015-11-02,0.1178244897959183
2015-11-03,0.1175626437983685
2015-11-04,0.1156563936481404
2015-11-05,0.1169153444676409
2015-11-09,0.1154667779284447
2015-11-10,0.115705919132972
2015-11-11,0.1159769863584296
2015-11-12,0.1150099843993759
2015-11-13,0.1148897547797173
2015-11-16,0.1151940840685002
2015-11-17,0.1152684090437668
2015-11-18,0.1148224502487562
2015-11-19,0.1161521176348762
2015-11-20,0.1159178733967728
2015-11-23,0.1153509098428453
2015-11-24,0.1157072565639859
2015-11-25,0.1155988840669559
2015-11-26,0.1154908038851002
2015-11-30,0.1150284888521882
2015-12-01,0.1157099401938544
2015-12-02,0.1154761561437841
2015-12-03,0.1177787037037036
2015-12-04,0.1174798561151079
2015-12-09,0.1150205423171733
2015-12-10,0.1156764434416982
2015-12-11,0.1149927350864627
2015-12-14,0.1155668301655426
2015-12-15,0.115224658372425
2015-12-16,0.114264807653165
2015-12-17,0.1141565671641791
2015-12-18,0.114016
2015-12-21,0.1140263608087091
2015-12-22,0.1148949922958397
2015-12-23,0.1144321812596006
2015-12-24,0.115382874617737
2015-12-28,0.1151291538461538
2015-12-29,0.1147947234436473
2015-12-30,0.1134906038200862
2015-12-31,0.1128999233128834
2016-01-04,0.1123443939393939
2016-01-05,0.1122460073260073
2016-01-06,0.111488912886969
2016-01-07,0.1121315107913668
2016-01-08,0.1125100144092219
2016-01-11,0.1120071794871794
2016-01-12,0.1122132841328413
2016-01-13,0.1134391432791728
2016-01-14,0.1139523018867924
2016-01-15,0.1132759701492537
2016-01-18,0.1122813421828908
2016-01-19,0.1137190618019359
2016-01-20,0.112548
2016-01-21,0.1134738970588235
2016-01-22,0.1141904588492352
2016-01-25,0.1142896451846488
2016-01-26,0.1151224548736462
2016-01-27,0.1152698126801152
2016-01-28,0.115944725433526
2016-01-29,0.1148949856733524
2016-02-01,0.1147118188251946
2016-02-02,0.1147012380615493
2016-02-03,0.1164158192090395
2016-02-04,0.1176581166549543
2016-02-05,0.1163981616879047
2016-02-10,0.1169659310344827
2016-02-11,0.1166724726775956
2016-02-12,0.1165066530889341
2016-02-15,0.1159353378378378
2016-02-16,0.1159904299770858
2016-02-17,0.1170179452968645
2016-02-18,0.1165936254980079
2016-02-19,0.1166901726427622
2016-02-22,0.1162331147540983
2016-02-23,0.1164266013071895
2016-02-24,0.1153562214983713
2016-02-25,0.1156858349577647
2016-02-26,0.1151781512605042
2016-02-29,0.1150761392405063
2016-03-01,0.1153695569620253
2016-03-02,0.1150496168582375
2016-03-03,0.1163859868421052
2016-03-04,0.1175875657894736
2016-03-07,0.1177745537163258
2016-03-08,0.1170151466114311
2016-03-09,0.117466037735849
2016-03-10,0.1173447196870925
2016-03-11,0.1187380471380471
2016-03-14,0.1177662162162162
2016-03-15,0.1167378787878788
2016-03-16,0.1170507871321013
2016-03-17,0.1200148494983277
2016-03-18,0.1195257452574525
2016-03-21,0.1189513476157567
2016-03-22,0.1189187630298818
2016-03-23,0.1180567586206896
2016-03-28,0.1186957518543493
2016-03-29,0.1190646616541353
2016-03-30,0.120175
2016-03-31,0.1208985034013605
2016-04-01,0.1203325895875591
2016-04-04,0.1204065173116089
2016-04-05,0.1197777247956403
2016-04-06,0.1203760273972602
2016-04-07,0.1200422252937111
2016-04-08,0.1214432320441988
2016-04-11,0.1218873278236914
2016-04-12,0.1222643375994465
2016-04-13,0.1215199722125738
2016-04-14,0.1215967899511514
2016-04-15,0.1213990035587188
2016-04-18,0.1218145685997171
2016-04-19,0.1233258632840028
2016-04-20,0.1232225244072524
2016-04-21,0.1218991590749824
2016-04-22,0.1215111188811188
2016-04-25,0.1220613398464759
2016-04-26,0.1224364779874213
2016-04-27,0.1220986610288936
2016-04-28,0.1229271328671328
2016-04-29,0.1238175438596491
2016-05-02,0.1245546863988724
2016-05-03,0.1236598591549295
2016-05-04,0.1225640449438202
2016-05-05,0.1221613061797752
2016-05-06,0.1220748064743138
2016-05-09,0.1215406392694064
2016-05-10,0.1218887874104257
2016-05-11,0.1226693173821252
2016-05-12,0.1230057868736767
2016-05-13,0.1217819081272084
2016-05-16,0.1224829879040814
2016-05-17,0.1221956152758133
2016-05-18,0.1213990095507605
2016-05-19,0.1197346808510638
2016-05-20,0.1201561809761311
2016-05-23,0.1198939957112222
2016-05-24,0.1196129537366547
2016-05-26,0.1207671311182565
2016-05-27,0.1199443247126436
2016-05-30,0.1197934953538241
2016-05-31,0.1195657208205274
2016-06-01,0.1203847311827957
2016-06-02,0.1199644604316546
2016-06-03,0.1219779799292469
2016-06-06,0.1222509077705156
2016-06-07,0.123154190751445
2016-06-08,0.1233076258992805
2016-06-09,0.1227129522431259
2016-06-10,0.1210947101449275
2016-06-13,0.1209599275362318
2016-06-14,0.1197375272727272
2016-06-15,0.1205952710076391
2016-06-16,0.1190760057471264
2016-06-21,0.1204891911238367
2016-06-22,0.1204354655294953
2016-06-23,0.1223660899653979
2016-06-24,0.1185044876088412
2016-06-27,0.1162128758169934
2016-06-28,0.1175792617449664
2016-06-29,0.1191682242990654
2016-06-30,0.1189938164893617
2016-07-01,0.1199198666666666
2016-07-04,0.1206330677290836
2016-07-05,0.1189499324324324
2016-07-06,0.1184132698196665
2016-07-07,0.1175377928692699
2016-07-11,0.117863387978142
2016-07-12,0.118681662087912
2016-07-13,0.1188566231983527
2016-07-14,0.1196559023066485
2016-07-15,0.1182200668896321
2016-07-18,0.1183894389438943
2016-07-19,0.1173902
2016-07-20,0.1176359654943596
2016-07-21,0.1177786666666666
2016-07-22,0.1168128772635814
2016-07-25,0.1166289632107023
2016-07-26,0.1166616053511705
2016-07-27,0.1162898666666666
2016-07-28,0.1167733377659574
2016-07-29,0.1185719520319786
2016-08-01,0.1177662424648359
2016-08-02,0.1185606734006734
2016-08-03,0.118220107599193
2016-08-04,0.118497441077441
2016-08-05,0.1176055442866802
2016-08-08,0.1179996591683708
2016-08-09,0.118882058226134
2016-08-10,0.1211049761417859
2016-08-11,0.1213739427012278
2016-08-12,0.1217982276755283
2016-08-16,0.12200327198364
2016-08-17,0.1212238836265223
2016-08-18,0.1226512048192771
2016-08-19,0.121796755597265
2016-08-22,0.1216012153950033
2016-08-23,0.1217478436657682
2016-08-24,0.1217477792732167
2016-08-25,0.1216116185359301
2016-08-26,0.1208050666666666
2016-08-29,0.1207890066225165
2016-08-30,0.1197117255163224
2016-08-31,0.1199673811118553
2016-09-01,0.1201388590604026
2016-09-02,0.1201519012675116
2016-09-05,0.1205967376830892
2016-09-06,0.1224095206391478
2016-09-07,0.1221687707641196
2016-09-08,0.121940809555408
2016-09-09,0.1209174899866488
2016-09-12,0.1216781939799331
2016-09-13,0.1208956
2016-09-14,0.1214093147039254
2016-09-15,0.1215568679495686
2016-09-16,0.1203340383344348
2016-09-19,0.1205952475247524
2016-09-20,0.1205356671070013
2016-09-21,0.1205080581241743
2016-09-22,0.1230542073331574
2016-09-23,0.1232893313991823
2016-09-26,0.1235009842519685
2016-09-27,0.123048167539267
2016-09-28,0.1241541910331383
2016-09-29,0.1239648780487805
2016-09-30,0.1251438928804703
2016-10-03,0.1253698585060875
2016-10-04,0.1247893869479235
2016-10-05,0.1247473996050033
2016-10-06,0.1243518080210387
2016-10-07,0.1232726374711886
2016-10-11,0.1220003295978905
2016-10-12,0.1216974120769741
2016-10-13,0.1224754824213587
2016-10-14,0.1215613179571663
2016-10-17,0.122141860771154
2016-10-18,0.1224230010520778
2016-10-19,0.122761171437973
2016-10-20,0.1221598152424942
2016-10-21,0.1207933927981499
2016-10-24,0.1209760332761125
2016-10-25,0.1209628365068942
2016-10-26,0.1207948043406774
2016-10-27,0.1208985106102543
2016-10-28,0.1213209348255431
2016-10-31,0.1209921452145214
2016-11-01,0.121774527363184
2016-11-02,0.1220107213765718
2016-11-03,0.1223211920529801
2016-11-04,0.1223406374501992
2016-11-07,0.121472757475083
2016-11-08,0.1214432016075016
2016-11-09,0.1201591152815013
2016-11-10,0.1193602129075183
2016-11-11,0.1189371502927781
2016-11-14,0.1177426198083067
2016-11-15,0.118586
2016-11-16,0.1178341935483871
2016-11-17,0.1172016795865633
2016-11-18,0.1162979961215255
2016-11-21,0.1168647383815404
2016-11-22,0.1171906796116505
2016-11-23,0.1162074646074646
2016-11-24,0.1162912483912484
2016-11-25,0.1166588613702155
2016-11-29,0.1171179617834394
2016-11-30,0.1174025712125031
2016-12-01,0.1184146464646464
2016-12-02,0.1188877038895859
2016-12-05,0.1195728687543317
2016-12-06,0.1190476130653266
2016-12-07,0.1195242651657285
2016-12-12,0.1186197130380536
2016-12-13,0.118749342352499
2016-12-14,0.1181223544145272
2016-12-15,0.1155508145363408
2016-12-16,0.1152525157232704
2016-12-19,0.1154534722222222
2016-12-20,0.1149161412358133
2016-12-21,0.1153575680810639
2016-12-22,0.1147789574062301
2016-12-23,0.1148461637736336
2016-12-26,0.1149518018018018
2016-12-27,0.1148263665594855
2016-12-28,0.1143968253968254
2016-12-29,0.1153043696634856
2016-12-30,0.1159057268722466
2017-01-02,0.1156189698492462
2017-01-03,0.1156804640953276
2017-01-04,0.1162169154228855
2017-01-05,0.117793984962406
2017-01-06,0.1173075268817204
2017-01-09,0.1170398489140698
2017-01-10,0.1162452996845425
2017-01-11,0.1164998738170347
2017-01-12,0.1174384566729917
2017-01-13,0.1176636598751025
2017-01-16,0.1172456549118387
2017-01-17,0.1181683952479728
2017-01-18,0.1183501721439749
2017-01-19,0.1180581761006289
2017-01-20,0.1186000628338046
2017-01-23,0.1193673776662484
2017-01-24,0.1200581293157564
2017-01-25,0.120167784393607
2017-01-26,0.1198307788944723
2017-01-27,0.1197647798742138
2017-01-30,0.1202906407035176
2017-01-31,0.1211709756557841
2017-02-01,0.1211974050632911
2017-02-02,0.1215244260204081
2017-02-03,0.1217923175416133
2017-02-06,0.1210096958174904
2017-02-07,0.1202935247208931
2017-02-08,0.1203398405103668
2017-02-09,0.1198896860986547
2017-02-10,0.1193687902187902
2017-02-13,0.1191682273167581
2017-02-14,0.1188029734970911
2017-02-15,0.11972890625
2017-02-16,0.1205313249109167
2017-02-17,0.1198638392857142
2017-02-20,0.1198437360535543
2017-02-21,0.1196659192825112
2017-02-22,0.1194329585608737
2017-02-23,0.1198006451612903
2017-02-24,0.1197705426356589
2017-03-01,0.1189824902723735
2017-03-02,0.1179551298701298
2017-03-03,0.1179231067961165
2017-03-06,0.1177994832041343
2017-03-07,0.1183418006430868
2017-03-08,0.1173392138063279
2017-03-09,0.1165406310367031
2017-03-10,0.116234496124031
2017-03-13,0.1169754826254826
2017-03-14,0.1159420019311232
2017-03-15,0.1165881824020552
2017-03-16,0.1172813908564069
2017-03-17,0.1182340616966581
2017-03-20,0.1179607165706973
2017-03-21,0.1181055769230769
2017-03-22,0.1181070035177486
2017-03-23,0.1177232200128287
2017-03-27,0.1179815611949887
2017-03-28,0.1172773201184193
2017-03-29,0.1174191186001296
2017-03-30,0.1167896820246593
2017-03-31,0.1165161793372319
2017-04-03,0.1163656381942189
2017-04-04,0.1162222801302931
2017-04-05,0.1161575315714099
2017-04-06,0.1160604288499025
2017-04-07,0.1153788204626914
2017-04-10,0.1160038790269559
2017-04-11,0.1162439567638388
2017-04-12,0.1162695852534562
2017-04-17,0.1170809210526315
2017-04-18,0.1174729067259298
2017-04-19,0.1165745454545454
2017-04-20,0.1160375592956007
2017-04-21,0.1151384118786313
2017-04-24,0.1168360623781676
2017-04-25,0.1168142671854734
2017-04-26,0.1164347966429954
2017-04-27,0.1166956549935149
2017-04-28,0.1166956493506493
2017-05-02,0.1163277777777777
2017-05-03,0.1159917593198168
2017-05-04,0.1151741998693664
2017-05-05,0.1162047495120364
2017-05-08,0.1156804783451842
2017-05-09,0.115138421900161
2017-05-10,0.1159191489361702
2017-05-11,0.1163061224489795
2017-05-12,0.1166275906735751
2017-05-15,0.1170754668383773
2017-05-16,0.1181711810012837
2017-05-17,0.1191199231262011
2017-05-18,0.117996875
2017-05-19,0.1194928971962616
2017-05-22,0.1197561940067964
2017-05-23,0.1195514605344934
2017-05-24,0.1194600372902423
2017-05-26,0.1192420986883197
2017-05-29,0.1188805988771054
2017-05-30,0.1185353560371517
2017-05-31,0.1184595652173913
2017-06-01,0.1182745952677459
2017-06-02,0.1188213125
2017-06-05,0.1184595811190997
2017-06-06,0.1182033104309806
2017-06-07,0.1179425891181988
2017-06-08,0.1177564779874213
2017-06-09,0.1175861809045226
2017-06-12,0.1180972056514913
2017-06-13,0.1185409691629955
2017-06-14,0.1192492127471973
2017-06-15,0.117474280350438
2017-06-16,0.1183389650872818
2017-06-19,0.1178522600619195
2017-06-21,0.1169262638717632
2017-06-22,0.1175958501083926
2017-06-23,0.1183936321483771
2017-06-26,0.1180038602941176
2017-06-27,0.1188311585365853
2017-06-28,0.1184020668693009
2017-06-29,0.1191909090909091
2017-06-30,0.1195686109440769
2017-07-03,0.1193958333333333
2017-07-04,0.1197590667454223
2017-07-05,0.1188933488914819
2017-07-06,0.1196057962529274
2017-07-07,0.1195843345111896
2017-07-10,0.1201027949396881
2017-07-11,0.1206054117647058
2017-07-12,0.1209818868369815
2017-07-13,0.1209965191740413
2017-07-14,0.1220494362017804
2017-07-17,0.1227490844654459
2017-07-18,0.1238850581395348
2017-07-19,0.1240356268221574
2017-07-20,0.1244477906976744
2017-07-21,0.1245345579793341
2017-07-24,0.1248361445783132
2017-07-25,0.1254469107551487
2017-07-26,0.1257750857142857
2017-07-27,0.1256013038548752
2017-07-28,0.1262578414839797
2017-07-31,0.1266560090702947
2017-08-01,0.1263024909008189
2017-08-02,0.1269824999999999
2017-08-03,0.1265566496887379
2017-08-04,0.1257387096774193
2017-08-07,0.1261272881355932
2017-08-08,0.1258811713592507
2017-08-09,0.1256928813559322
2017-08-10,0.1256581592320722
2017-08-11,0.1262865612648221
2017-08-14,0.1257766491535318
2017-08-15,0.1255902753368482
2017-08-16,0.1259192330040673
2017-08-17,0.1257529377880184
2017-08-18,0.1262961204400695
2017-08-22,0.1262307379430563
2017-08-23,0.1270179918746372
2017-08-24,0.127560778617083
2017-08-25,0.1286024970963995
2017-08-28,0.1289207777132907
2017-08-29,0.1291806266168439
2017-08-30,0.1280820011500862
2017-08-31,0.1286289428076256
2017-09-01,0.128134476744186
2017-09-04,0.1280983749274521
2017-09-05,0.1282725638051044
2017-09-06,0.1187408835341365
2017-09-07,0.1289906395348837
2017-09-08,0.1290472674418604
2017-09-11,0.127494110787172
2017-09-12,0.1274534856473345
2017-09-13,0.1266431751611013
2017-09-14,0.126861683343143
2017-09-15,0.127281531664212
2017-09-18,0.1275738241308793
2017-09-19,0.1280721120186697
2017-09-20,0.1282429319371727
2017-09-21,0.1279459756803705
2017-09-22,0.128270883882149
2017-09-25,0.1278805254140491
2017-09-26,0.1269406143344709
2017-09-27,0.1259175968109339
2017-09-28,0.1259779302458548
2017-09-29,0.1254783939919122
2017-10-02,0.1250656330749354
2017-10-03,0.1253101349411426
2017-10-04,0.1257735207697182
2017-10-05,0.1248704395288709
2017-10-06,0.1248735454284895
2017-10-09,0.1254343069873997
2017-10-10,0.1258193974175036
2017-10-11,0.1260874956941095
2017-10-12,0.1266817111685328
2017-10-13,0.1267636070110701
2017-10-17,0.1258890683588116
2017-10-18,0.125637636887608
2017-10-19,0.1257008022922636
2017-10-20,0.1253242824339839
2017-10-23,0.1248844674131496
2017-10-24,0.1248486285714285
2017-10-25,0.1245888507718696
2017-10-26,0.1224469988674971
2017-10-27,0.1222553758865248
2017-10-30,0.1225535028248587
2017-10-31,0.1223630699518549
2017-11-01,0.122762634866553
2017-11-02,0.12283350456621
2017-11-03,0.1223077097505668
2017-11-07,0.1223376203966005
2017-11-08,0.1224634703196347
2017-11-09,0.1227551241792749
2017-11-10,0.1229739925693055
2017-11-13,0.1223541142857142
2017-11-14,0.1221538285714285
2017-11-15,0.1213371428571428
2017-11-16,0.1217226035232212
2017-11-17,0.1213607091792965
2017-11-21,0.1216648370497427
2017-11-22,0.1222224899598393
2017-11-23,0.1229271526980482
2017-11-24,0.1228561383285302
2017-11-27,0.1226828521939953
2017-11-28,0.1216589691909012
2017-11-29,0.1212327116212338
2017-11-30,0.1203673504767408
2017-12-01,0.1209
2017-12-04,0.1199760299625468
2017-12-05,0.1205385772122614
2017-12-06,0.1207277310924369
2017-12-07,0.1206112847222222
2017-12-11,0.1194714617169373
2017-12-12,0.1195571757925072
2017-12-13,0.11956002310803
2017-12-14,0.1207598280802292
2017-12-15,0.1191923494147873
2017-12-18,0.1198782014797951
2017-12-19,0.1198782014797951
2017-12-20,0.1191469031531531
2017-12-21,0.1193089390142021
2017-12-22,0.119988987271721
2017-12-26,0.1204717752931551
2017-12-27,0.1209131590366673
2017-12-28,0.1212459375
2017-12-29,0.1221523406080754
2018-01-02,0.1230087995654535
2018-01-03,0.1232772024939007
2018-01-04,0.1240279119699409
2018-01-05,0.1243657476139978
2018-01-08,0.123820599054125
2018-01-09,0.123148177496038
2018-01-10,0.1241218582169709
2018-01-11,0.1247006948156066
2018-01-12,0.1256991974317816
2018-01-15,0.1269341502397442
2018-01-16,0.1269083597883598
2018-01-17,0.1274859946949602
2018-01-18,0.1274453630100689
2018-01-19,0.1272313240326401
2018-01-22,0.1270357254779066
2018-01-23,0.1274713731574864
2018-01-24,0.1287316030534351
2018-01-25,0.1304035787321063
2018-01-26,0.1301185487991824
2018-01-29,0.1296613381001021
2018-01-30,0.1296193022663611
2018-01-31,0.1296092111959287
2018-02-01,0.1304784829721362
2018-02-02,0.1294783277763529
2018-02-05,0.1285826488706365
2018-02-06,0.127855981595092
2018-02-07,0.126657628839807
2018-02-08,0.1261781672508763
2018-02-09,0.124847047047047
2018-02-14,0.1277710552763819
2018-02-15,0.1283631230925737
2018-02-16,0.1287763663967611
2018-02-19,0.1285429648241206
2018-02-20,0.1275933501259445
2018-02-21,0.127570539523212
2018-02-22,0.1273706766917293
2018-02-23,0.1275087587587587
2018-02-26,0.1278037128712871
2018-02-27,0.127239405940594
2018-02-28,0.1268874689209348
2018-03-01,0.126958314723835
2018-03-02,0.1281509126788357
2018-03-05,0.1278396338446313
2018-03-06,0.1284240904621435
2018-03-07,0.12779877511024
2018-03-08,0.127682956777996
2018-03-09,0.1285726913580247
2018-03-12,0.1289590594059406
2018-03-13,0.1292223541048467
2018-03-14,0.1295219476025704
2018-03-15,0.1298212337183583
2018-03-16,0.1296008415841584
2018-03-19,0.1295672277227723
2018-03-20,0.129240710584752
2018-03-21,0.1293477059694129
2018-03-22,0.1291505562422744
2018-03-23,0.1291722634967806
2018-03-26,0.1301744427934621
2018-03-27,0.1298768841729472
2018-03-28,0.1271908779592039
2018-04-03,0.1272005450941526
2018-04-04,0.127681318136769
2018-04-05,0.1276014851485148
2018-04-06,0.1276487115956392
2018-04-09,0.1285578504210004
2018-04-10,0.1281164186507936
2018-04-11,0.1288062276874256
2018-04-12,0.1286223156853043
2018-04-13,0.1287399109792285
2018-04-16,0.1285215133531157
2018-04-17,0.1287216551040634
2018-04-18,0.128773032033772
2018-04-19,0.1282232142857143
2018-04-20,0.1278118375433382
2018-04-23,0.1266672754195459
2018-04-24,0.1265662388943731
2018-04-25,0.1254469188228323
2018-04-26,0.1250891484184914
2018-04-27,0.1252912852969815
2018-05-02,0.1232285849056603
2018-05-03,0.1241973913043478
2018-05-04,0.1241572935779816
2018-05-07,0.1242189890710382
2018-05-08,0.1226828125
2018-05-09,0.1239326144366197
2018-05-10,0.1249484795063904
2018-05-11,0.1250328030954428
2018-05-14,0.1246789515806322
2018-05-15,0.123395841995842
2018-05-16,0.1237409221902017
2018-05-17,0.1230572368421052
2018-05-18,0.1233015145313139
2018-05-21,0.1239326335643117
2018-05-22,0.1242560131795716
2018-05-23,0.1231587742594484
2018-05-24,0.1236705284552845
2018-05-28,0.1220211655200323
2018-05-29,0.120579267310789
2018-05-30,0.1220703168872844
2018-05-31,0.1221552884615384
2018-06-01,0.1221075875875876
2018-06-04,0.1230647977573087
2018-06-05,0.1233821714743589
2018-06-06,0.1236873493975903
2018-06-07,0.1241341604962977
2018-06-08,0.1242575661793757
2018-06-11,0.1242992692307692
2018-06-12,0.1242513786407766
2018-06-13,0.1245671153846153
2018-06-14,0.12315119133574
2018-06-15,0.1227611287477954
2018-06-18,0.1230088107324148
2018-06-19,0.1220628602305475
2018-06-21,0.123086
2018-06-22,0.1235742687893372
2018-06-25,0.1231921373200443
2018-06-26,0.123010295202952
2018-06-27,0.1222060495626822
2018-06-28,0.1221448754448398
2018-06-29,0.1226136221837088
2018-07-02,0.1220613780918728
2018-07-03,0.1229846043165467
2018-07-04,0.123327360171001
2018-07-05,0.1239356862745098
2018-07-06,0.1244849462365591
2018-07-10,0.1246090244793569
2018-07-11,0.1234293537787513
2018-07-12,0.1233928020565552
2018-07-13,0.1230814773980154
2018-07-16,0.1234324195906432
2018-07-17,0.1228139019963702
2018-07-18,0.1225024639466628
2018-07-19,0.1216515364386325
2018-07-20,0.1222015953589557
2018-07-23,0.1219645908761766
2018-07-24,0.1221806768558951
2018-07-25,0.1226106243154435
2018-07-26,0.1222807734403502
2018-07-27,0.1219988289112534
2018-07-30,0.1229664281783159
2018-07-31,0.1226798248814301
2018-08-01,0.1222419255222525
2018-08-02,0.1215687067395264
2018-08-03,0.1212385855624771
2018-08-06,0.1211577753384559
2018-08-07,0.1218190180689907
2018-08-08,0.1217048462929475
2018-08-09,0.1205661686232657
2018-08-10,0.1193417094017094
2018-08-13,0.1193830242272347
2018-08-14,0.1189300911854103
2018-08-15,0.1181725666666666
2018-08-16,0.1176415214477211
2018-08-17,0.1179634840871021
2018-08-21,0.1190476333333333
2018-08-22,0.1199256528925619
2018-08-23,0.1192989832732043
2018-08-24,0.1199026537216828
2018-08-27,0.1200811753309654
2018-08-28,0.1199831897926634
2018-08-29,0.1199170294117647
2018-08-30,0.1199817553191489
2018-08-31,0.1192250474898236
2018-09-03,0.1197360962566845
2018-09-04,0.1190759773662551
2018-09-05,0.119041953125
2018-09-06,0.1187408835341365
2018-09-07,0.1182941876182752
2018-09-10,0.1191412252541466
2018-09-11,0.1199716928915948
2018-09-12,0.1212253333333333
2018-09-13,0.1216885461441213
2018-09-14,0.1211372303060712
2018-09-17,0.1224604857070579
2018-09-18,0.1225535224383982
2018-09-19,0.1226226472838561
2018-09-20,0.1226346858638743
2018-09-21,0.1226422072678331
2018-09-24,0.1228531367292225
2018-09-25,0.1229331758530183
2018-09-26,0.1234613606855362
2018-09-27,0.1228199496221662
2018-09-28,0.1228531393939394
2018-10-01,0.1226091161616161
2018-10-02,0.122271811023622
2018-10-03,0.1219467498010082
2018-10-04,0.1211475195822454
2018-10-05,0.1209906712473573
2018-10-08,0.1207685729556387
2018-10-09,0.1208736799568965
2018-10-10,0.1218383087248322
2018-10-11,0.1218264150943396
2018-10-12,0.1221836734693877
2018-10-16,0.1228848333333333
2018-10-17,0.1218709508015478
2018-10-18,0.1208167257844474
2018-10-19,0.1216500547345375
2018-10-22,0.1212062534284146
2018-10-23,0.1205792566274938
2018-10-24,0.1200653243243243
2018-10-25,0.1196458548518619
2018-10-26,0.1198624049945711
2018-10-29,0.1193887262872628
2018-10-30,0.1188650776355216
2018-10-31,0.1184834214186369
2018-11-01,0.1198451640033641
2018-11-02,0.1195628909551986
2018-11-05,0.119582889200561
2018-11-07,0.1201316512475469
2018-11-08,0.1196358309859155
2018-11-09,0.1185747457627118
2018-11-12,0.117853653738055
2018-11-13,0.1177884049930652
2018-11-14,0.1174177437325905
2018-11-15,0.1177634396671289
2018-11-16,0.1185367937656554
2018-11-20,0.1166643449419568
2018-11-21,0.1173309612467246
2018-11-22,0.1172167945205479
2018-11-23,0.1163805585106382
2018-11-26,0.1164849423815621
2018-11-27,0.1159702723735408
2018-11-28,0.1168388195527821
2018-11-29,0.1171454135737009
2018-12-03,0.1171001369863013
2018-12-04,0.1175543850267379
2018-12-05,0.1176124699599465
2018-12-06,0.1173598673740052
2018-12-07,0.117870320855615
2018-12-10,0.1168907063197026
2018-12-11,0.1165922507273208
2018-12-12,0.1168224261771747
2018-12-13,0.1167310600052868
2018-12-14,0.1159864029342415
2018-12-17,0.1159003659174072
2018-12-18,0.1146933612127548
2018-12-19,0.1153003648683867
2018-12-20,0.1152565045992115
2018-12-21,0.1142361026991441
2018-12-26,0.113926347150259
2018-12-27,0.1139718015665796
2018-12-28,0.1145501591511936
2018-12-31,0.1156189655172413
2019-01-02,0.1148844355909694
2019-01-03,0.1151198397863818
2019-01-04,0.1159904468825261
2019-01-07,0.1172236697493633
2019-01-08,0.1170192819148936
2019-01-09,0.1181265185978057
2019-01-10,0.11800523193096
2019-01-11,0.1174122222222222
2019-01-14,0.1171687297297297
2019-01-15,0.1167297035040431
2019-01-16,0.1170809333333333
2019-01-17,0.1168770352691593
2019-01-18,0.1167937732836615
2019-01-21,0.1167910610079575
2019-01-22,0.1163737809752198
2019-01-23,0.1166602502662406
2019-01-24,0.1163656684491978
2019-01-25,0.1174204968944099
2019-01-28,0.1174494751009421
2019-01-29,0.1175889655172413
2019-01-30,0.1179481738203145
2019-01-31,0.1184820080321285
2019-02-01,0.1185522464352972
2019-02-04,0.1179746168324818
2019-02-05,0.1179161827956989
2019-02-06,0.1171577558635394
2019-02-07,0.1163873347435219
2019-02-08,0.115908428005284
2019-02-11,0.1145934845687153
2019-02-12,0.1155494867070281
2019-02-13,0.1155508372579801
2019-02-14,0.1157045787545787
2019-02-15,0.1155762040393578
2019-02-18,0.1161979896907216
2019-02-19,0.1167446906035141
2019-02-20,0.1166806654902949
2019-02-21,0.1158896281305337
2019-02-22,0.1162980112187659
2019-02-25,0.1161507593024149
2019-02-26,0.1166194237200926
2019-02-27,0.1170548943843379
2019-02-28,0.1169659003831417
2019-03-01,0.1164822406430545
2019-03-06,0.1153296196319018
2019-03-07,0.1143432235294117
2019-03-08,0.1141565533980582
2019-03-11,0.1153522276029055
2019-03-12,0.1158278795180722
2019-03-13,0.1164985194174757
2019-03-14,0.1165636987981358
2019-03-15,0.11708505
2019-03-18,0.11685245
2019-03-19,0.1173281975308642
2019-03-20,0.1173392166462668
2019-03-21,0.1180066260657734
2019-03-22,0.1167446889952153
2019-03-25,0.1171550142585551
2019-03-26,0.117155018761726
2019-03-27,0.1158963528607248
2019-03-28,0.1158426312170524
2019-03-29,0.1160658362168396
2019-04-01,0.1164008897213767
2019-04-03,0.1168360858409144
2019-04-04,0.1164063119096982
2019-04-05,0.1160833371272479
2019-04-08,0.1170946453089244
2019-04-09,0.1170110726643598
2019-04-10,0.117676121832132
2019-04-11,0.1171056140350877
2019-04-12,0.117673352299668
2019-04-15,0.1176885872176838
2019-04-16,0.1179273177636235
2019-04-17,0.1177190692124105
2019-04-22,0.1177662193973634
2019-04-23,0.1168524528301886
2019-04-24,0.1158748577929465
2019-04-25,0.1154041425389755
2019-04-26,0.1152325864694365
2019-04-29,0.1154481218274111
2019-04-30,0.1159783465458663
2019-05-02,0.1142191517857142
2019-05-03,0.1148316606660666
2019-05-06,0.1147144232922732
2019-05-07,0.1141917493933377
2019-05-08,0.1140432815964523
2019-05-09,0.1141109613259668
2019-05-10,0.1146447098214285
2019-05-13,0.1141721951219512
2019-05-14,0.1145553924838781
2019-05-15,0.1147302
2019-05-16,0.1143667336459031
2019-05-17,0.1138718666666666
2019-05-20,0.1137345872980748
2019-05-21,0.1140914228277864
2019-05-22,0.1143248997772828
2019-05-23,0.1141604568640496
2019-05-24,0.115074788041053
2019-05-27,0.1147947380156075
2019-05-28,0.1148765048109196
2019-05-29,0.114294848143982
2019-05-30,0.1140901234567901
2019-05-31,0.1142621983914209
2019-06-03,0.1149438377535101
2019-06-04,0.11516756877656
2019-06-05,0.1145698440979955
2019-06-06,0.1149240151346539
2019-06-07,0.1160644816053511
2019-06-10,0.1155761915367483
2019-06-11,0.1160052348993288
2019-06-12,0.1154934279825967
2019-06-13,0.1152923679963108
2019-06-14,0.1147302024107345
2019-06-18,0.1143340386384544
2019-06-19,0.1147657505773672
2019-06-21,0.1174425566721196
2019-06-24,0.1178605796418473
2019-06-25,0.117157739499764
2019-06-26,0.1177440205944301
2019-06-27,0.1173929274004683
2019-06-28,0.117274521347997
2019-07-01,0.1164347651640311
2019-07-02,0.1168865876777251
2019-07-03,0.1171056150368784
2019-07-04,0.1171481357552581
2019-07-05,0.1159541218637992
2019-07-10,0.1166343854615016
2019-07-11,0.1169850599520383
2019-07-12,0.1171056009615384
2019-07-15,0.1170891509433962
2019-07-16,0.1166235114861697
2019-07-17,0.1165759294117647
2019-07-18,0.1165786336866902
2019-07-19,0.1167324139556812
2019-07-22,0.1162750058892815
2019-07-23,0.1152206282231598
2019-07-24,0.1156938651737812
2019-07-25,0.1153043347936361
2019-07-26,0.1146578546712802
2019-07-29,0.114909491216062
2019-07-30,0.1143981333940359
2019-07-31,0.1137472196900638
2019-08-01,0.1125157348963029
2019-08-02,0.1121336170212766
2019-08-05,0.1119895361617938
2019-08-06,0.1122045033112582
2019-08-07,0.1113960956350076
2019-08-08,0.1121975895621406
2019-08-09,0.1127611933701657
2019-08-12,0.1121454905660377
2019-08-13,0.1126062544802867
2019-08-14,0.1116022185430463
2019-08-15,0.1107673013100436
2019-08-16,0.1111642181818181
2019-08-20,0.1113697351598173
2019-08-21,0.1116968920392584
2019-08-22,0.1114342530404792
2019-08-23,0.1115946872166817
2019-08-26,0.1111555615843733
2019-08-27,0.1108954706927175
2019-08-28,0.1106770051635111
2019-08-29,0.1099178756476684
2019-08-30,0.1095674172407998
2019-09-02,0.1098213035714285
2019-09-03,0.109852679528403
2019-09-04,0.1106941607142857
2019-09-05,0.1110925906088198
2019-09-06,0.1115050877821569
2019-09-09,0.1121063548732595
2019-09-10,0.1116943938582396
2019-09-11,0.1115187611249555
2019-09-12,0.1114429590017825
2019-09-13,0.1113325253965425
2019-09-16,0.1116806680881307
2019-09-17,0.1120146902654867
2019-09-18,0.111918152866242
2019-09-19,0.1115797419126745
2019-09-20,0.1105509793541556
2019-09-23,0.1104838018271257
2019-09-24,0.1110469491823457
2019-09-25,0.1104667134092901
2019-09-26,0.110166124803356
2019-09-27,0.1100969818562456
2019-09-30,0.1099347977079354
2019-10-01,0.1095770298403886
2019-10-02,0.1093948114839156
2019-10-03,0.1097622380045037
2019-10-04,0.1099831630001732
2019-10-07,0.1095362206085753
2019-10-08,0.1090964563526361
2019-10-09,0.1090084497327125
2019-10-10,0.1096587271472921
2019-10-11,0.1102936950904392
2019-10-15,0.1095674274927063
2019-10-16,0.109054809076575
2019-10-17,0.1089265248032373
2019-10-18,0.1090512425021422
2019-10-21,0.1094618697658519
2019-10-22,0.1094930434782608
2019-10-23,0.1094582881355932
2019-10-24,0.1093780656013456
2019-10-25,0.1087051008501416
2019-10-28,0.1085870588235294
2019-10-29,0.1082356482259963
2019-10-30,0.108325920964501
2019-10-31,0.1087381933970169
2019-11-01,0.1099589790794979
2019-11-04,0.1096070519262981
2019-11-05,0.108886202849958
2019-11-07,0.1096635402684563
2019-11-08,0.1093170924369748
2019-11-11,0.1094582819015846
2019-11-12,0.1092872194304857
2019-11-13,0.1088328700602813
2019-11-14,0.1090238948425987
2019-11-15,0.1101721970839617
2019-11-19,0.1095698274417825
2019-11-20,0.1092716892683743
2019-11-21,0.109417558528428
2019-11-22,0.1091655345491049
2019-11-25,0.1087322893987606
2019-11-26,0.1090488655321988
2019-11-27,0.1090571858792036
2019-11-28,0.1090429239766081
2019-11-29,0.1084492826159492
2019-12-02,0.109128603584827
2019-12-03,0.1089538089278264
2019-12-04,0.1090786072144288
2019-12-05,0.10951941318663
2019-12-06,0.1095182182182182
2019-12-09,0.1092764700975894
2019-12-10,0.1090036925647452
2019-12-11,0.109259750898604
2019-12-12,0.1098719886316141
2019-12-13,0.1104740370469439
2019-12-16,0.110944679428237
2019-12-17,0.1109545264565744
2019-12-18,0.1109323748223689
2019-12-19,0.1114777396974003
2019-12-20,0.111469046225863
2019-12-23,0.1117243373895649
2019-12-26,0.1127014526632158
2019-12-27,0.113291325422029
2019-12-30,0.1136518450492569
2019-12-31,0.1138679746201369
2020-01-02,0.1135563487419543
2020-01-03,0.1133786842765192
2020-01-06,0.1136673576861991
2020-01-07,0.1129471202875532
2020-01-08,0.1128146117194683
2020-01-09,0.112560628604865
2020-01-10,0.1125542998528821
2020-01-13,0.112455579649708
2020-01-14,0.1127828005328005
2020-01-15,0.1129432860717264
2020-01-16,0.1125783743226344
2020-01-17,0.1121981834847096
2020-01-20,0.1119720446220446
2020-01-21,0.1114131613976705
2020-01-22,0.1112966039620442
2020-01-23,0.1110555758988016
2020-01-24,0.1105265347556206
2020-01-27,0.1093314276217384
2020-01-28,0.1094906447324692
2020-01-29,0.109075029055288
2020-01-30,0.1085481659751037
2020-01-31,0.1086342336371168
2020-02-03,0.1077411939804861
2020-02-04,0.1085599372730274
2020-02-05,0.1085599438851295
2020-02-06,0.1083552644587246
2020-02-07,0.1075731490621915
2020-02-10,0.1075662042047951
2020-02-11,0.1081665603167591
2020-02-12,0.1083517450881118
2020-02-13,0.1080251836648259
2020-02-14,0.1080695422964903
2020-02-17,0.108106925683893
2020-02-18,0.1073445071518925
2020-02-19,0.1077354079930016
2020-02-20,0.107250093058635
2020-02-21,0.107745840003881
2020-02-26,0.1063920179097746
2020-02-27,0.1065700284845266
2020-02-28,0.1057943417457
2020-03-02,0.1074794969402014
2020-03-03,0.1080286796449951
2020-03-04,0.1078783495565996
2020-03-05,0.1076391483362437
2020-03-06,0.1080461907810499
2020-03-09,0.1050144250759635
2020-03-10,0.1039403729089776
2020-03-11,0.1036935535343864
2020-03-12,0.0981884143332431
2020-03-13,0.0988239876627609
2020-03-16,0.0973150747949681
2020-03-17,0.0955036800202598
2020-03-18,0.087603252802779
2020-03-19,0.088859651607421
2020-03-20,0.0850159322565469
2020-03-25,0.0929229820452771
2020-03-26,0.0958478568870759
2020-03-27,0.0960420903910944
2020-03-30,0.0944438567373466
2020-04-01,0.0957139270715492
2020-04-02,0.0957845179233621
2020-04-03,0.0941256046834078
2020-04-06,0.0959471764886905
2020-04-07,0.0974307427500038
2020-04-08,0.0971496163290362
2020-04-13,0.0970666411746711
2020-04-14,0.0970590992366412
2020-04-15,0.0953234276657675
2020-04-16,0.0952516884697292
2020-04-17,0.0968504099605223
2020-04-20,0.0963205516823279
2020-04-21,0.09414687547284
2020-04-22,0.0926363279480597
2020-04-23,0.0936969993968637
2020-04-24,0.0937277284359476
2020-04-27,0.0948568465353975
2020-04-28,0.0961556806243433
2020-04-29,0.0965782322097378
2020-04-30,0.0973273788150807
2020-05-04,0.0967089795308531
2020-05-05,0.0975229104477612
2020-05-06,0.097408912071535
2020-05-07,0.0977775115344545
2020-05-08,0.098109424706407
2020-05-11,0.0973387561229033
2020-05-12,0.0987585976875185
2020-05-13,0.0983593574178264
2020-05-14,0.0978473536369012
2020-05-15,0.0977220877011663
2020-05-18,0.0995113978177528
2020-05-19,0.1007353608247422
2020-05-20,0.1008654117647058
2020-05-21,0.100523718607725
2020-05-22,0.0998163244353182
2020-05-26,0.1011234802988135
2020-05-27,0.1012965915740199
2020-05-28,0.1026019722425127
2020-05-29,0.1026504231105923
2020-06-01,0.1039576570013113
2020-06-02,0.1047197060107699
2020-06-03,0.1058492224967301
2020-06-04,0.1071202757619738
2020-06-05,0.1076310334831135
2020-06-08,0.1079645338737695
2020-06-09,0.1078946508601995
2020-06-10,0.107168495524112
2020-06-11,0.1043329389698456
2020-06-12,0.1029643361683725
2020-06-16,0.1046462864530958
2020-06-17,0.1051458303430458
2020-06-18,0.1048382850587898
2020-06-19,0.1036881805157593
2020-06-22,0.1042698442189509
2020-06-23,0.1052520776809938
2020-06-24,0.1034425677603423
2020-06-25,0.1032972348916761
2020-06-26,0.1030853318142979
2020-06-29,0.1030800284090908
2020-06-30,0.1036720550667045
2020-07-01,0.105054154849688
2020-07-02,0.1048921649192405
2020-07-03,0.1055030294450736
2020-07-06,0.106499675232985
2020-07-07,0.1057686185974319
2020-07-08,0.1063456442063715
2020-07-13,0.1067395283548568
2020-07-14,0.1063558204768583
2020-07-15,0.1075106922645739
2020-07-16,0.1074333099971996
2020-07-17,0.107678553441522
2020-07-20,0.1082754953949204
2020-07-21,0.1100013106525376
2020-07-22,0.1093290470883254
2020-07-23,0.108552881403118
2020-07-24,0.1089431293463143
2020-07-27,0.1100424667036625
2020-07-28,0.1098587191571943
2020-07-29,0.1105057756232687
2020-07-30,0.1098780238029338
2020-07-31,0.110000110619469
2020-08-03,0.1095374103695532
2020-08-04,0.1099070139175968
2020-08-05,0.1115374277058661
2020-08-06,0.1114367537826685
2020-08-07,0.110372832211076
2020-08-10,0.1108241946538725
2020-08-11,0.1113560821917808
2020-08-12,0.1119169062286105
2020-08-13,0.1126303652031185
2020-08-14,0.1124834062329141
2020-08-18,0.1130773978201634
2020-08-19,0.1128553483941208
2020-08-20,0.1116482524139806
2020-08-21,0.110653737428649
2020-08-24,0.1110999999999999
2020-08-25,0.1114628370139547
2020-08-26,0.112315380449499
2020-08-27,0.1122510819583446
2020-08-28,0.1134417027027027
2020-08-31,0.1145672148827176
2020-09-01,0.1142517575757575
2020-09-02,0.1128591630785791
2020-09-03,0.1121692390427534
2020-09-04,0.1120762090274046
2020-09-07,0.1118593168117883
2020-09-08,0.1100303573818766
2020-09-09,0.1108413936070616
2020-09-10,0.1107517771245323
2020-09-11,0.1102766786810839
2020-09-14,0.1105962193823216
2020-09-15,0.1107260273972602
2020-09-16,0.1109114684385382
2020-09-17,0.1102705921402018
2020-09-18,0.1101115415229503
2020-09-21,0.1075176213784892
2020-09-22,0.106932425644415
2020-09-23,0.1058805995773903
2020-09-24,0.105470757455793
2020-09-25,0.1043264073829927
2020-09-28,0.1055252958190901
2020-09-29,0.1060310430898581
2020-09-30,0.107007941716986
2020-10-01,0.1073237770491803
2020-10-02,0.1072282521117608
2020-10-05,0.1083165433060641
2020-10-06,0.1078039180072651
2020-10-07,0.1075580988198677
2020-10-08,0.1079156010893528
2020-10-09,0.1092931950745301
2020-10-13,0.1081419992251065
2020-10-14,0.1083834537945276
2020-10-15,0.1067760036143023
2020-10-16,0.1068376031991744
2020-10-19,0.1073041892240268
2020-10-20,0.1079773558187435
2020-10-21,0.1087263665594855
2020-10-22,0.1080753842213114
2020-10-23,0.1080882375527966
2020-10-26,0.1081420010222335
2020-10-27,0.109461877394636
2020-10-28,0.1069335717022091
2020-10-29,0.1048316858237548
2020-10-30,0.1045849974463738
2020-11-02,0.1043068242470453
2020-11-03,0.1062496009122006
2020-11-04,0.107449462229533
2020-11-05,0.108808002528445
2020-11-09,0.1107321487082545
2020-11-10,0.1108905577237819
2020-11-11,0.1102815448484086
2020-11-12,0.1093517596782302
2020-11-13,0.1090512476489028
2020-11-16,0.1102049768663248
2020-11-17,0.1103569965017491
2020-11-18,0.1112532626325639
2020-11-19,0.1108155954160438
2020-11-20,0.1110087243310516
2020-11-24,0.1119645229244113
2020-11-25,0.1131746503280108
2020-11-26,0.1126278279144517
2020-11-27,0.1131119279634883
2020-11-30,0.1127662649120649
2020-12-01,0.1134378484587989
2020-12-02,0.1134056816787335
2020-12-03,0.1142321848945561
2020-12-04,0.113852418860992
2020-12-09,0.1132233544612384
2020-12-10,0.1139056008766589
2020-12-11,0.1133414183189393
2020-12-14,0.1146105518496058
2020-12-15,0.1147038894947291
2020-12-16,0.1149755628177196
2020-12-17,0.1167937734252206
2020-12-18,0.1163128802510864
2020-12-21,0.1155828863499699
2020-12-22,0.1146302582582582
2020-12-23,0.115653730806142
2020-12-28,0.1154201311084624
2020-12-29,0.1159500952154249
2020-12-30,0.1169125727866904
2020-12-31,0.1164442543077837
2021-01-04,0.1167283353010625
2021-01-05,0.1179746138427072
2021-01-06,0.1188566011070545
2021-01-07,0.1183740117647058
2021-01-08,0.1187352326127819
2021-01-11,0.1173984537893873
2021-01-12,0.1176346086346086
2021-01-13,0.1181125657510228
2021-01-14,0.1183039934609995
2021-01-15,0.1170206554700256
2021-01-18,0.1163291240706319
2021-01-19,0.1171687391253915
2021-01-20,0.1175792819918934
2021-01-21,0.1185620733541594
2021-01-22,0.1177218435947787
2021-01-25,0.1170343498273877
2021-01-26,0.1171001378993334
2021-01-27,0.1161076110664676
2021-01-28,0.1162628440366972
2021-01-29,0.1167201648917897
2021-02-01,0.1164090182648402
2021-02-02,0.1160092816419612
2021-02-03,0.1164727448747152
2021-02-04,0.1155868956887726
2021-02-05,0.1171920795454545
2021-02-08,0.1174922422592718
2021-02-09,0.1182019147971901
2021-02-10,0.1184749886826618
2021-02-11,0.1179801808931599
2021-02-12,0.1182466342895866
2021-02-17,0.1176318304474927
2021-02-18,0.1180052436559622
2021-02-19,0.1181739735247924
2021-02-22,0.1180289164709828
2021-02-23,0.1176581369373394
2021-02-24,0.1188001226583407
2021-02-25,0.1184609582172701
2021-02-26,0.1155174571364952
2021-03-01,0.1166575313575313
2021-03-02,0.117976006655574
2021-03-03,0.117949562229857
2021-03-04,0.116897541255953
2021-03-05,0.1170960163771163
2021-03-08,0.1173640057414154
2021-03-09,0.1178272667107875
2021-03-10,0.118351598324515
2021-03-11,0.1188043511786737
2021-03-12,0.1186732305998899
2021-03-15,0.118098616296947
2021-03-16,0.1180135959618128
2021-03-17,0.1181111622807017
2021-03-18,0.1181893428258488
2021-03-19,0.1174080998248686
2021-03-22,0.1179231407666266
2021-03-23,0.1162142077695329
2021-03-25,0.1155708619374523
2021-03-26,0.1164469729965156
2021-03-29,0.117160493961484
2021-03-30,0.1169344497607655
2021-03-31,0.1170932717391304
2021-04-05,0.1175696010407632
2021-04-06,0.1175944841785869
2021-04-07,0.1182368569262428
2021-04-08,0.1179412210435159
2021-04-09,0.1176387602769364
2021-04-12,0.1178244869302225
2021-04-13,0.1178022781256748
2021-04-14,0.1190717168447178
2021-04-15,0.119213664797239
2021-04-16,0.119552871457817
2021-04-19,0.1203992466637968
2021-04-20,0.1196658922232978
2021-04-21,0.119865269267978
2021-04-22,0.1192819275813903
2021-04-23,0.1205225837628865
2021-04-26,0.1207146349308459
2021-04-27,0.1208298617807778
2021-04-28,0.121384267979452
2021-04-29,0.1217908128342246
2021-04-30,0.1203181167165455
2021-05-03,0.1207073449343439
2021-05-04,0.1199098281933625
2021-05-05,0.1195771733333333
2021-05-06,0.1202457831325301
2021-05-07,0.1216204688332445
2021-05-10,0.1213562759501756
2021-05-11,0.1211313677488025
2021-05-12,0.119999042349436
2021-05-13,0.1192990001063716
2021-05-14,0.1213621650361548
2021-05-17,0.1210771061298204
2021-05-18,0.1218115866610025
2021-05-19,0.1206651061571125
2021-05-20,0.1201749787775891
2021-05-21,0.1191227750079558
2021-05-26,0.1194300804403048
2021-05-27,0.1198322331534962
2021-05-28,0.1196315355329949
2021-05-31,0.1201966430908898
2021-06-01,0.1202587986910165
2021-06-02,0.1204558088002532
2021-06-03,0.1192420947157472
2021-06-04,0.1202110900274088
2021-06-07,0.1211152242577384
2021-06-08,0.1209511630354699
2021-06-09,0.1208999789584429
2021-06-10,0.1209145936284302
2021-06-11,0.1197834331966782
2021-06-14,0.1201359895013123
2021-06-15,0.1199644910807974
2021-06-16,0.1186647885846186
2021-06-17,0.1171454021180664
2021-06-18,0.1154041417636573
2021-06-22,0.1170686040423081
2021-06-23,0.1172704176698419
2021-06-24,0.1176373731030874
2021-06-25,0.1176830543933054
2021-06-28,0.1172566621381544
2021-06-29,0.1167883188799498
2021-06-30,0.1160712181362306
2021-07-01,0.1159258980785296
2021-07-02,0.1163968159515607
2021-07-05,0.1167801418439716
2021-07-06,0.1150549369200292
2021-07-07,0.11439684177611
2021-07-08,0.1136337847692468
2021-07-12,0.114939889686752
2021-07-13,0.1138783499791926
2021-07-14,0.1143092242096505
2021-07-15,0.1131144936577251
2021-07-16,0.112973924340054
2021-07-19,0.1115784965216488
2021-07-20,0.1108450799252646
2021-07-21,0.1126138854296388
2021-07-22,0.1128146146665283
2021-07-23,0.1127866210329807
2021-07-26,0.1132708100269318
2021-07-27,0.1127014497255876
2021-07-28,0.1126100714211779
2021-07-29,0.11458559602649
2021-07-30,0.1132682387010032
2021-08-02,0.1132541274925095
2021-08-03,0.1134558619977275
2021-08-04,0.1131785087266343
2021-08-05,0.1135138197956445
2021-08-06,0.1125657069143446
2021-08-09,0.111856824742268
2021-08-10,0.1120649077604864
2021-08-11,0.1129012262984336
2021-08-12,0.1130850726280004
2021-08-13,0.1137811759859952
2021-08-17,0.1123721748071979
2021-08-18,0.1123355681233933
2021-08-19,0.1106427220394736
2021-08-20,0.1107149933203165
2021-08-23,0.1122926796714579
2021-08-24,0.1131093791688045
2021-08-25,0.1135344378334017
2021-08-26,0.1132631087870398
2021-08-27,0.1146460332103321
2021-08-30,0.1153948214102957
2021-08-31,0.115048322078985
2021-09-01,0.115167570055226
2021-09-02,0.115525462537054
2021-09-03,0.115712620069487
2021-09-06,0.1154148034711587
2021-09-07,0.1152923767731401
2021-09-08,0.1147183654729109
2021-09-09,0.1153203059663437
2021-09-10,0.1155334794576409
2021-09-13,0.115679152663204
2021-09-14,0.1158950005091131
2021-09-15,0.1166031145038167
2021-09-16,0.1157286876907426
2021-09-17,0.1148580317202114
2021-09-20,0.1145252386756043
2021-09-21,0.1152405605768254
2021-09-22,0.115943374961925
2021-09-23,0.1168429064339354
2021-09-24,0.1162533887987013
2021-09-27,0.1162817702524586
2021-09-28,0.1153256233529292
2021-09-29,0.1139860919773095
2021-09-30,0.1142948551752076
2021-10-01,0.1160510173094442
2021-10-04,0.1166099130082945
2021-10-05,0.1172882900192132
2021-10-06,0.1165487565709664
2021-10-07,0.1166466444309682
2021-10-12,0.1168115147845393
2021-10-13,0.1175958736884584
2021-10-14,0.1181935256151674
2021-10-15,0.1186535188546077
2021-10-18,0.1187493301098015
2021-10-19,0.1197848655724499
2021-10-20,0.1201793054856567
2021-10-21,0.1195843212237093
2021-10-22,0.1194985813462118
2021-10-25,0.1197260655408122
2021-10-26,0.1195786058658095
2021-10-27,0.1191383943803311
2021-10-28,0.120037927575484
2021-10-29,0.11833059566787
2021-11-01,0.1188947500250475
2021-11-02,0.1174467053875425
2021-11-03,0.117358492643379
2021-11-04,0.1167937775110044
2021-11-05,0.1167719531719031
2021-11-08,0.1175212430055955
2021-11-09,0.1173943162521226
2021-11-10,0.1160388916625062
2021-11-11,0.1152511929719476
2021-11-12,0.1150602374775494
2021-11-15,0.1147249426548319
2021-11-16,0.1145645926812244
2021-11-17,0.1142844045839561
2021-11-18,0.1135176874813265
2021-11-19,0.1125023890105514
2021-11-23,0.1120912896490007
2021-11-24,0.1113858676207513
2021-11-25,0.1115585816448152
2021-11-26,0.110109117063492
2021-11-29,0.1106463938973647
2021-11-30,0.1101151842313787
2021-12-01,0.110163702970297
2021-12-02,0.1098454500494559
2021-12-03,0.108943139580862
2021-12-06,0.1098623420221169
2021-12-07,0.1105986689015973
2021-12-09,0.1112743155406736
2021-12-10,0.1117493254554406
2021-12-13,0.1104057423795476
2021-12-14,0.1098116722342306
2021-12-15,0.1101770575525437
2021-12-16,0.1111605201177625
2021-12-17,0.1109902529907825
2021-12-20,0.1103204836972486
2021-12-21,0.1116844287949921
2021-12-22,0.1126050068452963
2021-12-23,0.113329853372434
2021-12-27,0.113087634094012
2021-12-28,0.1134970765932566
2021-12-29,0.1138602064666926
2021-12-30,0.1135434676791277
2021-12-31,0.1135460475077881
2022-01-03,0.1125859902912621
2022-01-04,0.1129803084683286
2022-01-05,0.1135976342834981
2022-01-06,0.1124163889965129
2022-01-07,0.1130237219209914
2022-01-10,0.1126455897980871
2022-01-11,0.1137682309772112
2022-01-12,0.1152671296296296
2022-01-13,0.1150377276669557
2022-01-14,0.1139601117103235
2022-01-17,0.1147262632084534
2022-01-18,0.1133915426706345
2022-01-19,0.1140927379125096
2022-01-20,0.1140510976895791
2022-01-21,0.112468228867165
2022-01-24,0.111000114799579
2022-01-25,0.1117468266105907
2022-01-26,0.1127116141356255
2022-01-27,0.1114603512455855
2022-01-28,0.1111407478061808
2022-01-31,0.1122699866692058
2022-02-01,0.1129190734398782
2022-02-02,0.1136957984790874
2022-02-03,0.1144832779413161
2022-02-04,0.1138900294089744
2022-02-07,0.1135176854655563
2022-02-08,0.1133260064260064
2022-02-09,0.1135653886108225
2022-02-10,0.1141982737477596
2022-02-11,0.1135602260951483
2022-02-14,0.1125302463332079
2022-02-15,0.1123229548229548
2022-02-16,0.1126316382060424
2022-02-17,0.1121289959688759
2022-02-18,0.1111135793219704
2022-02-21,0.1112235706278026
2022-02-22,0.112518845041515
2022-02-23,0.1126100764354959
2022-02-24,0.1108672005960141
2022-02-25,0.1127688134015821
2022-03-02,0.112697646622811
2022-03-03,0.1120937980190687
2022-03-04,0.1118055488763525
2022-03-07,0.1104789284396901
2022-03-08,0.1118530674281503
2022-03-09,0.1123065513433934
2022-03-10,0.1114144065459225
2022-03-11,0.1111741091109478
2022-03-14,0.1107615934065934
2022-03-15,0.1110062751555067
2022-03-16,0.1117393382688968
2022-03-17,0.1139666057894256
2022-03-18,0.1143249134001823
2022-03-21,0.114223051741384
2022-03-22,0.1139081857000091
2022-03-23,0.1151185151570157
2022-03-25,0.1160523645587968
2022-03-28,0.1146644380195157
2022-03-29,0.1151649160801299
2022-03-30,0.1166221570926143
2022-03-31,0.11395751734078
2022-04-01,0.1141500359971202
2022-04-04,0.1146026709688984
2022-04-05,0.1144361145926589
2022-04-06,0.1136311991415541
2022-04-07,0.1135267035813164
2022-04-08,0.1149398894436519
2022-04-11,0.113399253863919
2022-04-12,0.1139328485278467
2022-04-13,0.114012082853855
2022-04-18,0.1129637155680718
2022-04-19,0.1132772191949375
2022-04-20,0.1136260354510354
2022-04-21,0.1126570163905688
2022-04-22,0.1116208439114068
2022-04-25,0.109384059993024
2022-04-26,0.1083658424031345
2022-04-27,0.1073468184979137
2022-04-28,0.1063976905712797
2022-04-29,0.1071053681380626
2022-05-02,0.1054830035427287
2022-05-03,0.1064067489427807
2022-05-04,0.1064509222547836
2022-05-05,0.1051945075757575
2022-05-06,0.10537407566638
2022-05-09,0.1035936616702355
2022-05-10,0.1029261951594971
2022-05-11,0.1024968226853433
2022-05-12,0.101068289978678
2022-05-13,0.1020127139572511
2022-05-16,0.1021826234515526
2022-05-17,0.1033410180401456
2022-05-19,0.1034382879837755
2022-05-20,0.1023153950033761
2022-05-23,0.104154733479065
2022-05-24,0.1044081101502812
2022-05-26,0.1047526254082572
2022-05-27,0.1053785194479297
2022-05-30,0.1064713273893842
2022-05-31,0.1067452329450915
2022-06-01,0.1057630236037234
2022-06-02,0.1066098040843433
2022-06-03,0.1058458650977792
2022-06-06,0.1062146148129799
2022-06-07,0.1054774424931981
2022-06-08,0.1057216550020584
2022-06-09,0.10458172175629
2022-06-10,0.1031406355201576
2022-06-13,0.1011818070318888
2022-06-14,0.099803387755102
2022-06-15,0.1000350122249388
2022-06-16,0.1006735030914415
2022-06-21,0.1014291339856068
2022-06-22,0.1011204117884537
2022-06-23,0.1000230056406124
2022-06-24,0.1012442933032839
2022-06-27,0.1020949883730254
2022-06-28,0.1018744934732121
2022-06-29,0.1012976247600767
2022-06-30,0.1016260161303202
2022-07-01,0.1006086807493025
2022-07-04,0.1015238745533942
2022-07-05,0.0990658082408874
2022-07-06,0.0986465701400427
2022-07-07,0.0991276785714285
2022-07-08,0.0989707018927444
2022-07-11,0.0983303494307027
2022-07-12,0.0979326436241084
2022-07-13,0.0981874589266155
2022-07-14,0.0974715859375
2022-07-15,0.0982733411306042
2022-07-18,0.0991748661857109
2022-07-19,0.1008918847762118
2022-07-20,0.1000159993816664
2022-07-21,0.1001371893810773
2022-07-22,0.1007079774934484
2022-07-25,0.1016280828220859
2022-07-26,0.1010284664830119
2022-07-27,0.1016756168359941
2022-07-28,0.1024348764490542
2022-07-29,0.1033153881313323
2022-08-01,0.1037775039805899
2022-08-02,0.1024737140695915
2022-08-03,0.1029081860746111
2022-08-04,0.1027812575392038
2022-08-05,0.1020283241778915
2022-08-08,0.1028256494721868
2022-08-09,0.10276964512514
2022-08-10,0.1052698097724729
2022-08-11,0.105110471438147
2022-08-12,0.1044626420982242
2022-08-16,0.1033634449124362
2022-08-17,0.1029166605179665
2022-08-18,0.1025904050073637
2022-08-19,0.1019815010648454
2022-08-22,0.1014775102459016
2022-08-23,0.1028446805403432
2022-08-24,0.1031246810061975
2022-08-25,0.1033784061135371
2022-08-26,0.102637792302106
2022-08-29,0.1026957634470792
2022-08-30,0.1018589249639249
2022-08-31,0.1006329849347653
2022-09-01,0.099417413507876
2022-09-05,0.1003915240946678
2022-09-06,0.099706858281161
2022-09-07,0.0999800071022727
2022-09-08,0.0995956429330499
2022-09-09,0.100815596265384
2022-09-12,0.1015960711273545
2022-09-13,0.0992053654088932
2022-09-14,0.0990314739641657
2022-09-15,0.0983796857541899
2022-09-16,0.0976877299331103
2022-09-19,0.0975219643970354
2022-09-20,0.0965810287610619
2022-09-21,0.096495292980882
2022-09-22,0.0961399765775695
2022-09-23,0.0941504331683168
2022-09-26,0.0921115684397648
2022-09-27,0.0923872893497987
2022-09-28,0.0936180580144355
2022-09-29,0.0929635887672536
2022-09-30,0.0919159856095574
2022-10-03,0.0934876475747149
2022-10-04,0.0954116562352782
2022-10-05,0.0948253761418592
2022-10-06,0.0935996581769437
2022-10-11,0.0936715508660163
2022-10-12,0.0928057004766949
2022-10-13,0.0948397686715135
2022-10-14,0.0936241954629385
2022-10-17,0.0950308393442622
2022-10-18,0.0947113205077869
2022-10-19,0.0940742590416503
2022-10-20,0.0938958308904957
2022-10-21,0.0948136939983093
2022-10-24,0.0950281310585498
2022-10-25,0.0963381867423265
2022-10-26,0.097560023167514
2022-10-27,0.0974886890615967
2022-10-28,0.0965409370593513
2022-10-31,0.0961973169332738
2022-11-01,0.0966613173957273
2022-11-02,0.0970675888324873
2022-11-03,0.0946046922492401
2022-11-04,0.0973880528177912
2022-11-07,0.0978243835100709
2022-11-08,0.0981229102748732
2022-11-09,0.0966211598550181
2022-11-10,0.0985202256998566
2022-11-11,0.100885774735532
2022-11-14,0.0998253059710718
2022-11-15,0.1004974648408586
2022-11-16,0.0997984058595433
2022-11-17,0.0986212741122988
2022-11-18,0.0980574825346243
2022-11-22,0.0987742143334751
2022-11-23,0.1002214875030332
2022-11-24,0.1009254887718661
2022-11-25,0.101298647261308
2022-11-28,0.1000970948379351
2022-11-29,0.0999210649257307
2022-11-30,0.1005227164036346
2022-12-01,0.1026746780348199
2022-12-02,0.102189928014754
2022-12-05,0.1006228541026247
2022-12-06,0.0997247625228626
2022-12-07,0.0999580164802825
2022-12-12,0.1001141273268366
2022-12-13,0.1020283219835865
2022-12-14,0.1025293984306887
2022-12-15,0.1010846394802482
2022-12-16,0.100956050955414
2022-12-19,0.1011603110599078
2022-12-20,0.1011112114068878
2022-12-21,0.1016043321092494
2022-12-22,0.1010744227353463
2022-12-23,0.1014023964767787
2022-12-26,0.1014703067205372
2022-12-27,0.1017904970178926
2022-12-28,0.1012494160997732
2022-12-29,0.1014322208394614
2022-12-30,0.1018454391510498
2023-01-02,0.101263772102161
2023-01-03,0.0993009194886745
2023-01-04,0.0992368689130191
2023-01-05,0.0973368615178272
2023-01-06,0.0998033863319386
2023-01-09,0.1012350658004331
2023-01-10,0.1000940902539084
2023-01-11,0.099994000110699
2023-01-12,0.1010519533624357
2023-01-13,0.1013407403321012
2023-01-16,0.1008755982436882
2023-01-17,0.1011930681133212
2023-01-18,0.1008623707674634
2023-01-19,0.1008542351591939
2023-01-20,0.1012309675660943
2023-01-23,0.1018859087704073
2023-01-24,0.1014353078130922
2023-01-25,0.1007231908339188
2023-01-26,0.101014180876322
2023-01-27,0.1012176499111039
2023-01-30,0.1004308479845626
2023-01-31,0.099989
2023-02-01,0.0999210635912221
2023-02-02,0.0996760516073999
2023-02-03,0.0980190352090203
2023-02-06,0.0964980857701866
2023-02-07,0.0972223564795272
2023-02-08,0.0970713563339478
2023-02-09,0.0984513590242363
2023-02-10,0.098320681329064
2023-02-13,0.0989520949647795
2023-02-14,0.0986757695713318
2023-02-15,0.097674373635513
2023-02-16,0.0977450241145049
2023-02-17,0.0970092085511672
2023-02-22,0.0968701256732495
2023-02-23,0.0967726332497056
2023-02-24,0.0961889922322158
2023-02-27,0.0966846806564707
2023-02-28,0.0967773167638853
2023-03-01,0.0962565824770967
2023-03-02,0.0955484004649517
2023-03-03,0.096097483356869
2023-03-06,0.0959858733821611
2023-03-07,0.0937699268830128
2023-03-08,0.0937163190797699
2023-03-09,0.0939796616091035
2023-03-10,0.0944144422856573
2023-03-13,0.0947867284256415
2023-03-14,0.0948658583659128
2023-03-15,0.0927162124802527
2023-03-16,0.0927764265300088
2023-03-17,0.0935339972459919
2023-03-20,0.0938667481543049
2023-03-21,0.0947418300653594
2023-03-22,0.0958056285909046
2023-03-23,0.0966547769462532
2023-03-27,0.0954335068942242
2023-03-28,0.0963808987682832
2023-03-29,0.0959435093614978
2023-03-30,0.0960587132652572
2023-03-31,0.0954335055738959
2023-04-03,0.0969386747159766
2023-04-04,0.0969621738305342
2023-04-05,0.095691033046113
2023-04-10,0.0950245184872768
2023-04-11,0.0946664904565868
2023-04-12,0.095843278566094
2023-04-13,0.097197787404509
2023-04-14,0.0962575081357508
2023-04-17,0.0953125288843701
2023-04-18,0.0955064211302664
2023-04-19,0.0946234918153393
2023-04-20,0.0944171154640121
2023-04-21,0.0944688509586784
2023-04-24,0.0948280777439716
2023-04-25,0.0935506180105944
2023-04-26,0.0939964480751004
2023-04-27,0.0940875405405405
2023-04-28,0.0938112717801329
2023-05-02,0.0925874471399955
2023-05-03,0.0932931571936056
2023-05-04,0.0936680416482055
2023-05-05,0.0945090254143646
2023-05-08,0.0953416077311662
2023-05-09,0.094720289410217
2023-05-10,0.0950326433260393
2023-05-11,0.0936066637554585
2023-05-12,0.0936163045375218
2023-05-15,0.0943182661465106
2023-05-16,0.0932148896581566
2023-05-17,0.0929419857543708
2023-05-18,0.0913909694097371
2023-05-19,0.0919844726100966
2023-05-22,0.0917911201194794
2023-05-23,0.0913692615450095
2023-05-24,0.0911161739130434
2023-05-29,0.0899677019937041
2023-05-30,0.0891496001674691
2023-05-31,0.0898706764091858
2023-06-01,0.0904870926118626
2023-06-02,0.090700481627569
2023-06-05,0.0906552577319587
2023-06-06,0.0901055128468653
2023-06-07,0.0905018316221765
2023-06-08,0.0917987032112906
2023-06-09,0.0929817391304348
2023-06-12,0.0925900202593192
2023-06-13,0.0938341562120598
2023-06-14,0.0940026330645161
2023-06-15,0.0953452466277431
2023-06-16,0.0947158067749047
2023-06-21,0.0938614611872146
2023-06-22,0.0940043982581156
2023-06-23,0.0923659525691699
2023-06-26,0.0932540062843676
2023-06-27,0.0927798707149853
2023-06-28,0.0928875982020715
2023-06-29,0.0925728766588602
2023-06-30,0.0932235800545383
2023-07-03,0.0933942264443582
2023-07-04,0.0940273799884326
2023-07-05,0.0937743236994219
2023-07-06,0.0928789708141321
2023-07-07,0.0941655057471264
2023-07-10,0.0952335619047619
2023-07-11,0.0965223024316109
2023-07-12,0.098864052262829
2023-07-13,0.1002034121429922
2023-07-14,0.0997595812110922
2023-07-17,0.0996899643861293
2023-07-18,0.0993759200448346
2023-07-19,0.0996194551222243
2023-07-20,0.0992014291030889
2023-07-21,0.0992555835962145
2023-07-24,0.0993818450184502
2023-07-25,0.0992250515463917
2023-07-26,0.0988298532110091
2023-07-27,0.0987556792383742
2023-07-28,0.0982019218122031
2023-07-31,0.0987469028156221
2023-08-01,0.0977612674271229
2023-08-02,0.0972601802451333
2023-08-03,0.0976867781373606
2023-08-04,0.0989618901020225
2023-08-07,0.098527990819209
2023-08-08,0.0974079732582688
2023-08-09,0.0979834999123268
2023-08-10,0.0970760691823899
2023-08-11,0.0958423594919088
2023-08-14,0.0955831061580225
2023-08-15,0.0951158028571428
2023-08-16,0.0943734533504786
2023-08-17,0.094338731247321
2023-08-18,0.0941158765537934
2023-08-22,0.0940680668666952
2023-08-23,0.0943431833119017
2023-08-24,0.0934937685714285
2023-08-25,0.0934483376178234
2023-08-28,0.0931896956708101
2023-08-29,0.0943111514285714
2023-08-30,0.0943351742857142
2023-08-31,0.0940432971428571
2023-09-01,0.0937049043130534
2023-09-04,0.0939134685714285
2023-09-05,0.0933070828571428
2023-09-06,0.0933210142857142
2023-09-07,0.0933654522074582
2023-09-08,0.0937453121874553
2023-09-11,0.0938993599085583
2023-09-12,0.0935716302328904
2023-09-13,0.0934701728324525
2023-09-14,0.0929679085714285
2023-09-15,0.0928841457142857
2023-09-18,0.09247272
2023-09-19,0.0929005400771538
2023-09-20,0.0931220079977149
2023-09-21,0.0928574085714285
2023-09-22,0.0930128724467933
2023-09-25,0.0926689587201828
2023-09-26,0.0924598942857142
2023-09-27,0.09286862
2023-09-28,0.0931332838165976
2023-09-29,0.0935593741963137
2023-10-02,0.0921803428081702
2023-10-03,0.091109532923868
2023-10-04,0.0908141485714285
2023-10-05,0.0912367142857142
2023-10-06,0.0916371893744644
2023-10-09,0.0926054555841188
2023-10-10,0.0924804170237075
2023-10-11,0.0920234104541559
2023-10-12,0.091034884983569
2023-10-17,0.0911552099400171
2023-10-18,0.0906018680377035
2023-10-19,0.0909322360337191
2023-10-20,0.0904731733104729
2023-10-23,0.0903562737533933
2023-10-24,0.0895022774682097
2023-10-25,0.0893511311053984
2023-10-26,0.0891289441348764
2023-10-27,0.0895527732533219
2023-10-30,0.0896442920417202
2023-10-31,0.0894966714285714
2023-11-01,0.0891686812401771
2023-11-02,0.08963706083976
2023-11-03,0.0905903770351328
2023-11-07,0.0891138514285714
2023-11-08,0.0893774853550507
2023-11-09,0.0896973624803543
2023-11-10,0.0898375739391341
2023-11-13,0.0902877468209744
2023-11-14,0.0918417023707512
2023-11-15,0.0927514718798696
2023-11-16,0.0915675456217286
2023-11-17,0.0924154626359655
2023-11-21,0.093845604719764
2023-11-22,0.0928203450694346
2023-11-23,0.0928850091049166
2023-11-24,0.0935025111856823
2023-11-27,0.0936285766016713
2023-11-28,0.0941167621696801
2023-11-29,0.0939249361111111
2023-11-30,0.0927273897364771
2023-12-01,0.0938420825256161
2023-12-04,0.0922458159746172
2023-12-05,0.091634670889562
2023-12-06,0.0913008551003574
2023-12-07,0.0920327272727272
2023-12-11,0.0911286268615931
2023-12-12,0.0910506344658207
2023-12-13,0.0914645302831426
2023-12-14,0.0954726858213616
2023-12-15,0.0957698464611159
2023-12-18,0.0961936182407176
2023-12-19,0.0973160244039096
2023-12-20,0.0968917133258678
2023-12-21,0.0969706379010196
2023-12-22,0.0978387424666045
2023-12-26,0.0981402429199975
2023-12-27,0.0990982065890512
2023-12-28,0.0981913162943251
2023-12-29,0.0987956806234151
2024-01-02,0.0967904292586653
2024-01-03,0.0964971532486746
2024-01-04,0.0970261488234569
2024-01-05,0.0970402721004678
2024-01-08,0.0964134209879577
2024-01-09,0.0966295604125736
2024-01-10,0.0965894269235489
2024-01-11,0.0965968910963944
2024-01-12,0.0971071776960784
2024-01-15,0.096499947407045
2024-01-16,0.0954344175528664
2024-01-17,0.0949667615440996
2024-01-18,0.0948253796386718
2024-01-19,0.0952562388678785
2024-01-22,0.0953098039931823
2024-01-23,0.0948838617836719
2024-01-24,0.0958276629377432
2024-01-25,0.0955730558930741
2024-01-26,0.095938905889496
2024-01-29,0.0955109840038778
2024-01-30,0.0957276734891607
2024-01-31,0.0956187487899322
2024-02-01,0.0957716797678074
2024-02-02,0.0940424126677142
2024-02-05,0.0935541206272617
2024-02-06,0.0943040361663652
2024-02-07,0.0945242122380149
2024-02-08,0.0941788080905369
2024-02-09,0.094717598941417
2024-02-14,0.0944867010432905
2024-02-15,0.0948038034751348
2024-02-16,0.0952108922155688
2024-02-19,0.0952344675510935
2024-02-20,0.0953616113234591
2024-02-21,0.0952517030671917
2024-02-22,0.0952190516521531
2024-02-23,0.0949658600548337
2024-02-26,0.0950543231025458
2024-02-27,0.0949162834383545
2024-02-28,0.0944322727812759
2024-02-29,0.0941344799335074
2024-03-01,0.0950678789317507
2024-03-04,0.0947238803317535
2024-03-05,0.0946871065088757
2024-03-06,0.0953488811354228
2024-03-07,0.096007988179669
2024-03-08,0.0959683685764914
2024-03-11,0.0955173702830188
2024-03-12,0.094913581614614
2024-03-13,0.0955456609770453
2024-03-14,0.094679934117647
2024-03-15,0.094082228101117
2024-03-18,0.0938200715542522
2024-03-19,0.0939108218053927
2024-03-20,0.0940247280187573
2024-03-21,0.0937145644028103
2024-03-22,0.0930111421884142
2024-03-25,0.0933855046728971
2024-03-26,0.0929851967308814
2024-03-27,0.0926166037296037
2024-04-03,0.0932992485481997
2024-04-04,0.093503384793964
2024-04-05,0.0932201020289855
2024-04-08,0.0935707534722222
2024-04-09,0.0935593730480046
2024-04-10,0.0923591294797687
2024-04-11,0.092296048526863
2024-04-12,0.0917490109636468
2024-04-15,0.0913166958525345
2024-04-16,0.0909901554404145
2024-04-17,0.0909206624496837
2024-04-18,0.0904846356321839
2024-04-19,0.090711998852553
2024-04-22,0.0908537522935779
2024-04-23,0.0916287931232091
2024-04-24,0.0910630698739977
2024-04-25,0.0911527173913043
2024-04-26,0.0906626537142857
2024-04-29,0.0910216269252709
2024-04-30,0.0902616691386195
2024-05-02,0.0908950432801822
2024-05-03,0.0921005372794536
2024-05-06,0.0923633943181818
2024-05-07,0.0915868336172629
2024-05-08,0.0916313125354509
2024-05-09,0.092006477324263
2024-05-10,0.0921854402266288
2024-05-13,0.0924342556561086
2024-05-14,0.0924043615819209
2024-05-15,0.0937057820440429
2024-05-16,0.0935138769751693
2024-05-17,0.0936329588268471
2024-05-20,0.0935287462014631
2024-05-21,0.0937593757030371
2024-05-22,0.0935891433389544
2024-05-23,0.0936215629213483
2024-05-24,0.094558177428411
2024-05-27,0.0952507957470621
2024-05-28,0.0952226782316732
2024-05-29,0.0944849155008394
2024-05-30,0.0949388120805369
2024-05-31,0.0952444444444444
2024-06-03,0.0954262207357859
2024-06-04,0.0946826243032329
2024-06-05,0.0944750962715637
2024-06-06,0.0947759498886414
2024-06-07,0.0933942269187986
2024-06-10,0.0938420820399113
2024-06-11,0.093384633037694
2024-06-12,0.0949902163061564
2024-06-13,0.0938923059866962
2024-06-14,0.0935908954067515
2024-06-18,0.0943752364640884
2024-06-19,0.0946315515151515
2024-06-24,0.0948172867363786
2024-06-25,0.0942826974697469
2024-06-26,0.0936882239297475
2024-06-27,0.0937013922106417
2024-06-28,0.0936803256578947
2024-07-01,0.0937180776805251
2024-07-02,0.0935760076544559
2024-07-03,0.0946880032786885
2024-07-04,0.0946073799126637
2024-07-05,0.0947391361655773
2024-07-08,0.0943957256396298
2024-07-10,0.0932766209896683
2024-07-11,0.0931844869565217
2024-07-12,0.0932801020075963
2024-07-15,0.0925223445287107
2024-07-16,0.0924829832160259
2024-07-17,0.0931003344155844
2024-07-18,0.0926784062668827
2024-07-19,0.091463693800539
2024-07-22,0.0912258931462493
2024-07-23,0.0907473959007551
2024-07-24,0.0907169364224138
2024-07-25,0.0908124989247311
2024-07-26,0.090804253354804
2024-07-29,0.0909016534334764
2024-07-30,0.0912092525469168
2024-07-31,0.0914544924892703
2024-08-01,0.0913826195069667
2024-08-02,0.0911610267379679
2024-08-05,0.0905616632816675
2024-08-06,0.0917911201281366
2024-08-07,0.0925060822210357
2024-08-08,0.0922058399146211
2024-08-09,0.092449637912673
2024-08-12,0.0925883065460351
2024-08-13,0.093085601275917
2024-08-14,0.0933497630180659
2024-08-15,0.0930232554434413
2024-08-16,0.0935086313559322
2024-08-19,0.0947750519067796
2024-08-20,0.0952081725780836
2024-08-21,0.0953088962962963
2024-08-22,0.0942782526427061
2024-08-23,0.0955064227727991
2024-08-26,0.0948946670173592
2024-08-27,0.0955018621052631
2024-08-28,0.0950200021063717
2024-08-29,0.0952553322818086
2024-08-30,0.0940636434189827
2024-09-02,0.0944402990556138
2024-09-03,0.0933279821709491
2024-09-04,0.0937919130434782
2024-09-05,0.0940459507595599
2024-09-06,0.0932809718162839
2024-09-09,0.0923676598852373
2024-09-10,0.0922075407098121
2024-09-11,0.0920869671361502
2024-09-12,0.0931159385736595
2024-09-13,0.0937919137214137
2024-09-16,0.0942489303534303
2024-09-17,0.094292476091476
2024-09-18,0.0950407721847431
2024-09-19,0.0953879906590555
2024-09-20,0.0953061708959088
2024-09-23,0.0954152950310559
2024-09-24,0.0959646849456802
2024-09-25,0.0946109597523219
2024-09-26,0.0949577439339184
2024-09-27,0.0951447628865979
2024-09-30,0.0949730747037609
2024-10-01,0.0942018743563336
2024-10-02,0.0945751682964488
2024-10-03,0.0942027615621788
2024-10-04,0.0938376798358132
2024-10-07,0.0939593531522296
2024-10-08,0.0933210148641722
2024-10-09,0.0927308299180327
2024-10-10,0.0930362379979571
2024-10-14,0.0927050408163265
2024-10-15,0.0922687975522692
2024-10-16,0.0914929826707441
2024-10-17,0.091506377992868
2024-10-18,0.0915382082275266
2024-10-21,0.0913025213414634
2024-10-22,0.091637190452006
2024-10-23,0.0908265215626585
2024-10-24,0.0913433874239351
2024-10-25,0.0911992702429149
2024-10-28,0.090962014162873
2024-10-29,0.0911759878665318
2024-10-30,0.0912841858585858
2024-10-31,0.0907119979838709
2024-11-01,0.0904674451158106
2024-11-04,0.0909868429003021
2024-11-05,0.0912533645047762
2024-11-07,0.0921888391959799
2024-11-08,0.0907358676028084
2024-11-11,0.0905452635270541
2024-11-12,0.0901550665998998
2024-11-13,0.0898496816816816
2024-11-14,0.0900973956978489
2024-11-15,0.0902445625935162
2024-11-19,0.0909504317048853
2024-11-20,0.0903938455406078
2024-11-21,0.0903628069651741
2024-11-22,0.0902730764647467
2024-11-25,0.0900195342601787
2024-11-26,0.0893830783730158
2024-11-27,0.0904306306395637
2024-11-28,0.0904985569871159
2024-11-29,0.0905994058329214
2024-12-02,0.0899337185185185
2024-12-03,0.0906445738271605
2024-12-04,0.0907045932872655
2024-12-05,0.0904461706956092
2024-12-06,0.089535133431807
2024-12-09,0.0900641259222823
2024-12-10,0.0895503677482792
2024-12-11,0.0896129611793611
2024-12-12,0.0898601776251226
2024-12-13,0.0896338461538461
2024-12-16,0.0896724264058679
2024-12-17,0.089322400391581
2024-12-18,0.0889584743276283
2024-12-19,0.0873766901270772
2024-12-20,0.0882184292682926
2024-12-23,0.0879584832280019
2024-12-26,0.0878387285089849
2024-12-27,0.0879461066408143
2024-12-30,0.0881445571705426
2024-12-31,0.0878202141472868
2025-01-02,0.0878796397094431
2025-01-03,0.0879646731047803
2025-01-06,0.0885998561081603
2025-01-07,0.0883150376447876
2025-01-08,0.0876140077182826
2025-01-09,0.0877739643373494
2025-01-10,0.0872470928330928
2025-01-13,0.0872714576923077
2025-01-14,0.087701604226705
2025-01-15,0.0882558003838771
2025-01-16,0.0880328186180422
2025-01-17,0.0874446915708812
2025-01-20,0.0882752775919732
2025-01-21,0.0884431356255969
2025-01-22,0.0887169751908397
2025-01-23,0.0889046943252265
2025-01-24,0.0894686453765491
2025-01-27,0.0888896792003807
2025-01-28,0.088547293054234
2025-01-29,0.0885198592486923
2025-01-30,0.0885269125475285
2025-01-31,0.0887248467014712
2025-02-03,0.0875656741759544
2025-02-04,0.0889078558216741
2025-02-05,0.0891933352299668
2025-02-06,0.0891217937899976
2025-02-07,0.088840717025811
2025-02-10,0.089282525319451
2025-02-11,0.089286511121628
2025-02-12,0.0891067054648687
2025-02-13,0.0893208045379342
2025-02-14,0.0900819749586581
2025-02-17,0.090051149398159
2025-02-18,0.0896033257790368
2025-02-19,0.0897625782393202
2025-02-20,0.0900389865534324
2025-02-21,0.0899587989629978
2025-02-24,0.0899717492931197
2025-02-25,0.0899329100329722
2025-02-26,0.0897480772309865
2025-02-27,0.0889537265238879
2025-02-28,0.0889023226109415
2025-03-05,0.0915181019497298
2025-03-06,0.0918433884452794
2025-03-07,0.0921395733708392
2025-03-10,0.0927248114446529
2025-03-11,0.0940999343647445
2025-03-12,0.0941522062338879
2025-03-13,0.0935304957825679
2025-03-14,0.0939990978006551
2025-03-17,0.0948910650444548
2025-03-18,0.0948361702525725
2025-03-19,0.0944197906052816
2025-03-20,0.094698762973352
2025-03-21,0.0949793896406906
2025-03-25,0.095313437835316
2025-03-26,0.0948038031257289
2025-03-27,0.0952825600373047
2025-03-28,0.095347062878435
2025-03-31,0.0950525167597765
2025-04-01,0.095572142358688
2025-04-03,0.0966781395348837
2025-04-04,0.0928194851301115
2025-04-07,0.091103721189591
2025-04-08,0.0913575739837398
2025-04-09,0.0924915367834764
2025-04-10,0.092831547818013
2025-04-11,0.0934142922077922
2025-04-14,0.0944447595993322
2025-04-15,0.0938667466666666
2025-04-16,0.0943868158590308
2025-04-21,0.0962538016453382
2025-04-22,0.0963251938405797
2025-04-23,0.095060648275862
2025-04-24,0.0959987708688245
2025-04-25,0.0959407473279179
2025-04-28,0.0964608514431239
2025-04-29,0.096517643776824
2025-04-30,0.0961630923076923
2025-05-05,0.0961390558333333
2025-05-06,0.0972516675041876
2025-05-07,0.096918946619217
2025-05-08,0.0958745197486535
2025-05-09,0.0966417007042253
2025-05-12,0.0956187491166077
2025-05-13,0.0965437343402932
2025-05-14,0.0963576793286219
2025-05-15,0.0958956652021089
2025-05-16,0.0961214973730297
2025-05-19,0.096922703768624
2025-05-20,0.0974060761487965
2025-05-21,0.0984406989528795
2025-05-22,0.097980619110524
2025-05-23,0.0990569775033083
2025-05-26,0.0989687454068241
2025-05-27,0.0984416686851211
2025-05-28,0.0982598189655172
2025-05-29,0.0988425536770921
2025-05-30,0.09798734006734
2025-06-02,0.0990530529436679
2025-06-03,0.0985784983108108
2025-06-04,0.0990942783635596
2025-06-05,0.0993314987405541
2025-06-06,0.0988894711092366
2025-06-09,0.0994104953586497
2025-06-10,0.0988787151872107
2025-06-11,0.0993709813874788
2025-06-12,0.1005550641350211
2025-06-13,0.1010192842639593
2025-06-17,0.1006218431034482
2025-06-18,0.1005955256017505
2025-06-19,0.0994658683304647
2025-06-23,0.0991040990606319
2025-06-24,0.0989090336313324
2025-06-25,0.0986222475870751
2025-06-26,0.0993788818831441
2025-06-27,0.099016763666947
2025-06-30,0.0990775875518672
2025-07-01,0.0992063494271685
2025-07-02,0.099358146460537
2025-07-03,0.099329525588952
2025-07-04,0.0992555830645161
2025-07-07,0.0987001194620253
2025-07-08,0.0990510908366533
2025-07-10,0.0991198159362549
2025-07-11,0.0987274038842647
2025-07-14,0.098567809375
2025-07-15,0.0974335992063492
2025-07-16,0.0976095424266455
2025-07-17,0.0969555941915227
2025-07-18,0.0982714059097978
2025-07-21,0.0984019521568627
2025-07-22,0.0992033967369677
2025-07-23,0.0988249709972189
2025-07-24,0.0989060982704402
2025-07-25,0.09838936640625
2025-07-28,0.0980584424710424
2025-07-29,0.0979470302091402
2025-07-30,0.0974516395437262
2025-07-31,0.0968166681222707
2025-08-01,0.0971770080645161
2025-08-04,0.0973198124999999
2025-08-05,0.09753623459096
2025-08-06,0.0981363896396396
2025-08-07,0.0975524101017715
2025-08-08,0.097272479638009
2025-08-11,0.0977201883509833
2025-08-12,0.0978014239089184
2025-08-13,0.0980103891850723
2025-08-14,0.0977679576923076
2025-08-18,0.098015192575406
2025-08-19,0.0973084479690522
2025-08-20,0.0977135042275173
2025-08-21,0.0982231429657794
2025-08-22,0.099571841029523
2025-08-25,0.0988924052863436
2025-08-26,0.0987313026170291
2025-08-27,0.0991660140792886
2025-08-28,0.0994510300075018
2025-08-29,0.0994302645305514
2025-09-01,0.1000450204081632
2025-09-02,0.0996512204261572
2025-09-03,0.0995549893499816
2025-09-04,0.099044223119266
2025-09-05,0.0995480516605166
2025-09-08,0.0999630134847409
2025-09-09,0.1001361849629368
2025-09-10,0.1007871478749561
2025-09-11,0.101398282122905
2025-09-12,0.1013314955264969
2025-09-15,0.1018164049079754
2025-09-16,0.1024894690265486
2025-09-17,0.1023038833502882
2025-09-18,0.1011725900305188
2025-09-19,0.1006036216949152
2025-09-22,0.1008216967329545
2025-09-23,0.1010642059897735
2025-09-24,0.1005267603738317
2025-09-25,0.0995490426327599
2025-09-26,0.1002646990950226
2025-09-29,0.1001592529411764
2025-09-30,0.1002586673913043
2025-10-01,0.1007962909346451
2025-10-02,0.100046021060021
2025-10-03,0.1005459648999649
2025-10-06,0.1007719125874126
2025-10-07,0.1003562644281217
2025-10-08,0.1000700489510489
2025-10-09,0.0992447471830985
2025-10-13,0.0991463498888065
2025-10-14,0.0985435264705882
2025-10-15,0.0989129463768116
2025-10-16,0.0993186740370898
2025-10-17,0.099490608275862
2025-10-20,0.0994866488135593
2025-10-21,0.0994530083864475
2025-10-22,0.0997585842847548
2025-10-23,0.1001732995267072
2025-10-24,0.0997904403485254
2025-10-27,0.1001251560975609
2025-10-28,0.1002697258503401
2025-10-29,0.1001873502785515
2025-10-30,0.0995371522948539
2025-10-31,0.0987381266435986
2025-11-03,0.0987878724696356
2025-11-04,0.0978655522696011
2025-11-05,0.0978895020661157
2025-11-07,0.0985085802120141
2025-11-10,0.0988230179514255
2025-11-11,0.0995708499646143
2025-11-12,0.0992063491501416
2025-11-13,0.0999590170697012
2025-11-14,0.0989834397719173
2025-11-17,0.0991129394376351
2025-11-18,0.0989305607142857
2025-11-19,0.0981460213295414
2025-11-20,0.0978770470175438
2025-11-25,0.097812903626943
2025-11-26,0.0980075073959408
2025-11-27,0.0984406993103448
2025-11-28,0.0988220413365484
2025-12-01,0.098758604202549
2025-12-02,0.0985328460481099
2025-12-03,0.0994371858224363
2025-12-04,0.0989785415512465
2025-12-05,0.0989530766550522
2025-12-09,0.0983738800277392
2025-12-10,0.0987049906086956
2025-12-11,0.0994144491643454
2025-12-12,0.0987566537126995
2025-12-15,0.0984000159888773
2025-12-16,0.098261749827705
2025-12-17,0.0980046257753273
2025-12-18,0.0983990475534114
2025-12-19,0.0987196068965517
2025-12-22,0.0988660068870523
2025-12-23,0.0994490523776705
2025-12-26,0.0998263022375215
2025-12-29,0.0994025902539464
2025-12-30,0.0996750591065292
2025-12-31,0.0992014281786941
2026-01-02,0.0994421294915254
2026-01-05,0.09963831292517
2026-01-06,0.0996065540034071
2026-01-07,0.0992417924657534
2026-01-08,0.0990795512295081
2026-01-09,0.0989658075085324
2026-01-12,0.0993127557069846
2026-01-13,0.0990510905971173
2026-01-14,0.0994470743289745
2026-01-15,0.0988943608605135
2026-01-16,0.0990667909090909
2026-01-19,0.099412471941443
2026-01-20,0.1001823318229348
2026-01-21,0.1004237881859489
2026-01-22,0.1013931416579223
2026-01-23,0.1020127110956036
2026-01-26,0.1024464208695652
2026-01-27,0.1039879376083189
2026-01-28,0.1038400034614053
2026-01-29,0.1046714884042921
2026-01-30,0.1040247159640635
2026-02-02,0.1030842818745692
2026-02-03,0.1037301355463347
2026-02-04,0.1032556504317789
2026-02-05,0.1025325540915395
2026-02-06,0.103491813547486
2026-02-09,0.1043503665254237
2026-02-10,0.1049813655761024
2026-02-11,0.1055642942857142
2026-02-12,0.1047932430107527
2026-02-13,0.1053041707752768
2026-02-18,0.1051768022922636
2026-02-19,0.1044277357811375
2026-02-20,0.1048987725290697
2026-02-23,0.1046057927763589
2026-02-24,0.1046627243752263
2026-02-25,0.1047745775553967
2026-02-26,0.1044517329545454
2026-02-27,0.105097214745884
2026-03-02,0.1042633275985663
2026-03-03,0.1030184402826855
2026-03-04,0.1038065876472688
2026-03-05,0.1031746851457
2026-03-06,0.1041395473163841
2026-03-09,0.1037688855932203
2026-03-10,0.1039901
2026-03-11,0.1035936640401146
2026-03-12,0.1030545363929723
2026-03-13,0.1025430678571428
2026-03-16,0.1032449899713467
2026-03-17,0.1043710601719197
2026-03-18,0.1045445516499282
2026-03-19,0.1051613173180351
2026-03-20,0.104479015462064
2026-03-25,0.1032417923774954
2026-03-26,0.1031704269005848
2026-03-27,0.1025052274864376
2026-03-30,0.1025251952789699
2026-03-31,0.1029251324167872
2026-04-01,0.1029675243902439
2026-04-06,0.1029897939698492
2026-04-07,0.103600103411131
2026-04-08,0.1045871942342342
2026-04-09,0.105420734250543
2026-04-10,0.1051137854014598
2026-04-13,0.105661334564254
2026-04-14,0.1058727624633431
2026-04-15,0.1064565923473142
2026-04-16,0.1067554874815905
2026-04-17,0.1067349769146207
2026-04-20,0.1073560355846042
2026-04-21,0.1070698204289349
2026-04-22,0.1076078766328011
2026-04-23,0.1071604619252873
2026-04-24,0.1071765409074669
2026-04-27,0.1076148249823571
2026-04-28,0.1073617985048059
2026-04-29,0.1073664096298958
2026-04-30,0.1077203148813803
2026-05-04,0.1078364770053475
2026-05-05,0.1080894113424264
2026-05-06,0.107544227665706
2026-05-07,0.1075962987106017
2026-05-08,0.1085446337625178
2026-05-11,0.1089134789795185
2026-05-12,0.1087452969653179
2026-05-13,0.1090286637931034
2026-05-14,0.1083529273903666
2026-05-15,0.1075187888131947
2026-05-18,0.1079377415891195
2026-05-19,0.1078585758226037
2026-05-20,0.1079470629921259
2026-05-21,0.1082813580424613
2026-05-22,0.1079319166072701
2026-05-26,0.1077760411055988
2026-05-27,0.1077423667256637
2026-05-28,0.1081010964539007
2026-05-29,0.1080216910511363
2026-06-01,0.1077609431977559
2026-06-02,0.1076113510861948
2026-06-03,0.1072719666319082
2026-06-04,0.1070766989209885
2026-06-05,0.105660217979868
2026-06-08,0.1055943905979951
2026-06-09,0.1052731311589174
2026-06-10,0.1058671581151832
2026-06-11,0.1053086066317626
2026-06-12,0.1051911848739495
2026-06-16,0.105519737556561
2026-06-17,0.1047570163024627
2026-06-18,0.1027516905582357
2026-06-19,0.1032513860369609
2026-06-22,0.1031321224769072
2026-06-23,0.1020908202514441
2026-06-24,0.1013808066260987
2026-06-25,0.1014826614759648
2026-06-26,0.1005823716993906
2026-06-29,0.1008277961525481
2026-06-30,0.1009662469635627
2026-07-01,0.1008949382135661
2026-07-02,0.1015331505376344
2026-07-03,0.1017967121263016
2026-07-06,0.1020293642785065
2026-07-07,0.1020772727882037
2026-07-08,0.1022317184139785
2026-07-13,0.1022379898785425
2026-07-14,0.1032567169554876
2026-07-15,0.1036548708036622
2026-07-16,0.1032716456639566
2026-07-17,0.1037215284167794
2026-07-20,0.1033378116137744
2026-07-21,0.1037775011844331
2026-07-22,0.1041211139581928
2026-07-23,0.1039868562793821
2026-07-24,0.1043569004676018
2026-07-27,0.103444708750835
2026-07-28,0.1031023497997329
2026-07-29,0.1039392994652406
2026-07-30,0.1049769576612903
2026-07-31,0.1054663191919191
2026-08-03,0.104687925083612
2026-08-04,0.1047010782085561
2026-08-05,0.1050530517875041
2026-08-06,0.1047592110703567
2026-08-07,0.1052764557891224
2026-08-10,0.1053086071547977
2026-08-11,0.1052864320697752
2026-08-12,0.1052487556151525
2026-08-13,0.1051469430294906
2026-08-14,0.105810028907563
2026-08-18,0.1061503511705685
2026-08-19,0.1070537728790915
2026-08-20,0.1069152805611222
2026-08-21,0.1076136671114076
2026-08-24,0.1073698675496688
2026-08-25,0.1073468164075421
2026-08-26,0.1069392906208718
2026-08-27,0.1072420562169312
2026-08-28,0.1065246335978836
2026-08-31,0.10701367649983426
2026-09-01,0.10716390746860542
