,PEN
1997-11-21,0.366972
1997-11-24,0.368596
1997-11-25,0.368596
1997-11-26,0.368596
1997-11-27,0.368596
1997-11-28,0.368596
1997-12-01,0.367512
1997-12-02,0.367512
1997-12-03,0.367512
1997-12-04,0.367512
1997-12-05,0.367512
1997-12-09,0.368867
1997-12-10,0.368867
1997-12-11,0.368867
1997-12-12,0.368867
1997-12-15,0.368867
1997-12-16,0.369276
1997-12-17,0.369276
1997-12-18,0.369276
1997-12-19,0.369276
1997-12-22,0.369276
1997-12-23,0.368799
1997-12-24,0.368799
1997-12-26,0.368799
1997-12-29,0.368799
1997-12-30,0.368799
1998-01-02,0.368799
1998-01-05,0.367107
1998-01-06,0.367107
1998-01-07,0.367107
1998-01-08,0.367107
1998-01-09,0.367107
1998-01-12,0.365631
1998-01-13,0.365631
1998-01-14,0.365631
1998-01-15,0.365631
1998-01-16,0.365631
1998-01-19,0.365631
1998-01-27,0.300842
1998-02-02,0.362056
1998-02-03,0.359324
1998-02-04,0.359324
1998-02-05,0.359324
1998-02-06,0.359324
1998-02-09,0.359324
1998-02-10,0.356888
1998-02-11,0.356888
1998-02-12,0.356888
1998-02-13,0.356888
1998-02-16,0.356888
1998-02-17,0.358937
1998-02-18,0.358937
1998-02-19,0.358937
1998-02-20,0.358937
1998-02-23,0.355366
1998-02-24,0.355366
1998-02-25,0.355366
1998-02-26,0.355366
1998-02-27,0.355366
1998-03-02,0.35524
1998-03-03,0.35524
1998-03-04,0.35524
1998-03-05,0.35524
1998-03-06,0.35524
1998-03-09,0.35524
1998-03-10,0.357143
1998-03-11,0.357143
1998-03-12,0.357143
1998-03-13,0.357143
1998-03-16,0.357143
1998-03-17,0.35727
1998-03-18,0.35727
1998-03-19,0.35727
1998-03-20,0.35727
1998-03-23,0.35727
1998-03-24,0.355555
1998-03-25,0.355555
1998-03-26,0.355555
1998-03-27,0.355555
1998-03-30,0.355555
1998-03-31,0.356633
1998-04-01,0.356633
1998-04-02,0.356633
1998-04-03,0.356633
1998-04-06,0.356633
1998-04-07,0.355492
1998-04-08,0.355492
1998-04-13,0.355492
1998-04-14,0.355492
1998-04-15,0.355492
1998-04-16,0.355492
1998-04-17,0.355492
1998-04-20,0.355492
1998-04-21,0.355492
1998-04-22,0.354862
1998-04-23,0.354862
1998-04-24,0.354862
1998-04-27,0.354862
1998-04-28,0.353732
1998-04-29,0.353732
1998-04-30,0.353732
1998-05-04,0.353732
1998-05-05,0.353732
1998-05-06,0.353732
1998-05-07,0.353732
1998-05-08,0.353732
1998-05-11,0.353732
1998-05-12,0.351741
1998-05-13,0.351741
1998-05-14,0.351741
1998-05-15,0.351741
1998-05-18,0.351741
1998-05-19,0.352113
1998-05-20,0.352113
1998-05-21,0.352113
1998-05-22,0.352113
1998-05-26,0.352113
1998-05-27,0.352113
1998-05-28,0.350017
1998-05-29,0.350017
1998-06-01,0.349406
1998-06-02,0.349406
1998-06-03,0.349406
1998-06-04,0.349406
1998-06-05,0.349406
1998-06-09,0.349406
1998-06-10,0.345423
1998-06-11,0.345423
1998-06-12,0.345423
1998-06-16,0.341239
1998-06-17,0.341239
1998-06-18,0.341239
1998-06-19,0.341239
1998-06-22,0.341239
1998-06-23,0.340832
1998-06-24,0.340832
1998-06-25,0.340832
1998-06-26,0.340832
1998-06-29,0.340832
1998-06-30,0.340832
1998-07-01,0.340948
1998-07-02,0.340948
1998-07-03,0.340948
1998-07-07,0.340948
1998-07-08,0.341705
1998-07-10,0.341705
1998-07-13,0.342583
1998-07-14,0.342583
1998-07-15,0.342583
1998-07-16,0.342583
1998-07-17,0.342583
1998-07-20,0.342583
1998-07-21,0.344234
1998-07-22,0.344234
1998-07-23,0.344234
1998-07-24,0.344234
1998-07-27,0.343053
1998-07-28,0.343053
1998-07-29,0.343053
1998-07-30,0.343053
1998-07-31,0.343053
1998-08-03,0.343053
1998-08-04,0.343053
1998-08-05,0.343053
1998-08-06,0.343053
1998-08-07,0.343053
1998-08-10,0.343053
1998-08-11,0.339213
1998-08-12,0.339213
1998-08-13,0.339213
1998-08-14,0.339213
1998-08-18,0.33927
1998-08-19,0.33927
1998-08-20,0.33927
1998-08-21,0.33927
1998-08-24,0.336814
1998-08-25,0.336814
1998-08-26,0.336814
1998-08-27,0.336814
1998-08-28,0.336814
1998-08-31,0.332447
1998-09-01,0.332447
1998-09-02,0.332447
1998-09-03,0.332447
1998-09-04,0.332447
1998-09-07,0.332447
1998-09-08,0.332447
1998-09-09,0.332447
1998-09-10,0.332447
1998-09-11,0.332447
1998-09-14,0.332447
1998-09-15,0.332447
1998-09-16,0.330688
1998-09-17,0.330688
1998-09-18,0.330688
1998-09-21,0.331455
1998-09-22,0.331455
1998-09-23,0.331455
1998-09-24,0.331455
1998-09-25,0.331455
1998-09-28,0.331455
1998-09-29,0.331455
1998-09-30,0.331455
1998-10-01,0.331455
1998-10-02,0.331455
1998-10-05,0.331455
1998-10-06,0.331455
1998-10-07,0.331455
1998-10-08,0.331455
1998-10-09,0.331455
1998-10-13,0.327118
1998-10-14,0.327118
1998-10-15,0.327118
1998-10-16,0.327118
1998-10-19,0.328299
1998-10-20,0.328299
1998-10-21,0.328299
1998-10-22,0.328299
1998-10-23,0.328299
1998-10-26,0.328299
1998-10-27,0.328192
1998-10-28,0.328192
1998-10-29,0.328192
1998-10-30,0.328192
1998-11-02,0.328192
1998-11-03,0.328192
1998-11-04,0.324044
1998-11-05,0.324044
1998-11-06,0.324044
1998-11-09,0.324939
1998-11-10,0.324939
1998-11-11,0.324939
1998-11-12,0.324939
1998-11-13,0.324939
1998-11-16,0.324939
1998-11-17,0.323415
1998-11-18,0.323415
1998-11-19,0.323415
1998-11-20,0.323415
1998-11-23,0.323782
1998-11-24,0.323782
1998-11-25,0.323782
1998-11-26,0.323782
1998-11-27,0.323782
1998-11-30,0.32041
1998-12-01,0.32041
1998-12-02,0.32041
1998-12-03,0.32041
1998-12-04,0.32041
1998-12-09,0.318877
1998-12-10,0.318877
1998-12-11,0.318877
1998-12-14,0.318269
1998-12-15,0.318269
1998-12-16,0.318269
1998-12-17,0.318269
1998-12-18,0.318269
1998-12-21,0.32041
1998-12-22,0.32041
1998-12-23,0.32041
1998-12-24,0.32041
1998-12-28,0.32
1998-12-29,0.32
1998-12-30,0.32
1999-01-04,0.32
1999-01-05,0.316355
1999-01-06,0.316355
1999-01-07,0.316355
1999-01-08,0.316355
1999-01-11,0.316355
1999-01-12,0.316355
1999-01-13,0.316355
1999-01-14,0.316355
1999-01-15,0.305344
1999-01-18,0.305344
1999-01-19,0.305344
1999-01-20,0.305344
1999-01-21,0.305904
1999-01-22,0.305904
1999-01-28,0.300842
1999-02-01,0.300842
1999-02-02,0.296736
1999-02-03,0.296736
1999-02-04,0.296736
1999-02-05,0.296736
1999-02-08,0.295421
1999-02-09,0.295421
1999-02-12,0.296208
1999-02-16,0.295508
1999-02-17,0.295508
1999-02-18,0.295508
1999-02-19,0.295508
1999-02-22,0.249118
1999-02-23,0.293643
1999-02-26,0.292227
1999-03-01,0.294118
1999-03-02,0.295683
1999-03-03,0.294377
1999-03-04,0.294377
1999-03-05,0.293772
1999-03-08,0.293772
1999-03-09,0.294464
1999-03-10,0.294464
1999-03-11,0.294031
1999-03-12,0.294031
1999-03-15,0.296296
1999-03-16,0.297885
1999-03-17,0.297885
1999-03-18,0.297885
1999-03-22,0.299043
1999-03-23,0.297974
1999-03-24,0.297974
1999-03-25,0.297974
1999-03-26,0.297974
1999-03-29,0.298329
1999-03-30,0.298329
1999-03-31,0.30003
1999-04-05,0.30021
1999-04-06,0.30021
1999-04-07,0.297974
1999-04-08,0.297974
1999-04-09,0.298151
1999-04-12,0.297974
1999-04-13,0.297974
1999-04-14,0.299581
1999-04-15,0.299581
1999-04-16,0.299581
1999-04-19,0.299133
1999-04-20,0.299133
1999-04-21,0.299133
1999-04-23,0.299312
1999-04-26,0.299312
1999-04-27,0.298507
1999-04-30,0.29976
1999-05-03,0.29976
1999-05-04,0.29976
1999-05-05,0.29976
1999-05-06,0.29976
1999-05-07,0.29976
1999-05-10,0.299491
1999-05-11,0.3003
1999-05-12,0.299491
1999-05-14,0.299491
1999-05-17,0.301114
1999-05-18,0.299491
1999-05-20,0.301296
1999-05-28,0.299491
1999-05-31,0.299491
1999-06-01,0.300481
1999-06-02,0.300481
1999-06-03,0.299491
1999-06-04,0.299491
1999-06-07,0.299491
1999-06-10,0.300481
1999-06-11,0.300481
1999-06-15,0.300481
1999-06-17,0.300481
1999-06-18,0.300481
1999-06-22,0.300481
1999-06-23,0.300481
1999-06-24,0.300481
1999-06-25,0.300481
1999-06-28,0.300481
1999-06-29,0.300481
1999-06-30,0.300481
1999-07-01,0.300481
1999-07-02,0.301205
1999-07-05,0.301205
1999-07-06,0.301205
1999-07-07,0.301205
1999-07-12,0.301205
1999-07-13,0.301205
1999-07-19,0.302115
1999-07-20,0.302115
1999-07-21,0.302115
1999-07-22,0.302115
1999-07-23,0.301205
1999-07-26,0.301205
1999-07-27,0.3003
1999-07-28,0.3003
1999-07-29,0.3003
1999-07-30,0.3003
1999-08-02,0.3003
1999-08-03,0.3003
1999-08-04,0.3003
1999-08-05,0.3003
1999-08-06,0.3003
1999-08-09,0.3003
1999-08-10,0.3003
1999-08-11,0.3003
1999-08-12,0.3003
1999-08-13,0.3003
1999-08-17,0.3003
1999-08-18,0.3003
1999-08-19,0.3003
1999-08-20,0.3003
1999-08-23,0.3003
1999-08-24,0.298507
1999-08-25,0.298507
1999-08-26,0.298507
1999-08-27,0.298507
1999-08-30,0.298507
1999-08-31,0.298507
1999-09-02,0.298507
1999-09-03,0.298507
1999-09-06,0.294117
1999-09-07,0.294117
1999-09-08,0.292398
1999-09-09,0.292398
1999-09-10,0.292398
1999-09-13,0.294118
1999-09-14,0.294118
1999-09-15,0.294118
1999-09-16,0.294118
1999-09-17,0.294118
1999-09-20,0.294118
1999-09-21,0.294118
1999-09-22,0.294118
1999-09-24,0.294118
1999-09-28,0.294118
1999-09-29,0.294118
1999-09-30,0.294118
1999-10-01,0.294118
1999-10-04,0.288184
1999-10-05,0.288184
1999-10-06,0.288184
1999-10-07,0.288184
1999-10-08,0.288184
1999-10-12,0.288184
1999-10-13,0.288184
1999-10-14,0.288184
1999-10-19,0.288184
1999-10-20,0.288184
1999-10-21,0.288184
1999-10-22,0.288184
1999-10-25,0.288184
1999-10-26,0.288018
1999-10-27,0.288018
1999-10-28,0.288018
1999-11-01,0.287026
1999-11-02,0.287026
1999-11-03,0.287026
1999-11-04,0.286533
1999-11-05,0.286533
1999-11-08,0.286862
1999-11-09,0.286862
1999-11-10,0.286862
1999-11-11,0.286862
1999-11-12,0.286862
1999-11-15,0.286862
1999-11-16,0.286862
1999-11-17,0.288351
1999-11-18,0.288351
1999-11-19,0.288351
1999-11-22,0.288351
1999-11-23,0.287853
1999-11-24,0.287853
1999-11-25,0.287853
1999-11-26,0.287853
1999-11-29,0.286533
1999-11-30,0.286533
1999-12-01,0.286533
1999-12-02,0.286533
1999-12-03,0.286533
1999-12-06,0.286533
1999-12-07,0.286533
1999-12-09,0.286533
1999-12-10,0.286533
1999-12-13,0.286533
1999-12-14,0.286533
1999-12-15,0.286533
1999-12-16,0.286533
1999-12-17,0.286533
1999-12-20,0.286533
1999-12-21,0.286533
1999-12-22,0.286533
1999-12-23,0.286533
2000-01-03,0.285796
2000-01-04,0.285796
2000-01-05,0.285796
2000-01-06,0.285796
2000-01-07,0.285796
2000-01-12,0.285796
2000-01-13,0.285796
2000-01-14,0.285796
2000-01-17,0.285796
2000-01-18,0.285796
2000-01-20,0.285796
2000-01-21,0.285796
2000-01-24,0.285796
2000-01-25,0.285796
2000-01-26,0.285796
2000-01-27,0.285796
2000-01-28,0.285796
2000-01-29,0.286738
2000-02-01,0.286738
2000-02-02,0.286738
2000-02-03,0.286738
2000-02-04,0.286738
2000-02-07,0.286738
2000-02-08,0.286738
2000-02-09,0.286738
2000-02-10,0.286738
2000-02-11,0.286738
2000-02-14,0.286738
2000-02-15,0.286738
2000-02-16,0.286738
2000-02-17,0.286738
2000-02-18,0.286738
2000-02-21,0.286738
2000-02-22,0.286738
2000-02-23,0.286738
2000-02-24,0.286738
2000-02-25,0.286738
2000-02-28,0.286738
2000-02-29,0.286738
2000-03-01,0.286738
2000-03-02,0.286738
2000-03-03,0.286738
2000-03-06,0.286738
2000-03-07,0.286738
2000-03-08,0.286738
2000-03-09,0.286738
2000-03-10,0.286738
2000-03-13,0.286738
2000-03-14,0.292227
2000-03-15,0.292227
2000-03-16,0.292227
2000-03-17,0.292227
2000-03-20,0.292227
2000-03-21,0.289687
2000-03-22,0.289687
2000-03-23,0.289687
2000-03-24,0.289687
2000-03-27,0.284333
2000-03-28,0.284333
2000-03-29,0.284333
2000-03-30,0.284333
2000-03-31,0.284333
2000-04-03,0.284333
2000-04-04,0.284333
2000-04-05,0.284333
2000-04-06,0.284333
2000-04-07,0.284333
2000-04-10,0.284333
2000-04-11,0.284333
2000-04-12,0.284333
2000-04-13,0.284333
2000-04-14,0.284333
2000-04-17,0.284333
2000-04-18,0.287935
2000-04-19,0.287935
2000-04-24,0.287935
2000-04-25,0.287935
2000-04-26,0.287935
2000-04-27,0.287935
2000-04-28,0.287935
2000-05-02,0.287935
2000-05-03,0.287935
2000-05-04,0.287935
2000-05-05,0.287935
2000-05-08,0.287935
2000-05-16,0.285144
2000-05-17,0.285144
2000-05-18,0.285144
2000-05-19,0.285144
2000-05-22,0.285144
2000-05-23,0.285144
2000-05-24,0.285144
2000-05-26,0.285144
2000-05-29,0.285144
2000-05-30,0.285144
2000-05-31,0.285144
2000-06-01,0.285144
2000-06-02,0.285144
2000-06-05,0.286944
2000-06-06,0.286944
2000-06-07,0.286944
2000-06-08,0.286944
2000-06-09,0.286944
2000-06-12,0.286944
2000-06-13,0.286944
2000-06-14,0.286944
2000-06-15,0.286944
2000-06-16,0.286944
2000-06-20,0.286944
2000-06-21,0.286944
2000-06-22,0.286944
2000-06-23,0.286287
2000-06-26,0.286287
2000-06-27,0.286246
2000-06-28,0.286246
2000-06-29,0.286246
2000-06-30,0.286246
2000-07-03,0.286246
2000-07-04,0.286246
2000-07-05,0.286246
2000-07-06,0.286246
2000-07-07,0.286246
2000-07-10,0.286246
2000-07-11,0.286246
2000-07-12,0.286246
2000-07-17,0.286246
2000-07-18,0.287728
2000-07-19,0.287728
2000-07-20,0.287728
2000-07-21,0.287728
2000-07-24,0.287274
2000-07-27,0.287274
2000-07-28,0.287274
2000-07-31,0.287274
2000-08-01,0.288018
2000-08-02,0.288018
2000-08-03,0.288018
2000-08-04,0.288018
2000-08-07,0.288018
2000-08-09,0.288018
2000-08-10,0.288018
2000-08-11,0.288018
2000-08-14,0.288018
2000-08-15,0.288018
2000-08-16,0.288018
2000-08-17,0.288018
2000-08-18,0.288018
2000-08-22,0.288018
2000-08-23,0.288143
2000-08-24,0.288143
2000-08-25,0.288143
2000-08-29,0.288018
2000-08-30,0.288018
2000-08-31,0.288018
2000-09-01,0.288018
2000-09-04,0.288018
2000-09-05,0.288018
2000-09-06,0.288018
2000-09-07,0.288018
2000-09-08,0.288018
2000-09-11,0.288018
2000-09-12,0.288018
2000-09-13,0.288018
2000-09-14,0.288018
2000-09-15,0.288018
2000-09-18,0.288267
2000-09-19,0.288267
2000-09-20,0.288267
2000-09-21,0.288267
2000-09-22,0.288267
2000-09-25,0.286697
2000-09-26,0.286697
2000-09-27,0.286697
2000-09-28,0.286697
2000-09-29,0.286697
2000-10-02,0.285714
2000-10-03,0.285714
2000-10-04,0.285714
2000-10-05,0.285714
2000-10-06,0.285714
2000-10-09,0.285714
2000-10-10,0.285837
2000-10-11,0.285837
2000-10-12,0.285837
2000-10-13,0.285837
2000-10-17,0.285837
2000-10-18,0.285837
2000-10-19,0.285837
2000-10-20,0.285837
2000-10-23,0.286205
2000-10-24,0.286205
2000-10-25,0.286205
2000-10-26,0.286205
2000-10-31,0.284374
2000-11-01,0.284374
2000-11-02,0.284374
2000-11-03,0.284374
2000-11-07,0.285307
2000-11-08,0.285307
2000-11-09,0.285307
2000-11-10,0.285307
2000-11-13,0.283246
2000-11-14,0.283246
2000-11-15,0.283246
2000-11-16,0.283246
2000-11-17,0.283246
2000-11-20,0.282725
2000-11-21,0.282725
2000-11-22,0.282725
2000-11-23,0.282725
2000-11-27,0.282725
2000-11-28,0.284091
2000-11-29,0.284091
2000-11-30,0.284091
2000-12-01,0.284091
2000-12-04,0.284172
2000-12-05,0.284172
2000-12-06,0.284172
2000-12-07,0.284172
2000-12-11,0.284414
2000-12-12,0.284414
2000-12-13,0.284414
2000-12-19,0.286123
2000-12-20,0.286123
2000-12-21,0.286123
2000-12-22,0.286123
2000-12-26,0.286123
2000-12-27,0.284172
2000-12-28,0.284172
2001-01-02,0.282965
2001-01-04,0.283289
2001-01-05,0.283289
2001-01-08,0.283289
2001-01-09,0.284212
2001-01-10,0.284212
2001-01-11,0.284212
2001-01-12,0.284212
2001-01-15,0.284212
2001-01-17,0.284212
2001-01-24,0.284212
2001-01-26,0.284212
2001-01-29,0.282965
2001-01-30,0.282965
2001-01-31,0.282965
2001-02-01,0.282965
2001-02-05,0.283286
2001-02-06,0.283286
2001-02-07,0.283286
2001-02-08,0.283286
2001-02-09,0.283286
2001-02-12,0.283286
2001-02-13,0.283286
2001-02-15,0.283286
2001-02-16,0.283286
2001-02-23,0.283567
2001-02-26,0.283286
2001-02-27,0.283286
2001-02-28,0.283286
2001-03-01,0.283286
2001-03-02,0.283286
2001-03-05,0.283286
2001-03-06,0.283286
2001-03-07,0.283286
2001-03-08,0.283286
2001-03-09,0.283286
2001-03-12,0.283286
2001-03-13,0.283286
2001-03-14,0.283286
2001-03-15,0.283286
2001-03-16,0.283286
2001-03-19,0.283286
2001-03-20,0.283286
2001-03-22,0.283286
2001-03-23,0.283286
2001-03-26,0.283849
2001-03-27,0.283849
2001-03-28,0.283849
2001-03-30,0.283849
2001-04-03,0.283889
2001-04-04,0.283889
2001-04-05,0.283889
2001-04-06,0.283889
2001-04-09,0.283889
2001-04-10,0.282008
2001-04-11,0.282008
2001-04-16,0.282446
2001-04-17,0.282446
2001-04-18,0.282446
2001-04-19,0.282446
2001-04-20,0.282446
2001-04-23,0.280081
2001-04-24,0.280081
2001-04-25,0.280081
2001-04-26,0.280081
2001-04-30,0.278567
2001-05-02,0.278567
2001-05-03,0.278567
2001-05-04,0.278567
2001-05-07,0.278102
2001-05-08,0.278102
2001-05-09,0.278102
2001-05-10,0.278102
2001-05-11,0.278102
2001-05-16,0.278102
2001-05-17,0.278102
2001-05-18,0.278102
2001-05-21,0.278102
2001-05-22,0.278102
2001-05-24,0.278102
2001-05-28,0.278102
2001-05-29,0.278102
2001-05-30,0.278102
2001-06-01,0.278102
2001-06-06,0.276373
2001-06-07,0.276373
2001-06-08,0.276373
2001-06-12,0.276373
2001-06-13,0.276373
2001-06-14,0.276373
2001-06-15,0.276373
2001-06-19,0.276373
2001-06-20,0.276373
2001-06-21,0.276373
2001-06-22,0.276373
2001-06-25,0.284091
2001-06-26,0.284091
2001-06-27,0.284091
2001-06-28,0.284091
2001-06-29,0.284091
2001-07-02,0.285144
2001-07-03,0.285144
2001-07-04,0.285144
2001-07-05,0.285144
2001-07-06,0.285144
2001-07-10,0.285144
2001-07-11,0.285144
2001-07-12,0.285144
2001-07-13,0.285144
2001-07-16,0.28547
2001-07-17,0.28547
2001-07-18,0.28547
2001-07-19,0.28547
2001-07-20,0.28547
2001-07-23,0.286246
2001-07-24,0.286246
2001-07-25,0.286246
2001-07-26,0.286246
2001-07-27,0.286246
2001-07-30,0.286246
2001-07-31,0.286246
2001-08-01,0.286246
2001-08-02,0.286246
2001-08-03,0.286246
2001-08-06,0.286615
2001-08-07,0.286615
2001-08-08,0.286615
2001-08-09,0.286615
2001-08-10,0.286615
2001-08-13,0.286451
2001-08-14,0.286451
2001-08-15,0.286451
2001-08-16,0.286451
2001-08-17,0.286451
2001-08-21,0.286451
2001-08-22,0.286451
2001-08-23,0.286451
2001-08-24,0.286451
2001-08-27,0.286451
2001-08-28,0.286451
2001-08-29,0.286451
2001-08-30,0.286451
2001-08-31,0.286451
2001-09-03,0.286451
2001-09-04,0.286451
2001-09-05,0.286451
2001-09-06,0.287109
2001-09-07,0.287109
2001-09-10,0.287109
2001-09-12,0.287109
2001-09-13,0.287109
2001-09-14,0.287109
2001-09-17,0.286837
2001-09-18,0.286837
2001-09-19,0.286837
2001-09-21,0.286837
2001-09-24,0.286821
2001-09-25,0.286821
2001-09-26,0.286821
2001-09-27,0.286821
2001-09-28,0.286821
2001-10-02,0.286821
2001-10-03,0.286821
2001-10-09,0.288351
2001-10-10,0.286821
2001-10-11,0.286821
2001-10-12,0.288351
2001-10-15,0.288351
2001-10-16,0.288351
2001-10-17,0.288351
2001-10-18,0.288351
2001-10-19,0.288351
2001-10-24,0.290107
2001-10-25,0.290107
2001-10-26,0.290107
2001-10-29,0.289771
2001-10-30,0.289771
2001-10-31,0.289771
2001-11-01,0.289771
2001-11-02,0.289771
2001-11-05,0.291545
2001-11-07,0.291545
2001-11-08,0.291545
2001-11-09,0.291545
2001-11-12,0.291545
2001-11-13,0.290234
2001-11-15,0.290234
2001-11-19,0.29163
2001-11-20,0.29163
2001-11-22,0.29163
2001-11-23,0.29163
2001-11-26,0.29163
2001-11-27,0.29163
2001-11-28,0.29163
2001-11-29,0.29163
2001-12-04,0.29163
2001-12-05,0.29163
2001-12-06,0.29163
2001-12-07,0.29163
2001-12-10,0.29163
2001-12-11,0.29163
2001-12-12,0.29163
2001-12-14,0.29163
2001-12-18,0.29163
2001-12-19,0.29163
2001-12-20,0.29163
2002-01-11,0.29057125
2002-01-14,0.29057125
2002-01-15,0.2905711764705882
2002-01-16,0.290571052631579
2002-01-17,0.290571052631579
2002-01-18,0.2905707692307692
2002-01-21,0.2905707692307692
2002-01-22,0.2905707692307692
2002-01-23,0.2905707692307692
2002-01-24,0.2905707692307692
2002-01-25,0.2905707692307692
2002-01-28,0.2905710144927536
2002-01-29,0.2905712195121951
2002-01-30,0.2905712195121951
2002-01-31,0.2905712195121951
2002-02-01,0.2905712195121951
2002-02-11,0.2898548717948718
2002-02-12,0.2879767567567567
2002-02-13,0.2878941176470588
2002-02-14,0.2884338888888889
2002-02-15,0.2885172222222222
2002-02-18,0.288517
2002-02-19,0.2881842857142857
2002-02-20,0.2883504761904761
2002-02-21,0.2880185
2002-02-22,0.2879357142857143
2002-02-25,0.2874390476190476
2002-02-26,0.2876871428571428
2002-02-27,0.2882674418604651
2002-02-28,0.2880186046511628
2002-03-01,0.2879357142857143
2002-03-04,0.2880185365853659
2002-03-06,0.2890172093023256
2002-03-07,0.2886004545454545
2002-03-08,0.2898551111111111
2002-03-11,0.2896872340425531
2002-03-12,0.2895195833333333
2002-03-13,0.2896033755274261
2002-03-14,0.2898552742616034
2002-03-15,0.2898549783549783
2002-03-18,0.2884336134453781
2002-03-19,0.2894355371900826
2002-03-20,0.2894354838709677
2002-03-21,0.2892680672268908
2002-03-22,0.2899389830508474
2002-03-25,0.2901073015873016
2002-03-26,0.2896031034482758
2002-03-27,0.2901916666666667
2002-04-02,0.2899389830508474
2002-04-03,0.2894355932203389
2002-04-04,0.2901914179104477
2002-04-05,0.291036
2002-04-08,0.2902756363636363
2002-04-09,0.2905289285714286
2002-04-10,0.2906132142857143
2002-04-11,0.291120701754386
2002-04-12,0.2902758620689655
2002-04-15,0.2908667796610169
2002-04-16,0.2909514285714286
2002-04-19,0.2919707936507936
2002-04-29,0.2910359322033898
2002-04-30,0.2911208053691275
2002-05-02,0.2919706451612903
2002-05-03,0.2912056249999999
2002-05-06,0.2912056249999999
2002-05-07,0.2912903125
2002-05-08,0.2915453125
2002-05-09,0.2911206896551724
2002-05-10,0.2902756923076923
2002-05-13,0.2902756923076923
2002-05-14,0.2901073846153846
2002-05-15,0.2907821538461538
2002-05-16,0.2899390769230769
2002-05-17,0.2894355882352941
2002-05-20,0.2892681690140845
2002-05-22,0.2891008695652173
2002-05-23,0.2881014705882353
2002-05-28,0.2896031428571429
2002-05-29,0.2887669444444444
2002-05-31,0.2894355555555555
2002-06-03,0.2889337016574586
2002-06-04,0.2890174033149171
2002-06-05,0.2881843835616438
2002-06-06,0.2883506849315069
2002-06-10,0.2887668571428571
2002-06-11,0.2886002857142857
2002-06-12,0.2884337142857142
2002-06-13,0.2881845714285714
2002-06-14,0.2890173669467787
2002-06-18,0.2898552112676056
2002-06-19,0.2884337078651685
2002-06-20,0.2882675900277008
2002-06-21,0.2866973190348525
2002-06-24,0.2859593667546174
2002-06-25,0.2868617948717948
2002-06-26,0.2868618181818181
2002-06-27,0.2851439473684211
2002-06-28,0.2867794736842105
2002-07-01,0.285062796833773
2002-07-02,0.2846569863013699
2002-07-03,0.2841715877437326
2002-07-11,0.2827253481894151
2002-07-12,0.2819283333333333
2002-07-15,0.2825658333333333
2002-07-16,0.2832058823529412
2002-07-17,0.2828854341736694
2002-07-18,0.2825657303370786
2002-07-19,0.283527094972067
2002-07-22,0.2838488950276243
2002-07-23,0.2839297002724795
2002-07-24,0.2841717032967033
2002-07-25,0.2825657534246575
2002-07-26,0.2827254098360656
2002-07-29,0.2836879781420764
2002-07-30,0.2836880434782608
2002-07-31,0.2836878378378378
2002-08-01,0.2801119113573407
2002-08-02,0.2812148760330578
2002-08-05,0.2822467032967032
2002-08-06,0.282565564738292
2002-08-07,0.2807412087912088
2002-08-08,0.282326301369863
2002-08-09,0.2833664835164835
2002-08-12,0.281610773480663
2002-08-13,0.2801906336088154
2002-08-14,0.2801120879120879
2002-08-15,0.2808200549450549
2002-08-16,0.2808989010989011
2002-08-20,0.2805837465564738
2002-08-21,0.2793295264623955
2002-08-22,0.2785515320334262
2002-08-23,0.27816408839779
2002-08-26,0.2780867768595041
2002-08-27,0.2778549723756906
2002-08-28,0.2770083102493075
2002-08-29,0.2772386740331491
2002-08-30,0.276395867768595
2002-09-02,0.276395867768595
2002-09-03,0.2767016483516483
2002-09-04,0.274725205479452
2002-09-05,0.2747253443526171
2002-09-06,0.2743484848484848
2002-09-09,0.2760677685950413
2002-09-10,0.2769316804407714
2002-09-11,0.278467679558011
2002-09-12,0.278467679558011
2002-09-13,0.2777005509641874
2002-09-16,0.2787334246575342
2002-09-17,0.2777776859504132
2002-09-18,0.277411506849315
2002-09-19,0.2749029972752043
2002-09-20,0.2756540983606557
2002-09-23,0.2754820163487738
2002-09-24,0.2751032876712329
2002-09-25,0.2750275204359673
2002-09-26,0.2769316804407714
2002-09-27,0.2748008
2002-09-30,0.2748008
2002-10-01,0.2753304812834224
2002-10-02,0.2762431999999999
2002-10-03,0.2754821333333333
2002-10-04,0.2754821333333333
2002-10-07,0.2770082666666666
2002-10-08,0.2770082887700534
2002-10-09,0.2770083333333333
2002-10-10,0.2766251351351351
2002-10-11,0.2760905405405405
2002-10-15,0.2762431693989071
2002-10-16,0.2754822222222222
2002-10-17,0.2758619444444444
2002-10-18,0.2766251351351351
2002-10-21,0.2765487603305785
2002-10-22,0.2763193370165746
2002-10-23,0.2765487534626039
2002-10-24,0.2777005540166205
2002-10-25,0.2782414364640884
2002-10-28,0.2793297222222222
2002-10-29,0.2785513966480447
2002-10-30,0.2780095774647887
2002-10-31,0.2777778409090909
2002-11-01,0.2774696022727272
2002-11-04,0.2774694677871148
2002-11-05,0.2777776836158192
2002-11-07,0.2770084033613446
2002-11-08,0.2768550561797753
2002-11-11,0.2768550561797753
2002-11-12,0.2779322946175637
2002-11-13,0.2780866855524079
2002-11-14,0.2780095505617977
2002-11-15,0.2775466101694915
2002-11-18,0.2779322946175637
2002-11-19,0.2790957386363636
2002-11-20,0.2788622159090909
2002-11-21,0.2792515669515669
2002-11-22,0.2798768571428571
2002-11-25,0.2798768571428571
2002-11-26,0.2805048850574713
2002-11-27,0.2816108571428571
2002-11-29,0.2850626373626373
2002-12-02,0.2851441340782122
2002-12-03,0.2840101694915254
2002-12-04,0.281928328611898
2002-12-05,0.282485835694051
2002-12-06,0.2830456090651558
2002-12-09,0.2840909348441927
2002-12-10,0.2840909090909091
2002-12-11,0.2840908831908832
2002-12-12,0.2849814285714285
2002-12-13,0.2857142045454545
2002-12-16,0.2855511299435028
2002-12-17,0.2865330508474576
2002-12-18,0.2860411428571429
2002-12-19,0.2853881844380403
2002-12-20,0.2844140401146131
2002-12-23,0.2845760806916426
2002-12-24,0.2857959654178674
2002-12-26,0.2858776470588235
2002-12-27,0.284495
2002-12-30,0.2842523668639053
2002-12-31,0.2844949554896142
2003-01-02,0.2856325373134328
2003-01-03,0.285714371257485
2003-01-06,0.285387987987988
2003-01-07,0.285877743902439
2003-01-08,0.2861230303030303
2003-01-09,0.2865329341317365
2003-01-10,0.2865328358208955
2003-01-13,0.2862048048048048
2003-01-14,0.2873563076923077
2003-01-15,0.2871913312693498
2003-01-16,0.2870263803680982
2003-01-17,0.2870263975155279
2003-01-20,0.2870263322884013
2003-01-21,0.2865329032258064
2003-01-22,0.285714193548387
2003-01-23,0.2855509554140127
2003-01-24,0.2859592356687898
2003-01-27,0.2859593373493976
2003-01-28,0.2857960843373494
2003-01-29,0.2858776435045317
2003-01-30,0.2859593846153846
2003-01-31,0.2870264797507788
2003-02-03,0.2911207547169811
2003-02-04,0.2869441640378549
2003-02-05,0.2862867088607594
2003-02-06,0.2867794303797468
2003-02-07,0.2865330158730159
2003-02-10,0.2865329073482428
2003-02-11,0.2865327974276527
2003-02-12,0.2871086816720257
2003-02-13,0.2868617834394904
2003-02-14,0.2867795597484276
2003-02-17,0.2867794303797468
2003-02-18,0.2872738170347003
2003-02-19,0.2874388714733542
2003-02-20,0.2872738317757009
2003-02-21,0.2873563862928349
2003-02-24,0.2873564668769716
2003-02-25,0.287356329113924
2003-02-26,0.2871501577287066
2003-02-27,0.2873564263322884
2003-02-28,0.2875216300940438
2003-03-03,0.2878526479750778
2003-03-04,0.2879355345911949
2003-03-05,0.2875214511041009
2003-03-06,0.2874389937106918
2003-03-07,0.2871088607594936
2003-03-10,0.2871914012738853
2003-03-11,0.2873562300319489
2003-03-12,0.2872736334405145
2003-03-13,0.2875214743589743
2003-03-14,0.2877698717948718
2003-03-17,0.2871087096774193
2003-03-18,0.2871088235294117
2003-03-19,0.2869441860465116
2003-03-20,0.2866973597359736
2003-03-21,0.2873562913907285
2003-03-24,0.2874387959866221
2003-03-25,0.2874387755102041
2003-03-26,0.287521724137931
2003-03-27,0.2875215277777778
2003-03-28,0.2876869127516778
2003-04-01,0.2878527027027027
2003-04-02,0.2880182758620689
2003-04-03,0.2882675862068966
2003-04-04,0.2879355172413793
2003-04-07,0.2884337931034483
2003-04-08,0.2883506849315068
2003-04-09,0.2883506849315068
2003-04-10,0.2886003460207612
2003-04-11,0.2887668965517241
2003-04-14,0.2890174061433447
2003-04-15,0.2889338983050847
2003-04-16,0.2891846416382252
2003-04-21,0.2892681660899653
2003-04-22,0.2891010526315789
2003-04-23,0.288850352112676
2003-04-24,0.288933916083916
2003-04-25,0.2886003496503497
2003-04-28,0.2886835664335664
2003-04-29,0.2891010526315789
2003-04-30,0.2888503546099291
2003-05-02,0.2886003584229391
2003-05-05,0.2882675
2003-05-06,0.2878525
2003-05-07,0.2880182795698924
2003-05-08,0.2879355539464157
2003-05-09,0.2878525179856115
2003-05-12,0.2878527075812274
2003-05-13,0.2877696750902527
2003-05-14,0.2879353571428572
2003-05-15,0.2877697183098592
2003-05-16,0.287687074829932
2003-05-19,0.2866972602739726
2003-05-20,0.2869440972222222
2003-05-21,0.2866149243224217
2003-05-22,0.2863686956521739
2003-05-23,0.2865331034482758
2003-05-26,0.2865331010452961
2003-05-27,0.2862867595818815
2003-05-28,0.2860413194444444
2003-05-29,0.2862048611111111
2003-05-30,0.2861231578947368
2003-06-02,0.2862870175438596
2003-06-03,0.2863689045936395
2003-06-04,0.2872739192062367
2003-06-05,0.2871088339222614
2003-06-06,0.287191134751773
2003-06-09,0.2870262877442273
2003-06-10,0.286614946619217
2003-06-11,0.2871913536498937
2003-06-12,0.287521509167842
2003-06-13,0.2884336879432624
2003-06-17,0.2878525
2003-06-18,0.288101252236136
2003-06-19,0.2881842857142857
2003-06-20,0.2880185383244207
2003-06-23,0.2877698924731183
2003-06-24,0.2876870036101083
2003-06-25,0.2875216606498195
2003-06-26,0.2879354838709677
2003-06-27,0.2876869009584664
2003-06-30,0.2884339285714286
2003-07-01,0.2883507142857143
2003-07-02,0.2883507142857143
2003-07-03,0.288350626118068
2003-07-04,0.288350626118068
2003-07-07,0.2881012567324955
2003-07-08,0.2879354954954955
2003-07-10,0.2880184581976113
2003-07-11,0.2880184782608696
2003-07-14,0.2881014440433213
2003-07-15,0.288184476534296
2003-07-16,0.2881845323741007
2003-07-17,0.2881845878136201
2003-07-18,0.2881014285714285
2003-07-21,0.2880185714285714
2003-07-22,0.2881014388489208
2003-07-23,0.288018345323741
2003-07-24,0.2879355871886121
2003-07-25,0.2879354609929078
2003-07-28,0.287852557319224
2003-07-29,0.2880182776801406
2003-07-30,0.2880185886402754
2003-07-31,0.2879356164383561
2003-08-01,0.2880183673469388
2003-08-04,0.2877698815566836
2003-08-05,0.2874388415672912
2003-08-06,0.2871911111111111
2003-08-07,0.2872737201365187
2003-08-08,0.2870262978142076
2003-08-11,0.2871087478559176
2003-08-12,0.2870265517241379
2003-08-13,0.2869441941074523
2003-08-14,0.2873564766839378
2003-08-15,0.2873564766839378
2003-08-19,0.2872737642585551
2003-08-20,0.287273756432247
2003-08-21,0.287191186440678
2003-08-22,0.2872738983050847
2003-08-25,0.2872738461538461
2003-08-26,0.2874387755102041
2003-08-27,0.2874388513513513
2003-08-28,0.2874389830508474
2003-08-29,0.2873562246278755
2003-09-01,0.2873564189189189
2003-09-02,0.2871912751677852
2003-09-03,0.2870265100671141
2003-09-04,0.2870263870094722
2003-09-05,0.2871088737201365
2003-09-08,0.287191156462585
2003-09-09,0.2872738095238095
2003-09-10,0.2876041595635868
2003-09-11,0.2874389655172414
2003-09-12,0.2874389655172414
2003-09-15,0.2875214532871972
2003-09-16,0.2875214236351071
2003-09-17,0.2876041237113402
2003-09-18,0.287521649484536
2003-09-19,0.2876041237113402
2003-09-22,0.2873562822719449
2003-09-23,0.2871913793103448
2003-09-24,0.2871086505190311
2003-09-25,0.2870262521588946
2003-09-26,0.2872736660929432
2003-09-29,0.2871089347079038
2003-09-30,0.2871087478559176
2003-10-01,0.2871087779690189
2003-10-02,0.2871911157024793
2003-10-03,0.2872738301559792
2003-10-06,0.2872738386308068
2003-10-07,0.2872739296902192
2003-10-08,0.2872737136856843
2003-10-09,0.2872737843551797
2003-10-10,0.2873562367864694
2003-10-14,0.2874388438491363
2003-10-15,0.2874390845070422
2003-10-16,0.2873562126011967
2003-10-17,0.2874390158172232
2003-10-20,0.2874388791593695
2003-10-21,0.2875214035087719
2003-10-22,0.2876042105263157
2003-10-23,0.2876869290231904
2003-10-24,0.2877697183098592
2003-10-27,0.2876042253521126
2003-10-28,0.2877698245614035
2003-10-29,0.288184588441331
2003-10-30,0.2880184668989547
2003-10-31,0.287935427574171
2003-11-03,0.2878525394045534
2003-11-04,0.2878525394045534
2003-11-05,0.2876868651488616
2003-11-07,0.2873561643835616
2003-11-10,0.2873564912280701
2003-11-11,0.2873562937062937
2003-11-12,0.2875215411558669
2003-11-13,0.2876869109947644
2003-11-14,0.2876871080139372
2003-11-17,0.2877696335078534
2003-11-18,0.2876869109947644
2003-11-19,0.2873561739130434
2003-11-20,0.28735625
2003-11-21,0.2875214532871972
2003-11-24,0.2875215740421125
2003-11-25,0.2873561643835616
2003-11-26,0.2873563758389262
2003-11-27,0.2873561551433389
2003-11-28,0.2873561872909699
2003-12-01,0.2875214765100671
2003-12-02,0.2875216806722689
2003-12-03,0.2876043771043771
2003-12-04,0.2876868686868686
2003-12-05,0.2876870151770658
2003-12-09,0.2876044217687075
2003-12-10,0.287687074829932
2003-12-11,0.2878525423728813
2003-12-12,0.2878525532634427
2003-12-15,0.287935494765282
2003-12-16,0.2881843613077182
2003-12-17,0.288101282916948
2003-12-18,0.2881013809363422
2003-12-19,0.2887670262980444
2003-12-22,0.2888503378378378
2003-12-23,0.2886834629692256
2003-12-24,0.2886834459459459
2003-12-26,0.2883505084745763
2003-12-29,0.2882675050985724
2003-12-30,0.2883505962521294
2003-12-31,0.2888505119453924
2004-01-02,0.2886835616438356
2004-01-05,0.2888503472222222
2004-01-06,0.2889336823734729
2004-01-07,0.2891007966747488
2004-01-08,0.2892679806362379
2004-01-09,0.2892681660899653
2004-01-12,0.2891008787346221
2004-01-13,0.2889336823734729
2004-01-14,0.2894354782608695
2004-01-15,0.2895193717277486
2004-01-16,0.2896032627559875
2004-01-19,0.2896031195840555
2004-01-20,0.2889339785689596
2004-01-21,0.2886835051546391
2004-01-22,0.2878525043177893
2004-01-23,0.2881013745704467
2004-01-26,0.2881013745704467
2004-01-27,0.2867795329670329
2004-01-28,0.2867794520547945
2004-01-29,0.2847381436314363
2004-01-30,0.2856325136612022
2004-02-02,0.2853880341880342
2004-02-03,0.2861230402181322
2004-02-04,0.2868617057424397
2004-02-05,0.286205076142132
2004-02-06,0.2863688663282572
2004-02-09,0.2866149914821124
2004-02-10,0.2870265758091993
2004-02-11,0.2868615646258504
2004-02-12,0.286697166268351
2004-02-13,0.2864510273972602
2004-02-16,0.2864509938313914
2004-02-17,0.2877697300990775
2004-02-18,0.2881014986376022
2004-02-19,0.287935604770017
2004-02-20,0.2878525597269624
2004-02-23,0.287769757098871
2004-02-24,0.2879355502228317
2004-02-25,0.2878525991792066
2004-02-26,0.2878524590163934
2004-02-27,0.2879353404036948
2004-03-01,0.2880184931506849
2004-03-02,0.2879356164383561
2004-03-03,0.2878525773195876
2004-03-04,0.2877698358413132
2004-03-05,0.2878525093888699
2004-03-08,0.2883506139154161
2004-03-09,0.2885171939477304
2004-03-10,0.288433904109589
2004-03-11,0.2884339169241332
2004-03-12,0.2891845626072041
2004-03-15,0.2889339298004129
2004-03-16,0.2886835748792271
2004-03-17,0.2884338184338184
2004-03-18,0.2896872185659854
2004-03-19,0.2889339130434782
2004-03-22,0.2891845778087927
2004-03-23,0.2894354333449355
2004-03-24,0.2892679874869656
2004-03-25,0.2889339360222531
2004-03-26,0.2890173611111111
2004-03-29,0.2891010101010101
2004-03-30,0.2890174825174825
2004-03-31,0.2890174825174825
2004-04-01,0.289017229254571
2004-04-02,0.2892680701754386
2004-04-06,0.289184424778761
2004-04-07,0.2889339992864788
2004-04-12,0.2888505338078291
2004-04-13,0.2887669626998224
2004-04-14,0.2885170697012802
2004-04-15,0.2885170333569907
2004-04-16,0.2886836879432624
2004-04-19,0.2885171559957552
2004-04-20,0.2883507225942897
2004-04-21,0.2882674377847879
2004-04-22,0.2881014998256017
2004-04-23,0.2874388791593695
2004-04-26,0.2870264830508475
2004-04-27,0.287026436376454
2004-04-28,0.2871914446002805
2004-04-29,0.2869440167949615
2004-04-30,0.2871088028169014
2004-05-03,0.2866971929824561
2004-05-04,0.2871912587412587
2004-05-05,0.2871912072575017
2004-05-06,0.2869439834024896
2004-05-07,0.2866150684931507
2004-05-10,0.2862868403015764
2004-05-11,0.2870264877880977
2004-05-12,0.2867794871794872
2004-05-13,0.2868617858364694
2004-05-14,0.2871087779690189
2004-05-17,0.2871914089347079
2004-05-18,0.2871912624699002
2004-05-19,0.2871087031303749
2004-05-20,0.2865328813559322
2004-05-21,0.2866972570267525
2004-05-24,0.2862050590219224
2004-05-26,0.2864507089804186
2004-05-27,0.2867794612794612
2004-05-28,0.2866973373778227
2004-05-31,0.2866972972972973
2004-06-01,0.2866972972972973
2004-06-02,0.2867793267596056
2004-06-03,0.2868618598382749
2004-06-04,0.2868618598382749
2004-06-07,0.2868616627398182
2004-06-08,0.2873563955450556
2004-06-09,0.2878111486486486
2004-06-10,0.2874389750505731
2004-06-11,0.2876871000336813
2004-06-14,0.2873563955450556
2004-06-15,0.2876869918699187
2004-06-16,0.287604399323181
2004-06-17,0.2878527027027027
2004-06-18,0.2881014150943396
2004-06-22,0.2882675675675676
2004-06-23,0.288267414203194
2004-06-24,0.2883091279267051
2004-06-25,0.288350592216582
2004-06-28,0.2881015177065767
2004-06-29,0.2881014834794335
2004-06-30,0.2881014198782961
2004-07-01,0.2883506097560976
2004-07-02,0.2883505084745763
2004-07-05,0.2883507817811012
2004-07-06,0.2886003401360544
2004-07-07,0.2889338310145911
2004-07-08,0.2890172413793103
2004-07-12,0.2902758970886933
2004-07-13,0.2908666892808684
2004-07-14,0.2910360054347826
2004-07-15,0.2909514266304348
2004-07-16,0.2913751274209989
2004-07-19,0.2923120759837178
2004-07-20,0.2924832146490336
2004-07-21,0.2921415509651202
2004-07-22,0.2922268424611223
2004-07-23,0.2925685877991237
2004-07-26,0.2920560967416862
2004-07-27,0.2918002689979825
2004-07-28,0.2922268907563025
2004-07-29,0.2922096774193548
2004-07-30,0.2926543624161074
2004-08-02,0.2932551054569802
2004-08-03,0.2935995995995996
2004-08-04,0.292397554527429
2004-08-05,0.2929114379084967
2004-08-06,0.2932552287581699
2004-08-09,0.293513201320132
2004-08-10,0.2934272456082201
2004-08-11,0.2936856198347107
2004-08-12,0.2933413014608234
2004-08-13,0.2934185737976783
2004-08-17,0.2938582337317397
2004-08-18,0.2956829349269588
2004-08-19,0.2959454787234042
2004-08-20,0.2958580923894982
2004-08-23,0.2958580923894982
2004-08-24,0.2957266042780748
2004-08-25,0.2960330992978937
2004-08-26,0.2974420073113991
2004-08-27,0.2973533909574468
2004-08-30,0.297618889258397
2004-08-31,0.2980627293960627
2004-09-01,0.2966919746919746
2004-09-02,0.2967358427714857
2004-09-03,0.2953336670003337
2004-09-06,0.2953338903743315
2004-09-07,0.2964719438877755
2004-09-08,0.2970886666666666
2004-09-09,0.2970003331112592
2004-09-10,0.2969119893723015
2004-09-13,0.2978848848848849
2004-09-14,0.2985073627844712
2004-09-15,0.2987750167897918
2004-09-16,0.2987749163879599
2004-09-17,0.2984183946488294
2004-09-20,0.2984182242990654
2004-09-21,0.2984184420772304
2004-09-22,0.2984183639398998
2004-09-23,0.2988643954575818
2004-09-24,0.2989536048064085
2004-09-27,0.2983293253173013
2004-09-28,0.2986857429718875
2004-09-29,0.2994011394101877
2004-09-30,0.2993116403891312
2004-10-01,0.29985
2004-10-04,0.2999400269541779
2004-10-05,0.2998500336247478
2004-10-06,0.3001201615617637
2004-10-07,0.3006613987895091
2004-10-08,0.3007520215633423
2004-10-12,0.3007517682721455
2004-10-13,0.3018411843876177
2004-10-14,0.3007519327731092
2004-10-15,0.3012954468802698
2004-10-18,0.3018412859560067
2004-10-19,0.3014773801485482
2004-10-20,0.3014773648648648
2004-10-21,0.301841108857336
2004-10-22,0.3022059419311276
2004-10-25,0.3019322776280324
2004-10-26,0.3008422468886647
2004-10-27,0.3012049125168237
2004-10-28,0.3009328859060403
2004-10-29,0.3003905723905724
2004-11-01,0.3008423711687437
2004-11-02,0.3012955698342915
2004-11-03,0.3017502534640081
2004-11-04,0.3019233367105707
2004-11-05,0.3020236326806211
2004-11-08,0.3019778076664425
2004-11-09,0.3023432132030987
2004-11-10,0.3023888888888889
2004-11-11,0.3023889450623525
2004-11-12,0.3027091216216216
2004-11-15,0.3027551642397562
2004-11-16,0.3028926151761518
2004-11-17,0.3025262440354465
2004-11-18,0.302297619047619
2004-11-19,0.301932427843803
2004-11-22,0.3019322033898305
2004-11-23,0.301841156462585
2004-11-24,0.3021148878314071
2004-11-25,0.3021148487937479
2004-11-26,0.3025719143148589
2004-11-29,0.302663503896984
2004-11-30,0.3025259762308999
2004-12-01,0.3030302309782609
2004-12-02,0.3028466216216216
2004-12-03,0.3032139737991267
2004-12-06,0.3033061976549414
2004-12-07,0.3032599059771658
2004-12-09,0.3033061155913978
2004-12-10,0.3039513096037609
2004-12-13,0.3050642232683254
2004-12-14,0.3059976510067114
2004-12-15,0.3065604838709677
2004-12-16,0.3060913348946136
2004-12-17,0.3060913058073179
2004-12-20,0.3059038461538462
2004-12-21,0.3065604988203572
2004-12-22,0.306278677462888
2004-12-23,0.3059038591740013
2004-12-24,0.3059038266169996
2004-12-27,0.3059040864572779
2004-12-28,0.3049710924369748
2004-12-29,0.3048781470292044
2004-12-30,0.3050174789915966
2004-12-31,0.3046921785834172
2005-01-03,0.3042749326145552
2005-01-04,0.3053433490884537
2005-01-05,0.3054367003367003
2005-01-06,0.3055300067430883
2005-01-07,0.3053434343434343
2005-01-10,0.3056233153638814
2005-01-11,0.3059040864572779
2005-01-12,0.3063724957555178
2005-01-13,0.3065604770017036
2005-01-14,0.3067484683458135
2005-01-17,0.3067484641638225
2005-01-18,0.3063724889342867
2005-01-19,0.3061848453958545
2005-01-20,0.3059976230899831
2005-01-21,0.3061848453958545
2005-01-24,0.306091374019775
2005-01-25,0.3061848049281314
2005-01-26,0.3066543463381245
2005-01-27,0.3067484620642515
2005-01-28,0.3071253843525794
2005-01-31,0.3066542407660739
2005-02-01,0.3065135042735043
2005-02-02,0.306748376068376
2005-02-03,0.3068425735797399
2005-02-04,0.306983904109589
2005-02-07,0.3064193216855087
2005-02-08,0.306748455730954
2005-02-09,0.3069367480233757
2005-02-10,0.3069368565545641
2005-02-11,0.3069367914805908
2005-02-14,0.3069367045063639
2005-02-15,0.3068426308539945
2005-02-16,0.3069367657221838
2005-02-17,0.3069838209982788
2005-02-18,0.3067483716146726
2005-02-21,0.3067483693786474
2005-02-22,0.307031132398221
2005-02-23,0.3070310051107325
2005-02-24,0.307125340599455
2005-02-25,0.307078284547311
2005-02-28,0.3071252552756977
2005-03-01,0.3069837177747626
2005-03-02,0.3066543794386203
2005-03-03,0.3066544715447155
2005-03-04,0.3067953694245829
2005-03-07,0.3068426621160409
2005-03-08,0.3069368816103718
2005-03-09,0.3069369031377899
2005-03-10,0.3069369246505284
2005-03-11,0.3070308536167295
2005-03-14,0.3072195205479452
2005-03-15,0.3069366221308667
2005-03-16,0.3068424657534246
2005-03-17,0.3068427004797807
2005-03-18,0.3067483716146726
2005-03-21,0.3069369214946863
2005-03-22,0.3068426657506011
2005-03-23,0.306748455730954
2005-03-28,0.3065602327173169
2005-03-29,0.306654570352619
2005-03-30,0.3067486301369863
2005-03-31,0.3067956804936579
2005-04-01,0.3067485440219253
2005-04-04,0.3068427543679342
2005-04-05,0.3068898043254377
2005-04-06,0.3069366172924561
2005-04-07,0.3069367219917012
2005-04-08,0.3068425414364641
2005-04-11,0.3067484429065744
2005-04-12,0.3068425605536332
2005-04-13,0.3068426536992011
2005-04-14,0.306936678200692
2005-04-15,0.3069368965517242
2005-04-18,0.3070310130944176
2005-04-19,0.3069369400413508
2005-04-20,0.3070310344827586
2005-04-21,0.3072197726489838
2005-04-22,0.3072196551724138
2005-04-25,0.3075029300241296
2005-04-26,0.3071253020365896
2005-04-27,0.3070310344827586
2005-04-28,0.3070309384668271
2005-04-29,0.307219587628866
2005-05-02,0.3072196551724138
2005-05-03,0.307031066620642
2005-05-04,0.3070310773480663
2005-05-05,0.307031066620642
2005-05-06,0.3072197309417041
2005-05-09,0.3073139896373056
2005-05-10,0.3072194953335638
2005-05-11,0.3072196132596685
2005-05-12,0.3073140981340704
2005-05-13,0.3073139896373056
2005-05-16,0.3072669902912621
2005-05-17,0.3075031185031184
2005-05-18,0.3072668052668053
2005-05-19,0.3074086655112652
2005-05-20,0.3073141669553169
2005-05-23,0.3072668052668053
2005-05-24,0.3073045738045738
2005-05-26,0.3072197573656846
2005-05-27,0.3072856152512998
2005-05-30,0.3072857142857143
2005-05-31,0.307380159556018
2005-06-01,0.3073139293139293
2005-06-02,0.3073140381282496
2005-06-03,0.3073140981340704
2005-06-06,0.3073139896373056
2005-06-07,0.3073140981340704
2005-06-08,0.3074084944751381
2005-06-09,0.3075975820379965
2005-06-10,0.3076922544951591
2005-06-13,0.3075975694444444
2005-06-14,0.3076923076923076
2005-06-15,0.3076451164407369
2005-06-16,0.3075977731384829
2005-06-17,0.3075974930362117
2005-06-21,0.3075029627047751
2005-06-22,0.3075031402651779
2005-06-23,0.3073140668523677
2005-06-24,0.3073802083333333
2005-06-27,0.3074084458290066
2005-06-28,0.3074084312370421
2005-06-29,0.3073613126079447
2005-06-30,0.3074083824038794
2005-07-01,0.3075502425502425
2005-07-04,0.3075504332755633
2005-07-05,0.3075218295218295
2005-07-06,0.3075977091287747
2005-07-07,0.3077870048644892
2005-07-08,0.3077208086441269
2005-07-11,0.3076924686192469
2005-07-12,0.3075029585798816
2005-07-13,0.3074935517601951
2005-07-14,0.307550279329609
2005-07-15,0.3075029689137268
2005-07-18,0.3074085195530726
2005-07-19,0.307503144654088
2005-07-20,0.3074559748427673
2005-07-21,0.3075029709891646
2005-07-22,0.3075029689137268
2005-07-25,0.307361285814116
2005-07-26,0.3073141160027952
2005-07-27,0.3074369982547992
2005-07-28,0.307408662242403
2005-07-29,0.3074085983921705
2005-08-01,0.3075031468531468
2005-08-02,0.3074085344526058
2005-08-03,0.3073895104895105
2005-08-04,0.3075029689137268
2005-08-05,0.3074652705061081
2005-08-08,0.3075029627047751
2005-08-09,0.3075029585798816
2005-08-10,0.3075029565217391
2005-08-11,0.3075029544664581
2005-08-12,0.3074086021505376
2005-08-16,0.3075031163434903
2005-08-17,0.3076923608710681
2005-08-18,0.3076451501553331
2005-08-19,0.3076924664602683
2005-08-22,0.3072198142414861
2005-08-23,0.3071251719394773
2005-08-24,0.307030959752322
2005-08-25,0.3075975232198142
2005-08-26,0.305436919903747
2005-08-29,0.3040439409543426
2005-08-30,0.3055769230769231
2005-08-31,0.3055767777396084
2005-09-01,0.3049711340206185
2005-09-02,0.3028467353951889
2005-09-05,0.3028469212246302
2005-09-06,0.3032139662882697
2005-09-07,0.3039514629948365
2005-09-08,0.3036284435261708
2005-09-09,0.3043211954654757
2005-09-12,0.3045995886184436
2005-09-13,0.3041363480644056
2005-09-14,0.3040438506337787
2005-09-15,0.3035823610157858
2005-09-16,0.302892476812092
2005-09-19,0.3029845413947097
2005-09-20,0.3030761839396019
2005-09-21,0.3024804392587508
2005-09-22,0.3012503434065934
2005-09-23,0.3019323024054983
2005-09-26,0.3014773195876288
2005-09-27,0.301086941580756
2005-09-28,0.2996703259005145
2005-09-29,0.2989982847341338
2005-09-30,0.2992666666666667
2005-10-03,0.2987304915778618
2005-10-04,0.2985075497597804
2005-10-05,0.2973534040369484
2005-10-06,0.2961209540034071
2005-10-07,0.2970003404834865
2005-10-11,0.2950724441435342
2005-10-12,0.2947244519392917
2005-10-13,0.294811327077748
2005-10-14,0.2947243352406597
2005-10-17,0.2957706298416975
2005-10-18,0.2952030986864264
2005-10-19,0.2948113017154389
2005-10-20,0.2952028839704896
2005-10-21,0.2951156941649899
2005-10-24,0.2947243116185359
2005-10-25,0.2948982597054886
2005-10-26,0.2954211403801267
2005-10-27,0.2957703777335984
2005-10-28,0.2961207296849087
2005-10-31,0.2963840772818121
2005-11-01,0.2964719251336898
2005-11-02,0.2974862692565305
2005-11-03,0.2978849765258216
2005-11-04,0.2978407109322602
2005-11-07,0.2981513622603431
2005-11-08,0.2978849139385757
2005-11-09,0.2972650724149545
2005-11-10,0.2979737373737374
2005-11-11,0.2979737108190091
2005-11-14,0.2973092748735245
2005-11-15,0.2974420731707317
2005-11-16,0.2975305084745762
2005-11-17,0.2969561671763506
2005-11-18,0.2955083248386
2005-11-21,0.2952027900646478
2005-11-22,0.2950723259762309
2005-11-23,0.2951159322033898
2005-11-24,0.2951156968876861
2005-11-25,0.2945506563446651
2005-11-28,0.2933411371237458
2005-11-29,0.2927399193548387
2005-11-30,0.2932552258934592
2005-12-01,0.2930402955003358
2005-12-02,0.2933411606843341
2005-12-05,0.2933410981697171
2005-12-06,0.2933840507173841
2005-12-07,0.2933840240641711
2005-12-09,0.2935134596211366
2005-12-12,0.2908666224286662
2005-12-13,0.2912902796271638
2005-12-14,0.2907821881254169
2005-12-15,0.2906975124378109
2005-12-16,0.2909090609555189
2005-12-19,0.2907821487603306
2005-12-20,0.2909090309822017
2005-12-21,0.2906976590834157
2005-12-22,0.2933840555739331
2005-12-23,0.2935994045650016
2005-12-26,0.2935994035785288
2005-12-27,0.2926115321252059
2005-12-28,0.2922009868421052
2005-12-29,0.2917577557755775
2005-12-30,0.2915451846965699
2006-01-02,0.2915452145214521
2006-01-03,0.291630348913759
2006-01-04,0.2915027969726884
2006-01-05,0.2908245901639344
2006-01-06,0.2906130718954248
2006-01-09,0.2905287206266318
2006-01-10,0.290360157016683
2006-01-11,0.2906722386102917
2006-01-12,0.2902757486015137
2006-01-13,0.289603294892916
2006-01-16,0.289603294892916
2006-01-17,0.2935994747209455
2006-01-18,0.297221056083962
2006-01-19,0.2979737360472751
2006-01-20,0.298106978275181
2006-01-23,0.2985964450296248
2006-01-24,0.3002551860388541
2006-01-25,0.2990429508196721
2006-01-26,0.3012047759241086
2006-01-27,0.3015227347072293
2006-01-30,0.3026177719699445
2006-01-31,0.3015681669928245
2006-02-01,0.3022059973924381
2006-02-02,0.3022518735744542
2006-02-03,0.3043677861102054
2006-02-06,0.3044141414141414
2006-02-07,0.3049245283018868
2006-02-08,0.3046458333333333
2006-02-09,0.3043212654924984
2006-02-10,0.3041548744701662
2006-02-13,0.3044604105571847
2006-02-14,0.3039697167046564
2006-02-15,0.30413611201563
2006-02-16,0.3046459080534724
2006-02-17,0.3045531290743155
2006-02-20,0.3045531637312459
2006-02-21,0.3046921824104235
2006-02-22,0.3046921575008135
2006-02-23,0.3046922576447625
2006-02-24,0.3046923577235772
2006-02-27,0.304460487804878
2006-02-28,0.3036284970722186
2006-03-01,0.3021147327249022
2006-03-02,0.2992667101402021
2006-03-03,0.3016771884152294
2006-03-06,0.3006613584660383
2006-03-07,0.299939935064935
2006-03-08,0.2998501459617255
2006-03-09,0.3005711968861498
2006-03-10,0.3006615833874108
2006-03-13,0.2994012987012986
2006-03-14,0.2997152145643693
2006-03-15,0.3000299479166666
2006-03-16,0.3013410348193947
2006-03-17,0.2998499837292548
2006-03-20,0.2986411841249187
2006-03-21,0.2985966167859467
2006-03-22,0.2992666666666666
2006-03-23,0.2973091912958752
2006-03-27,0.2989536166072007
2006-03-28,0.300210253082414
2006-03-29,0.2993116883116883
2006-03-30,0.2983739045764362
2006-03-31,0.2983737832576249
2006-04-03,0.2969562398703403
2006-04-04,0.2972650016217969
2006-04-05,0.2965600649350649
2006-04-06,0.2973536862617733
2006-04-07,0.2975303472898409
2006-04-10,0.3025718922427783
2006-04-11,0.299043223919402
2006-04-12,0.3012046783625731
2006-04-17,0.3022974642392718
2006-04-18,0.3022061889250814
2006-04-19,0.3019325293350717
2006-04-20,0.3019323308270676
2006-04-21,0.3017502451781628
2006-04-24,0.3011142106990482
2006-04-25,0.3018411706675435
2006-04-26,0.3015682790391576
2006-04-27,0.3010233245729303
2006-04-28,0.3030301837270341
2006-05-02,0.3028926108374384
2006-05-03,0.3029385272846811
2006-05-04,0.3040437356132851
2006-05-05,0.3039513317987504
2006-05-08,0.3046921052631579
2006-05-09,0.3045994738572838
2006-05-10,0.3051572368421053
2006-05-11,0.3049709953856295
2006-05-12,0.3052503293807642
2006-05-15,0.3052502466293982
2006-05-16,0.3062787639710717
2006-05-17,0.3071253280839895
2006-05-18,0.3068425016371971
2006-05-19,0.3070310863874345
2006-05-22,0.3063723958333333
2006-05-23,0.3068424479166666
2006-05-24,0.3063724853990915
2006-05-26,0.3067483808290155
2006-05-29,0.305064023399415
2006-05-30,0.303214054404145
2006-05-31,0.3033980551053484
2006-06-01,0.3059974025974026
2006-06-02,0.3061848002598246
2006-06-05,0.307787012987013
2006-06-06,0.3069367499189101
2006-06-07,0.3068426346528228
2006-06-08,0.3066545572494323
2006-06-09,0.3068426346528228
2006-06-12,0.3065605322947095
2006-06-13,0.3063726889393448
2006-06-14,0.306372523546606
2006-06-15,0.3063724025974026
2006-06-16,0.3064663851899967
2006-06-20,0.3064665367121508
2006-06-21,0.3063726829268293
2006-06-22,0.306372644574399
2006-06-23,0.3057169750081143
2006-06-26,0.3061850291639663
2006-06-27,0.3060912621359223
2006-06-28,0.3067483808290155
2006-06-29,0.3065602331606217
2006-06-30,0.306748541801685
2006-07-03,0.3068424635332253
2006-07-04,0.3068424635332253
2006-07-05,0.3071253644314868
2006-07-06,0.3080716137394685
2006-07-07,0.3085466623460791
2006-07-10,0.3087372002592353
2006-07-11,0.3088326848249027
2006-07-12,0.3087372688939345
2006-07-13,0.3087373540856031
2006-07-14,0.3087372688939345
2006-07-17,0.3087371836469825
2006-07-18,0.3087371836469825
2006-07-19,0.3085466060409224
2006-07-20,0.3087371836469825
2006-07-21,0.3085467229072031
2006-07-24,0.3085467532467532
2006-07-25,0.308737166991553
2006-07-26,0.3087371502927781
2006-07-27,0.3085466363340916
2006-07-28,0.3085944101397465
2006-07-31,0.3086419270833333
2006-08-01,0.3085467274503419
2006-08-02,0.3085467274503419
2006-08-03,0.3085469055374593
2006-08-04,0.3088325187357445
2006-08-07,0.3089280598958333
2006-08-08,0.3099814453125
2006-08-09,0.3098853046594982
2006-08-10,0.3098853046594982
2006-08-11,0.3097893194399218
2006-08-14,0.3099814634146341
2006-08-15,0.3099814935064935
2006-08-16,0.3100774235523748
2006-08-17,0.3100775974025974
2006-08-18,0.3098854639844257
2006-08-22,0.3085467229072031
2006-08-23,0.3092145171743357
2006-08-24,0.3091188856494979
2006-08-25,0.3087373868046572
2006-08-28,0.3081662899580239
2006-08-29,0.3082613893376413
2006-08-30,0.3091191475621569
2006-08-31,0.308832741362609
2006-09-01,0.308546834625323
2006-09-04,0.3085468648998061
2006-09-05,0.3084515816655907
2006-09-06,0.3082613599742185
2006-09-07,0.3082613746369796
2006-09-08,0.3081663979361496
2006-09-11,0.3077869803416049
2006-09-12,0.3076923076923076
2006-09-13,0.307314212052852
2006-09-14,0.3075977419354838
2006-09-15,0.3084515816655907
2006-09-18,0.308166559070368
2006-09-19,0.3081662899580239
2006-09-20,0.3080713363460297
2006-09-21,0.3078818973862536
2006-09-22,0.3077870280735721
2006-09-25,0.3076922580645161
2006-09-26,0.3078816892327531
2006-09-27,0.3075976789168279
2006-09-28,0.3074085051546392
2006-09-29,0.3078817654639175
2006-10-02,0.3078817273606187
2006-10-03,0.3080715206185567
2006-10-04,0.3077871175523349
2006-10-05,0.3078818035426731
2006-10-06,0.3079764971023825
2006-10-09,0.3079764971023825
2006-10-10,0.3081663984551013
2006-10-11,0.3082614294913071
2006-10-12,0.3081665592783505
2006-10-13,0.3081662906864325
2006-10-17,0.3083564516129032
2006-10-18,0.3083565189259139
2006-10-19,0.3087371317578504
2006-10-20,0.3095016181229773
2006-10-23,0.3105588996763754
2006-10-24,0.3103663430420712
2006-10-25,0.3099812479793081
2006-10-26,0.3099815474263516
2006-10-27,0.310655462184874
2006-10-30,0.3109453781512605
2006-10-31,0.3115263839430236
2006-11-01,0.310945254292193
2006-11-02,0.3114294518326305
2006-11-03,0.3108485241647745
2006-11-07,0.3108485537861553
2006-11-08,0.3110420332355816
2006-11-09,0.3108487614080834
2006-11-10,0.3108487614080834
2006-11-13,0.3107519505851755
2006-11-14,0.3099814453125
2006-11-15,0.309501629726206
2006-11-16,0.3099814271749755
2006-11-17,0.3099814573845153
2006-11-20,0.3099814694408322
2006-11-21,0.3096935064935065
2006-11-22,0.3099814513504718
2006-11-23,0.3099814392705959
2006-11-24,0.3101736585365853
2006-11-27,0.3100776478232618
2006-11-28,0.3101738141650422
2006-11-29,0.3103662979830839
2006-11-30,0.3103663624511082
2006-12-01,0.3110421293272371
2006-12-04,0.3109454248366013
2006-12-05,0.3113325695581014
2006-12-06,0.3113323519790644
2006-12-07,0.3115264879005887
2006-12-11,0.3115264705882353
2006-12-12,0.3115265225933202
2006-12-13,0.3115265052356021
2006-12-14,0.3117207325049052
2006-12-15,0.3123048740595355
2006-12-18,0.3121099116781158
2006-12-19,0.3123047743623283
2006-12-20,0.3125976408912189
2006-12-21,0.3127933070866142
2006-12-22,0.3127931372549019
2006-12-26,0.3125977198697068
2006-12-27,0.3128910923276983
2006-12-28,0.3129889322916666
2006-12-29,0.3132831482691052
2007-01-02,0.3132831916285153
2007-01-03,0.3133814972213141
2007-01-04,0.3133815104166667
2007-01-05,0.3132833008447043
2007-01-08,0.3134795321637427
2007-01-09,0.3133814466428803
2007-01-10,0.3130869847452125
2007-01-11,0.3133814935064935
2007-01-12,0.3134797143784485
2007-01-15,0.3134797012016888
2007-01-16,0.3136762987012987
2007-01-17,0.3136761935693407
2007-01-18,0.3137748215444517
2007-01-19,0.3135777705767985
2007-01-22,0.3136763565891473
2007-01-23,0.3133815364751453
2007-01-24,0.3131850775193798
2007-01-25,0.3129890251775339
2007-01-26,0.3127933032839665
2007-01-29,0.3124025096525096
2007-01-30,0.3127933698101062
2007-01-31,0.3127933698101062
2007-02-01,0.3129890428617466
2007-02-02,0.3131852210390448
2007-02-05,0.3131849822752175
2007-02-06,0.3133813668600902
2007-02-07,0.3136763378465506
2007-02-08,0.3135777777777778
2007-02-09,0.3132833226014166
2007-02-12,0.313381443298969
2007-02-13,0.3134796905222437
2007-02-14,0.3136762427372498
2007-02-15,0.3137748387096774
2007-02-16,0.3138731078904992
2007-02-19,0.3138733483725426
2007-02-20,0.3135779639175258
2007-02-21,0.3135779137153895
2007-02-22,0.3136762242268041
2007-02-23,0.3136762242268041
2007-02-26,0.3138733483725426
2007-02-27,0.3136762334730732
2007-02-28,0.3134796774193548
2007-03-01,0.3135779786890539
2007-03-02,0.3153578606158833
2007-03-05,0.3137746615087041
2007-03-06,0.3137747341282629
2007-03-07,0.3138730670103092
2007-03-08,0.3138731078904992
2007-03-09,0.3138731487443658
2007-03-12,0.3139716403480502
2007-03-13,0.3139716220574008
2007-03-14,0.3140703679793415
2007-03-15,0.3139715945771466
2007-03-16,0.3138732666881651
2007-03-19,0.3138732258064516
2007-03-20,0.3138731848983543
2007-03-21,0.3138732258064516
2007-03-22,0.3139716037431429
2007-03-23,0.31407027724049
2007-03-26,0.3143666237113402
2007-03-27,0.3142678686413394
2007-03-28,0.3141691365979381
2007-03-29,0.3141689232753062
2007-03-30,0.3142677419354839
2007-04-03,0.3144653337633021
2007-04-04,0.3144654838709677
2007-04-09,0.3143664836938973
2007-04-10,0.314366515837104
2007-04-11,0.3144655451310255
2007-04-12,0.3143666126418152
2007-04-13,0.3144653721682848
2007-04-16,0.3145643019112407
2007-04-17,0.3147622445669802
2007-04-18,0.314663209076175
2007-04-19,0.3146632124352331
2007-04-20,0.3146632124352331
2007-04-23,0.3147622445669802
2007-04-24,0.3149607525137852
2007-04-25,0.3150103694102398
2007-04-26,0.3151590025906736
2007-04-27,0.315357928802589
2007-04-30,0.31525857605178
2007-05-02,0.3153578606158833
2007-05-03,0.3153579766536964
2007-05-04,0.3158559844307492
2007-05-07,0.3157561688311688
2007-05-08,0.3160555194805194
2007-05-09,0.3159558298148749
2007-05-10,0.3158558909444985
2007-05-11,0.3155568181818182
2007-05-14,0.3156565951916829
2007-05-15,0.3161553966189857
2007-05-16,0.3161556711082223
2007-05-17,0.3164556097560975
2007-05-18,0.3171582196231319
2007-05-21,0.3160556097560975
2007-05-22,0.3161556205328135
2007-05-23,0.3158559844307492
2007-05-24,0.3155570687418936
2007-05-28,0.3155569250729808
2007-05-29,0.3151590392729633
2007-05-30,0.3149607142857142
2007-05-31,0.3150597985050374
2007-06-01,0.3153578399479506
2007-06-04,0.3155569661458333
2007-06-05,0.3155570360740981
2007-06-06,0.3154574122236671
2007-06-07,0.3150597985050374
2007-06-08,0.3152584525357607
2007-06-11,0.3154575609756097
2007-06-12,0.3152586206896552
2007-06-13,0.3153578399479506
2007-06-14,0.3154573567708333
2007-06-15,0.3156564835879103
2007-06-19,0.31575634352635
2007-06-20,0.3158561221175706
2007-06-21,0.3156567164179105
2007-06-22,0.3154574951330305
2007-06-25,0.3153579766536964
2007-06-26,0.3154572538860103
2007-06-27,0.3155571012617276
2007-06-28,0.3157563106796116
2007-06-29,0.3159557064338829
2007-07-02,0.3158560336460692
2007-07-03,0.3158560336460692
2007-07-04,0.3158560802069857
2007-07-05,0.3159558491782146
2007-07-06,0.3160557165861514
2007-07-10,0.3166561392201095
2007-07-11,0.3166562399226056
2007-07-12,0.316656129032258
2007-07-13,0.316656129032258
2007-07-16,0.3165559496936472
2007-07-17,0.3166562399226056
2007-07-18,0.316756443298969
2007-07-19,0.31665625
2007-07-20,0.3168567307692307
2007-07-23,0.3168566858605246
2007-07-24,0.3168566455696202
2007-07-25,0.3166559748427673
2007-07-26,0.3159557042702358
2007-07-27,0.3161555484284798
2007-07-30,0.3162554417413572
2007-07-31,0.316455623197693
2007-08-01,0.3167564634535589
2007-08-02,0.3166561504142766
2007-08-03,0.3167063694267515
2007-08-06,0.3168566878980891
2007-08-07,0.3171582298631009
2007-08-08,0.3175611235237791
2007-08-09,0.3173595291123131
2007-08-10,0.3159558449809402
2007-08-13,0.3177630407124682
2007-08-14,0.317914521766762
2007-08-15,0.318066307106599
2007-08-16,0.3178841772151898
2007-08-17,0.3171581115335868
2007-08-21,0.3155569620253164
2007-08-22,0.3161556186868687
2007-08-23,0.3160556954059156
2007-08-24,0.3161555205047319
2007-08-27,0.3162555205047318
2007-08-28,0.3159557522123893
2007-08-29,0.315955766192733
2007-08-30,0.3159556681443952
2007-08-31,0.3163555133079848
2007-09-03,0.3163554712207463
2007-09-04,0.3163554502369668
2007-09-05,0.316055625790139
2007-09-06,0.316055625790139
2007-09-07,0.3163554712207463
2007-09-10,0.3163554922443811
2007-09-11,0.3171582459485224
2007-09-12,0.31725884603124
2007-09-13,0.3183698498882146
2007-09-14,0.3185728402932738
2007-09-17,0.318674322169059
2007-09-18,0.3194888392857142
2007-09-19,0.3202050463110827
2007-09-20,0.3206156787762906
2007-09-21,0.3214400635930047
2007-09-24,0.3211303656597774
2007-09-25,0.3214401016841436
2007-09-26,0.3222687420584498
2007-09-27,0.3229974603174603
2007-09-28,0.3242542857142857
2007-10-01,0.3267973959987297
2007-10-02,0.3299240787801779
2007-10-03,0.3306877181847033
2007-10-04,0.3311258320126783
2007-10-05,0.3313453738910012
2007-10-08,0.3313453624564736
2007-10-09,0.3315649699652229
2007-10-10,0.3315649556400507
2007-10-11,0.3321156527249683
2007-10-12,0.3315650934431422
2007-10-16,0.3311259493670885
2007-10-17,0.3312353685542549
2007-10-18,0.3311258697027198
2007-10-19,0.3311258299083149
2007-10-22,0.3311259072262543
2007-10-23,0.3314550898203592
2007-10-24,0.3312356086819755
2007-10-25,0.3315649575338156
2007-10-26,0.3317849258908861
2007-10-29,0.332336395312005
2007-10-30,0.3334444091486658
2007-10-31,0.333466581795035
2007-11-01,0.3334444444444444
2007-11-02,0.3338341323106424
2007-11-05,0.3330778806255984
2007-11-07,0.3330003198976327
2007-11-08,0.3336335463258786
2007-11-09,0.3342134867369767
2007-11-12,0.334213282247765
2007-11-13,0.3343362041467305
2007-11-14,0.333968030690537
2007-11-15,0.3338898847631242
2007-11-16,0.3338339719029374
2007-11-19,0.3337782747603834
2007-11-20,0.3336669859514687
2007-11-21,0.3330557502389296
2007-11-22,0.3330557147405285
2007-11-23,0.3323916640152721
2007-11-26,0.3316748329621381
2007-11-27,0.3324466666666666
2007-11-28,0.3336446490949508
2007-11-29,0.3334221728081321
2007-11-30,0.3337561208267091
2007-12-03,0.3335890410958904
2007-12-04,0.3337783801020408
2007-12-05,0.3350083014048531
2007-12-06,0.3357507977026165
2007-12-07,0.3378377947737412
2007-12-10,0.3362476099426386
2007-12-11,0.3370974832749283
2007-12-12,0.3367002230009557
2007-12-13,0.3361343093570973
2007-12-14,0.3363039465308721
2007-12-17,0.3360216560509553
2007-12-18,0.3360213579853363
2007-12-19,0.3361344189016602
2007-12-20,0.3361795280612245
2007-12-21,0.3359875835721108
2007-12-26,0.3354243002544528
2007-12-27,0.3341130517624642
2007-12-28,0.3338898062877104
2007-12-31,0.333666878374087
2008-01-02,0.33579586645469
2008-01-03,0.3372680674944285
2008-01-04,0.3370974522292994
2008-01-07,0.3369272959183673
2008-01-08,0.3380319488817891
2008-01-09,0.3379520613614573
2008-01-10,0.3381233620965164
2008-01-11,0.3418804347826086
2008-01-14,0.3434893210073318
2008-01-15,0.3416466093600764
2008-01-16,0.3394434202161475
2008-01-17,0.3390980952380952
2008-01-18,0.3400203045685279
2008-01-21,0.3400202659911336
2008-01-22,0.3400202724105163
2008-01-23,0.3394433185560481
2008-01-24,0.3404833491912464
2008-01-25,0.3410641269841269
2008-01-28,0.3409479530307839
2008-01-29,0.3408315355329949
2008-01-30,0.3409477186311787
2008-01-31,0.3411222292590247
2008-02-01,0.3416116043119848
2008-02-04,0.3416466117796073
2008-02-05,0.3419971554993679
2008-02-06,0.3424657620700536
2008-02-07,0.3432887346165983
2008-02-08,0.3438788261281161
2008-02-11,0.3436426767676767
2008-02-12,0.3443526249209361
2008-02-13,0.3447088086185044
2008-02-14,0.3449939797211659
2008-02-15,0.3444712971772914
2008-02-18,0.3444712971772914
2008-02-19,0.3451252377932783
2008-02-20,0.3449466835925103
2008-02-21,0.3451726436052047
2008-02-22,0.345184668989547
2008-02-25,0.3453872704243191
2008-02-26,0.345542576764799
2008-02-27,0.3458891703609879
2008-02-28,0.3460209059233449
2008-02-29,0.3466203732995887
2008-03-03,0.3466204495093384
2008-03-04,0.3474633682207422
2008-03-05,0.348553616751269
2008-03-06,0.3502628408370323
2008-03-07,0.3523608998732572
2008-03-10,0.3538571880937302
2008-03-11,0.3562522208121828
2008-03-12,0.3561253172588832
2008-03-13,0.3558719822109275
2008-03-14,0.3560874125874126
2008-03-17,0.3558719822109275
2008-03-18,0.3566333015570385
2008-03-19,0.3581019955654101
2008-03-25,0.358937697659709
2008-03-26,0.361102240454402
2008-03-27,0.3639011058451817
2008-03-28,0.3653636938646427
2008-03-31,0.3642588383838384
2008-04-01,0.3662602523659306
2008-04-03,0.3712642225031605
2008-04-04,0.3714296553904521
2008-04-07,0.3711538461538461
2008-04-08,0.3715261158594492
2008-04-09,0.3700962329851218
2008-04-10,0.3681885297845373
2008-04-11,0.3661661909292737
2008-04-14,0.3673769816106531
2008-04-15,0.3700550458715596
2008-04-16,0.3691399241945673
2008-04-17,0.3683240857503152
2008-04-18,0.3663003154574132
2008-04-21,0.3597122641509434
2008-04-22,0.3552397862979258
2008-04-23,0.3599063187676831
2008-04-24,0.3591953517587939
2008-04-25,0.3538569628229364
2008-04-28,0.3533568726355611
2008-04-29,0.3498582254499526
2008-04-30,0.3531074589127686
2008-05-02,0.3588086380832282
2008-05-05,0.3592599243856332
2008-05-06,0.3590018885741265
2008-05-07,0.3633721733668341
2008-05-08,0.3625816808309726
2008-05-09,0.3633720491029273
2008-05-12,0.3621614730878187
2008-05-13,0.3615330173775671
2008-05-14,0.361925387290547
2008-05-15,0.361336918696615
2008-05-16,0.3620432294977749
2008-05-19,0.3590663702762782
2008-05-20,0.3556187898089172
2008-05-21,0.3569770188317906
2008-05-22,0.3527335673261008
2008-05-23,0.3512469687300574
2008-05-26,0.3512469764481222
2008-05-27,0.3492838874680307
2008-05-28,0.3486749037227214
2008-05-29,0.3503484410157505
2008-05-30,0.3502626653759277
2008-06-02,0.3502627146096533
2008-06-03,0.3539823989569752
2008-06-04,0.3553659726740403
2008-06-05,0.35893760209082
2008-06-06,0.3561887222946545
2008-06-09,0.3527336814621409
2008-06-10,0.3495037520391517
2008-06-11,0.3444710878797778
2008-06-12,0.3459010809040288
2008-06-13,0.3474273026315789
2008-06-17,0.3471861614497528
2008-06-18,0.3462602965403624
2008-06-19,0.3430530303030303
2008-06-20,0.3419973632168754
2008-06-23,0.3409479960251739
2008-06-24,0.337951923076923
2008-06-25,0.337837972166998
2008-06-26,0.3380664023785927
2008-06-27,0.3369272967614012
2008-06-30,0.3379520661157025
2008-07-01,0.3378378557246856
2008-07-02,0.3390403973509934
2008-07-03,0.3452443857331572
2008-07-04,0.3452442167878388
2008-07-07,0.3508402386476632
2008-07-08,0.3546728599867286
2008-07-10,0.3559986746189529
2008-07-11,0.3535317670416942
2008-07-14,0.3546729497354497
2008-07-15,0.354484126984127
2008-07-16,0.3538193527080581
2008-07-17,0.3524227588488257
2008-07-18,0.3518650347337082
2008-07-21,0.3522367724867725
2008-07-22,0.3518650347337082
2008-07-23,0.3530450629555998
2008-07-24,0.3535694398409015
2008-07-25,0.3555808482438701
2008-07-28,0.3533443708609271
2008-07-29,0.3535943801652892
2008-07-30,0.3541953073364177
2008-07-31,0.3560239816031537
2008-08-01,0.3576538461538461
2008-08-04,0.3608805134957208
2008-08-05,0.3590664036817882
2008-08-06,0.3587700394218134
2008-08-07,0.3555808992451592
2008-08-08,0.3505081913499344
2008-08-11,0.3428180019782394
2008-08-12,0.3425830039525691
2008-08-13,0.3401940594059406
2008-08-14,0.3411805876526906
2008-08-15,0.3405415841584158
2008-08-19,0.3430531704095112
2008-08-20,0.3441747027741083
2008-08-21,0.3443527272727272
2008-08-22,0.3430532231404958
2008-08-25,0.3404834765366821
2008-08-26,0.3384897554527429
2008-08-27,0.3384093161546085
2008-08-28,0.3380664023785927
2008-08-29,0.3388108910891089
2008-09-01,0.3388107661822985
2008-09-02,0.3379177090190915
2008-09-03,0.3376098123147843
2008-09-04,0.3370408163265306
2008-09-05,0.3368930921052631
2008-09-08,0.3365868852459016
2008-09-09,0.3363604841347726
2008-09-10,0.3369271307742355
2008-09-11,0.3364737012987012
2008-09-12,0.3378036988968202
2008-09-15,0.3364735989633948
2008-09-16,0.3363605815831987
2008-09-17,0.3362473429951691
2008-09-18,0.3363606925296569
2008-09-19,0.3386041733547351
2008-09-22,0.3404254838709677
2008-09-23,0.3387534688609229
2008-09-24,0.3381806181584031
2008-09-25,0.3386042402826855
2008-09-26,0.3365869704749679
2008-09-29,0.33545798588839
2008-09-30,0.3357393939393939
2008-10-01,0.3355705169112954
2008-10-02,0.3330003180661577
2008-10-03,0.3329449715370019
2008-10-06,0.3273321864247732
2008-10-07,0.3210273716951788
2008-10-08,0.3338898541731306
2008-10-09,0.3225806251934385
2008-10-10,0.3225806451612903
2008-10-14,0.3281917293233082
2008-10-15,0.3242542213883677
2008-10-16,0.3259450858034321
2008-10-17,0.322372738238842
2008-10-20,0.3280841092489137
2008-10-21,0.3246751790719402
2008-10-22,0.3231017685386286
2008-10-23,0.3231016897081413
2008-10-24,0.3220613178767541
2008-10-27,0.3221130303030303
2008-10-28,0.3220611638954869
2008-10-29,0.3242543026706231
2008-10-30,0.3236245199409158
2008-10-31,0.324254132231405
2008-11-03,0.3253091231178034
2008-11-04,0.3256267884322679
2008-11-05,0.3253090634441087
2008-11-07,0.3240441487753251
2008-11-10,0.322009393939394
2008-11-11,0.322009393939394
2008-11-12,0.3222686838124055
2008-11-13,0.3216468277945619
2008-11-14,0.3231016898008449
2008-11-17,0.322372738238842
2008-11-18,0.3224766636555254
2008-11-19,0.3220613165013526
2008-11-20,0.3224767197356563
2008-11-21,0.3224767476747674
2008-11-24,0.3237817745803357
2008-11-25,0.3235197604790419
2008-11-26,0.3234151732377539
2008-11-27,0.3234151785714286
2008-11-28,0.3229973317521494
2008-12-01,0.3224765001477978
2008-12-02,0.3215432862190813
2008-12-03,0.3206157230859489
2008-12-04,0.3208213767063607
2008-12-05,0.3207182814302192
2008-12-09,0.3209243085880641
2008-12-10,0.3212336749633968
2008-12-11,0.3220612903225806
2008-12-12,0.3212334209757523
2008-12-15,0.3227888888888889
2008-12-16,0.3239391534391534
2008-12-17,0.3256266901822457
2008-12-18,0.3236246696035242
2008-12-19,0.3220611826697892
2008-12-22,0.3208213138686132
2008-12-23,0.3192847990681421
2008-12-24,0.3179144104803493
2008-12-26,0.3178639534883721
2008-12-29,0.318877503628447
2008-12-30,0.3186743916570104
2008-12-31,0.3187758470894874
2009-01-02,0.3191318681318681
2009-01-05,0.3185728774268327
2009-01-06,0.3192846799884158
2009-01-07,0.3184712011577423
2009-01-08,0.3186742028985507
2009-01-09,0.3188776456944042
2009-01-12,0.3159057697883444
2009-01-13,0.3178640973630831
2009-01-14,0.3174604462474645
2009-01-15,0.3176620330147697
2009-01-16,0.317662037037037
2009-01-19,0.317662037037037
2009-01-20,0.3164557803468208
2009-01-21,0.3171582132564841
2009-01-22,0.316856690647482
2009-01-23,0.3162555331991951
2009-01-26,0.3165558747486354
2009-01-27,0.3162554535017221
2009-01-28,0.3162554472477064
2009-01-29,0.3157560975609756
2009-01-30,0.3146634174311926
2009-02-02,0.3125978229733601
2009-02-03,0.310752
2009-02-04,0.3089280183538858
2009-02-05,0.3083565691336776
2009-02-06,0.3114779116465863
2009-02-09,0.3107519357613995
2009-02-10,0.310077497129736
2009-02-11,0.3090234957020057
2009-02-12,0.3098854196505299
2009-02-13,0.3096933638443936
2009-02-16,0.3096934515298827
2009-02-17,0.3080713470319635
2009-02-18,0.3091475783475783
2009-02-19,0.3079765138653084
2009-02-20,0.307692198982476
2009-02-23,0.3078819052987598
2009-02-24,0.3079766460326393
2009-02-25,0.308356399437412
2009-02-26,0.3084516582349635
2009-02-27,0.3077774039809363
2009-03-02,0.3077775617883921
2009-03-03,0.3069368595956798
2009-03-04,0.3078817025981205
2009-03-05,0.3074086140254004
2009-03-06,0.3092145414486367
2009-03-09,0.3109452845751993
2009-03-10,0.3142678031344514
2009-03-11,0.3148613399231191
2009-03-12,0.3148614920460779
2009-03-13,0.3151591780821918
2009-03-16,0.3191320340378809
2009-03-17,0.3184205043859648
2009-03-18,0.3181673960612691
2009-03-19,0.3225807070430255
2009-03-20,0.3207183483729833
2009-03-23,0.3203074003795066
2009-03-25,0.3191830260303687
2009-03-26,0.3204615592853276
2009-03-27,0.3189792787944026
2009-03-30,0.3159558783965563
2009-03-31,0.3166561827956989
2009-04-01,0.3177933728448275
2009-04-03,0.3211819166215484
2009-04-06,0.3223726183995645
2009-04-07,0.3212438758845944
2009-04-08,0.321388360076149
2009-04-13,0.3246752717391304
2009-04-14,0.3228931484502447
2009-04-15,0.3242227359260266
2009-04-16,0.3252033161185105
2009-04-17,0.3250130293159609
2009-04-20,0.3228931959880726
2009-04-21,0.3242543336944745
2009-04-22,0.3242226731601731
2009-04-23,0.32456992155802
2009-04-24,0.3289472545307005
2009-04-27,0.3265839632829374
2009-04-28,0.3285691603875134
2009-04-29,0.3318951894651975
2009-04-30,0.3350083467959074
2009-05-04,0.3362473612990528
2009-05-05,0.3365869153825358
2009-05-06,0.3378377795742388
2009-05-07,0.3381690405804891
2009-05-08,0.3387188927707605
2009-05-11,0.3364736559139785
2009-05-12,0.3339790378930395
2009-05-13,0.3270110067114093
2009-05-14,0.3314550576871478
2009-05-15,0.3305785944206008
2009-05-18,0.3320493694660585
2009-05-19,0.3329337446351931
2009-05-20,0.3348065380493033
2009-05-21,0.3338340471092076
2009-05-22,0.333055659620016
2009-05-26,0.3329117411072479
2009-05-27,0.3325573989831415
2009-05-28,0.3326680021367521
2009-05-29,0.3350645505468124
2009-06-01,0.3368704939919892
2009-06-02,0.3372682340368688
2009-06-03,0.3357959401709401
2009-06-04,0.3371317125300561
2009-06-05,0.33734788394996
2009-06-08,0.335120510774142
2009-06-09,0.3357393617021277
2009-06-10,0.3353454787234042
2009-06-11,0.3359085106382978
2009-06-12,0.3367003188097768
2009-06-16,0.3345600106213489
2009-06-17,0.3337783382001593
2009-06-18,0.334671974522293
2009-06-19,0.3351205298013245
2009-06-22,0.3300330600370272
2009-06-23,0.3327788030582652
2009-06-24,0.3307972046413502
2009-06-25,0.3314550724637681
2009-06-26,0.3327788309636651
2009-06-29,0.3334
2009-06-30,0.3321156175928364
2009-07-01,0.3318952355883127
2009-07-02,0.3317850565640621
2009-07-03,0.3313452537470418
2009-07-06,0.3312684722587431
2009-07-07,0.3315650459921156
2009-07-08,0.330360031512605
2009-07-13,0.3307426470588235
2009-07-14,0.3307971623751971
2009-07-15,0.3320052534804308
2009-07-16,0.3319500919359075
2009-07-17,0.332280987394958
2009-07-20,0.3315648634453781
2009-07-21,0.3316200105042017
2009-07-22,0.3323363970588235
2009-07-23,0.3341129201680672
2009-07-24,0.3339233394591756
2009-07-27,0.3344034120734908
2009-07-28,0.3346047182175622
2009-07-29,0.334840219665272
2009-07-30,0.3352329589971272
2009-07-31,0.3350083550913838
2009-08-03,0.3368136434918975
2009-08-04,0.3384093643735286
2009-08-05,0.3397892810457515
2009-08-06,0.3389485101934135
2009-08-07,0.34118055918474
2009-08-10,0.3404834160355184
2009-08-11,0.3397893500391543
2009-08-12,0.3416468440271257
2009-08-13,0.3410059942663539
2009-08-14,0.3396739583333333
2009-08-18,0.3384095163806552
2009-08-19,0.3377237525987526
2009-08-20,0.3380090932709794
2009-08-21,0.3386386074305014
2009-08-24,0.3375184415584416
2009-08-25,0.337951948051948
2009-08-26,0.3381806133056133
2009-08-27,0.3395584719334719
2009-08-28,0.3409477922077922
2009-08-31,0.3387533108283562
2009-09-01,0.3386387516254876
2009-09-02,0.3390980239209568
2009-09-03,0.339789391575663
2009-09-04,0.3419389134390434
2009-09-07,0.341938685372824
2009-09-08,0.3427005972474681
2009-09-09,0.3417636222106902
2009-09-10,0.3417635608616662
2009-09-11,0.342348469122989
2009-09-14,0.3424656428943258
2009-09-15,0.3437606369094231
2009-09-16,0.3451967084639498
2009-09-17,0.3448275052192067
2009-09-18,0.3459010158895546
2009-09-21,0.3451845672575599
2009-09-22,0.3450656763096169
2009-09-23,0.3481287464164712
2009-09-24,0.3477052384675527
2009-09-25,0.3472824387701928
2009-09-28,0.3468609737047644
2009-09-29,0.3462604735883424
2009-09-30,0.3471017434296123
2009-10-01,0.3456620707596254
2009-10-02,0.3473428720083246
2009-10-05,0.3490401041666667
2009-10-06,0.3491619718309859
2009-10-07,0.3489183620239958
2009-10-08,0.3492838507696321
2009-10-09,0.3497848002089318
2009-10-13,0.3500175163398693
2009-10-14,0.3498338566195709
2009-10-15,0.3505082482325216
2009-10-16,0.3504590421355666
2009-10-19,0.3505941915227629
2009-10-20,0.3502627584401989
2009-10-21,0.3502627584401989
2009-10-22,0.3490400313971742
2009-10-23,0.3483107329842932
2009-10-26,0.3467405759162303
2009-10-27,0.345065445026178
2009-10-28,0.3441157068062827
2009-10-29,0.3460206806282722
2009-10-30,0.3437606703325477
2009-11-02,0.3447088242995548
2009-11-03,0.344127553693033
2009-11-04,0.3451846516500785
2009-11-05,0.3453515850144091
2009-11-09,0.3465002620545073
2009-11-10,0.3465003931847968
2009-11-11,0.3465003933910306
2009-11-12,0.347463555322496
2009-11-13,0.3483106974305191
2009-11-16,0.349161992136304
2009-11-17,0.3487357105401154
2009-11-18,0.3495280839895013
2009-11-19,0.347947146989219
2009-11-20,0.3471015789473684
2009-11-23,0.3478260068439063
2009-11-24,0.3467406628090478
2009-11-25,0.3468608992900342
2009-11-26,0.3468610089332632
2009-11-27,0.3467406143344709
2009-11-30,0.3474030438205195
2009-12-01,0.3479470094438615
2009-12-02,0.3474030438205195
2009-12-03,0.3480682593856655
2009-12-04,0.3484320987654321
2009-12-07,0.3491619348054679
2009-12-09,0.3477051855751513
2009-12-10,0.3485535385424887
2009-12-11,0.3475842755719169
2009-12-14,0.3483106796116505
2009-12-15,0.3483106796116505
2009-12-16,0.3485535433070866
2009-12-17,0.3470413612565445
2009-12-18,0.3468610018358248
2009-12-21,0.3470414915966386
2009-12-22,0.3467405263157895
2009-12-23,0.3469812911725955
2009-12-24,0.346981276371308
2009-12-28,0.3467407212424322
2009-12-29,0.3462605173765352
2009-12-30,0.3460207894736842
2009-12-31,0.3463802631578948
2010-01-04,0.3475842548709847
2010-01-05,0.3481895235588313
2010-01-06,0.3488574803149606
2010-01-07,0.3491620553359684
2010-01-08,0.3507540810953133
2010-01-11,0.3512098049551924
2010-01-12,0.3511852925672113
2010-01-13,0.3513086647353173
2010-01-14,0.3511851461680274
2010-01-15,0.3503853041875164
2010-01-18,0.3503853645696235
2010-01-19,0.350409892133649
2010-01-20,0.3505696635120925
2010-01-21,0.3507909663865546
2010-01-22,0.3505697399527187
2010-01-25,0.3506311087756175
2010-01-26,0.3503854221289984
2010-01-27,0.3493450445726271
2010-01-28,0.3496504320502749
2010-01-29,0.3500174706649283
2010-02-01,0.3505696037539103
2010-02-02,0.3509386743215031
2010-02-03,0.3506924882629108
2010-02-04,0.3495891694871127
2010-02-05,0.3489182291666667
2010-02-08,0.3483712574850299
2010-02-09,0.3493450429352068
2010-02-10,0.3500174161684429
2010-02-11,0.3508524675324675
2010-02-12,0.3505697976128697
2010-02-15,0.3502873056994818
2010-02-16,0.3510619652579725
2010-02-17,0.3510619813278008
2010-02-18,0.3508157076205287
2010-02-19,0.3506925868325557
2010-02-22,0.3510618690137199
2010-02-23,0.350569689119171
2010-02-24,0.3513580310880829
2010-02-25,0.350938844260171
2010-02-26,0.3511236071521119
2010-03-01,0.3517409904070521
2010-03-02,0.3516669260700389
2010-03-03,0.3515556420233463
2010-03-04,0.3518402489626556
2010-03-05,0.3521127235034983
2010-03-08,0.3521251619590567
2010-03-09,0.3520756084930088
2010-03-10,0.3522988595127009
2010-03-11,0.3523236589790101
2010-03-12,0.3522987046632124
2010-03-15,0.3522987315557856
2010-03-16,0.3524228379078197
2010-03-17,0.3524228379078197
2010-03-18,0.3524228379078197
2010-03-19,0.3524974120082816
2010-03-22,0.3523856107660456
2010-03-23,0.3525472186287192
2010-03-25,0.3521745539177657
2010-03-26,0.3521993793638479
2010-03-29,0.3522987348308804
2010-03-30,0.3521127741935483
2010-03-31,0.3519267663744198
2010-04-05,0.3522987883475122
2010-04-06,0.3522987113402062
2010-04-07,0.352547213622291
2010-04-08,0.352609391124871
2010-04-09,0.352547213622291
2010-04-12,0.3526714801444043
2010-04-13,0.3526715648362979
2010-04-14,0.3527585139318885
2010-04-15,0.3527959710743801
2010-04-16,0.3526963039545102
2010-04-19,0.3524229974160207
2010-04-20,0.3524600878326014
2010-04-21,0.3518028933092224
2010-04-22,0.3516791526737277
2010-04-23,0.351802944214876
2010-04-26,0.351555641621482
2010-04-27,0.3514321815368746
2010-04-28,0.3511852615305334
2010-04-29,0.3516793716198815
2010-04-30,0.3511851851851851
2010-05-03,0.3516792695473251
2010-05-04,0.3512469833119384
2010-05-05,0.3510002567394095
2010-05-06,0.3505943517329909
2010-05-07,0.3506926829268292
2010-05-10,0.3515555840821566
2010-05-11,0.3518649897330595
2010-05-12,0.3522988446726572
2010-05-13,0.3525720154043645
2010-05-14,0.3522614831921991
2010-05-17,0.3518029720727645
2010-05-18,0.3520506523407521
2010-05-19,0.3514938556067588
2010-05-20,0.3513085787451985
2010-05-21,0.3518028673835125
2010-05-26,0.3510618767578624
2010-05-27,0.3511237218813906
2010-05-28,0.3513086734693877
2010-05-31,0.351518452532451
2010-06-01,0.3516175572519083
2010-06-02,0.351432101910828
2010-06-03,0.3514321428571428
2010-06-04,0.3507540774719674
2010-06-07,0.3510619581845997
2010-06-08,0.351185137895812
2010-06-09,0.3513086545825887
2010-06-10,0.3514319979586629
2010-06-11,0.3514937547795055
2010-06-14,0.3516793173713703
2010-06-15,0.352174732552216
2010-06-16,0.3522987773815588
2010-06-17,0.3529205298013245
2010-06-18,0.3535443199184921
2010-06-22,0.3538569610587936
2010-06-23,0.3538571428571428
2010-06-24,0.3537944020356234
2010-06-25,0.3539196337741607
2010-06-28,0.3541075514874142
2010-06-29,0.3541075788402848
2010-06-30,0.3539196133299415
2010-07-01,0.3540450038138825
2010-07-02,0.3540449923741738
2010-07-05,0.3542457433290978
2010-07-06,0.354220584498094
2010-07-07,0.3542957317073171
2010-07-08,0.354258064516129
2010-07-12,0.3542957317073171
2010-07-13,0.3544214539908489
2010-07-14,0.3551766649720386
2010-07-15,0.3544841168996188
2010-07-16,0.3541075241484494
2010-07-19,0.3541702668360864
2010-07-20,0.3540449923741738
2010-07-21,0.3539822064056939
2010-07-22,0.3542957782299085
2010-07-23,0.3541704400915798
2010-07-26,0.3541703967446592
2010-07-27,0.3542959572845156
2010-07-28,0.3543209656925031
2010-07-29,0.3542959105918212
2010-07-30,0.3546098984771573
2010-08-02,0.3550126968004062
2010-08-03,0.3558085917641077
2010-08-04,0.356951690821256
2010-08-05,0.3570790744978388
2010-08-06,0.3569516785350967
2010-08-09,0.3570152594099695
2010-08-10,0.3563157894736842
2010-08-11,0.3564428063040162
2010-08-12,0.356442664632596
2010-08-13,0.3565443681667938
2010-08-17,0.3571428571428571
2010-08-18,0.357551575203252
2010-08-19,0.3572067564135128
2010-08-20,0.3572067039106145
2010-08-23,0.3573343488194973
2010-08-24,0.3574619482496194
2010-08-25,0.3574621039290241
2010-08-26,0.3577177991886409
2010-08-27,0.357270537525355
2010-08-30,0.3573982278481012
2010-08-31,0.3575258227848101
2010-09-01,0.3579098734177214
2010-09-02,0.3575259690904484
2010-09-03,0.3576537389100127
2010-09-06,0.3579738843813387
2010-09-07,0.3577177603242969
2010-09-08,0.3579738976178409
2010-09-09,0.3581662864385297
2010-09-10,0.3583586818757921
2010-09-13,0.3588731003039513
2010-09-14,0.3588088123575589
2010-09-15,0.3587443037974683
2010-09-16,0.3586158521144594
2010-09-17,0.3583586433814224
2010-09-20,0.3579739240506329
2010-09-21,0.3583586433814224
2010-09-22,0.3584870951417004
2010-09-23,0.3586799898811029
2010-09-24,0.3588088383838383
2010-09-27,0.3585771845882649
2010-09-28,0.3586156556758117
2010-09-29,0.3588216448032291
2010-09-30,0.3589247474747475
2010-10-01,0.358551375915173
2010-10-04,0.3584871212121212
2010-10-05,0.3588087417887822
2010-10-06,0.3582944444444444
2010-10-07,0.3584871147043961
2010-10-08,0.3586157735085946
2010-10-12,0.3588730720606827
2010-10-13,0.3587444331983805
2010-10-14,0.3584229989868288
2010-10-15,0.3578457648546144
2010-10-18,0.3579739504299443
2010-10-19,0.3578584786454384
2010-10-20,0.3583587670540677
2010-10-21,0.357909802930773
2010-10-22,0.3579739635995955
2010-10-25,0.3581021491782553
2010-10-26,0.3578458817584638
2010-10-28,0.3575898407884761
2010-10-29,0.3574874905231235
2010-11-01,0.3573341752967921
2010-11-02,0.357909802930773
2010-11-03,0.3578458428102097
2010-11-04,0.357909825713564
2010-11-05,0.3580378979282466
2010-11-08,0.3578074690890739
2010-11-09,0.3572705704189803
2010-11-10,0.357462004544307
2010-11-11,0.3570790005047955
2010-11-12,0.3566970996216898
2010-11-15,0.3564680100755667
2010-11-16,0.3558084570853259
2010-11-17,0.3560619179461364
2010-11-18,0.3563156305059149
2010-11-19,0.3563793103448275
2010-11-23,0.3558084570853259
2010-11-24,0.3560873395419079
2010-11-25,0.3557074213836478
2010-11-26,0.3550128140703518
2010-11-29,0.3536692597239649
2010-11-30,0.3529205115346038
2010-12-01,0.3537943760984182
2010-12-02,0.3539447236180905
2010-12-03,0.3543712921065862
2010-12-06,0.3543961789844143
2010-12-07,0.3548614881850176
2010-12-09,0.3541704802615036
2010-12-10,0.3536694339622642
2010-12-13,0.3540450541152781
2010-12-14,0.3549245093105183
2010-12-15,0.354861600402617
2010-12-16,0.3552145911949685
2010-12-17,0.3553029693004529
2010-12-20,0.3559479114242576
2010-12-21,0.3563156305059149
2010-12-22,0.3569516616314199
2010-12-23,0.3573343388637506
2010-12-27,0.3569515562248996
2010-12-28,0.356569706103994
2010-12-29,0.3565062845651081
2010-12-30,0.3562522635814889
2010-12-31,0.356341046277666
2011-01-03,0.3570281902844198
2011-01-04,0.356824314120312
2011-01-05,0.3569516616314199
2011-01-06,0.3567988418932528
2011-01-07,0.3566334841628959
2011-01-10,0.356989944695827
2011-01-11,0.3574620412267471
2011-01-12,0.3584871730382294
2011-01-13,0.3590020120724346
2011-01-14,0.3586799899446958
2011-01-17,0.3588087459160592
2011-01-18,0.359130805925182
2011-01-19,0.3602955059000753
2011-01-20,0.360555360281195
2011-01-21,0.3606854130052724
2011-01-24,0.360711417816813
2011-01-25,0.3606852130325814
2011-01-26,0.3607764411027568
2011-01-27,0.3609717146433041
2011-01-28,0.36055536115971
2011-01-31,0.3612717065868264
2011-02-01,0.3613369917685208
2011-02-02,0.361598207617625
2011-02-03,0.3613369863013699
2011-02-04,0.3613890963405526
2011-02-07,0.3615981587459567
2011-02-08,0.3613238735374657
2011-02-09,0.3612063729151107
2011-02-10,0.3614676616915423
2011-02-11,0.361689706613625
2011-02-14,0.3614675615212528
2011-02-15,0.3609455900621118
2011-02-16,0.3613370618941089
2011-02-17,0.3614674453280318
2011-02-18,0.3614414906832298
2011-02-21,0.3606852035749752
2011-02-22,0.3597770605759682
2011-02-23,0.3587443534375776
2011-02-24,0.3599064051638531
2011-02-25,0.3601136758500868
2011-02-28,0.3604253101736973
2011-03-01,0.3600620193500373
2011-03-02,0.3607503722084367
2011-03-03,0.360945644080417
2011-03-04,0.3611151364764268
2011-03-09,0.3613238284155715
2011-03-10,0.3613892334408335
2011-03-11,0.3612063058589871
2011-03-14,0.3613370563415239
2011-03-15,0.3612064947942489
2011-03-16,0.360945765230312
2011-03-17,0.3612716018816539
2011-03-18,0.3614023273087398
2011-03-21,0.3596476119772333
2011-03-22,0.3595183077684315
2011-03-23,0.3600618505690253
2011-03-28,0.3555556379821958
2011-03-29,0.3553407462317766
2011-03-30,0.356061975308642
2011-03-31,0.3566970892945239
2011-04-01,0.3562523433645782
2011-04-04,0.3558084896347482
2011-04-05,0.3560619141588554
2011-04-06,0.3556820424272323
2011-04-07,0.3565697014557118
2011-04-08,0.3570153086419753
2011-04-11,0.3567987654320988
2011-04-12,0.3558717632552404
2011-04-13,0.3540448496796451
2011-04-14,0.354358495205311
2011-04-15,0.3542958230958231
2011-04-18,0.3544842906234659
2011-04-19,0.3541702649656526
2011-04-20,0.3549119882324099
2011-04-25,0.354232974032337
2011-04-26,0.3536692797648212
2011-04-27,0.3526714810281517
2011-04-28,0.3547985294117647
2011-04-29,0.353794362745098
2011-05-02,0.3542206423142927
2011-05-03,0.3534818538499264
2011-05-04,0.3544214268202991
2011-05-05,0.3556821078431372
2011-05-06,0.3581661357510414
2011-05-09,0.3580379715825575
2011-05-10,0.3582302792748653
2011-05-11,0.357589762429586
2011-05-12,0.3605553650171484
2011-05-13,0.3620565760470242
2011-05-16,0.3625159157688541
2011-05-17,0.3623713586291309
2011-05-18,0.3632400881057268
2011-05-19,0.3632400293613897
2011-05-20,0.3627131669114047
2011-05-23,0.3631081477856619
2011-05-24,0.363372001957905
2011-05-26,0.3639936368086148
2011-05-27,0.3632400881057268
2011-05-30,0.3633060176125244
2011-05-31,0.3611281173594132
2011-06-01,0.3595827830765468
2011-06-02,0.3627657701711491
2011-06-03,0.3619122249388753
2011-06-06,0.3586158357771261
2011-06-07,0.3589374389051809
2011-06-08,0.3605031769305963
2011-06-09,0.3620434888834595
2011-06-10,0.3618599706744868
2011-06-13,0.3619909579667644
2011-06-14,0.3623845590031761
2011-06-15,0.3617552515876893
2011-06-16,0.362253297508549
2011-06-17,0.3622532356532357
2011-06-21,0.3630422157149829
2011-06-22,0.3629236399121737
2011-06-23,0.3624501097828739
2011-06-24,0.3623056097560975
2011-06-27,0.362318868844466
2011-06-28,0.3629105750487329
2011-06-29,0.363174209245742
2011-06-30,0.3637024330900243
2011-07-01,0.3639009732360097
2011-07-04,0.3639407047387606
2011-07-05,0.3635570942662779
2011-07-06,0.3640998057309373
2011-07-07,0.3639805872361077
2011-07-08,0.3641926716816306
2011-07-11,0.3644978165938864
2011-07-12,0.3646307617661329
2011-07-13,0.3648304221251819
2011-07-14,0.3647637069383794
2011-07-15,0.3647637069383794
2011-07-18,0.3650033914728682
2011-07-19,0.3654303675048356
2011-07-20,0.3650302224371373
2011-07-21,0.3656975114762019
2011-07-22,0.3656975114762019
2011-07-25,0.3654302297460701
2011-07-26,0.3655639352187576
2011-07-27,0.3653634606089898
2011-07-28,0.3651634476098503
2011-07-29,0.3652033775633293
2011-08-01,0.3644979503255365
2011-08-02,0.3643649951783992
2011-08-03,0.3646306913996627
2011-08-04,0.3652968938117024
2011-08-05,0.36488354186718
2011-08-08,0.3634381319210399
2011-08-09,0.3642059177291316
2011-08-10,0.3635703632427231
2011-08-11,0.3644979562394806
2011-08-12,0.3646308321308321
2011-08-15,0.3646308579668349
2011-08-16,0.36483041076147
2011-08-17,0.3646309095272378
2011-08-18,0.3653635274382937
2011-08-19,0.3658312589755864
2011-08-23,0.3660991873804971
2011-08-24,0.3659921165790731
2011-08-25,0.3660322580645161
2011-08-26,0.3660991873804971
2011-08-29,0.3662332855778414
2011-08-30,0.3663272943980929
2011-08-31,0.3667973809523809
2011-09-01,0.3665688920454545
2011-09-02,0.3666630176106616
2011-09-05,0.3661663498098859
2011-09-06,0.3665689163498098
2011-09-07,0.3669051580698835
2011-09-08,0.3670128510233222
2011-09-09,0.3666764216036164
2011-09-12,0.3663004281636537
2011-09-13,0.3661662702188392
2011-09-14,0.366099191246432
2011-09-15,0.3663003567181926
2011-09-16,0.3661393579072532
2011-09-19,0.3651367419738406
2011-09-20,0.3653634844868734
2011-09-21,0.3627393172594891
2011-09-22,0.3595183333333333
2011-09-23,0.361336979785969
2011-09-26,0.3606202140309155
2011-09-27,0.3617291319857312
2011-09-28,0.3608154577883471
2011-09-29,0.3610109393579072
2011-09-30,0.3606853745541022
2011-10-03,0.3603602853745541
2011-10-04,0.3601008323424494
2011-10-05,0.3615982885666746
2011-10-06,0.3636363420427553
2011-10-07,0.3642059382422802
2011-10-11,0.3662600332462598
2011-10-12,0.3672151507955354
2011-10-13,0.3669724661761215
2011-10-14,0.3677822580645161
2011-10-17,0.3636363420427553
2011-10-18,0.367268875739645
2011-10-19,0.3674443919716647
2011-10-20,0.3670399055489964
2011-10-21,0.3675794569067296
2011-10-24,0.3677823418319169
2011-10-25,0.3681614730878187
2011-10-26,0.3679853635505193
2011-10-27,0.3696038715769594
2011-10-28,0.3694808781869688
2011-10-31,0.3694534938621341
2011-11-01,0.3690037726951191
2011-11-02,0.3689628235294118
2011-11-03,0.3693035294117647
2011-11-04,0.3690037593984962
2011-11-07,0.3699593896713615
2011-11-08,0.3700962441314554
2011-11-09,0.3692352112676056
2011-11-10,0.3692080694346704
2011-11-11,0.3695491573033707
2011-11-14,0.3694126315789473
2011-11-15,0.3694808820079756
2011-11-16,0.370096311956777
2011-11-17,0.3701783364661654
2011-11-18,0.3703018557669721
2011-11-21,0.3702606857679661
2011-11-22,0.3702059168818971
2011-11-23,0.3703017140173749
2011-11-24,0.3700415200562984
2011-11-25,0.368595589960122
2011-11-29,0.3693443274853801
2011-11-30,0.3690717122167718
2011-12-01,0.3690716954694068
2011-12-02,0.370576231613355
2011-12-05,0.3707137190853943
2011-12-06,0.3706449275362319
2011-12-07,0.3707823749415615
2011-12-12,0.3705763028745034
2011-12-13,0.3690581911661603
2011-12-14,0.3706449427703807
2011-12-15,0.371016106442577
2011-12-16,0.3708235431235431
2011-12-19,0.3707272727272727
2011-12-20,0.3704252096924511
2011-12-21,0.3710850419384902
2011-12-22,0.3711125349487418
2011-12-23,0.3711815004659832
2011-12-27,0.370782456956724
2011-12-28,0.370782456956724
2011-12-29,0.3716918429003021
2011-12-30,0.3708647769516728
2012-01-03,0.3710025557620817
2012-01-04,0.3710299581978634
2012-01-05,0.3710712131755973
2012-01-06,0.3712916377113736
2012-01-09,0.371691933240612
2012-01-10,0.371443542777649
2012-01-11,0.3713469387755101
2012-01-12,0.3713745361781075
2012-01-13,0.3710851113172542
2012-01-16,0.3712228399351401
2012-01-17,0.371264242704956
2012-01-18,0.3712229166666666
2012-01-19,0.3713469104373987
2012-01-20,0.3713331020124912
2012-01-23,0.3715951940850276
2012-01-24,0.3715401476695893
2012-01-25,0.3713331028123559
2012-01-26,0.3716780442804427
2012-01-27,0.3716228373702422
2012-01-30,0.3718025374855824
2012-01-31,0.3717749596495273
2012-02-01,0.3718163359483157
2012-02-02,0.3718855296561273
2012-02-03,0.3717885991230094
2012-02-06,0.3719822294022616
2012-02-07,0.3719822498847395
2012-02-08,0.3721623675725472
2012-02-09,0.3720515416474919
2012-02-10,0.3724950517836594
2012-02-13,0.3723978370915785
2012-02-14,0.3726893538744539
2012-02-15,0.3724534589749482
2012-02-16,0.3727450034458994
2012-02-17,0.3726336701883325
2012-02-22,0.3730785484611851
2012-02-23,0.3730507579237482
2012-02-24,0.3733710677382318
2012-02-28,0.3732876492194674
2012-02-29,0.3735804452605003
2012-03-01,0.3738037275655775
2012-03-02,0.3736502883506344
2012-03-05,0.3735107266435986
2012-03-06,0.3737758302583026
2012-03-07,0.3740415033433248
2012-03-08,0.3736920949527541
2012-03-09,0.3747563895924476
2012-03-12,0.3746722631094756
2012-03-13,0.3747002067539628
2012-03-14,0.3746580215744778
2012-03-15,0.3740415900735294
2012-03-16,0.3742935779816513
2012-03-19,0.3744336465734585
2012-03-20,0.3743495990836197
2012-03-21,0.3744616441493015
2012-03-22,0.3751642235455795
2012-03-23,0.3746019684138247
2012-03-26,0.3746020128087832
2012-03-27,0.374953121426938
2012-03-28,0.3747283950617284
2012-03-29,0.3747283527530272
2012-03-30,0.3749531856588262
2012-04-03,0.3748829301688726
2012-04-04,0.3747844120328168
2012-04-09,0.3743216240875912
2012-04-10,0.3749390967153285
2012-04-11,0.3759116173120729
2012-04-12,0.3760953356086462
2012-04-13,0.3762935821574875
2012-04-16,0.3764069185252617
2012-04-17,0.3764209688423925
2012-04-18,0.3768607451158564
2012-04-19,0.3768465031789282
2012-04-20,0.3771450295052202
2012-04-23,0.3768606445755788
2012-04-24,0.3772160507821356
2012-04-25,0.377429768917082
2012-04-26,0.3785011327594019
2012-04-27,0.3791469323069957
2012-05-02,0.37943470402169
2012-05-03,0.3788595302619693
2012-05-04,0.3785440379403794
2012-05-07,0.3790031552851025
2012-05-08,0.3785727805317711
2012-05-09,0.377929054054054
2012-05-10,0.3774296012615454
2012-05-11,0.3766477477477477
2012-05-14,0.3750515417510691
2012-05-15,0.3746019810895993
2012-05-16,0.3745037103665392
2012-05-17,0.3748687935295439
2012-05-18,0.374307468042162
2012-05-21,0.374531914893617
2012-05-22,0.3737061324977618
2012-05-23,0.371195345714925
2012-05-24,0.3708510067114094
2012-05-28,0.3704389807778274
2012-05-29,0.3702333333333333
2012-05-30,0.3696175352270185
2012-05-31,0.3690717960187877
2012-06-01,0.3696175352270185
2012-06-04,0.3695900759946356
2012-06-05,0.3707136485280999
2012-06-06,0.372508896797153
2012-06-07,0.3733432203389831
2012-06-08,0.3732735176103433
2012-06-11,0.3726476614699331
2012-06-12,0.3735106904231625
2012-06-13,0.3736362422083704
2012-06-14,0.3747704115684093
2012-06-15,0.3762226423487544
2012-06-16,0.3829217089568423
2012-06-18,0.3779288888888888
2012-06-19,0.3793626471241394
2012-06-21,0.3770454747116238
2012-06-22,0.3772302748226951
2012-06-25,0.3757279574656624
2012-06-26,0.3754458711534204
2012-06-27,0.3751642319610447
2012-06-28,0.3751640504090205
2012-06-29,0.3751641263529932
2012-07-02,0.3768607734806629
2012-07-03,0.3785012154696132
2012-07-04,0.3779288712171416
2012-07-05,0.3776291390728477
2012-07-06,0.3782864388092613
2012-07-10,0.3803148964301454
2012-07-11,0.3797227482933274
2012-07-12,0.3803004839419269
2012-07-13,0.3810248515504729
2012-07-16,0.3814609632724873
2012-07-17,0.3817521968365553
2012-07-18,0.3817522492868115
2012-07-19,0.3817521929824561
2012-07-20,0.3794347063978966
2012-07-23,0.3788595493327499
2012-07-24,0.378644434725563
2012-07-25,0.3789315098468271
2012-07-26,0.3807348054219501
2012-07-27,0.3816065502183406
2012-07-30,0.3810248908296943
2012-07-31,0.3805753544165758
2012-08-01,0.3810976673206889
2012-08-02,0.3804450501526384
2012-08-03,0.38146110263674
2012-08-06,0.3816064895470383
2012-08-07,0.3820439608269859
2012-08-08,0.3820439321444106
2012-08-09,0.3820439130434783
2012-08-10,0.3821899587046294
2012-08-13,0.3822484256243214
2012-08-14,0.3820438558402084
2012-08-15,0.3824822048611111
2012-08-16,0.3829217089568423
2012-08-17,0.3827019064124783
2012-08-21,0.3829802944997834
2012-08-22,0.3824822357019064
2012-08-23,0.3824823478449209
2012-08-24,0.3823654054054054
2012-08-27,0.3827751134154245
2012-08-28,0.382950961330741
2012-08-29,0.3830537913156189
2012-08-30,0.3829216490394992
2012-08-31,0.3829217335058215
2012-09-03,0.3836562567305621
2012-09-04,0.3833620133362013
2012-09-05,0.3829217540842648
2012-09-06,0.3827750805585391
2012-09-07,0.3833621540441965
2012-09-10,0.3833621540441965
2012-09-11,0.3836562231759656
2012-09-12,0.3838034756490023
2012-09-13,0.3842017148981779
2012-09-14,0.3852080924855491
2012-09-17,0.3843198545143346
2012-09-18,0.3842016249732735
2012-09-19,0.3843787652211066
2012-09-20,0.3842458876308481
2012-09-21,0.384689287238583
2012-09-25,0.385044785668586
2012-09-26,0.3855793176972281
2012-09-27,0.3852821824381927
2012-09-28,0.3849708324462423
2012-10-01,0.3849114705256438
2012-10-02,0.3849410638297872
2012-10-03,0.384674463108654
2012-10-04,0.385267318317042
2012-10-05,0.3857279677213846
2012-10-09,0.3866078930617441
2012-10-10,0.3867724284199363
2012-10-11,0.3866228813559322
2012-10-12,0.3866976497988567
2012-10-15,0.387221705098371
2012-10-16,0.3868321707884168
2012-10-17,0.3876720202874049
2012-10-18,0.3876720168954592
2012-10-19,0.3876720135078091
2012-10-22,0.387822437789962
2012-10-23,0.3874467636516972
2012-10-24,0.3873717354675652
2012-10-25,0.3864734848484848
2012-10-26,0.3838034511784511
2012-10-29,0.3840983813327728
2012-10-30,0.3851337392399748
2012-10-31,0.3852822073017205
2012-11-01,0.3852079664570231
2012-11-02,0.3850597609561753
2012-11-05,0.3837593291404612
2012-11-07,0.3836561844863732
2012-11-08,0.3837151235860913
2012-11-09,0.3828484721640854
2012-11-12,0.3823360501567397
2012-11-13,0.3829510767300857
2012-11-14,0.3839509087110925
2012-11-15,0.3841720901126408
2012-11-16,0.3832885416666667
2012-11-19,0.3849411030176899
2012-11-20,0.3848373205741626
2012-11-21,0.385282184385382
2012-11-22,0.3861749948165042
2012-11-23,0.386324200913242
2012-11-27,0.3864734660033167
2012-11-28,0.3866227743271221
2012-11-29,0.3873717656799834
2012-11-30,0.387897684993799
2012-12-03,0.3875968608013218
2012-12-04,0.3873717763565091
2012-12-05,0.3875367965367965
2012-12-06,0.3878223548785509
2012-12-07,0.3884248406333538
2012-12-10,0.3884248406333538
2012-12-11,0.3888781840591618
2012-12-12,0.3894839901477833
2012-12-13,0.389241280262618
2012-12-14,0.3902134071340713
2012-12-17,0.3902287059787059
2012-12-18,0.3904724892616076
2012-12-19,0.3901676879084967
2012-12-20,0.3902438775510204
2012-12-21,0.3899090723751274
2012-12-26,0.3913128309572301
2012-12-27,0.3923877467942194
2012-12-28,0.3916192511192511
2012-12-31,0.3919263928426189
2013-01-02,0.3920030456852792
2013-01-03,0.392310736756647
2013-01-04,0.3965107592367032
2013-01-07,0.3928501318191036
2013-01-08,0.3923876723438767
2013-01-09,0.3920800243111831
2013-01-10,0.3920799757035837
2013-01-11,0.3925416835289356
2013-01-14,0.3942439911129065
2013-01-15,0.3931590220246514
2013-01-16,0.3928500404203718
2013-01-17,0.3923876767676767
2013-01-18,0.3908539688951727
2013-01-21,0.3915734167002824
2013-01-22,0.391466007665927
2013-01-23,0.3915427074939565
2013-01-24,0.3912363489824703
2013-01-25,0.3910068479355488
2013-01-28,0.3906250251458459
2013-01-29,0.3902439710610932
2013-01-30,0.3905488147850542
2013-02-01,0.3882740220661985
2013-02-04,0.388048163756773
2013-02-05,0.3882740770465489
2013-02-06,0.3879729296170042
2013-02-07,0.3876720720720721
2013-02-08,0.3875218174539631
2013-02-13,0.389029376498801
2013-02-14,0.3896356914468425
2013-02-15,0.3892564358411494
2013-02-18,0.3881987256073277
2013-02-19,0.3870718837116686
2013-02-21,0.386772320540863
2013-02-22,0.3869220675944333
2013-02-25,0.3873716726261422
2013-02-26,0.3869219928543073
2013-02-27,0.3876720238095238
2013-02-28,0.3863242172017439
2013-03-01,0.3854307783719548
2013-03-04,0.3851337554412346
2013-03-05,0.3854306901324896
2013-03-06,0.3843935981031416
2013-03-07,0.3840541181117914
2013-03-08,0.3841277393879566
2013-03-11,0.3849856157635468
2013-03-12,0.3854306813706183
2013-03-13,0.3857281496062992
2013-03-14,0.3855793510324484
2013-03-15,0.3855793401413983
2013-03-18,0.3848373233908948
2013-03-19,0.3854307299843014
2013-03-20,0.3858025515210991
2013-03-21,0.3859067215363512
2013-03-22,0.386025831702544
2013-03-25,0.3866227521501173
2013-03-26,0.3867724609375
2013-03-27,0.3860257711831316
2013-04-03,0.3864734892787524
2013-04-04,0.3864735099337748
2013-04-05,0.387146669263732
2013-04-08,0.3881235145139294
2013-04-09,0.387972746739342
2013-04-10,0.3879727626459144
2013-04-11,0.3872216605094303
2013-04-12,0.3864734899980578
2013-04-15,0.3859512810559006
2013-04-16,0.3864735208535402
2013-04-17,0.3855793250581846
2013-04-18,0.3856090327582865
2013-04-19,0.3856537567776917
2013-04-22,0.3821461196051868
2013-04-23,0.3835827532869296
2013-04-24,0.3800401932367149
2013-04-25,0.3812427991494297
2013-04-26,0.3796796060254924
2013-04-29,0.3770312741312742
2013-04-30,0.3784295353769037
2013-05-02,0.3780288850375505
2013-05-03,0.3807347566839777
2013-05-06,0.3825554915514593
2013-05-07,0.3826285988483685
2013-05-08,0.3825701956271576
2013-05-09,0.3841721892357785
2013-05-10,0.3842459361254541
2013-05-13,0.3845413720619148
2013-05-14,0.3843936962750716
2013-05-15,0.3815337282629467
2013-05-16,0.3806623351805848
2013-05-17,0.3778575248281131
2013-05-20,0.3780718779790276
2013-05-21,0.3778574695121951
2013-05-22,0.3764352045670789
2013-05-23,0.3748126543796314
2013-05-24,0.3723701101405241
2013-05-27,0.3727170777988615
2013-05-28,0.3728561669829222
2013-05-29,0.3712642153146323
2013-05-30,0.3670397727272727
2013-05-31,0.3647638152914458
2013-06-03,0.366770569320976
2013-06-04,0.3698224617129892
2013-06-05,0.3676471366471366
2013-06-06,0.3653635163176759
2013-06-07,0.3669320754716981
2013-06-10,0.3629104618284637
2013-06-11,0.3631741996233522
2013-06-12,0.3658982700263257
2013-06-13,0.3667033977848695
2013-06-14,0.3669724202626641
2013-06-17,0.3645643620011242
2013-06-18,0.3652967609061973
2013-06-19,0.3646307721069358
2013-06-24,0.3589375233121969
2013-06-25,0.3591566579634464
2013-06-26,0.3593631284916201
2013-06-27,0.3596087037381439
2013-06-28,0.359402004454343
2013-07-01,0.35958293135436
2013-07-02,0.3589375231738969
2013-07-03,0.3593243793997777
2013-07-04,0.3593890431241903
2013-07-05,0.3578458549222798
2013-07-08,0.3603603920118343
2013-07-10,0.3588087936449288
2013-07-11,0.360815464107769
2013-07-12,0.3610108735716918
2013-07-15,0.3617944372812672
2013-07-16,0.3619516099356026
2013-07-17,0.3615329044117646
2013-07-18,0.3617552293577981
2013-07-19,0.3609456243134383
2013-07-22,0.3604902032594763
2013-07-23,0.3601656902233614
2013-07-24,0.3589375915080527
2013-07-25,0.3591954379562043
2013-07-26,0.3590020069330414
2013-07-29,0.359105186533212
2013-07-30,0.3591308852935829
2013-07-31,0.3581020890099909
2013-08-01,0.357589911086917
2013-08-02,0.3586157751586582
2013-08-05,0.3580380365875747
2013-08-06,0.3578456946454414
2013-08-07,0.3572066907775768
2013-08-08,0.3580379061371841
2013-08-09,0.357717791411043
2013-08-12,0.3574875720461095
2013-08-13,0.3574620640057533
2013-08-14,0.3577176724137931
2013-08-15,0.3573342892991575
2013-08-16,0.3574875693078161
2013-08-20,0.354295799821269
2013-08-21,0.354949848295556
2013-08-22,0.3558719273245458
2013-08-23,0.3556440256045519
2013-08-26,0.3558718039772727
2013-08-27,0.3556188197767145
2013-08-28,0.355935221238938
2013-08-29,0.3563792616145557
2013-08-30,0.3559985895627645
2013-09-03,0.3560620386643234
2013-09-04,0.3561887057172921
2013-09-05,0.3559352517985611
2013-09-06,0.3565062269777232
2013-09-09,0.3571556802244039
2013-09-10,0.3580763305322129
2013-09-11,0.3605553224960671
2013-09-12,0.3606853146853147
2013-09-13,0.3605163318777293
2013-09-16,0.361768318213538
2013-09-17,0.3608153953326367
2013-09-18,0.3614021909233176
2013-09-19,0.3650967349774227
2013-09-20,0.3640335011282763
2013-09-23,0.3641660024259227
2013-09-24,0.3625815283313117
2013-09-25,0.361532836596777
2013-09-26,0.361076071922545
2013-09-27,0.3602305699481865
2013-09-30,0.359389090281374
2013-10-01,0.3595182758620689
2013-10-02,0.3599064277098053
2013-10-03,0.359906400550585
2013-10-04,0.359906416652331
2013-10-07,0.3599711389795568
2013-10-08,0.3595182068017863
2013-10-09,0.3584485660312553
2013-10-10,0.3603604391833934
2013-10-11,0.3613369341563786
2013-10-15,0.3612456320657759
2013-10-16,0.3621876391028933
2013-10-17,0.3631081866347633
2013-10-18,0.3615329689101468
2013-10-21,0.3602304674172637
2013-10-22,0.3623187787821934
2013-10-23,0.3616637107776261
2013-10-24,0.3621875638841567
2013-10-25,0.3625158002038736
2013-10-28,0.3629501018329938
2013-10-29,0.3621219884628435
2013-10-30,0.3627789063822583
2013-10-31,0.3600360284167794
2013-11-01,0.360295397066262
2013-11-04,0.3600360087497897
2013-11-05,0.3578458438287153
2013-11-07,0.3575898384925975
2013-11-08,0.3572704560697518
2013-11-11,0.3569516156035493
2013-11-12,0.3572704149933065
2013-11-13,0.3572066253973565
2013-11-14,0.3573342795124394
2013-11-15,0.3570790658882402
2013-11-18,0.3569516988674217
2013-11-19,0.3568243086603742
2013-11-20,0.356569798213695
2013-11-21,0.3571429278758871
2013-11-22,0.3565698783294969
2013-11-26,0.3569515996718622
2013-11-27,0.3569643207855974
2013-11-28,0.3570153444335618
2013-11-29,0.3572066438690767
2013-12-02,0.3571429035401103
2013-12-03,0.3565062307816798
2013-12-04,0.3566969990319458
2013-12-05,0.3565952457436556
2013-12-06,0.3573343479653957
2013-12-09,0.3578457353176509
2013-12-10,0.3582046615581098
2013-12-11,0.3582303648239605
2013-12-12,0.3599063694267516
2013-12-13,0.3612063921132136
2013-12-16,0.3627130641330165
2013-12-17,0.3612847441566645
2013-12-18,0.3588731577296958
2013-12-19,0.3603992496482726
2013-12-20,0.3615328455790784
2013-12-23,0.3608153726708074
2013-12-26,0.3588601884752047
2013-12-27,0.3584228932367894
2013-12-30,0.3574620456985125
2013-12-31,0.3573997853090017
2014-01-02,0.3565190221543162
2014-01-03,0.3561254004576659
2014-01-06,0.3568242608036391
2014-01-07,0.3571429220976053
2014-01-08,0.356697047691143
2014-01-09,0.3568243284032598
2014-01-10,0.3571428571428571
2014-01-13,0.3571427931292009
2014-01-14,0.3568242921013412
2014-01-15,0.3564426350851221
2014-01-16,0.3560620017714792
2014-01-17,0.3565062527585699
2014-01-20,0.3558338461538461
2014-01-21,0.3559352214960058
2014-01-22,0.3561887955182072
2014-01-23,0.3556188387096774
2014-01-24,0.354258125
2014-01-27,0.3543962546816479
2014-01-28,0.3541704119850187
2014-01-29,0.3541703935040599
2014-01-30,0.355176668746101
2014-01-31,0.3544213483146067
2014-02-03,0.3540449718925671
2014-02-04,0.3541076692480639
2014-02-05,0.3540449367088608
2014-02-06,0.3542958121827411
2014-02-07,0.3548112244897959
2014-02-10,0.3547985933503836
2014-02-11,0.3551137003841229
2014-02-12,0.3551766816143498
2014-02-13,0.3549875513347023
2014-02-14,0.3559351887643345
2014-02-17,0.3565698453608247
2014-02-18,0.3566334148539065
2014-02-19,0.3559479501349441
2014-02-20,0.3561888433981576
2014-02-21,0.3563792224346718
2014-02-24,0.3562521960534691
2014-02-25,0.3562522556868725
2014-02-26,0.3560619210760056
2014-02-27,0.3572066776691634
2014-02-28,0.3570791211582423
2014-03-05,0.3572065989847716
2014-03-06,0.3573342650235039
2014-03-07,0.3569516600941356
2014-03-10,0.3565697748378069
2014-03-11,0.3568242693773824
2014-03-12,0.3563157293385807
2014-03-13,0.356315756116111
2014-03-14,0.3566969620253164
2014-03-17,0.3560492424242424
2014-03-18,0.3556187782805429
2014-03-19,0.3560619891864705
2014-03-20,0.3553029504080351
2014-03-21,0.3557452972159518
2014-03-25,0.3554292317301686
2014-03-26,0.3555555555555556
2014-03-27,0.355682
2014-03-28,0.3559352742721479
2014-03-31,0.356061984503874
2014-04-01,0.3563156710822294
2014-04-03,0.355682
2014-04-04,0.356062
2014-04-07,0.3569516310461192
2014-04-08,0.3581021122359705
2014-04-09,0.357589875
2014-04-10,0.359389
2014-04-11,0.359453625
2014-04-14,0.361336957880265
2014-04-15,0.359777
2014-04-16,0.3603603299587551
2014-04-21,0.360165625
2014-04-22,0.359259967504062
2014-04-23,0.358744375
2014-04-24,0.3581662292213473
2014-04-25,0.356697
2014-04-28,0.3560619922509686
2014-04-29,0.356061984503874
2014-04-30,0.3561888277930517
2014-05-05,0.3561887264091988
2014-05-06,0.356913375
2014-05-07,0.3572065991751031
2014-05-08,0.3593244188952761
2014-05-09,0.35874440974391
2014-05-12,0.3587443515166646
2014-05-13,0.3593245231267921
2014-05-14,0.3592599552015929
2014-05-15,0.3591308666501117
2014-05-16,0.3588087906630245
2014-05-19,0.3586157378676927
2014-05-20,0.3583586848635235
2014-05-21,0.3586157281071694
2014-05-22,0.3586157757658439
2014-05-23,0.3586156994047619
2014-05-26,0.3586800148772625
2014-05-27,0.3592599430058233
2014-05-28,0.3610760465692346
2014-05-29,0.362529040247678
2014-05-30,0.3614675742574257
2014-06-02,0.3603604205318491
2014-06-03,0.3595182211241506
2014-06-04,0.3587443868739206
2014-06-05,0.3590019680196801
2014-06-06,0.3590019680196801
2014-06-09,0.3588731857318573
2014-06-10,0.3581020910209102
2014-06-11,0.3573342354533153
2014-06-12,0.3577178004674621
2014-06-13,0.3581020910209102
2014-06-16,0.3576538319596506
2014-06-17,0.3566970107024234
2014-06-18,0.3569134071340712
2014-06-19,0.3567097170971709
2014-06-23,0.3568242312423124
2014-06-24,0.3564426814268142
2014-06-25,0.3563283325135268
2014-06-26,0.3565698475159862
2014-06-27,0.3575259468765371
2014-06-30,0.3572831673429239
2014-07-01,0.3575770129071911
2014-07-02,0.3578457852052101
2014-07-03,0.3597122143032686
2014-07-04,0.3608805603342345
2014-07-07,0.3600359950859951
2014-07-08,0.358294486061648
2014-07-10,0.3597122514117358
2014-07-11,0.3589375536743958
2014-07-14,0.3595182822085889
2014-07-15,0.3594536196319018
2014-07-16,0.3588731910718665
2014-07-17,0.35861574301128
2014-07-18,0.3582560049019608
2014-07-21,0.3582944852941176
2014-07-22,0.3586157237325496
2014-07-23,0.3587443995593095
2014-07-24,0.3589504587155963
2014-07-25,0.3590019564685742
2014-07-28,0.3590019550342131
2014-07-29,0.3584871826171875
2014-07-30,0.358358736739422
2014-07-31,0.3572066236454402
2014-08-01,0.3573981301602719
2014-08-04,0.3565062953995158
2014-08-05,0.355302854378326
2014-08-06,0.3559226024912323
2014-08-07,0.3556820655460152
2014-08-08,0.3573087897473098
2014-08-11,0.3583378476420798
2014-08-12,0.3582302949709864
2014-08-13,0.3577816995044119
2014-08-14,0.3579739035882566
2014-08-15,0.3579609950489071
2014-08-19,0.3541704079169684
2014-08-20,0.3535692658897032
2014-08-21,0.3544842167957117
2014-08-22,0.3533194527067222
2014-08-25,0.3528456870910172
2014-08-26,0.3528083511777302
2014-08-27,0.3519763123437686
2014-08-28,0.3518277215942891
2014-08-29,0.351543268658493
2014-09-01,0.3506926370881408
2014-09-02,0.3507172749970277
2014-09-03,0.3505697301153251
2014-09-04,0.350397690751101
2014-09-05,0.3508772430184195
2014-09-08,0.3504468515652898
2014-09-09,0.3498338095238095
2014-09-10,0.3503854761904761
2014-09-11,0.3502627068206166
2014-09-12,0.3495892644608427
2014-09-15,0.3493327779100214
2014-09-16,0.350103296441747
2014-09-17,0.3496625876202923
2014-09-18,0.3493693715100392
2014-09-19,0.3489914509617667
2014-09-22,0.348250029666548
2014-09-23,0.3479108076009501
2014-09-24,0.3486871733966746
2014-09-25,0.3468247863247863
2014-09-26,0.3447681382412119
2014-09-29,0.3453277062920552
2014-09-30,0.3456858837485172
2014-10-01,0.3456261538461538
2014-10-02,0.3449702782711663
2014-10-03,0.3441747928994083
2014-10-06,0.3445424009461856
2014-10-07,0.3443170904790065
2014-10-08,0.3438789131718842
2014-10-09,0.3440564344746162
2014-10-10,0.3441866288684148
2014-10-14,0.3442932845509264
2014-10-15,0.3437016405051339
2014-10-16,0.3444119660136889
2014-10-17,0.3444712128362435
2014-10-20,0.3445306314797361
2014-10-21,0.3445306314797361
2014-10-22,0.3439617151607962
2014-10-23,0.3439380374602426
2014-10-24,0.3435836081017427
2014-10-27,0.3429355294117647
2014-10-28,0.3428767348859091
2014-10-29,0.3430531702152688
2014-10-30,0.3427591764705882
2014-10-31,0.3419388235294118
2014-11-03,0.341588387400094
2014-11-04,0.3414717912552891
2014-11-05,0.341588387400094
2014-11-07,0.3415883666274971
2014-11-10,0.3412386884475261
2014-11-11,0.3411223266745006
2014-11-12,0.3405414806110458
2014-11-13,0.340889776733255
2014-11-14,0.340889672188932
2014-11-17,0.3411222979323308
2014-11-18,0.3414716870300752
2014-11-19,0.341471693680996
2014-11-20,0.3419388066713648
2014-11-21,0.3429355331141381
2014-11-25,0.3429943681802183
2014-11-26,0.3435009973014197
2014-11-27,0.343347642505278
2014-11-28,0.3425244016893478
2014-12-01,0.3414717533989685
2014-12-02,0.3400782201405152
2014-12-03,0.3399048232264107
2014-12-04,0.339236051000117
2014-12-05,0.3386386584083206
2014-12-09,0.3373250701590271
2014-12-10,0.3374957314933925
2014-12-11,0.3366436257309941
2014-12-12,0.3372113203134136
2014-12-15,0.3374388960355514
2014-12-16,0.336870424511753
2014-12-17,0.3382606712665185
2014-12-18,0.340251812865497
2014-12-19,0.3380091217401473
2014-12-22,0.3364058479532163
2014-12-23,0.3361005847953216
2014-12-24,0.3357395066058692
2014-12-29,0.3343362956033676
2014-12-30,0.3344481347210852
2014-12-31,0.3355142088644602
2015-01-02,0.3359650496785505
2015-01-05,0.3348961569910057
2015-01-06,0.3349522865142324
2015-01-07,0.3346944670937681
2015-01-08,0.3348400837988826
2015-01-09,0.3350869514608311
2015-01-12,0.3347280875334653
2015-01-13,0.3348064703828697
2015-01-14,0.3337561372891215
2015-01-15,0.3335000581598232
2015-01-16,0.3316199279153586
2015-01-19,0.3321707147007553
2015-01-20,0.3321707118801533
2015-01-21,0.3325020891364902
2015-01-22,0.3327786799675211
2015-01-23,0.3313452753623188
2015-01-26,0.3307424927536231
2015-01-27,0.3307424962336308
2015-01-28,0.3298696558915537
2015-01-29,0.3284072272411397
2015-01-30,0.3267974317445627
2015-02-02,0.3266906192236599
2015-02-03,0.3274930146634338
2015-02-04,0.3265839491916859
2015-02-05,0.3264240184757506
2015-02-06,0.3256692458713477
2015-02-09,0.3258921070851603
2015-02-10,0.325044741697417
2015-02-11,0.3234153030652223
2015-02-12,0.3251503283031909
2015-02-13,0.3249601611974669
2015-02-18,0.3240965477560414
2015-02-19,0.3238341956996666
2015-02-20,0.323876134666207
2015-02-23,0.3239285878300803
2015-02-24,0.3233629272768984
2015-02-25,0.3230496445769319
2015-02-26,0.3232793257653938
2015-02-27,0.3232584231033692
2015-03-02,0.3229452650864536
2015-03-03,0.3234675592173017
2015-03-04,0.3232584629460201
2015-03-05,0.3225806857142857
2015-03-06,0.3229453071477506
2015-03-09,0.3226847329986308
2015-03-10,0.3227680729760547
2015-03-11,0.3227368121225931
2015-03-12,0.3227367881548975
2015-03-13,0.3226326995331891
2015-03-16,0.3228930889217807
2015-03-17,0.3226742915670877
2015-03-18,0.3225805937891025
2015-03-19,0.3227367523311348
2015-03-20,0.3246437095124446
2015-03-25,0.3252561072605386
2015-03-26,0.3246753349988644
2015-03-27,0.323572190692395
2015-03-30,0.3230495689655172
2015-03-31,0.3228409657673997
2015-04-01,0.3229452815226011
2015-04-06,0.3232584078813271
2015-04-07,0.3222479628791308
2015-04-08,0.3220093880782717
2015-04-09,0.3209242509892595
2015-04-10,0.3205641807909605
2015-04-13,0.3201024164408311
2015-04-14,0.3205642357191239
2015-04-15,0.3200102639296188
2015-04-16,0.3201332055041732
2015-04-17,0.3200205255441524
2015-04-20,0.319836207868335
2015-04-21,0.3193051611449177
2015-04-22,0.3193562338101138
2015-04-23,0.3192338773213281
2015-04-24,0.3191319460067491
2015-04-27,0.3191319842608207
2015-04-28,0.319948859166011
2015-04-29,0.3207183778926084
2015-04-30,0.3194888290108903
2015-05-04,0.3189386220825853
2015-05-05,0.317561175283167
2015-05-06,0.3177932078009415
2015-05-07,0.3170073957866428
2015-05-08,0.3178639112903225
2015-05-11,0.3173091906414418
2015-05-12,0.3172085944494181
2015-05-13,0.3171280760626399
2015-05-14,0.3176519454382826
2015-05-15,0.3180661674304236
2015-05-18,0.3173091701105774
2015-05-19,0.3171079482027238
2015-05-20,0.3169169828163356
2015-05-21,0.3176115075825156
2015-05-22,0.3179649983279456
2015-05-26,0.3172085096903542
2015-05-27,0.3169572525882222
2015-05-28,0.3166861784998886
2015-05-29,0.3167062944839857
2015-06-01,0.3168065807025344
2015-06-02,0.3168065770469948
2015-06-03,0.3173092039524814
2015-06-04,0.3181673695893451
2015-06-05,0.3171583092966497
2015-06-08,0.3170878243512973
2015-06-09,0.3170979718497174
2015-06-10,0.3170074205338354
2015-06-11,0.3170074180690877
2015-06-12,0.3170074139648113
2015-06-15,0.316525826789072
2015-06-16,0.3161055948695267
2015-06-17,0.3159558011049723
2015-06-18,0.3161056120194432
2015-06-19,0.3157063825088339
2015-06-22,0.3148119412868336
2015-06-23,0.3146137892995035
2015-06-24,0.3150598742970559
2015-06-25,0.3157063815716962
2015-06-26,0.3153082176690901
2015-06-29,0.3146633270945722
2015-06-30,0.3145148547535211
2015-07-01,0.3145149015726383
2015-07-02,0.315377816862702
2015-07-03,0.3152584578207381
2015-07-06,0.3146138559508124
2015-07-07,0.3142183454026772
2015-07-08,0.313971704321123
2015-07-10,0.3147128452433143
2015-07-13,0.314712861524978
2015-07-14,0.3146137757336837
2015-07-15,0.3143665316843603
2015-07-16,0.3147524611682346
2015-07-17,0.3142183468182812
2015-07-20,0.3139716970822861
2015-07-21,0.3142480340760157
2015-07-22,0.3139224975439362
2015-07-23,0.3134305510092744
2015-07-24,0.3135189790575916
2015-07-27,0.3136763327155783
2015-07-28,0.3136762911309653
2015-07-29,0.3140703550424744
2015-07-30,0.3131850440840318
2015-07-31,0.3133519042437432
2015-08-03,0.3132341489940184
2015-08-04,0.3131360869565218
2015-08-05,0.3123633894622488
2015-08-06,0.3121585405581496
2015-08-07,0.3122560234425873
2015-08-10,0.312158568329718
2015-08-11,0.310607239622846
2015-08-12,0.3099333766655833
2015-08-13,0.3091668290570531
2015-08-14,0.3084516233766234
2015-08-18,0.3080335316387236
2015-08-19,0.3072668900659388
2015-08-20,0.3052503511615343
2015-08-21,0.3051571274298056
2015-08-24,0.3050640984137261
2015-08-25,0.3041362165660052
2015-08-26,0.3022517512663002
2015-08-27,0.3054367729426971
2015-08-28,0.3096454251883746
2015-08-31,0.3089757960413081
2015-09-01,0.3079765692175408
2015-09-02,0.3071725026852846
2015-09-03,0.3112355908554255
2015-09-04,0.3101448187084317
2015-09-07,0.3096933618843683
2015-09-08,0.3099525543536467
2015-09-09,0.3099813784246575
2015-09-10,0.310703743315508
2015-09-11,0.3114779773358991
2015-09-14,0.3116720803504648
2015-09-15,0.3116720768820075
2015-09-16,0.3123535375093373
2015-09-17,0.3135779033806121
2015-09-18,0.3129400980601151
2015-09-21,0.3129107276020027
2015-09-22,0.3108969225854541
2015-09-23,0.3098852947435624
2015-09-24,0.3110807103360272
2015-09-25,0.3102218560646327
2015-09-28,0.3087373007438895
2015-09-29,0.3090234706881903
2015-09-30,0.3101255572065379
2015-10-01,0.3091858960763521
2015-10-02,0.3103661792752701
2015-10-05,0.3107520118593815
2015-10-06,0.3102217754734949
2015-10-07,0.3103181049069374
2015-10-08,0.3101736786469344
2015-10-09,0.3113324881141046
2015-10-13,0.3087848849482795
2015-10-14,0.3084040510602384
2015-10-15,0.3094059468578659
2015-10-16,0.3084040042149631
2015-10-19,0.307550326384502
2015-10-20,0.307219696969697
2015-10-21,0.3067296814215119
2015-10-22,0.3071724826571368
2015-10-23,0.3057636554621848
2015-10-26,0.3054834680382072
2015-10-27,0.3049245777824399
2015-10-28,0.3049710631159572
2015-10-29,0.3041362397820163
2015-10-30,0.3042750890425309
2015-11-02,0.3042287807430665
2015-11-03,0.3044881823886217
2015-11-04,0.3039975971583786
2015-11-05,0.3029844467640918
2015-11-09,0.3021513507875248
2015-11-10,0.3017956440183409
2015-11-11,0.3017592419035718
2015-11-12,0.3007789911596463
2015-11-13,0.299625519534497
2015-11-16,0.2985787234042553
2015-11-17,0.2987303464011616
2015-11-18,0.297840692371476
2015-11-19,0.298009319664492
2015-11-20,0.2975305130326852
2015-11-23,0.2956393713813068
2015-11-24,0.2962084970022742
2015-11-25,0.2954209547427154
2015-11-26,0.2960769787146104
2015-11-30,0.2964280553261767
2015-12-01,0.2962524231800371
2015-12-02,0.2966654650324441
2015-12-03,0.2968680041152263
2015-12-04,0.2969121274409044
2015-12-09,0.2963314502875924
2015-12-10,0.2962436673161727
2015-12-11,0.2959893584365087
2015-12-14,0.2959631105661148
2015-12-15,0.2963401998776259
2015-12-16,0.2968327905556686
2015-12-17,0.2961208208955224
2015-12-18,0.295989358490566
2015-12-21,0.2956393468118196
2015-12-22,0.2948547765793528
2015-12-23,0.2944207373271889
2015-12-24,0.294985244648318
2015-12-28,0.2939015384615385
2015-12-29,0.2933756074982643
2015-12-30,0.2931777572396796
2015-12-31,0.2929973926380368
2016-01-04,0.2916727272727273
2016-01-05,0.293040293040293
2016-01-06,0.2928686825053995
2016-01-07,0.292226762589928
2016-01-08,0.291800432276657
2016-01-11,0.2916642490842491
2016-01-12,0.2918429520295202
2016-01-13,0.2920987444608567
2016-01-14,0.2921328301886792
2016-01-15,0.291460223880597
2016-01-18,0.2915536873156342
2016-01-19,0.291273417721519
2016-01-20,0.2901494074074074
2016-01-21,0.2902757352941176
2016-01-22,0.2902336489439184
2016-01-25,0.2889755973931933
2016-01-26,0.2884005054151624
2016-01-27,0.2885586455331412
2016-01-28,0.2883921965317919
2016-01-29,0.2880598853868194
2016-02-01,0.2866479122434536
2016-02-02,0.2862459143968872
2016-02-03,0.2864918785310734
2016-02-04,0.2876125087842586
2016-02-05,0.2873233061764501
2016-02-10,0.285014
2016-02-11,0.2844545765027322
2016-02-12,0.2851602851323829
2016-02-15,0.2857959459459459
2016-02-16,0.2847380374713573
2016-02-17,0.2856326884589726
2016-02-18,0.2851846613545816
2016-02-19,0.284535524568393
2016-02-22,0.2841312786885245
2016-02-23,0.2832861437908496
2016-02-24,0.2829254723127036
2016-02-25,0.2833262508122157
2016-02-26,0.2841312863606981
2016-02-29,0.283873164556962
2016-03-01,0.2842120253164557
2016-03-02,0.2862049169859514
2016-03-03,0.289645197368421
2016-03-04,0.2904865789473684
2016-03-07,0.2894355728659526
2016-03-08,0.2882675254061752
2016-03-09,0.2909937540663631
2016-03-10,0.2914177314211212
2016-03-11,0.2974862626262626
2016-03-14,0.2991772297297297
2016-03-15,0.2981070247933884
2016-03-16,0.2953337440109514
2016-03-17,0.2982848829431438
2016-03-18,0.2964280487804878
2016-03-21,0.2945941948859709
2016-03-22,0.2939447533009034
2016-03-23,0.2956830344827587
2016-03-28,0.2973977747808496
2016-03-29,0.2957792207792208
2016-03-30,0.2973977397260274
2016-03-31,0.3017319727891157
2016-04-01,0.2995805949966194
2016-04-04,0.2980004073319756
2016-04-05,0.2969561989100817
2016-04-06,0.2956830136986301
2016-04-07,0.2942647546648237
2016-04-08,0.2960331491712707
2016-04-11,0.3042842975206611
2016-04-12,0.3056608094085091
2016-04-13,0.3061567905522751
2016-04-14,0.3055767620376832
2016-04-15,0.305287615658363
2016-04-18,0.3062036775106082
2016-04-19,0.3078817477096547
2016-04-20,0.3083850069735007
2016-04-21,0.3063537491240364
2016-04-22,0.3064100699300699
2016-04-25,0.3043954640614096
2016-04-26,0.3044510831586303
2016-04-27,0.3039052149400986
2016-04-28,0.3054088111888112
2016-04-29,0.3047108070175438
2016-05-02,0.3034809020436927
2016-05-03,0.29994
2016-05-04,0.3003002808988764
2016-05-05,0.3011594803370786
2016-05-06,0.3019597466572836
2016-05-09,0.2989804706708817
2016-05-10,0.3003002669664184
2016-05-11,0.3003453905700211
2016-05-12,0.3005620324629499
2016-05-13,0.299625441696113
2016-05-16,0.3003454056730565
2016-05-17,0.3019232673267326
2016-05-18,0.3011231694375663
2016-05-19,0.2993115602836879
2016-05-20,0.3000299964374777
2016-05-23,0.2987393137955683
2016-05-24,0.299329537366548
2016-05-26,0.2990341550553769
2016-05-27,0.2977874281609196
2016-05-30,0.297265189421015
2016-05-31,0.2963577299692659
2016-06-01,0.2962875268817204
2016-06-02,0.2964631654676259
2016-06-03,0.2995267489711934
2016-06-06,0.3016136528685548
2016-06-07,0.3030578757225434
2016-06-08,0.303628345323741
2016-06-09,0.3023888567293776
2016-06-10,0.3007609420289855
2016-06-13,0.3004807971014492
2016-06-14,0.2993026181818182
2016-06-15,0.3021330665696617
2016-06-16,0.2999849856321839
2016-06-21,0.3045530422333571
2016-06-22,0.3043862117981521
2016-06-23,0.3045252595155709
2016-06-24,0.3016591426657736
2016-06-27,0.3008876470588235
2016-06-28,0.303241677852349
2016-06-29,0.3030670226969292
2016-06-30,0.3039421542553192
2016-07-01,0.3044232666666666
2016-07-04,0.304460358565737
2016-07-05,0.3043677027027026
2016-07-06,0.3052130656685947
2016-07-07,0.3046458404074703
2016-07-11,0.3047386612021858
2016-07-12,0.3049710164835165
2016-07-13,0.3049524365133836
2016-07-14,0.3050640434192673
2016-07-15,0.3050454849498328
2016-07-18,0.3045994719471947
2016-07-19,0.3032600666666666
2016-07-20,0.3017956867949568
2016-07-21,0.3008604666666666
2016-07-22,0.3008875922199865
2016-07-25,0.2984272909698997
2016-07-26,0.2979826755852843
2016-07-27,0.2985609333333333
2016-07-28,0.2970002659574468
2016-07-29,0.2983293804130579
2016-08-01,0.2988732752846617
2016-08-02,0.2986412121212121
2016-08-03,0.2983560860793544
2016-08-04,0.2999849831649832
2016-08-05,0.2997152805949966
2016-08-08,0.3018412406271302
2016-08-09,0.3023431279620853
2016-08-10,0.3020235855487389
2016-08-11,0.3023980218281037
2016-08-12,0.301422699386503
2016-08-16,0.3023522835719154
2016-08-17,0.3012956021650879
2016-08-18,0.3023979919678715
2016-08-19,0.30117763775305
2016-08-22,0.2989357866306549
2016-08-23,0.2975924528301887
2016-08-24,0.2982581426648721
2016-08-25,0.298667965077233
2016-08-26,0.2979294
2016-08-29,0.2960945033112583
2016-08-30,0.2959017321785476
2016-08-31,0.2945855324849297
2016-09-01,0.2944034228187919
2016-09-02,0.295150700466978
2016-09-05,0.2943427430093209
2016-09-06,0.2972209720372836
2016-09-07,0.2972033222591362
2016-09-08,0.2970796947577969
2016-09-09,0.2948113484646195
2016-09-12,0.2941522408026756
2016-09-13,0.2928000666666666
2016-09-14,0.2951419827012642
2016-09-15,0.2952378234903782
2016-09-16,0.2943427627230667
2016-09-19,0.295159405940594
2016-09-20,0.2951071334214002
2016-09-21,0.2965599075297226
2016-09-22,0.2988196386177789
2016-09-23,0.2975747725174733
2016-09-26,0.2973712598425197
2016-09-27,0.2970444371727749
2016-09-28,0.2960331384015595
2016-09-29,0.2946636097560975
2016-09-30,0.2950200522534291
2016-10-03,0.295290095426127
2016-10-04,0.2939015161502966
2016-10-05,0.2944207373271889
2016-10-06,0.2934702827087442
2016-10-07,0.2934702667105696
2016-10-11,0.2941003295978906
2016-10-12,0.2933411413404114
2016-10-13,0.2936167724028549
2016-10-14,0.2941435914332784
2016-10-17,0.2942474667719437
2016-10-18,0.2956305891635981
2016-10-19,0.2961646594274432
2016-10-20,0.2962085120422303
2016-10-21,0.297619028741328
2016-10-24,0.2979205070645715
2016-10-25,0.2984183847669074
2016-10-26,0.2967975665899375
2016-10-27,0.2967975484381179
2016-10-28,0.2969121132323897
2016-10-31,0.2972651485148515
2016-11-01,0.2970443781094527
2016-11-02,0.295490800794176
2016-11-03,0.2962875496688741
2016-11-04,0.2952901062416999
2016-11-07,0.2965599335548172
2016-11-08,0.2977519758874749
2016-11-09,0.2969121313672922
2016-11-10,0.2935564204923486
2016-11-11,0.2938583604424203
2016-11-14,0.2923548881789137
2016-11-15,0.2926972258064516
2016-11-16,0.2931691612903225
2016-11-17,0.2938151808785529
2016-11-18,0.2936426632191338
2016-11-21,0.2925602209944751
2016-11-22,0.2923976699029126
2016-11-23,0.2920560489060489
2016-11-24,0.2956568211068211
2016-11-25,0.2925687359279511
2016-11-29,0.2925259872611465
2016-11-30,0.2928000378119486
2016-12-01,0.2927486111111111
2016-12-02,0.292997365119197
2016-12-05,0.2919878394556108
2016-12-06,0.2929802135678392
2016-12-07,0.2936426516572858
2016-12-12,0.2939015595757954
2016-12-13,0.2944034197670049
2016-12-14,0.2950635566687539
2016-12-15,0.2937116541353383
2016-12-16,0.2935995597484276
2016-12-19,0.2936771464646465
2016-12-20,0.2941003783102143
2016-12-21,0.2947244458518049
2016-12-22,0.2948200254291163
2016-12-23,0.295989352777957
2016-12-26,0.2945942084942085
2016-12-27,0.2961208360128617
2016-12-28,0.2975481904761905
2016-12-29,0.2978850452034153
2016-12-30,0.2980181875393329
2017-01-02,0.2968239949748743
2017-01-03,0.2957967387895892
2017-01-04,0.2955257462686567
2017-01-05,0.2971150375939849
2017-01-06,0.296041935483871
2017-01-09,0.2955082782499213
2017-01-10,0.2951245425867508
2017-01-11,0.2955344479495268
2017-01-12,0.2973358633776091
2017-01-13,0.2974154418722008
2017-01-16,0.2967799118387909
2017-01-17,0.2987304041737381
2017-01-18,0.2988732394366197
2017-01-19,0.3007971069182389
2017-01-20,0.3033520578071003
2017-01-23,0.3042843161856963
2017-01-24,0.3049709981167608
2017-01-25,0.3039513632090254
2017-01-26,0.3030302763819095
2017-01-27,0.3040899999999999
2017-01-30,0.3039606155778894
2017-01-31,0.3052037491350569
2017-02-01,0.3056701898734177
2017-02-02,0.307078125
2017-02-03,0.3073329705505762
2017-02-06,0.3042287705956907
2017-02-07,0.3039051993620414
2017-02-08,0.304460350877193
2017-02-09,0.3055860986547085
2017-02-10,0.3071252895752895
2017-02-13,0.3064476590248627
2017-02-14,0.3061755656108597
2017-02-15,0.3083089192708333
2017-02-16,0.3077680596047943
2017-02-17,0.3063725765306122
2017-02-20,0.3081189034109021
2017-02-21,0.3078533632286995
2017-02-22,0.3083944747831674
2017-02-23,0.3082803870967742
2017-02-24,0.3074841731266149
2017-03-01,0.3068896887159533
2017-03-02,0.305240974025974
2017-03-03,0.3039328802588997
2017-03-06,0.303582299741602
2017-03-07,0.3038405144694533
2017-03-08,0.3031221476510067
2017-03-09,0.3039144236960721
2017-03-10,0.3042936046511628
2017-03-13,0.3043584298584298
2017-03-14,0.3044325072417122
2017-03-15,0.3065416184971098
2017-03-16,0.3072951706374758
2017-03-17,0.3076544344473008
2017-03-20,0.3077964811260396
2017-03-21,0.3079386538461538
2017-03-22,0.3081664214902462
2017-03-23,0.3079955740859525
2017-03-27,0.3081379376806938
2017-03-28,0.3082139271463509
2017-03-29,0.3078154244977317
2017-03-30,0.3084420506164828
2017-03-31,0.3081189083820663
2017-04-03,0.3081189347190646
2017-04-04,0.3077207166123778
2017-04-05,0.3074841817471683
2017-04-06,0.3073990903183885
2017-04-07,0.3077870316063864
2017-04-10,0.3080714661406969
2017-04-11,0.3074746806419914
2017-04-12,0.3073140882159315
2017-04-17,0.3074557894736842
2017-04-18,0.3070686973004771
2017-04-19,0.3084040259740259
2017-04-20,0.3083184092533628
2017-04-21,0.3084515816655907
2017-04-24,0.3079766081871345
2017-04-25,0.3080335278858625
2017-04-26,0.307399096191091
2017-04-27,0.3078059662775616
2017-04-28,0.3079196753246753
2017-05-02,0.308137908496732
2017-05-03,0.3080240026160889
2017-05-04,0.3048780535597649
2017-05-05,0.3063068314899154
2017-05-08,0.3037205559146735
2017-05-09,0.3041362318840579
2017-05-10,0.3043213410702772
2017-05-11,0.3041362487852284
2017-05-12,0.3052503238341969
2017-05-15,0.3068425627817128
2017-05-16,0.3070215661103979
2017-05-17,0.3055487508007687
2017-05-18,0.304645875
2017-05-19,0.3057917133956386
2017-05-22,0.3051757800432499
2017-05-23,0.3045067122436296
2017-05-24,0.3054647607209447
2017-05-26,0.3055487820112429
2017-05-29,0.3046458515283843
2017-05-30,0.3045252631578948
2017-05-31,0.3059975776397515
2017-06-01,0.3054834371108343
2017-06-02,0.305614125
2017-06-05,0.3057636136292592
2017-06-06,0.3061943160524671
2017-06-07,0.305530081300813
2017-06-08,0.3059226415094339
2017-06-09,0.3059507537688442
2017-06-12,0.3048966405023547
2017-06-13,0.3051478288231591
2017-06-14,0.3057636352185414
2017-06-15,0.3050175219023779
2017-06-16,0.3055860972568578
2017-06-19,0.3061193188854489
2017-06-21,0.3056701602959309
2017-06-22,0.3064946423041189
2017-06-23,0.3070687480680061
2017-06-26,0.3073612745098039
2017-06-27,0.3069839024390244
2017-06-28,0.3075976899696048
2017-06-29,0.308024
2017-06-30,0.3073896572459411
2017-07-03,0.3071630357142856
2017-07-04,0.3070969875959835
2017-07-05,0.3068425904317386
2017-07-06,0.3073707259953162
2017-07-07,0.3077396348645465
2017-07-10,0.307200764930862
2017-07-11,0.3070404117647059
2017-07-12,0.307408519676677
2017-07-13,0.307834395280236
2017-07-14,0.3077396439169139
2017-07-17,0.3078912581216775
2017-07-18,0.3083374418604651
2017-07-19,0.3085467638483965
2017-07-20,0.3082899418604651
2017-07-21,0.3076638920780711
2017-07-24,0.3081189328743545
2017-07-25,0.3076449656750571
2017-07-26,0.3080239999999999
2017-07-27,0.3080145124716553
2017-07-28,0.3081379426644182
2017-07-31,0.3086896258503401
2017-08-01,0.3087563125568699
2017-08-02,0.3086514772727272
2017-08-03,0.3087849462365591
2017-08-04,0.308346972269383
2017-08-07,0.3085181920903955
2017-08-08,0.3084420809118095
2017-08-09,0.3078817514124293
2017-08-10,0.3077207227555054
2017-08-11,0.3079955392433653
2017-08-14,0.3082994162288383
2017-08-15,0.3080904510837727
2017-08-16,0.3083089482858803
2017-08-17,0.3084706221198157
2017-08-18,0.3082423856398378
2017-08-22,0.3088517141196978
2017-08-23,0.3088898432965757
2017-08-24,0.3089757699012201
2017-08-25,0.3089853077816492
2017-08-28,0.3091668020893789
2017-08-29,0.3085657947686117
2017-08-30,0.3085753306497987
2017-08-31,0.3087086655112652
2017-09-01,0.3087181976744186
2017-09-04,0.3088803250145095
2017-09-05,0.3089757540603248
2017-09-06,0.3010325301204819
2017-09-07,0.3091954651162791
2017-09-08,0.309348488372093
2017-09-11,0.3094921282798833
2017-09-12,0.3092241359109549
2017-09-13,0.3086896309314587
2017-09-14,0.3089280164802825
2017-09-15,0.307900736377025
2017-09-18,0.3084134969325153
2017-09-19,0.3083184364060676
2017-09-20,0.3083659685863874
2017-09-21,0.3077775332947308
2017-09-22,0.3081569035239746
2017-09-25,0.3068143346659052
2017-09-26,0.306025654152446
2017-09-27,0.3055300683371298
2017-09-28,0.3061380789022299
2017-09-29,0.3064194685153091
2017-10-02,0.305726270456503
2017-10-03,0.3064852138960666
2017-10-04,0.3070498934147606
2017-10-05,0.3068519965527147
2017-10-06,0.3058664946976211
2017-10-09,0.3059226804123711
2017-10-10,0.3064006886657101
2017-10-11,0.3067390630382363
2017-10-12,0.3074652311225955
2017-10-13,0.3077396794280443
2017-10-17,0.3081379290452841
2017-10-18,0.3085753314121037
2017-10-19,0.3090808022922636
2017-10-20,0.30880401836969
2017-10-23,0.3085467700258398
2017-10-24,0.3088993714285714
2017-10-25,0.3091763293310463
2017-10-26,0.308689637599094
2017-10-27,0.3081189219858156
2017-10-30,0.3076923163841808
2017-10-31,0.3077491362220333
2017-11-01,0.3077112436115843
2017-11-02,0.295080993150685
2017-11-03,0.3082234126984127
2017-11-07,0.3084515580736544
2017-11-08,0.3082424086757991
2017-11-09,0.3083945189837282
2017-11-10,0.3083564446984852
2017-11-13,0.3085467428571429
2017-11-14,0.3082994285714286
2017-11-15,0.3070970285714285
2017-11-16,0.3079386867993594
2017-11-17,0.3083754646840149
2017-11-21,0.3091285877644368
2017-11-22,0.3088230636833046
2017-11-23,0.3088803099885189
2017-11-24,0.308880288184438
2017-11-27,0.3088993648960739
2017-11-28,0.3092528649582494
2017-11-29,0.309386800573888
2017-11-30,0.3092624097081768
2017-12-01,0.3092337202553685
2017-12-04,0.3092145779314318
2017-12-05,0.3089757663389242
2017-12-06,0.3090425963488844
2017-12-07,0.3090425925925926
2017-12-11,0.3090234918793503
2017-12-12,0.3092624207492795
2017-12-13,0.3093293471981514
2017-12-14,0.3084991404011461
2017-12-15,0.3045438195832143
2017-12-18,0.3044418326693227
2017-12-19,0.3044418326693227
2017-12-20,0.3060631193693693
2017-12-21,0.3061005847953216
2017-12-22,0.3087468179302712
2017-12-26,0.308699154622307
2017-12-27,0.3084800932957258
2017-12-28,0.3086038541666667
2017-12-29,0.3085943482224247
2018-01-02,0.3091190114068441
2018-01-03,0.3104144212523719
2018-01-04,0.3119151368760064
2018-01-05,0.3112840402969247
2018-01-08,0.3111291119285339
2018-01-09,0.310607237189646
2018-01-10,0.3102795381310418
2018-01-11,0.3106554783538214
2018-01-12,0.3108582664526484
2018-01-15,0.3115070857751731
2018-01-16,0.311448835978836
2018-01-17,0.3114488594164455
2018-01-18,0.3112840487546369
2018-01-19,0.3111193998420636
2018-01-22,0.3112549879870468
2018-01-23,0.3106072407551073
2018-01-24,0.3113325190839695
2018-01-25,0.3113325153374233
2018-01-26,0.3110903934593766
2018-01-29,0.3109259448416752
2018-01-30,0.3108003055767761
2018-01-31,0.3108969465648855
2018-02-01,0.311380959752322
2018-02-02,0.3107037189022826
2018-02-05,0.3097605749486653
2018-02-06,0.3081094580777096
2018-02-07,0.3074936278243209
2018-02-08,0.3064664496745118
2018-02-09,0.3051943943943944
2018-02-14,0.3070592964824121
2018-02-15,0.3079102238046795
2018-02-16,0.3081474190283401
2018-02-19,0.3079291959798995
2018-02-20,0.3075503778337531
2018-02-21,0.3074936010037641
2018-02-22,0.3079576441102757
2018-02-23,0.3075598098098098
2018-02-26,0.307919702970297
2018-02-27,0.3075314356435644
2018-02-28,0.3061849328692193
2018-03-01,0.3064946156518287
2018-03-02,0.3071347311297484
2018-03-05,0.3073329539831766
2018-03-06,0.3072102261553589
2018-03-07,0.3072762861342479
2018-03-08,0.3070121807465619
2018-03-09,0.3066074074074074
2018-03-12,0.3067955445544554
2018-03-13,0.3064570722057369
2018-03-14,0.3069367770637666
2018-03-15,0.3065416072745147
2018-03-16,0.3060162871287128
2018-03-19,0.3056982178217822
2018-03-20,0.3060443622008388
2018-03-21,0.3075408978786383
2018-03-22,0.3088326328800988
2018-03-23,0.3098373452204061
2018-03-26,0.3108969291728578
2018-03-27,0.3099910253867513
2018-03-28,0.309597498635168
2018-04-03,0.3102121902874132
2018-04-04,0.3099141724479683
2018-04-05,0.3097413861386139
2018-04-06,0.3089184836471754
2018-04-09,0.3089852897473997
2018-04-10,0.3086324404761905
2018-04-11,0.3094538377627925
2018-04-12,0.3100486887679367
2018-04-13,0.3101352126607319
2018-04-16,0.3104722057368941
2018-04-17,0.3106072348860257
2018-04-18,0.310819617581326
2018-04-19,0.3105590277777778
2018-04-20,0.3105107974244675
2018-04-23,0.3089375616979269
2018-04-24,0.3094442250740374
2018-04-25,0.3087372605174797
2018-04-26,0.3088707542579075
2018-04-27,0.3089089094449854
2018-05-02,0.3055861320754717
2018-05-03,0.3051106086956521
2018-05-04,0.3056982110091743
2018-05-07,0.3050175318761384
2018-05-08,0.3039513839285714
2018-05-09,0.3036283450704226
2018-05-10,0.3064007051564565
2018-05-11,0.3069556319862425
2018-05-14,0.3069556222488996
2018-05-15,0.3055301039501039
2018-05-16,0.306184932070811
2018-05-17,0.3055487664473684
2018-05-18,0.3043213671715104
2018-05-21,0.3041547418918365
2018-05-22,0.3056795304777595
2018-05-23,0.3058945863125638
2018-05-24,0.3060443902439024
2018-05-28,0.3057730068798057
2018-05-29,0.3049245169082125
2018-05-30,0.3056795427196149
2018-05-31,0.3053248798076923
2018-06-01,0.3055861061061061
2018-06-04,0.305810412494994
2018-06-05,0.306044391025641
2018-06-06,0.3066638152610442
2018-06-07,0.3061380828497098
2018-06-08,0.3064664559462663
2018-06-11,0.3059881923076923
2018-06-12,0.305651495145631
2018-06-13,0.3063256153846154
2018-06-14,0.3054927436823105
2018-06-15,0.3049710405643739
2018-06-18,0.3049803118201595
2018-06-19,0.3045901657060518
2018-06-21,0.3053062181818182
2018-06-22,0.3060631247686042
2018-06-25,0.3055021040974529
2018-06-26,0.305819741697417
2018-06-27,0.3056982142857142
2018-06-28,0.3056608540925266
2018-06-29,0.3044788908145581
2018-07-02,0.3039051943462897
2018-07-03,0.3040992446043165
2018-07-04,0.303831314570716
2018-07-05,0.3043676648841354
2018-07-06,0.3045808960573476
2018-07-10,0.3055954694921446
2018-07-11,0.3048408908360715
2018-07-12,0.3055580976863753
2018-07-13,0.3057262403528115
2018-07-16,0.3061099415204678
2018-07-17,0.3058758620689655
2018-07-18,0.3058103848104935
2018-07-19,0.3052130480204618
2018-07-20,0.3053994561276287
2018-07-23,0.305296886314265
2018-07-24,0.3054181222707423
2018-07-25,0.3056047827674333
2018-07-26,0.3055487778183145
2018-07-27,0.3055021043000915
2018-07-30,0.3057356081452945
2018-07-31,0.3055954396205764
2018-08-01,0.3056047956403269
2018-08-02,0.3055300910746812
2018-08-03,0.3061099670208868
2018-08-06,0.3059507500914746
2018-08-07,0.3060724949808359
2018-08-08,0.3058291139240506
2018-08-09,0.3058945926716471
2018-08-10,0.304859452991453
2018-08-13,0.3040900250626566
2018-08-14,0.3037113475177305
2018-08-15,0.3015499666666666
2018-08-16,0.3018139075067024
2018-08-17,0.300634338358459
2018-08-21,0.3037574666666666
2018-08-22,0.3044140165289256
2018-08-23,0.3028284027550016
2018-08-24,0.3033980582524272
2018-08-27,0.3040437843073942
2018-08-28,0.3037390430622009
2018-08-29,0.3034993529411764
2018-08-30,0.3030302925531914
2018-08-31,0.3041547625508819
2018-09-03,0.3027092513368984
2018-09-04,0.301741049382716
2018-09-05,0.3015226822916667
2018-09-06,0.3010325301204819
2018-09-07,0.3007428223844282
2018-09-10,0.300165088282504
2018-09-11,0.2997512189979178
2018-09-12,0.3002552156862745
2018-09-13,0.3015317825537295
2018-09-14,0.302096537882589
2018-09-17,0.3021147988869213
2018-09-18,0.3023797286753417
2018-09-19,0.3028192552920173
2018-09-20,0.3032876439790575
2018-09-21,0.3036744549125168
2018-09-24,0.3029476675603217
2018-09-25,0.3022883202099737
2018-09-26,0.3025169306673591
2018-09-27,0.3030027455919395
2018-09-28,0.3029384969696969
2018-10-01,0.3022974494949494
2018-10-02,0.3018685564304462
2018-10-03,0.3015590607588219
2018-10-04,0.3008785639686684
2018-10-05,0.3008876057082452
2018-10-08,0.3008876269374665
2018-10-09,0.3005078663793104
2018-10-10,0.3004627114093959
2018-10-11,0.3006885698660104
2018-10-12,0.2998051156462585
2018-10-16,0.2998051388888889
2018-10-17,0.2998141238253178
2018-10-18,0.2996703683492497
2018-10-19,0.3003634373289546
2018-10-22,0.2999849972572682
2018-10-23,0.2997512161792839
2018-10-24,0.2992757567567567
2018-10-25,0.2991593639575972
2018-10-26,0.2987660966340933
2018-10-29,0.2982137127371274
2018-10-30,0.2973005175701443
2018-10-31,0.2969561891515994
2018-11-01,0.296894477151668
2018-11-02,0.2977253874330797
2018-11-05,0.2973270406732118
2018-11-07,0.2973712363330529
2018-11-08,0.2968592394366197
2018-11-09,0.2965511016949153
2018-11-12,0.2964192523889826
2018-11-13,0.2960769764216366
2018-11-14,0.2959017548746518
2018-11-15,0.2955519556171984
2018-11-16,0.2966038964653493
2018-11-20,0.2954908236594804
2018-11-21,0.2961734381464626
2018-11-22,0.2966038904109588
2018-11-23,0.2959805851063829
2018-11-26,0.2958229705505762
2018-11-27,0.2956305836575875
2018-11-28,0.2964104784191367
2018-11-29,0.2958142364793213
2018-12-03,0.2959017534246575
2018-12-04,0.2954646256684491
2018-12-05,0.2959017623497997
2018-12-06,0.2960945092838196
2018-12-07,0.2966214705882353
2018-12-10,0.2968416091343601
2018-12-11,0.2970444062417349
2018-12-12,0.2979737696195796
2018-12-13,0.2978495374041766
2018-12-14,0.2987482577940791
2018-12-17,0.299410167276529
2018-12-18,0.2987125457396759
2018-12-19,0.2983026583268178
2018-12-20,0.2990609461235217
2018-12-21,0.2978938775510203
2018-12-26,0.2966918911917098
2018-12-27,0.2967183028720627
2018-12-28,0.2967799469496021
2018-12-31,0.2964280371352785
2019-01-02,0.2968680478087649
2019-01-03,0.2968768491321762
2019-01-04,0.2989268397109981
2019-01-07,0.2983916633159094
2019-01-08,0.2990519946808511
2019-01-09,0.2999849879582553
2019-01-10,0.2996254584681769
2019-01-11,0.2990788346883469
2019-01-14,0.299043054054054
2019-01-15,0.2995357142857142
2019-01-16,0.300012
2019-01-17,0.3006704852824184
2019-01-18,0.3009781798829165
2019-01-21,0.3003002917771883
2019-01-22,0.2997152677857714
2019-01-23,0.2995805910543131
2019-01-24,0.2986144385026738
2019-01-25,0.2992578449905482
2019-01-28,0.2980092866756393
2019-01-29,0.2979471352785146
2019-01-30,0.2975747533990936
2019-01-31,0.3003093172690763
2019-02-01,0.300616276567124
2019-02-04,0.3004356278569508
2019-02-05,0.3006162634408602
2019-02-06,0.3010960021321961
2019-02-07,0.3008423585404547
2019-02-08,0.3008876089828269
2019-02-11,0.3001651015563176
2019-02-12,0.3000930244801263
2019-02-13,0.2994460230245944
2019-02-14,0.2995267399267399
2019-02-15,0.3005620403935785
2019-02-18,0.3011685309278351
2019-02-19,0.3017501400560224
2019-02-20,0.3013863876985127
2019-02-21,0.3013409562357703
2019-02-22,0.3024345996940337
2019-02-25,0.302425439832006
2019-02-26,0.3023980190378184
2019-02-27,0.3027825605358062
2019-02-28,0.3029843933588761
2019-03-01,0.3021695805074101
2019-03-06,0.3023522944785276
2019-03-07,0.3019779529411764
2019-03-08,0.3016045388349514
2019-03-11,0.3024162953995157
2019-03-12,0.3033060240963855
2019-03-13,0.3036836893203883
2019-03-14,0.3030394898209467
2019-03-15,0.3031681
2019-03-18,0.30306705
2019-03-19,0.3031680987654321
2019-03-20,0.3039883231334149
2019-03-21,0.3037297929354446
2019-03-22,0.3029201435406699
2019-03-25,0.3027917300380228
2019-03-26,0.3023431519699812
2019-03-27,0.3014408935491224
2019-03-28,0.3012955764382306
2019-03-29,0.301132249134948
2019-04-01,0.3024437368297822
2019-04-03,0.3036375787263821
2019-04-04,0.3033520387007602
2019-04-05,0.3033060323241521
2019-04-08,0.3040622654462242
2019-04-09,0.3037851672433679
2019-04-10,0.3037205766100907
2019-04-11,0.3031589239766082
2019-04-12,0.3033428402086296
2019-04-15,0.3033428399807785
2019-04-16,0.3034440905874027
2019-04-17,0.3031956801909308
2019-04-22,0.3026542843691149
2019-04-23,0.3018685613207547
2019-04-24,0.3006795449374289
2019-04-25,0.3006433853006682
2019-04-26,0.3015317815966935
2019-04-29,0.3021878398195149
2019-04-30,0.3024437372593431
2019-05-02,0.3020235491071428
2019-05-03,0.3029476822682268
2019-05-06,0.3021330571108622
2019-05-07,0.3015681447165232
2019-05-08,0.3016227272727272
2019-05-09,0.3016227403314917
2019-05-10,0.3017865848214286
2019-05-13,0.3001470731707317
2019-05-14,0.3010778519012675
2019-05-15,0.3013772888888889
2019-05-16,0.3014045322616656
2019-05-17,0.3004988222222222
2019-05-20,0.2988553662314671
2019-05-21,0.2989804556622738
2019-05-22,0.2991146102449888
2019-05-23,0.2982848525171878
2019-05-24,0.2989089915216421
2019-05-27,0.2984718171683389
2019-05-28,0.2979737748937122
2019-05-29,0.2980714735658042
2019-05-30,0.2973093602693603
2019-05-31,0.2962523905272565
2019-06-03,0.2973977490528192
2019-06-04,0.2986411764705882
2019-06-05,0.2983827616926503
2019-06-06,0.3000750055642109
2019-06-07,0.3005259085841694
2019-06-10,0.3000750111358575
2019-06-11,0.3006433557046979
2019-06-12,0.3001200366384245
2019-06-13,0.3002101452617016
2019-06-14,0.2991503979986354
2019-06-18,0.2998590616375345
2019-06-19,0.3000209930715936
2019-06-21,0.3030027342837111
2019-06-24,0.3029935673892554
2019-06-25,0.3030945729117508
2019-06-26,0.3033980575707934
2019-06-27,0.3039051756440281
2019-06-28,0.303637566822881
2019-07-01,0.3035638187396743
2019-07-02,0.3037205687203791
2019-07-03,0.3039051629788246
2019-07-04,0.3039698374760994
2019-07-05,0.3036191397849462
2019-07-10,0.3045252271640363
2019-07-11,0.304441798561151
2019-07-12,0.3045530528846153
2019-07-15,0.3042750471698113
2019-07-16,0.3042750586029067
2019-07-17,0.3043861882352941
2019-07-18,0.3042472791519434
2019-07-19,0.3044974068835455
2019-07-22,0.3044788692579505
2019-07-23,0.3037205578996718
2019-07-24,0.3036191275950548
2019-07-25,0.303250841595573
2019-07-26,0.3031221453287197
2019-07-29,0.3032600273785079
2019-07-30,0.3032600273161848
2019-07-31,0.3025260711030081
2019-08-01,0.3008876014427412
2019-08-02,0.2981959014557671
2019-08-05,0.2952552429105297
2019-08-06,0.2954471523178808
2019-08-07,0.2955519412151787
2019-08-08,0.2959017470145953
2019-08-09,0.2959017458563536
2019-08-12,0.2955519245283018
2019-08-13,0.2956305734767026
2019-08-14,0.2947070529801324
2019-08-15,0.294507423580786
2019-08-16,0.2961032727272727
2019-08-20,0.2957529863013698
2019-08-21,0.2959980916030534
2019-08-22,0.2961909783989834
2019-08-23,0.2963226291931097
2019-08-26,0.2955519262072708
2019-08-27,0.2948199999999999
2019-08-28,0.2941782099827883
2019-08-29,0.2942561139896373
2019-08-30,0.2946723239791631
2019-09-02,0.294377375
2019-09-03,0.2936426223651304
2019-09-04,0.2955519285714286
2019-09-05,0.2972386359578647
2019-09-06,0.299724238624149
2019-09-09,0.2987036237058193
2019-09-10,0.2991414568826995
2019-09-11,0.2993026165895336
2019-09-12,0.3009328877005348
2019-09-13,0.3011594546426662
2019-09-16,0.3004897832267235
2019-09-17,0.2990698761061947
2019-09-18,0.2990341118188251
2019-09-19,0.2982759589888633
2019-09-20,0.2974154579142403
2019-09-23,0.2976633345045678
2019-09-24,0.2990877791454194
2019-09-25,0.2984094653812446
2019-09-26,0.2963050690438734
2019-09-27,0.2956393056524773
2019-09-30,0.2964104532036811
2019-10-01,0.2950461658570437
2019-10-02,0.2950374610861294
2019-10-03,0.2967799237831284
2019-10-04,0.296155880824528
2019-10-07,0.2954384163208852
2019-10-08,0.2956043560933449
2019-10-09,0.2968944818072081
2019-10-10,0.2972739910313901
2019-10-11,0.2981070111972438
2019-10-15,0.2967535095246267
2019-10-16,0.2970444059779255
2019-10-17,0.2984807181193093
2019-10-18,0.2990877806341045
2019-10-21,0.2995805845154674
2019-10-22,0.2988285763000852
2019-10-23,0.2990609322033898
2019-10-24,0.2984718082422203
2019-10-25,0.2994639439906651
2019-10-28,0.3004266050420168
2019-10-29,0.299544677988902
2019-10-30,0.2990072839919625
2019-10-31,0.2989357801240154
2019-11-01,0.2989625941422594
2019-11-04,0.2999040201005025
2019-11-05,0.2996164794635372
2019-11-07,0.2987303859060403
2019-11-08,0.2977963025210083
2019-11-11,0.2972828190158465
2019-11-12,0.2956043551088777
2019-11-13,0.2951593770931011
2019-11-14,0.2949852478231748
2019-11-15,0.2972121334003686
2019-11-19,0.2957529736974367
2019-11-20,0.2954122384061611
2019-11-21,0.2963401839464883
2019-11-22,0.2947765434164296
2019-11-25,0.2950897002177189
2019-11-26,0.2955257257257258
2019-11-27,0.2948721599464614
2019-11-28,0.2950026399331662
2019-11-29,0.2937892892892892
2019-12-02,0.2945855106294289
2019-12-03,0.2952203754693367
2019-12-04,0.2958930026720107
2019-12-05,0.295945536384096
2019-12-06,0.2959017517517517
2019-12-09,0.2960769705563433
2019-12-10,0.2943773767752715
2019-12-11,0.2947591741202039
2019-12-12,0.2953686199113934
2019-12-13,0.2969914738531496
2019-12-16,0.2981959040374488
2019-12-17,0.299338460252445
2019-12-18,0.2998051157736353
2019-12-19,0.2998500710524115
2019-12-20,0.3017410348574772
2019-12-23,0.301186664444074
2019-12-26,0.3012501753214225
2019-12-27,0.301477235500585
2019-12-30,0.3018047921188846
2019-12-31,0.3021147937886124
2020-01-02,0.303158906628772
2020-01-03,0.3021421716960629
2020-01-06,0.3005349494274011
2020-01-07,0.3012048148457745
2020-01-08,0.3013500459750898
2020-01-09,0.3012229541085012
2020-01-10,0.3004897853417146
2020-01-13,0.3002371809841535
2020-01-14,0.3007609224109224
2020-01-15,0.3007247372810676
2020-01-16,0.3010416006669446
2020-01-17,0.301159453378885
2020-01-20,0.3013500333000333
2020-01-21,0.3015408652246256
2020-01-22,0.3017228233727318
2020-01-23,0.3011775965379494
2020-01-24,0.3007609126158659
2020-01-27,0.3000750041548944
2020-01-28,0.299670355599867
2020-01-29,0.2988196579777519
2020-01-30,0.2964719668049792
2020-01-31,0.2961383429991715
2020-02-03,0.2965950719364974
2020-02-04,0.2976633377352261
2020-02-05,0.2974862353523683
2020-02-06,0.2962523974295601
2020-02-07,0.2952290885159592
2020-02-10,0.2945074289087867
2020-02-11,0.2952029483466679
2020-02-12,0.2959455323457838
2020-02-13,0.295551939272508
2020-02-14,0.2959805724141297
2020-02-17,0.2956567967698519
2020-02-18,0.2956305666374752
2020-02-19,0.2957529848207487
2020-02-20,0.2947591804366473
2020-02-21,0.2952290949077443
2020-02-26,0.2928772246291613
2020-02-27,0.2918003991052318
2020-02-28,0.2898970744253336
2020-03-02,0.290892160169614
2020-03-03,0.2921499301866504
2020-03-04,0.2921755320001924
2020-03-05,0.2896200035245678
2020-03-06,0.2878940460947503
2020-03-09,0.2848678074524228
2020-03-10,0.2859675661857515
2020-03-11,0.2845759693633317
2020-03-12,0.2820874416975755
2020-03-13,0.2827814273676847
2020-03-16,0.2810567585145703
2020-03-17,0.2818171544342265
2020-03-18,0.2798768514132322
2020-03-19,0.2810567593510519
2020-03-20,0.283527066018504
2020-03-25,0.2877697736143638
2020-03-26,0.2946202338507527
2020-03-27,0.2937030073436942
2020-03-30,0.2907145759977664
2020-04-01,0.2882093477351269
2020-04-02,0.2905034301606922
2020-04-03,0.2895445385918965
2020-04-06,0.289293245114633
2020-04-07,0.2971679755336642
2020-04-08,0.2989983425414365
2020-04-13,0.2957704802691955
2020-04-14,0.2945247786259542
2020-04-15,0.2928343315198342
2020-04-16,0.293100410708853
2020-04-17,0.2935564227148496
2020-04-20,0.2935995301606547
2020-04-21,0.2952116659101225
2020-04-22,0.2967006794504001
2020-04-23,0.2963753166465621
2020-04-24,0.2946983742285112
2020-04-27,0.2940743874943634
2020-04-28,0.2960243884136275
2020-04-29,0.296621468164794
2020-04-30,0.2955956163973668
2020-05-04,0.2951593754669057
2020-05-05,0.2949069552238806
2020-05-06,0.2932637257824143
2020-05-07,0.2938065485935407
2020-05-08,0.2939188048164114
2020-05-11,0.2922609173222502
2020-05-12,0.2919963682182034
2020-05-13,0.2906638732602901
2020-05-14,0.2897290952099349
2020-05-15,0.2906047394064668
2020-05-18,0.2918855794750811
2020-05-19,0.291562179675994
2020-05-20,0.2939447352941176
2020-05-21,0.2932379203994713
2020-05-22,0.2911631856849516
2020-05-26,0.291808920462868
2020-05-27,0.2894691047396138
2020-05-28,0.2909852739225712
2020-05-29,0.2912904143565801
2020-06-01,0.2925687454465977
2020-06-02,0.2940225149177703
2020-06-03,0.294299418689144
2020-06-04,0.2914602031930333
2020-06-05,0.291400753732425
2020-06-08,0.2906385205558772
2020-06-09,0.2900400173485615
2020-06-10,0.2915876840889402
2020-06-11,0.2887836387245707
2020-06-12,0.2885419922156552
2020-06-16,0.2876952593018244
2020-06-17,0.2860248169944022
2020-06-18,0.2844707341554345
2020-06-19,0.2850952148997135
2020-06-22,0.2858939831356296
2020-06-23,0.2839698986148793
2020-06-24,0.2842362482168331
2020-06-25,0.2852334521094641
2020-06-26,0.2840263457704358
2020-06-29,0.2832780823863636
2020-06-30,0.2818806982685212
2020-07-01,0.2831337209302326
2020-07-02,0.2841312553131199
2020-07-03,0.2829094280860702
2020-07-06,0.2819283959333521
2020-07-07,0.2824539579511781
2020-07-08,0.2833021567521849
2020-07-13,0.2860166339135317
2020-07-14,0.2857795932678822
2020-07-15,0.2857877662556053
2020-07-16,0.2854695883506021
2020-07-17,0.2842604924454393
2020-07-20,0.2846083728718951
2020-07-21,0.2861803402119353
2020-07-22,0.284794803566453
2020-07-23,0.2839456987750556
2020-07-24,0.2828054242002781
2020-07-27,0.2837120837957825
2020-07-28,0.2845516772941502
2020-07-29,0.2854695844875346
2020-07-30,0.2845840714088015
2020-07-31,0.2834306415929203
2020-08-03,0.2821909266409266
2020-08-04,0.2817060079922833
2020-08-05,0.2821670338749655
2020-08-06,0.2819363273727647
2020-08-07,0.2815790847876872
2020-08-10,0.2808909801233721
2020-08-11,0.2806229726027397
2020-08-12,0.2801512799452429
2020-08-13,0.2798768431131172
2020-08-14,0.2796107709130672
2020-08-18,0.2800492779291553
2020-08-19,0.2806623571039738
2020-08-20,0.2796733306133551
2020-08-21,0.2789400244631693
2020-08-24,0.2790256340702563
2020-08-25,0.2787223275978864
2020-08-26,0.279720268074736
2020-08-27,0.2807332702190966
2020-08-28,0.2826375675675676
2020-08-31,0.2821272310595847
2020-09-01,0.2836074747474748
2020-09-02,0.2829654736275565
2020-09-03,0.2821351976337725
2020-09-04,0.2823183906501881
2020-09-07,0.2824459745478901
2020-09-08,0.2827174675411592
2020-09-09,0.2822546475859302
2020-09-10,0.2819919828968465
2020-09-11,0.2799238552930183
2020-09-14,0.280159118743344
2020-09-15,0.2818092033515095
2020-09-16,0.2831818205980067
2020-09-17,0.283502960701009
2020-09-18,0.2837684399044839
2020-09-21,0.281658393967456
2020-09-22,0.2813730998017184
2020-09-23,0.2801591257263602
2020-09-24,0.2793686196885722
2020-09-25,0.2780790243902439
2020-09-28,0.2782105443071259
2020-09-29,0.2781331581713084
2020-09-30,0.2778935547387765
2020-10-01,0.2770927475409836
2020-10-02,0.2758620662768031
2020-10-05,0.2781331645240877
2020-10-06,0.2786601971977167
2020-10-07,0.2806229801582155
2020-10-08,0.2793842303203216
2020-10-09,0.2796889825016202
2020-10-13,0.2782724783675578
2020-10-14,0.2784972250903458
2020-10-15,0.2790879308119272
2020-10-16,0.2794232585139319
2020-10-19,0.2787689481825213
2020-10-20,0.278559281668383
2020-10-21,0.2780480900321543
2020-10-22,0.2774232838114754
2020-10-23,0.2775387815179828
2020-10-26,0.2775772936365959
2020-10-27,0.2771772158365262
2020-10-28,0.27690858127953
2020-10-29,0.2769085823754789
2020-10-30,0.2766328140960163
2020-11-02,0.2765180836192655
2020-11-03,0.2781641074369694
2020-11-04,0.2780171706946729
2020-11-05,0.2777854867256637
2020-11-09,0.2788700063011972
2020-11-10,0.2763270552687901
2020-11-11,0.2754820857969556
2020-11-12,0.2749594394167923
2020-11-13,0.2748083134796238
2020-11-16,0.272806627485307
2020-11-17,0.2767093703148425
2020-11-18,0.2802533374922021
2020-11-19,0.279955206776283
2020-11-20,0.2785127317983821
2020-11-24,0.2773540396530359
2020-11-25,0.2775002723109295
2020-11-26,0.2772694399802201
2020-11-27,0.2776081164425805
2020-11-30,0.2773463534620587
2020-12-01,0.2773540464202382
2020-12-02,0.2773155847343233
2020-12-03,0.2788544629720451
2020-12-04,0.2787456460502143
2020-12-09,0.2775233788395904
2020-12-10,0.2782647388286862
2020-12-11,0.2780867656002919
2020-12-14,0.278629144936325
2020-12-15,0.279025639161517
2020-12-16,0.2787611837327523
2020-12-17,0.2787067948252932
2020-12-18,0.2779012916465476
2020-12-21,0.2773617318099819
2020-12-22,0.2768472672672672
2020-12-23,0.2771618642034549
2020-12-28,0.2765486769964243
2020-12-29,0.276281254463223
2020-12-30,0.2761744266191325
2020-12-31,0.2763957932263814
2021-01-04,0.2754820897284533
2021-01-05,0.2754593326258696
2021-01-06,0.2759610293251678
2021-01-07,0.2766328235294117
2021-01-08,0.2772156484962406
2021-01-11,0.2768396040763734
2021-01-12,0.2772463905463905
2021-01-13,0.2765180829924021
2021-01-14,0.2768319360112097
2021-01-15,0.2769776183811523
2021-01-18,0.276701719330855
2021-01-19,0.2766864052894096
2021-01-20,0.2766864041690793
2021-01-21,0.276121045933125
2021-01-22,0.2751485849601479
2021-01-25,0.2743408975834292
2021-01-26,0.274288221098598
2021-01-27,0.2743634714728504
2021-01-28,0.2743634747706422
2021-01-29,0.2749745677315928
2021-02-01,0.2746875456621004
2021-02-02,0.2751864424173318
2021-02-03,0.2749216514806378
2021-02-04,0.2743860652940507
2021-02-05,0.2747781136363636
2021-02-08,0.2746045707156629
2021-02-09,0.2746196464989802
2021-02-10,0.2750048098687189
2021-02-11,0.2747781119276427
2021-02-12,0.2742882200135532
2021-02-17,0.2738750618394423
2021-02-18,0.2739575903885021
2021-02-19,0.2736577069777877
2021-02-22,0.2735678743151067
2021-02-23,0.2737625935440634
2021-02-24,0.2740551962533452
2021-02-25,0.2740927576601671
2021-02-26,0.2739425851703407
2021-03-01,0.2735678765678765
2021-03-02,0.2728289628397116
2021-03-03,0.2717834423140862
2021-03-04,0.2718942850814043
2021-03-05,0.2706359964590019
2021-03-08,0.2699128188141769
2021-03-09,0.2698327046106331
2021-03-10,0.2710835207231041
2021-03-11,0.2708852500550782
2021-03-12,0.2697817501375894
2021-03-15,0.269287733362618
2021-03-16,0.2700148469219796
2021-03-17,0.2699055372807017
2021-03-18,0.270014852135816
2021-03-19,0.2691862521891419
2021-03-22,0.2685573113465109
2021-03-23,0.2691427760803143
2021-03-25,0.2677519559768987
2021-03-26,0.2679959277003484
2021-03-29,0.2667022304428245
2021-03-30,0.2655689865158765
2021-03-31,0.2670583478260869
2021-04-05,0.2704164462272333
2021-04-06,0.274687537928045
2021-04-07,0.2772386981479476
2021-04-08,0.2781176986360684
2021-04-09,0.275938186932064
2021-04-12,0.2758164182328796
2021-04-13,0.2762430900453466
2021-04-14,0.2755731952088054
2021-04-15,0.2759458045729077
2021-04-16,0.2752697661889882
2021-04-19,0.2724424451140766
2021-04-20,0.2711937936968914
2021-04-21,0.2696144469525959
2021-04-22,0.2662335983668207
2021-04-23,0.2645152706185567
2021-04-26,0.2607629891712233
2021-04-27,0.2600509696774885
2021-04-28,0.2647954409246575
2021-04-29,0.2642007914438503
2021-04-30,0.264040348439504
2021-05-03,0.2621919291128429
2021-05-04,0.2608922526944829
2021-05-05,0.2619378133333333
2021-05-06,0.2621712975796993
2021-05-07,0.2623294832179009
2021-05-10,0.2689979772170765
2021-05-11,0.2698399893560404
2021-05-12,0.2687449563736965
2021-05-13,0.2730748218274651
2021-05-14,0.2713041578051892
2021-05-17,0.2691282906618506
2021-05-18,0.2673224936278675
2021-05-19,0.2675227388535031
2021-05-20,0.2697671901528014
2021-05-21,0.2668516813408295
2021-05-26,0.2597537574089754
2021-05-27,0.2587322119961917
2021-05-28,0.2628120875634517
2021-05-31,0.2603624195080755
2021-06-01,0.2591344874907632
2021-06-02,0.2619515352959797
2021-06-03,0.2595851808880919
2021-06-04,0.2628811827956989
2021-06-07,0.2542071278163824
2021-06-08,0.2538715398379118
2021-06-09,0.2579446922672277
2021-06-10,0.2573009147303122
2021-06-11,0.2559246609902239
2021-06-14,0.2565418162729658
2021-06-15,0.2564102518363064
2021-06-16,0.2560950582310355
2021-06-17,0.2554278389430638
2021-06-18,0.2529724231938765
2021-06-22,0.2516103047439523
2021-06-23,0.2514458180676227
2021-06-24,0.2508214442700157
2021-06-25,0.2521432217573222
2021-06-28,0.2564431288535897
2021-06-29,0.2566735137394211
2021-06-30,0.2591412035102381
2021-07-01,0.258732215956558
2021-07-02,0.2561212965862824
2021-07-05,0.2547770650813517
2021-07-06,0.2526911583776457
2021-07-07,0.2522195330414842
2021-07-08,0.2528508907177831
2021-07-12,0.2524105213862004
2021-07-13,0.2516166354556803
2021-07-14,0.2524105241264559
2021-07-15,0.2526017987107506
2021-07-16,0.2567196320931199
2021-07-19,0.2537105181185754
2021-07-20,0.2535496989827693
2021-07-21,0.2537169572436696
2021-07-22,0.2542911627424541
2021-07-23,0.2545760008297034
2021-07-26,0.2559050031075202
2021-07-27,0.2546473128300714
2021-07-28,0.2546797432977952
2021-07-29,0.2546797392384106
2021-07-30,0.2457847864308615
2021-08-02,0.2456761029031924
2021-08-03,0.2465604792893296
2021-08-04,0.2451701435505525
2021-08-05,0.2454409330168231
2021-08-06,0.2441227450980392
2021-08-09,0.2434867319587629
2021-08-10,0.2456097289498093
2021-08-11,0.2444270610057708
2021-08-12,0.2443195735036571
2021-08-13,0.2451340850581814
2021-08-17,0.244804030848329
2021-08-18,0.2441763907455013
2021-08-19,0.2432202405427631
2021-08-20,0.2430842564998458
2021-08-23,0.2436053593429158
2021-08-24,0.2443733093894304
2021-08-25,0.2440214710709889
2021-08-26,0.2447021941966574
2021-08-27,0.2453144936449364
2021-08-30,0.2448819670453382
2021-08-31,0.2447680785758134
2021-09-01,0.2449419513192882
2021-09-02,0.2439321884902381
2021-09-03,0.2442897302268546
2021-09-06,0.2437003471158754
2021-09-07,0.2442598938667211
2021-09-08,0.2445346495255586
2021-09-09,0.2439262417134115
2021-09-10,0.2438786420634111
2021-09-13,0.2435756899887972
2021-09-14,0.2436528459423684
2021-09-15,0.2433622900763358
2021-09-16,0.2433682197355035
2021-09-17,0.2433800630337535
2021-09-20,0.2429248121064391
2021-09-21,0.2432557327104702
2021-09-22,0.2431197075845263
2021-09-23,0.2432202354373858
2021-09-24,0.2434570921266233
2021-09-27,0.2423478657609246
2021-09-28,0.2422598013379282
2021-09-29,0.2422128545380875
2021-09-30,0.2416918472756735
2021-10-01,0.242083854641158
2021-10-04,0.2420897228403803
2021-10-05,0.2420135504095459
2021-10-06,0.2418145774363121
2021-10-07,0.2444449868607236
2021-10-12,0.2469318700171561
2021-10-13,0.2511868543179983
2021-10-14,0.2551020371117386
2021-10-15,0.2545436075821738
2021-10-18,0.2532543165105269
2021-10-19,0.2534661464102306
2021-10-20,0.2535111323603422
2021-10-21,0.2529724262855992
2021-10-22,0.2522513431934802
2021-10-25,0.2516736328910333
2021-10-26,0.2504257231820008
2021-10-27,0.2508780732563974
2021-10-28,0.2513762864881131
2021-10-29,0.2505951664661051
2021-11-01,0.2504382626991283
2021-11-02,0.2494512116963749
2021-11-03,0.2491963467120408
2021-11-04,0.2493330332132853
2021-11-05,0.2491156393836301
2021-11-08,0.2492149680255795
2021-11-09,0.2489110178803316
2021-11-10,0.2484286869695456
2021-11-11,0.2488800439253269
2021-11-12,0.2487871582518459
2021-11-15,0.2505763239254014
2021-11-16,0.2501125535945757
2021-11-17,0.2495944095665172
2021-11-18,0.2490287919529927
2021-11-19,0.2490411905235915
2021-11-23,0.2494076563587551
2021-11-24,0.2485212979526933
2021-11-25,0.248317649980135
2021-11-26,0.247475744047619
2021-11-29,0.2462568951852586
2021-11-30,0.2457485538827258
2021-12-01,0.2456398910891089
2021-12-02,0.2454891394658754
2021-12-03,0.2453927540529853
2021-12-06,0.2448340047393364
2021-12-07,0.2453385624137251
2021-12-09,0.2449839570612566
2021-12-10,0.2463357557853274
2021-12-13,0.2468404424778761
2021-12-14,0.2467369031243859
2021-12-15,0.2465240129640542
2021-12-16,0.247776211972522
2021-12-17,0.2479605216709158
2021-12-20,0.2472371291491236
2021-12-21,0.246639534428795
2021-12-22,0.2477086935263055
2021-12-23,0.2497440078201368
2021-12-27,0.2517433196801248
2021-12-28,0.2532350808809199
2021-12-29,0.2515723315153876
2021-12-30,0.250783703271028
2021-12-31,0.2499062889408099
2022-01-03,0.2510355242718446
2022-01-04,0.252589038704045
2022-01-05,0.2529468295520651
2022-01-06,0.2518891708640062
2022-01-07,0.2540973179705654
2022-01-10,0.254517689112163
2022-01-11,0.2561737929702588
2022-01-12,0.256871305941358
2022-01-13,0.2565220776717741
2022-01-14,0.258558281972265
2022-01-17,0.2595380211335255
2022-01-18,0.2589667274647211
2022-01-19,0.258966721028396
2022-01-20,0.2603149841817658
2022-01-21,0.2616088940003833
2022-01-24,0.2604709270066009
2022-01-25,0.260098317721277
2022-01-26,0.2603827602674307
2022-01-27,0.2605523718621743
2022-01-28,0.259888763830599
2022-01-31,0.2603488668824986
2022-02-01,0.2574333904109589
2022-02-02,0.2597402566539923
2022-02-03,0.2590338049567942
2022-02-04,0.2586652879233469
2022-02-07,0.2602404617713853
2022-02-08,0.2606474484974485
2022-02-09,0.2625292095570875
2022-02-10,0.2659857466276766
2022-02-11,0.2650902590673575
2022-02-14,0.2642007897705904
2022-02-15,0.2633519395134779
2022-02-16,0.2661627322199287
2022-02-17,0.2686655385769195
2022-02-18,0.2679169413747893
2022-02-21,0.2661698150224215
2022-02-22,0.2685861647541748
2022-02-23,0.2682619313944817
2022-02-24,0.2635671167815235
2022-02-25,0.2673796835737552
2022-03-02,0.2665955712035578
2022-03-03,0.267802147551606
2022-03-04,0.2668659298991954
2022-03-07,0.2684419586868314
2022-03-08,0.2679025884303611
2022-03-09,0.2695708410011042
2022-03-10,0.269396552358187
2022-03-11,0.2703141072740632
2022-03-14,0.2689762728937729
2022-03-15,0.2668659257226491
2022-03-16,0.2684635865094598
2022-03-17,0.2674082823486439
2022-03-18,0.2645502643573382
2022-03-21,0.2638870601073019
2022-03-22,0.2648375215771781
2022-03-23,0.2654561898711199
2022-03-25,0.267952844718246
2022-03-28,0.2682691272135887
2022-03-29,0.2687449648077964
2022-03-30,0.2691210478852917
2022-03-31,0.2719608413656427
2022-04-01,0.2747101781857451
2022-04-04,0.2755276328762212
2022-04-05,0.2700731871083259
2022-04-06,0.2685140391665921
2022-04-07,0.2696871662052335
2022-04-08,0.2691572664051355
2022-04-11,0.2691282909930716
2022-04-12,0.2690848439162823
2022-04-13,0.2679887403735505
2022-04-18,0.26766595089325
2022-04-19,0.2691790033397785
2022-04-20,0.2694836697086697
2022-04-21,0.268017477430099
2022-04-22,0.2653927777291429
2022-04-25,0.2626740233693756
2022-04-26,0.2617115977361776
2022-04-27,0.260892254867872
2022-04-28,0.259484146553221
2022-04-29,0.2609194779290608
2022-05-02,0.2603420893458913
2022-05-03,0.2616431172866142
2022-05-04,0.2639845802447854
2022-05-05,0.2638870523415978
2022-05-06,0.2620476440240756
2022-05-09,0.2611920770877944
2022-05-10,0.263685264688275
2022-05-11,0.2641868295182781
2022-05-12,0.2638800938166311
2022-05-13,0.264445329132249
2022-05-16,0.264564262684541
2022-05-17,0.2659574489709495
2022-05-19,0.2675227395639682
2022-05-20,0.2683699189736664
2022-05-23,0.2690196906003027
2022-05-24,0.2705481319788431
2022-05-26,0.2735678753873209
2022-05-27,0.2716726892513593
2022-05-30,0.2718573285559536
2022-05-31,0.269556306156406
2022-06-01,0.2680605801196808
2022-06-02,0.2694836709281089
2022-06-03,0.2695345127610208
2022-06-06,0.2677878044752704
2022-06-07,0.2663754307857201
2022-06-08,0.2658089913544668
2022-06-09,0.2666311133037329
2022-06-10,0.2651254043845964
2022-06-13,0.2668303188879803
2022-06-14,0.2664109142857143
2022-06-15,0.2680821434392827
2022-06-16,0.2701096648226489
2022-06-21,0.2688894881539581
2022-06-22,0.2683843278159063
2022-06-23,0.2660635858178888
2022-06-24,0.2641798535093368
2022-06-27,0.2642007938417128
2022-06-28,0.2641798510450869
2022-06-29,0.2640542866282789
2022-06-30,0.2617047432723788
2022-07-01,0.2601456835392586
2022-07-04,0.2612125526002382
2022-07-05,0.2594033755942947
2022-07-06,0.2571024527256903
2022-07-07,0.257214878318584
2022-07-08,0.2560294952681388
2022-07-11,0.2526528543384374
2022-07-12,0.2524869974135904
2022-07-13,0.2522322562979189
2022-07-14,0.25592465625
2022-07-15,0.2564168343079921
2022-07-18,0.2570495849817703
2022-07-19,0.2583712250271023
2022-07-20,0.2572744319060133
2022-07-21,0.2556237227967278
2022-07-22,0.2552974179127485
2022-07-25,0.2555257438650307
2022-07-26,0.2551801576369758
2022-07-27,0.2551996944465663
2022-07-28,0.2543040954850518
2022-07-29,0.2548419974099185
2022-08-01,0.2570429752066116
2022-08-02,0.2547186611195158
2022-08-03,0.2551215677390122
2022-08-04,0.257499675814234
2022-08-05,0.2559770637369253
2022-08-08,0.2553169723740361
2022-08-09,0.2543558460963765
2022-08-10,0.2566735098843715
2022-08-11,0.2575859015416697
2022-08-12,0.2594370235530128
2022-08-16,0.2603624251828862
2022-08-17,0.2608718364937652
2022-08-18,0.2603420913107511
2022-08-19,0.2593562752441801
2022-08-22,0.2577120316159251
2022-08-23,0.2590338006571742
2022-08-24,0.2582644622675902
2022-08-25,0.2600983187772926
2022-08-26,0.2606202759622367
2022-08-29,0.2607357938114517
2022-08-30,0.2613217676767677
2022-08-31,0.2596728104952065
2022-09-01,0.2582844709774868
2022-09-05,0.2574068862275449
2022-09-06,0.2564891789982925
2022-09-07,0.2567723721590909
2022-09-08,0.2578116967764789
2022-09-09,0.2576323595982459
2022-09-12,0.2595851841439415
2022-09-13,0.2585114882872772
2022-09-14,0.257672186450168
2022-09-15,0.2569835265363128
2022-09-16,0.2577984044035674
2022-09-19,0.2586786659278243
2022-09-20,0.2566142284292035
2022-09-21,0.2562525640140796
2022-09-22,0.2572479608707633
2022-09-23,0.2552713558855886
2022-09-26,0.2533441405715848
2022-09-27,0.2530364399263151
2022-09-28,0.25290204957102
2022-09-29,0.2514900795539539
2022-09-30,0.2508780749389085
2022-10-03,0.2524105174391149
2022-10-04,0.2530428427215828
2022-10-05,0.2519082079527136
2022-10-06,0.2511300871313673
2022-10-11,0.2516166368040348
2022-10-12,0.2508528998940678
2022-10-13,0.2511931658955717
2022-10-14,0.2504696320232129
2022-10-17,0.2513952459016393
2022-10-18,0.2515280329799764
2022-10-19,0.2510859446402925
2022-10-20,0.2512247215165136
2022-10-21,0.2509221405813122
2022-10-24,0.2501751195553832
2022-10-25,0.2501876386381222
2022-10-26,0.2505512130767746
2022-10-27,0.2512184083756182
2022-10-28,0.2513573323932829
2022-10-31,0.2508906634376394
2022-11-01,0.2509851157171923
2022-11-02,0.2526145621827411
2022-11-03,0.2516862968591692
2022-11-04,0.2526783927217589
2022-11-07,0.2530940766769153
2022-11-08,0.2552322584684741
2022-11-09,0.2557871828521434
2022-11-10,0.2589801359186982
2022-11-11,0.2593495519601742
2022-11-14,0.2597402583755717
2022-11-15,0.2612739698988404
2022-11-16,0.2606270696128516
2022-11-17,0.2613217655731662
2022-11-18,0.2611716141684029
2022-11-22,0.2595649686949122
2022-11-23,0.2596188789128852
2022-11-24,0.2598414986986259
2022-11-25,0.2587857781266984
2022-11-28,0.2598955222088835
2022-11-29,0.2598820136559655
2022-11-30,0.2594706779053085
2022-12-01,0.2615404722155974
2022-12-02,0.2606406567910048
2022-12-05,0.2594033695909198
2022-12-06,0.2605523688713198
2022-12-07,0.2579446968805179
2022-12-12,0.2610284530547937
2022-12-13,0.2608446132355509
2022-12-14,0.2606950130775937
2022-12-15,0.2598887696502117
2022-12-16,0.2601998320787493
2022-12-19,0.2607765898617512
2022-12-20,0.2606610360489852
2022-12-21,0.2623294870323617
2022-12-22,0.2620476422391565
2022-12-23,0.2621094543582704
2022-12-26,0.2618829397370967
2022-12-27,0.2618486509514342
2022-12-28,0.2625016383219954
2022-12-29,0.2623294886299355
2022-12-30,0.2624258636261007
2023-01-02,0.2627292337917485
2023-01-03,0.2616431206548553
2023-01-04,0.2613490820553006
2023-01-05,0.2617732536045602
2023-01-06,0.2636644072524407
2023-01-09,0.2632271641956799
2023-01-10,0.2634907251358244
2023-01-11,0.2649146953008247
2023-01-12,0.2640473172349008
2023-01-13,0.2621919236498041
2023-01-16,0.2612193743139407
2023-01-17,0.2601456792152994
2023-01-18,0.2606814233357037
2023-01-19,0.2586652886243241
2023-01-20,0.2594908803488689
2023-01-23,0.2577319574768129
2023-01-24,0.256305105853051
2023-01-25,0.2570099443333513
2023-01-26,0.2601253831210878
2023-01-27,0.2614652497171488
2023-01-30,0.2592755842624357
2023-01-31,0.2598144919786096
2023-02-01,0.2599360563831491
2023-02-02,0.2607425974302927
2023-02-03,0.260701808318264
2023-02-06,0.2598617524192269
2023-02-07,0.2602675548754748
2023-02-08,0.2589600158019489
2023-02-09,0.2583845802008306
2023-02-10,0.2603488688257834
2023-02-13,0.2590539368640751
2023-02-14,0.2589331944372102
2023-02-15,0.2593159268115189
2023-02-16,0.2588996784732666
2023-02-17,0.2603827630829753
2023-02-22,0.2623088432931521
2023-02-23,0.2631509702524192
2023-02-24,0.2619446749795585
2023-02-27,0.2626119404501804
2023-02-28,0.2632618158762363
2023-03-01,0.2649357544161563
2023-03-02,0.2641310102592611
2023-03-03,0.2642706122654831
2023-03-06,0.2642426808467944
2023-03-07,0.2639845853365384
2023-03-08,0.2635601700425106
2023-03-09,0.2643055350369335
2023-03-10,0.2644593135057042
2023-03-13,0.262618834836025
2023-03-14,0.263852244271787
2023-03-15,0.2623845527251184
2023-03-16,0.2636713609933971
2023-03-17,0.2636991737975804
2023-03-20,0.2648094704933261
2023-03-21,0.264886630572627
2023-03-22,0.2652730986464115
2023-03-23,0.2654139129167072
2023-03-27,0.2653927827596182
2023-03-28,0.2655760344495765
2023-03-29,0.2664251080172827
2023-03-30,0.2658867299487031
2023-03-31,0.2657807329792833
2023-04-03,0.2654068688501212
2023-04-04,0.2650621548534017
2023-04-05,0.2651957153678629
2023-04-10,0.2644243497820891
2023-04-11,0.2645292711452096
2023-04-12,0.2648094706870799
2023-04-13,0.2648094699087013
2023-04-14,0.264760390516039
2023-04-17,0.26434047046862
2023-04-18,0.2647253480224947
2023-04-19,0.2649568098215928
2023-04-20,0.2658655259415569
2023-04-21,0.2659574474900471
2023-04-24,0.2664606057853866
2023-04-25,0.2662832208991714
2023-04-26,0.267115421762874
2023-04-27,0.2684419639639639
2023-04-28,0.2694038081552002
2023-05-02,0.2693239973291787
2023-05-03,0.2696071802841918
2023-05-04,0.2688533407177669
2023-05-05,0.2693602696132596
2023-05-08,0.2700148517461014
2023-05-09,0.270892589344442
2023-05-10,0.2728885251641137
2023-05-11,0.2724201790393012
2023-05-12,0.2736352443280977
2023-05-15,0.2728959731252709
2023-05-16,0.2710467806144526
2023-05-17,0.2703798834448521
2023-05-18,0.2705627703576044
2023-05-19,0.2711423243823845
2023-05-22,0.2708852528269682
2023-05-23,0.2707898957224942
2023-05-24,0.2708559066808059
2023-05-29,0.272338572927597
2023-05-30,0.272345987021143
2023-05-31,0.2719238622129436
2023-06-01,0.2713998792924038
2023-06-02,0.2714735603072452
2023-06-05,0.271812993814433
2023-06-06,0.2709439671120247
2023-06-07,0.2724721396303901
2023-06-08,0.2739125669871139
2023-06-09,0.274431243110839
2023-06-12,0.2740176458670988
2023-06-13,0.273987616349656
2023-06-14,0.274047685483871
2023-06-15,0.274642279041675
2023-06-16,0.275178865504109
2023-06-21,0.2745141115743498
2023-06-22,0.2751712945368171
2023-06-23,0.2751410079051383
2023-06-26,0.2744990377062058
2023-06-27,0.2750728932419197
2023-06-28,0.2751940121164745
2023-06-29,0.2753228142076503
2023-06-30,0.2759610362290611
2023-07-03,0.2754213958898798
2023-07-04,0.2756415538847118
2023-07-05,0.2752924971098265
2023-07-06,0.2742806989247312
2023-07-07,0.2746875440613027
2023-07-10,0.2749065333333333
2023-07-11,0.2759305775075988
2023-07-12,0.2795091800795304
2023-07-13,0.2805442557215812
2023-07-14,0.2815632408979437
2023-07-17,0.2813651846298032
2023-07-18,0.2807726882122174
2023-07-19,0.2786990334017541
2023-07-20,0.2786213807219948
2023-07-21,0.2785980961217295
2023-07-24,0.2784739630996309
2023-07-25,0.2773848159057437
2023-07-26,0.2780094532110091
2023-07-27,0.2780017246429879
2023-07-28,0.2778395213737669
2023-07-31,0.2767170281562216
2023-08-01,0.2748385334057577
2023-08-02,0.2729928190338861
2023-08-03,0.2702337504494785
2023-08-04,0.2705627707177376
2023-08-07,0.2704895868644068
2023-08-08,0.2695199859254046
2023-08-09,0.2707019288093986
2023-08-10,0.272094035639413
2023-08-11,0.2712600034800765
2023-08-14,0.2700586026575225
2023-08-15,0.2688822571428571
2023-08-16,0.2689256408058294
2023-08-17,0.2684347563937705
2023-08-18,0.2693094899271324
2023-08-22,0.2686727561080154
2023-08-23,0.2695199857122446
2023-08-24,0.2707092571428571
2023-08-25,0.2708265638389031
2023-08-28,0.2706286698099728
2023-08-29,0.2709513114285714
2023-08-30,0.2711423228571428
2023-08-31,0.2706872742857142
2023-09-01,0.2708779148814624
2023-09-04,0.2707825628571428
2023-09-05,0.2701753428571428
2023-09-06,0.2697235342857143
2023-09-07,0.2690993256179454
2023-09-08,0.2689328732676097
2023-09-11,0.2702848806972425
2023-09-12,0.2699929789969996
2023-09-13,0.2699856906156263
2023-09-14,0.2692587314285714
2023-09-15,0.2686294514285714
2023-09-18,0.2696653457142857
2023-09-19,0.269476408058294
2023-09-20,0.2689762753499
2023-09-21,0.2673082057142857
2023-09-22,0.2663186773318097
2023-09-25,0.264760391372661
2023-09-26,0.26392188
2023-09-27,0.26274994
2023-09-28,0.2630609770032852
2023-09-29,0.2633658151164452
2023-10-02,0.2632618140265676
2023-10-03,0.2622056734752178
2023-10-04,0.2622606857142857
2023-10-05,0.2618486514285714
2023-10-06,0.26136274493002
2023-10-09,0.260620277063696
2023-10-10,0.2613149357326478
2023-10-11,0.26132176520994
2023-10-12,0.2600712587512502
2023-10-17,0.2595582319337332
2023-10-18,0.2584313224792916
2023-10-19,0.2583912558936991
2023-10-20,0.2580179054150593
2023-10-23,0.2586184597799685
2023-10-24,0.2588393656236605
2023-10-25,0.2582444530134247
2023-10-26,0.258531541648807
2023-10-27,0.2592285355050722
2023-10-30,0.2603895413630518
2023-10-31,0.26052522
2023-11-01,0.2605116445206458
2023-11-02,0.2647603913167666
2023-11-03,0.2676731162524992
2023-11-07,0.2647674028571429
2023-11-08,0.2632964709244178
2023-11-09,0.2634629575653665
2023-11-10,0.2625912501785969
2023-11-13,0.2623776653807687
2023-11-14,0.2657242302199371
2023-11-15,0.2649708542286443
2023-11-16,0.2651464931390578
2023-11-17,0.2656748128266704
2023-11-21,0.2674726506531816
2023-11-22,0.2674654958619722
2023-11-23,0.2676587897464631
2023-11-24,0.2679528411633109
2023-11-27,0.2686944150417827
2023-11-28,0.2682043727399165
2023-11-29,0.2679887444444444
2023-11-30,0.2676229736477115
2023-12-01,0.2678451841595126
2023-12-04,0.266880171058077
2023-12-05,0.2662052437345084
2023-12-06,0.2662052433324168
2023-12-07,0.266368335064935
2023-12-11,0.2651183740948217
2023-12-12,0.2647393641697366
2023-12-13,0.263852243265204
2023-12-14,0.2655619287945034
2023-12-15,0.2658938022718761
2023-12-18,0.267644460503364
2023-12-19,0.2689039469588495
2023-12-20,0.2698254224213015
2023-12-21,0.2706286707286744
2023-12-22,0.2713336042249145
2023-12-26,0.2711643799962818
2023-12-27,0.2708559041367352
2023-12-28,0.2700513101058234
2023-12-29,0.2701023687302863
2024-01-02,0.2694473640064141
2024-01-03,0.2675728467513253
2024-01-04,0.2680174744363681
2024-01-05,0.268896716326028
2024-01-08,0.2703214118948144
2024-01-09,0.2693892939587426
2024-01-10,0.2707019302981961
2024-01-11,0.2700148503801815
2024-01-12,0.2705261740196078
2024-01-15,0.2707312451076321
2024-01-16,0.2688605683901723
2024-01-17,0.2671725128267774
2024-01-18,0.2672367712402343
2024-01-19,0.2673367902891301
2024-01-22,0.2675084270757243
2024-01-23,0.2658513894634384
2024-01-24,0.265886732733463
2024-01-25,0.2656748140947752
2024-01-26,0.2637061262902246
2024-01-29,0.262398320407174
2024-01-30,0.2626740220419038
2024-01-31,0.2623914351403679
2024-02-01,0.2628051820050792
2024-02-02,0.2611784370844917
2024-02-05,0.2592016586248492
2024-02-06,0.2591546377335744
2024-02-07,0.2583645519152011
2024-02-08,0.2591882229713459
2024-02-09,0.2589734295681463
2024-02-14,0.2583912555462285
2024-02-15,0.2592352558418214
2024-02-16,0.260987577245509
2024-02-19,0.2634351954105414
2024-02-20,0.2638800931677018
2024-02-21,0.263206380236305
2024-02-22,0.2639845830848145
2024-02-23,0.2633588794850399
2024-02-26,0.263220236735665
2024-02-27,0.2640194316965878
2024-02-28,0.2636366033028395
2024-02-29,0.2646692958917122
2024-03-01,0.2656677554896142
2024-03-04,0.2653575699052133
2024-03-05,0.2668089644970414
2024-03-06,0.2684059373151981
2024-03-07,0.2697526371158392
2024-03-08,0.271068824571766
2024-03-11,0.2711790860849056
2024-03-12,0.2715104124926341
2024-03-13,0.2728438516774573
2024-03-14,0.2717760564705882
2024-03-15,0.2711864409171076
2024-03-18,0.2699492492668621
2024-03-19,0.2704164407971864
2024-03-20,0.2708852532239156
2024-03-21,0.2707972271662763
2024-03-22,0.2705188554710357
2024-03-25,0.2700804836448598
2024-03-26,0.2687377384705195
2024-03-27,0.2690486445221445
2024-04-03,0.2713041591173055
2024-04-04,0.2718425490423679
2024-04-05,0.2715104127536232
2024-04-08,0.2717022141203704
2024-04-09,0.27063599421631
2024-04-10,0.2696289907514451
2024-04-11,0.2703798833044483
2024-04-12,0.270409128678592
2024-04-15,0.2683123156682028
2024-04-16,0.2662477697179044
2024-04-17,0.2670583519263945
2024-04-18,0.2682331482758621
2024-04-19,0.271333604130809
2024-04-22,0.2704310676605505
2024-04-23,0.2698691140401146
2024-04-24,0.2682187594501718
2024-04-25,0.2666026819221967
2024-04-26,0.2666453348571428
2024-04-29,0.2679743822019395
2024-04-30,0.2661910724472333
2024-05-02,0.2675585284738041
2024-05-03,0.2689762766078543
2024-05-06,0.2681684102272727
2024-05-07,0.2687521839863714
2024-05-08,0.2685212535450936
2024-05-09,0.2698254229024943
2024-05-10,0.2694909314447592
2024-05-13,0.2685717352941176
2024-05-14,0.2688967163841808
2024-05-15,0.2688533404856014
2024-05-16,0.2681037020316027
2024-05-17,0.2670940169204737
2024-05-20,0.2678595340461452
2024-05-21,0.2681108908886389
2024-05-22,0.2671725137717818
2024-05-23,0.2673796786516854
2024-05-24,0.2674726513194834
2024-05-27,0.2670298276440963
2024-05-28,0.2668872937884723
2024-05-29,0.26600696922216
2024-05-30,0.2667520268456376
2024-05-31,0.268420346175321
2024-06-03,0.2681899855072464
2024-06-04,0.2671368272017837
2024-06-05,0.2669941791875347
2024-06-06,0.266432206013363
2024-06-07,0.266240681868743
2024-06-10,0.264515276053215
2024-06-11,0.2643544467849223
2024-06-12,0.2643893932334997
2024-06-13,0.2650129855875831
2024-06-14,0.2649919180962922
2024-06-18,0.2635949071823204
2024-06-19,0.262370782369146
2024-06-24,0.2628466285085306
2024-06-25,0.2623570154015401
2024-06-26,0.2616431185510428
2024-06-27,0.2611784366428963
2024-06-28,0.2605999013157895
2024-07-01,0.2601118479212254
2024-07-02,0.2615062766539092
2024-07-03,0.2629641311475409
2024-07-04,0.263442135371179
2024-07-05,0.2636296535947712
2024-07-08,0.2639985215024496
2024-07-10,0.2644802958129418
2024-07-11,0.2660565108695652
2024-07-12,0.2686511025501899
2024-07-15,0.2685284637053088
2024-07-16,0.2693239967514889
2024-07-17,0.2691355367965368
2024-07-18,0.2673939783900594
2024-07-19,0.2664322059299191
2024-07-22,0.2662406810577442
2024-07-23,0.2662335933117584
2024-07-24,0.2650621573275862
2024-07-25,0.2662194182795699
2024-07-26,0.2672439130434783
2024-07-29,0.2672724839055794
2024-07-30,0.2682331485254691
2024-07-31,0.2686511030042918
2024-08-01,0.2667591436227224
2024-08-02,0.2674511903743315
2024-08-05,0.2678236654195617
2024-08-06,0.2681324570208222
2024-08-07,0.2676158109983983
2024-08-08,0.2683483159018143
2024-08-09,0.2679528402555911
2024-08-12,0.2671011516764236
2024-08-13,0.266830322169059
2024-08-14,0.267751954303932
2024-08-15,0.2674440371747212
2024-08-16,0.2673439375
2024-08-19,0.2678810603813559
2024-08-20,0.2668445632609846
2024-08-21,0.2670298275132275
2024-08-22,0.2662761279069767
2024-08-23,0.267079750131787
2024-08-26,0.2668374423987375
2024-08-27,0.2674297326315789
2024-08-28,0.2673224981569247
2024-08-29,0.2668588054679285
2024-08-30,0.2668089648662821
2024-09-02,0.2656818730325289
2024-09-03,0.2641310089145254
2024-09-04,0.2631925248821372
2024-09-05,0.2635740639078051
2024-09-06,0.2632548830897703
2024-09-09,0.262061375065206
2024-09-10,0.2623363674321503
2024-09-11,0.2644243484611372
2024-09-12,0.2652519895887558
2024-09-13,0.2652871735966736
2024-09-16,0.2643264958419958
2024-09-17,0.2660565103950104
2024-09-18,0.2665103134405812
2024-09-19,0.2670940166061235
2024-09-20,0.2664251082340756
2024-09-23,0.2650340569358178
2024-09-24,0.2659220848422141
2024-09-25,0.2667662590299278
2024-09-26,0.268557310273619
2024-09-27,0.2696144515463918
2024-09-30,0.2704091293147861
2024-10-01,0.2689184098867147
2024-10-02,0.2694618847143592
2024-10-03,0.2683843268242549
2024-10-04,0.2679169461262186
2024-10-07,0.2672010691952844
2024-10-08,0.2669514146591492
2024-10-09,0.2658867325819672
2024-10-10,0.2654632328907048
2024-10-14,0.2661202326530612
2024-10-15,0.2653223671596124
2024-10-16,0.2650621569826707
2024-10-17,0.2660352766174223
2024-10-18,0.2664677044184865
2024-10-21,0.2654632337398374
2024-10-22,0.2669086642965972
2024-10-23,0.2662761278538813
2024-10-24,0.2666168985801216
2024-10-25,0.2656748137651822
2024-10-28,0.2655689812847749
2024-10-29,0.2651394630940344
2024-10-30,0.2650691828282828
2024-10-31,0.2652449536290323
2024-11-01,0.2645852628398791
2024-11-04,0.2652871732124874
2024-11-05,0.2650059627953746
2024-11-07,0.2666097899497487
2024-11-08,0.2652801354062186
2024-11-11,0.2647253476953908
2024-11-12,0.2638870565848773
2024-11-13,0.2628397207207207
2024-11-14,0.2628466293146573
2024-11-15,0.2630678982543641
2024-11-19,0.2634698983050847
2024-11-20,0.2633658146487294
2024-11-21,0.2637130805970149
2024-11-22,0.2636018560079444
2024-11-25,0.264823495531281
2024-11-26,0.2657454156746032
2024-11-27,0.2663825255329697
2024-11-28,0.2671653756194251
2024-11-29,0.2665600425111221
2024-12-02,0.2665529372839506
2024-12-03,0.2671653758024692
2024-12-04,0.2673082063178677
2024-12-05,0.2681324578194376
2024-12-06,0.2688894859675037
2024-12-09,0.2688894864731923
2024-12-10,0.2694618849557522
2024-12-11,0.2686366692874692
2024-12-12,0.2674869597644749
2024-12-13,0.2685933767760901
2024-12-16,0.2678380117359413
2024-12-17,0.2675871669114048
2024-12-18,0.267873884596577
2024-12-19,0.2679025904203323
2024-12-20,0.2682043717073171
2024-12-23,0.2686005911521634
2024-12-26,0.267372530354541
2024-12-27,0.2667733756665051
2024-12-30,0.265385738372093
2024-12-31,0.2661698158914728
2025-01-02,0.2665884677966101
2025-01-03,0.26588673201352
2025-01-06,0.265498473201352
2025-01-07,0.2650059623552123
2025-01-08,0.2645502643511818
2025-01-09,0.265498473253012
2025-01-10,0.2654632332852333
2025-01-13,0.264235698076923
2025-01-14,0.264977874159462
2025-01-15,0.2653927811900192
2025-01-16,0.2657454155470249
2025-01-17,0.2675155823754789
2025-01-20,0.2676301347348304
2025-01-21,0.2680893276026743
2025-01-22,0.2688099780534351
2025-01-23,0.2694981945636623
2025-01-24,0.268961807435653
2025-01-27,0.2675585283198477
2025-01-28,0.2676229724072312
2025-01-29,0.2688894864479315
2025-01-30,0.2688533403041825
2025-01-31,0.2687666302800189
2025-02-03,0.2693602693858193
2025-02-04,0.269687162437752
2025-02-05,0.268817204362257
2025-02-06,0.2693239971557241
2025-02-07,0.2689690419133317
2025-02-10,0.2692877340274491
2025-02-11,0.2694691462375769
2025-02-12,0.269360269694819
2025-02-13,0.2690848423540534
2025-02-14,0.2700804838176234
2025-02-17,0.2705993778616946
2025-02-18,0.2712894390934844
2025-02-19,0.2711864404059476
2025-02-20,0.2713262429818353
2025-02-21,0.2717391308036766
2025-02-24,0.2715251564561734
2025-02-25,0.2716062797927461
2025-02-26,0.2724350242524134
2025-02-27,0.272294077665333
2025-02-28,0.271444082648509
2025-03-05,0.2738300606060606
2025-03-06,0.274017646782527
2025-03-07,0.2732240440693858
2025-03-10,0.2726281350844278
2025-03-11,0.2725538293483356
2025-03-12,0.273074822591985
2025-03-13,0.2721829072164948
2025-03-14,0.2735529050070192
2025-03-17,0.2743860608329433
2025-03-18,0.2754896828811973
2025-03-19,0.2764340014021968
2025-03-20,0.2761515521271622
2025-03-21,0.2752924983667755
2025-03-25,0.2749594439001633
2025-03-26,0.2745744100769769
2025-03-27,0.2744237099557006
2025-03-28,0.2737550982766651
2025-03-31,0.2720496219739292
2025-04-01,0.2719978236799255
2025-04-03,0.2727768688372093
2025-04-04,0.270826562267658
2025-04-07,0.2696508020446096
2025-04-08,0.2670226973286875
2025-04-09,0.2690776022278951
2025-04-10,0.2680462107706592
2025-04-11,0.2682691280148423
2025-04-14,0.267730449081803
2025-04-15,0.26678761
2025-04-16,0.2679169453744493
2025-04-21,0.2700513098720292
2025-04-22,0.2706726213768116
2025-04-23,0.2705261732758621
2025-04-24,0.2722199540034071
2025-04-25,0.2724424463445917
2025-04-28,0.2726355679117148
2025-04-29,0.2729183158798283
2025-04-30,0.2727768683760683
2025-05-05,0.2730375425
2025-05-06,0.2734855737018425
2025-05-07,0.2741152927046263
2025-05-08,0.2746573653500898
2025-05-09,0.2742355686619718
2025-05-12,0.2734481819787986
2025-05-13,0.2732987152376722
2025-05-14,0.2716062791519434
2025-05-15,0.2711276195079086
2025-05-16,0.2709219474605954
2025-05-19,0.2710908694127958
2025-05-20,0.2708852533916849
2025-05-21,0.2717760567190226
2025-05-22,0.2734855737560546
2025-05-23,0.2732539073665637
2025-05-26,0.2736127830271216
2025-05-27,0.2746121107266436
2025-05-28,0.2746347362068965
2025-05-29,0.2760448300929839
2025-05-30,0.275862069023569
2025-06-02,0.2765563210504024
2025-06-03,0.2759762660472973
2025-06-04,0.2768625929987346
2025-06-05,0.2755959764903442
2025-06-06,0.2735978110501898
2025-06-09,0.2751561510548523
2025-06-10,0.2752015851914177
2025-06-11,0.2758468494077834
2025-06-12,0.2766022185654008
2025-06-13,0.2768166091370558
2025-06-17,0.2768166086206896
2025-06-18,0.2790100726477024
2025-06-19,0.2786291445783132
2025-06-23,0.2780558334756618
2025-06-24,0.2796342383993188
2025-06-25,0.2799395333613093
2025-06-26,0.2809699083648592
2025-06-27,0.2818489293523969
2025-06-30,0.2827254738589211
2025-07-01,0.2809067667757774
2025-07-02,0.2817695126118796
2025-07-03,0.2823742022745735
2025-07-04,0.2816108137096774
2025-07-07,0.2804655727848101
2025-07-08,0.2817695123505976
2025-07-10,0.2819760884462151
2025-07-11,0.2812939524375743
2025-07-14,0.28051277734375
2025-07-15,0.2808988761904762
2025-07-16,0.2820874472640761
2025-07-17,0.2811357888540031
2025-07-18,0.2802454953343701
2025-07-21,0.2808988760784314
2025-07-22,0.2812623056108237
2025-07-23,0.2813731005164879
2025-07-24,0.2824380047169811
2025-07-25,0.2822626171875
2025-07-28,0.2820874471042471
2025-07-29,0.2820874469403563
2025-07-30,0.2802612038022813
2025-07-31,0.2786291448326055
2025-08-01,0.2788233651026393
2025-08-04,0.2803476308823529
2025-08-05,0.2815236055285767
2025-08-06,0.2813097785285285
2025-08-07,0.2824858756125141
2025-08-08,0.2842201003016591
2025-08-11,0.2831577753403934
2025-08-12,0.283704040227704
2025-08-13,0.2824060997715156
2025-08-14,0.2806308584615384
2025-08-18,0.2822865204949729
2025-08-19,0.2832459992263056
2025-08-20,0.2834868885472713
2025-08-21,0.282773441825095
2025-08-22,0.2845273996971991
2025-08-25,0.2829654779735683
2025-08-26,0.2822148219683008
2025-08-27,0.2816901407928863
2025-08-28,0.2824699167291823
2025-08-29,0.2829254493293591
2025-09-01,0.282725473760933
2025-09-02,0.2826855121234387
2025-09-03,0.283093647447668
2025-09-04,0.283318223119266
2025-09-05,0.2838328789667896
2025-09-08,0.2846164790631653
2025-09-09,0.2856326763148605
2025-09-10,0.2874058742536002
2025-09-11,0.2869028833798882
2025-09-12,0.2862868596008259
2025-09-15,0.286082105657805
2025-09-16,0.28727377195371
2025-09-17,0.2873067860291624
2025-09-18,0.2867383513055273
2025-09-19,0.285959393898305
2025-09-22,0.2851846569602272
2025-09-23,0.2858776442658875
2025-09-24,0.2855511140186916
2025-09-25,0.2853148451757666
2025-09-26,0.2863852450980392
2025-09-29,0.287604256617647
2025-09-30,0.2882675123188405
2025-10-01,0.2878940548137737
2025-10-02,0.2875629041769041
2025-10-03,0.2885170228150228
2025-10-06,0.2888086643356643
2025-10-07,0.2903600461699895
2025-10-08,0.2902083699300699
2025-10-09,0.2915026964788732
2025-10-13,0.2920049058561897
2025-10-14,0.2920219602941176
2025-10-15,0.2937806630434782
2025-10-16,0.2952552482168331
2025-10-17,0.295796728275862
2025-10-20,0.296463193898305
2025-10-21,0.294724432740691
2025-10-22,0.2936167716588314
2025-10-23,0.2948460906017579
2025-10-24,0.2954733485254691
2025-10-27,0.2953773442508711
2025-10-28,0.2944293959183673
2025-10-29,0.2947331190807799
2025-10-30,0.2955082739916551
2025-10-31,0.2970885321799308
2025-11-03,0.2962962962213225
2025-11-04,0.2952988425034388
2025-11-05,0.2968680420110193
2025-11-07,0.2962260798586572
2025-11-10,0.296815173530447
2025-11-11,0.2979205145081387
2025-11-12,0.2967799376770538
2025-11-13,0.2967182958748222
2025-11-14,0.2966038852459016
2025-11-17,0.297265160778659
2025-11-18,0.2968592292857143
2025-11-19,0.2958142289370778
2025-11-20,0.2955082743859649
2025-11-25,0.2966126832469775
2025-11-26,0.2974862414860681
2025-11-27,0.2972739972413793
2025-11-28,0.2973977692042714
2025-12-01,0.296480772993455
2025-12-02,0.2969032982817869
2025-12-03,0.2973977694425327
2025-12-04,0.297707650969529
2025-12-05,0.297079706620209
2025-12-09,0.297415459778086
2025-12-10,0.29622608
2025-12-11,0.296788745821727
2025-12-12,0.2968680423317141
2025-12-15,0.296744710462287
2025-12-16,0.2967799379738111
2025-12-17,0.2972563239145416
2025-12-18,0.2969650172294968
2025-12-19,0.2969650172413793
2025-12-22,0.2971326694214876
2025-12-23,0.2970620565127498
2025-12-26,0.2968327938037866
2025-12-29,0.2969826561427591
2025-12-30,0.2974596941580756
2025-12-31,0.2974066144329897
2026-01-02,0.2975747654237288
2026-01-05,0.2974066142857143
2026-01-06,0.2976456231686541
2026-01-07,0.2974154595890411
2026-01-08,0.2973977698087431
2026-01-09,0.2974773918088737
2026-01-12,0.2975659107325383
2026-01-13,0.2977963074811256
2026-01-14,0.2976101899518238
2026-01-15,0.2975659111727967
2026-01-16,0.2976987881118881
2026-01-19,0.2979205144649703
2026-01-20,0.2978850163820146
2026-01-21,0.2980981342188046
2026-01-22,0.298044826162994
2026-01-23,0.2982759651081647
2026-01-26,0.298471824
2026-01-27,0.2986947043327556
2026-01-28,0.2993743073727933
2026-01-29,0.2992130695742471
2026-01-30,0.2971768203178991
2026-02-02,0.2971679889731219
2026-02-03,0.2975393492392807
2026-02-04,0.2975304967184801
2026-02-05,0.2970002968099861
2026-02-06,0.2977519727653631
2026-02-09,0.2978406553672316
2026-02-10,0.2979293904694168
2026-02-11,0.2981070207142857
2026-02-12,0.2981514609318996
2026-02-13,0.2983293554841014
2026-02-18,0.2983738624641834
2026-02-19,0.2973005111591073
2026-02-20,0.2973623953488372
2026-02-23,0.2977697052170741
2026-02-24,0.2978051756609924
2026-02-25,0.2980359428162973
2026-02-26,0.2979915369318182
2026-02-27,0.2980270608446671
2026-03-02,0.2973358702508961
2026-03-03,0.2925174049469964
2026-03-04,0.2930832359871475
2026-03-05,0.290528762615494
2026-03-06,0.287026406779661
2026-03-09,0.2863934470338983
2026-03-10,0.2916727428571428
2026-03-11,0.2923121891117478
2026-03-12,0.2895277798494083
2026-03-13,0.2896032435714286
2026-03-16,0.2925174047277937
2026-03-17,0.2924404154727794
2026-03-18,0.2907906599713056
2026-03-19,0.2899811509501613
2026-03-20,0.2877118281193815
2026-03-25,0.2891176130671506
2026-03-26,0.2874554444444445
2026-03-27,0.2862622734177215
2026-03-30,0.2861230329041488
2026-03-31,0.2871088140376266
2026-04-01,0.2892012259684361
2026-04-06,0.2920475455850682
2026-04-07,0.2919708028725314
2026-04-08,0.2956218407207207
2026-04-09,0.2964895633598841
2026-04-10,0.2951245423357664
2026-04-13,0.2962524069423929
2026-04-14,0.2950897074780059
2026-04-15,0.2903516158940397
2026-04-16,0.2906131936671576
2026-04-17,0.2910784455844631
2026-04-20,0.2910360885984023
2026-04-21,0.2910953922210105
2026-04-22,0.2902841879535558
2026-04-23,0.288342319683908
2026-04-24,0.2871995176848874
2026-04-27,0.2845597861679605
2026-04-28,0.2843332388750444
2026-04-29,0.2836798957959037
2026-04-30,0.2847623659237958
2026-05-04,0.28445455828877
2026-05-05,0.2865904335965542
2026-05-06,0.2888503753602305
2026-05-07,0.2891008961318052
2026-05-08,0.2911631967095851
2026-05-11,0.2915026963708229
2026-05-12,0.2913158735549133
2026-05-13,0.2925516350574713
2026-05-14,0.2927400467289719
2026-05-15,0.2913837812836142
2026-05-18,0.2921413965640658
2026-05-19,0.2913837818311874
2026-05-20,0.2931261911238368
2026-05-21,0.2929716113709967
2026-05-22,0.2925687533856023
2026-05-26,0.2921670028348689
2026-05-27,0.2925858739823009
2026-05-28,0.293023119858156
2026-05-29,0.2930145333806818
2026-06-01,0.2929115406732118
2026-06-02,0.2933497610371409
2026-06-03,0.2926629398679179
2026-06-04,0.2928858036895231
2026-06-05,0.2893853453661923
2026-06-08,0.2886002882820601
2026-06-09,0.2980537092297016
2026-06-10,0.2935564363001745
2026-06-11,0.2952029521815008
2026-06-12,0.2950287654061624
2026-06-16,0.2960419192481726
2026-06-17,0.2957267485258411
2026-06-18,0.2953162839421088
2026-06-19,0.2955781505817932
2026-06-22,0.2951942381115292
2026-06-23,0.293599530411145
2026-06-24,0.2922267680865449
2026-06-25,0.2934875118483412
2026-06-26,0.2929287014218009
2026-06-29,0.2929973628079649
2026-06-30,0.2932809338731444
2026-07-01,0.292765758226998
2026-07-02,0.2938324569892473
2026-07-03,0.2940484588511924
2026-07-06,0.2935736723847965
2026-07-07,0.2937375160857909
2026-07-08,0.2932981377688172
2026-07-13,0.2936598832658569
2026-07-14,0.2948460903839619
2026-07-15,0.2955082739911834
2026-07-16,0.2939965894308943
2026-07-17,0.293478899188092
2026-07-20,0.293823823092505
2026-07-21,0.2942907593908629
2026-07-22,0.2939965893459204
2026-07-23,0.2940657528542646
2026-07-24,0.293953378757515
2026-07-27,0.2939015430861723
2026-07-28,0.2937892943925234
2026-07-29,0.2938842680481283
2026-07-30,0.2945768400537634
2026-07-31,0.2943167434343434
2026-08-03,0.2944727464882943
2026-08-04,0.2950113576203209
2026-08-05,0.2951158329435349
2026-08-06,0.2951855238412804
2026-08-07,0.2958754954954955
2026-08-10,0.296243630892678
2026-08-11,0.2972033170077155
2026-08-12,0.2976544827355011
2026-08-13,0.2971326695710455
2026-08-14,0.2972651603361344
2026-08-18,0.2974596943143813
2026-08-19,0.2978583981295925
2026-08-20,0.2981692411489646
2026-08-21,0.2988196624416278
2026-08-24,0.2989089821192053
2026-08-25,0.2992130697982137
2026-08-26,0.2991146208718626
2026-08-27,0.2990788373015873
2026-08-28,0.2976367638888889
2026-08-31,0.2967799376864435
2026-09-01,0.2974508460013219
