,PYG
1997-11-21,0.000449
1997-11-24,0.000457
1997-11-25,0.000457
1997-11-26,0.000457
1997-11-27,0.000457
1997-11-28,0.000457
1997-12-01,0.000448
1997-12-02,0.000448
1997-12-03,0.000448
1997-12-04,0.000448
1997-12-05,0.000448
1997-12-09,0.000454
1997-12-10,0.000454
1997-12-11,0.000454
1997-12-12,0.000454
1997-12-15,0.000454
1997-12-16,0.000446
1997-12-17,0.000446
1997-12-18,0.000446
1997-12-19,0.000446
1997-12-22,0.000446
1997-12-23,0.000444
1997-12-24,0.000444
1997-12-26,0.000444
1997-12-29,0.000444
1997-12-30,0.000444
1998-01-02,0.000444
1998-01-05,0.000444
1998-01-06,0.000444
1998-01-07,0.000444
1998-01-08,0.000444
1998-01-09,0.000444
1998-01-12,0.000435
1998-01-13,0.000435
1998-01-14,0.000435
1998-01-15,0.000435
1998-01-16,0.000435
1998-01-19,0.000435
1998-01-27,0.000351
1998-02-02,0.000417
1998-02-03,0.000398
1998-02-04,0.000398
1998-02-05,0.000398
1998-02-06,0.000398
1998-02-09,0.000398
1998-02-10,0.000395
1998-02-11,0.000395
1998-02-12,0.000395
1998-02-13,0.000395
1998-02-16,0.000395
1998-02-17,0.000403
1998-02-18,0.000403
1998-02-19,0.000403
1998-02-20,0.000403
1998-02-23,0.000398
1998-02-24,0.000398
1998-02-25,0.000398
1998-02-26,0.000398
1998-02-27,0.000398
1998-03-02,0.000396
1998-03-03,0.000396
1998-03-04,0.000396
1998-03-05,0.000396
1998-03-06,0.000396
1998-03-09,0.000396
1998-03-10,0.000395
1998-03-11,0.000395
1998-03-12,0.000395
1998-03-13,0.000395
1998-03-16,0.000395
1998-03-17,0.0004
1998-03-18,0.0004
1998-03-19,0.0004
1998-03-20,0.0004
1998-03-23,0.0004
1998-03-24,0.000393
1998-03-25,0.000393
1998-03-26,0.000393
1998-03-27,0.000393
1998-03-30,0.000393
1998-03-31,0.00039
1998-04-01,0.00039
1998-04-02,0.00039
1998-04-03,0.00039
1998-04-06,0.00039
1998-04-07,0.000392
1998-04-08,0.000392
1998-04-13,0.000377
1998-04-14,0.000377
1998-04-15,0.000377
1998-04-16,0.000377
1998-04-17,0.000377
1998-04-20,0.000377
1998-04-21,0.000377
1998-04-22,0.00036
1998-04-23,0.00036
1998-04-24,0.00036
1998-04-27,0.00036
1998-04-28,0.000362
1998-04-29,0.000362
1998-04-30,0.000362
1998-05-04,0.000362
1998-05-05,0.000372
1998-05-06,0.000372
1998-05-07,0.000372
1998-05-08,0.000372
1998-05-11,0.000372
1998-05-12,0.000364
1998-05-13,0.000364
1998-05-14,0.000364
1998-05-15,0.000364
1998-05-18,0.000364
1998-05-19,0.000374
1998-05-20,0.000374
1998-05-21,0.000374
1998-05-22,0.000374
1998-05-26,0.000374
1998-05-27,0.000374
1998-05-28,0.00037
1998-05-29,0.00037
1998-06-01,0.00037
1998-06-02,0.00037
1998-06-03,0.00037
1998-06-04,0.00037
1998-06-05,0.00037
1998-06-09,0.00037
1998-06-10,0.00037
1998-06-11,0.00037
1998-06-12,0.00037
1998-06-16,0.000365
1998-06-17,0.000365
1998-06-18,0.000365
1998-06-19,0.000365
1998-06-22,0.000365
1998-06-23,0.000361
1998-06-24,0.000361
1998-06-25,0.000361
1998-06-26,0.000361
1998-06-29,0.000361
1998-06-30,0.000361
1998-07-01,0.000361
1998-07-02,0.000361
1998-07-03,0.000361
1998-07-07,0.000361
1998-07-08,0.000361
1998-07-10,0.000361
1998-07-13,0.000365
1998-07-14,0.000365
1998-07-15,0.000365
1998-07-16,0.000365
1998-07-17,0.000365
1998-07-20,0.000365
1998-07-21,0.000356
1998-07-22,0.000356
1998-07-23,0.000356
1998-07-24,0.000356
1998-07-27,0.000355
1998-07-28,0.000355
1998-07-29,0.000355
1998-07-30,0.000355
1998-07-31,0.000355
1998-08-03,0.000355
1998-08-04,0.000355
1998-08-05,0.000355
1998-08-06,0.000355
1998-08-07,0.000355
1998-08-10,0.000355
1998-08-11,0.000355
1998-08-12,0.000355
1998-08-13,0.000355
1998-08-14,0.000355
1998-08-18,0.000355
1998-08-19,0.000355
1998-08-20,0.000355
1998-08-21,0.000355
1998-08-24,0.000357
1998-08-25,0.000357
1998-08-26,0.000357
1998-08-27,0.000357
1998-08-28,0.000357
1998-08-31,0.000355
1998-09-01,0.000355
1998-09-02,0.000355
1998-09-03,0.000355
1998-09-04,0.000355
1998-09-07,0.000355
1998-09-08,0.000355
1998-09-09,0.000355
1998-09-10,0.000355
1998-09-11,0.000355
1998-09-14,0.000355
1998-09-15,0.000355
1998-09-16,0.000355
1998-09-17,0.000355
1998-09-18,0.000355
1998-09-21,0.000354
1998-09-22,0.000354
1998-09-23,0.000354
1998-09-24,0.000354
1998-09-25,0.000354
1998-09-28,0.000354
1998-09-29,0.000354
1998-09-30,0.000354
1998-10-01,0.000354
1998-10-02,0.000354
1998-10-05,0.000354
1998-10-06,0.000354
1998-10-07,0.000354
1998-10-08,0.000354
1998-10-09,0.000354
1998-10-13,0.000353
1998-10-14,0.000353
1998-10-15,0.000353
1998-10-16,0.000353
1998-10-19,0.000354
1998-10-20,0.000354
1998-10-21,0.000354
1998-10-22,0.000354
1998-10-23,0.000354
1998-10-26,0.000354
1998-10-27,0.000353
1998-10-28,0.000353
1998-10-29,0.000353
1998-10-30,0.000353
1998-11-02,0.000353
1998-11-03,0.000353
1998-11-04,0.000353
1998-11-05,0.000353
1998-11-06,0.000353
1998-11-09,0.000354
1998-11-10,0.000354
1998-11-11,0.000354
1998-11-12,0.000354
1998-11-13,0.000354
1998-11-16,0.000354
1998-11-17,0.000353
1998-11-18,0.000353
1998-11-19,0.000353
1998-11-20,0.000353
1998-11-23,0.000352
1998-11-24,0.000352
1998-11-25,0.000352
1998-11-26,0.000352
1998-11-27,0.000352
1998-11-30,0.000353
1998-12-01,0.000353
1998-12-02,0.000353
1998-12-03,0.000353
1998-12-04,0.000353
1998-12-09,0.000353
1998-12-10,0.000353
1998-12-11,0.000353
1998-12-14,0.000352
1998-12-15,0.000352
1998-12-16,0.000352
1998-12-17,0.000352
1998-12-18,0.000352
1998-12-21,0.000352
1998-12-22,0.000352
1998-12-23,0.000352
1998-12-24,0.000352
1998-12-28,0.000353
1998-12-29,0.000353
1998-12-30,0.000353
1999-01-04,0.000353
1999-01-05,0.000351
1999-01-06,0.000351
1999-01-07,0.000351
1999-01-08,0.000351
1999-01-11,0.000351
1999-01-12,0.000351
1999-01-13,0.000351
1999-01-14,0.000351
1999-01-15,0.000351
1999-01-18,0.000351
1999-01-19,0.000351
1999-01-20,0.000351
1999-01-21,0.000351
1999-01-22,0.000351
1999-01-28,0.000351
1999-02-01,0.000351
1999-02-02,0.000351
1999-02-03,0.000351
1999-02-04,0.000351
1999-02-05,0.000351
1999-02-08,0.000351
1999-02-09,0.000351
1999-02-12,0.000345
1999-02-16,0.000345
1999-02-17,0.000345
1999-02-18,0.000345
1999-02-19,0.000345
1999-02-22,0.000346
1999-02-23,0.000345
1999-02-26,0.000346
1999-03-01,0.000346
1999-03-02,0.000346
1999-03-03,0.000346
1999-03-04,0.000346
1999-03-05,0.000345
1999-03-08,0.000345
1999-03-09,0.000345
1999-03-10,0.000345
1999-03-11,0.000345
1999-03-12,0.000345
1999-03-15,0.000345
1999-03-16,0.000345
1999-03-17,0.000345
1999-03-18,0.000345
1999-03-22,0.000344
1999-03-23,0.000344
1999-03-24,0.000344
1999-03-25,0.000344
1999-03-26,0.000344
1999-03-29,0.000345
1999-03-30,0.000345
1999-03-31,0.000345
1999-04-05,0.000345
1999-04-06,0.000345
1999-04-07,0.000345
1999-04-08,0.000345
1999-04-09,0.000344
1999-04-12,0.000344
1999-04-13,0.000344
1999-04-14,0.000344
1999-04-15,0.000344
1999-04-16,0.000344
1999-04-19,0.000344
1999-04-20,0.000344
1999-04-21,0.000344
1999-04-23,0.000343
1999-04-26,0.000343
1999-04-27,0.000344
1999-04-30,0.000343
1999-05-03,0.000343
1999-05-04,0.000343
1999-05-05,0.000343
1999-05-06,0.000343
1999-05-07,0.000343
1999-05-10,0.000342
1999-05-11,0.000342
1999-05-12,0.000342
1999-05-14,0.000342
1999-05-17,0.000342
1999-05-18,0.000342
1999-05-20,0.000342
1999-05-28,0.000342
1999-05-31,0.000342
1999-06-01,0.00034
1999-06-02,0.00034
1999-06-03,0.000342
1999-06-04,0.000342
1999-06-07,0.000342
1999-06-10,0.00034
1999-06-11,0.00034
1999-06-15,0.00034
1999-06-17,0.00034
1999-06-18,0.00034
1999-06-22,0.00034
1999-06-23,0.00034
1999-06-24,0.00034
1999-06-25,0.00034
1999-06-28,0.00034
1999-06-29,0.00034
1999-06-30,0.00034
1999-07-01,0.00034
1999-07-02,0.000306
1999-07-05,0.000306
1999-07-06,0.000306
1999-07-07,0.000306
1999-07-12,0.000306
1999-07-13,0.000301
1999-07-19,0.000301
1999-07-20,0.000301
1999-07-21,0.000301
1999-07-22,0.000301
1999-07-23,0.000301
1999-07-26,0.000301
1999-07-27,0.000301
1999-07-28,0.000301
1999-07-29,0.000301
1999-07-30,0.000304
1999-08-02,0.000304
1999-08-03,0.000304
1999-08-04,0.000304
1999-08-05,0.000304
1999-08-06,0.000304
1999-08-09,0.000304
1999-08-10,0.000304
1999-08-11,0.000304
1999-08-12,0.000304
1999-08-13,0.000304
1999-08-17,0.000304
1999-08-18,0.000304
1999-08-19,0.000304
1999-08-20,0.000304
1999-08-23,0.000304
1999-08-24,0.000302
1999-08-25,0.000302
1999-08-26,0.000302
1999-08-27,0.000302
1999-08-30,0.000302
1999-08-31,0.000302
1999-09-02,0.000302
1999-09-03,0.000302
1999-09-06,0.000302
1999-09-07,0.000302
1999-09-08,0.000302
1999-09-09,0.000302
1999-09-10,0.000302
1999-09-13,0.000302
1999-09-14,0.000302
1999-09-15,0.000302
1999-09-16,0.000302
1999-09-17,0.000302
1999-09-20,0.000302
1999-09-21,0.000302
1999-09-22,0.000302
1999-09-24,0.000302
1999-09-28,0.000302
1999-09-29,0.000302
1999-09-30,0.000302
1999-10-01,0.000302
1999-10-04,0.000302
1999-10-05,0.000302
1999-10-06,0.000302
1999-10-07,0.000302
1999-10-08,0.000302
1999-10-12,0.000302
1999-10-13,0.000302
1999-10-14,0.000302
1999-10-19,0.000302
1999-10-20,0.000302
1999-10-21,0.000302
1999-10-22,0.000302
1999-10-25,0.000302
1999-10-26,0.000302
1999-10-27,0.000302
1999-10-28,0.000302
1999-11-01,0.000302
1999-11-02,0.000302
1999-11-03,0.000302
1999-11-04,0.000302
1999-11-05,0.000302
1999-11-08,0.000302
1999-11-09,0.000302
1999-11-10,0.000302
1999-11-11,0.000302
1999-11-12,0.000302
1999-11-15,0.000302
1999-11-16,0.000302
1999-11-17,0.000302
1999-11-18,0.000302
1999-11-19,0.000302
1999-11-22,0.000302
1999-11-23,0.000302
1999-11-24,0.000302
1999-11-25,0.000302
1999-11-26,0.000302
1999-11-29,0.000302
1999-11-30,0.000302
1999-12-01,0.000302
1999-12-02,0.000302
1999-12-03,0.000302
1999-12-06,0.000302
1999-12-07,0.000302
1999-12-09,0.000302
1999-12-10,0.000302
1999-12-13,0.000302
1999-12-14,0.000302
1999-12-15,0.000302
1999-12-16,0.000302
1999-12-17,0.000302
1999-12-20,0.000302
1999-12-21,0.000302
1999-12-22,0.000302
1999-12-23,0.000302
2000-01-03,0.000303
2000-01-04,0.000303
2000-01-05,0.000303
2000-01-06,0.000303
2000-01-07,0.000303
2000-01-12,0.000303
2000-01-13,0.000303
2000-01-14,0.000303
2000-01-17,0.000303
2000-01-18,0.000303
2000-01-20,0.000303
2000-01-21,0.000303
2000-01-24,0.000303
2000-01-25,0.000303
2000-01-26,0.000303
2000-01-27,0.000303
2000-01-28,0.000303
2000-01-29,0.000298
2000-02-01,0.000298
2000-02-02,0.000298
2000-02-03,0.000298
2000-02-04,0.000298
2000-02-07,0.000298
2000-02-08,0.000298
2000-02-09,0.000298
2000-02-10,0.000298
2000-02-11,0.000298
2000-02-14,0.000298
2000-02-15,0.000298
2000-02-16,0.000298
2000-02-17,0.000298
2000-02-18,0.000298
2000-02-21,0.000298
2000-02-22,0.000298
2000-02-23,0.000298
2000-02-24,0.000298
2000-02-25,0.000298
2000-02-28,0.000298
2000-02-29,0.000298
2000-03-01,0.000298
2000-03-02,0.000298
2000-03-03,0.000298
2000-03-06,0.000298
2000-03-07,0.000298
2000-03-08,0.000298
2000-03-09,0.000298
2000-03-10,0.000298
2000-03-13,0.000298
2000-03-14,0.000286
2000-03-15,0.000286
2000-03-16,0.000286
2000-03-17,0.000286
2000-03-20,0.000286
2000-03-21,0.000286
2000-03-22,0.000286
2000-03-23,0.000286
2000-03-24,0.000286
2000-03-27,0.000286
2000-03-28,0.000286
2000-03-29,0.000286
2000-03-30,0.000286
2000-03-31,0.000286
2000-04-03,0.000286
2000-04-04,0.000286
2000-04-05,0.000286
2000-04-06,0.000286
2000-04-07,0.000286
2000-04-10,0.000286
2000-04-11,0.000286
2000-04-12,0.000286
2000-04-13,0.000286
2000-04-14,0.000286
2000-04-17,0.000286
2000-04-18,0.000286
2000-04-19,0.000286
2000-04-24,0.000286
2000-04-25,0.000286
2000-04-26,0.000286
2000-04-27,0.000286
2000-04-28,0.000286
2000-05-02,0.000286
2000-05-03,0.000286
2000-05-04,0.000286
2000-05-05,0.000286
2000-05-08,0.000286
2000-05-16,0.000286
2000-05-17,0.000286
2000-05-18,0.000286
2000-05-19,0.000286
2000-05-22,0.000286
2000-05-23,0.000286
2000-05-24,0.000286
2000-05-26,0.000286
2000-05-29,0.000286
2000-05-30,0.000286
2000-05-31,0.000286
2000-06-01,0.000286
2000-06-02,0.000286
2000-06-05,0.000286
2000-06-06,0.000286
2000-06-07,0.000286
2000-06-08,0.000286
2000-06-09,0.000286
2000-06-12,0.000286
2000-06-13,0.000286
2000-06-14,0.000286
2000-06-15,0.000286
2000-06-16,0.000286
2000-06-20,0.000286
2000-06-21,0.000286
2000-06-22,0.000286
2000-06-23,0.000285
2000-06-26,0.000285
2000-06-27,0.000285
2000-06-28,0.000285
2000-06-29,0.000285
2000-06-30,0.000285
2000-07-03,0.000285
2000-07-04,0.000285
2000-07-05,0.000285
2000-07-06,0.000285
2000-07-07,0.000285
2000-07-10,0.000285
2000-07-11,0.000285
2000-07-12,0.000285
2000-07-17,0.000285
2000-07-18,0.000285
2000-07-19,0.000285
2000-07-20,0.000285
2000-07-21,0.000285
2000-07-24,0.000285
2000-07-27,0.000285
2000-07-28,0.000285
2000-07-31,0.000285
2000-08-01,0.000285
2000-08-02,0.000285
2000-08-03,0.000285
2000-08-04,0.000285
2000-08-07,0.000285
2000-08-09,0.000285
2000-08-10,0.000285
2000-08-11,0.000285
2000-08-14,0.000285
2000-08-15,0.000285
2000-08-16,0.000285
2000-08-17,0.000285
2000-08-18,0.000285
2000-08-22,0.000285
2000-08-23,0.000285
2000-08-24,0.000285
2000-08-25,0.000285
2000-08-29,0.000285
2000-08-30,0.000285
2000-08-31,0.000285
2000-09-01,0.000285
2000-09-04,0.000285
2000-09-05,0.000285
2000-09-06,0.000285
2000-09-07,0.000285
2000-09-08,0.000285
2000-09-11,0.000285
2000-09-12,0.000285
2000-09-13,0.000285
2000-09-14,0.000285
2000-09-15,0.000285
2000-09-18,0.000286
2000-09-19,0.000286
2000-09-20,0.000286
2000-09-21,0.000286
2000-09-22,0.000286
2000-09-25,0.000286
2000-09-26,0.000286
2000-09-27,0.000286
2000-09-28,0.000286
2000-09-29,0.000286
2000-10-02,0.00029
2000-10-03,0.00029
2000-10-04,0.00029
2000-10-05,0.00029
2000-10-06,0.00029
2000-10-09,0.00029
2000-10-10,0.000285
2000-10-11,0.000285
2000-10-12,0.000285
2000-10-13,0.000285
2000-10-17,0.000285
2000-10-18,0.000285
2000-10-19,0.000285
2000-10-20,0.000285
2000-10-23,0.000285
2000-10-24,0.000285
2000-10-25,0.000285
2000-10-26,0.000285
2000-10-31,0.000288
2000-11-01,0.000288
2000-11-02,0.000288
2000-11-03,0.000288
2000-11-07,0.000285
2000-11-08,0.000285
2000-11-09,0.000285
2000-11-10,0.000285
2000-11-13,0.000284
2000-11-14,0.000284
2000-11-15,0.000284
2000-11-16,0.000284
2000-11-17,0.000284
2000-11-20,0.000284
2000-11-21,0.000284
2000-11-22,0.000284
2000-11-23,0.000284
2000-11-27,0.000284
2000-11-28,0.000284
2000-11-29,0.000284
2000-11-30,0.000284
2000-12-01,0.000284
2000-12-04,0.000282
2000-12-05,0.000282
2000-12-06,0.000282
2000-12-07,0.000282
2000-12-11,0.000282
2000-12-12,0.000282
2000-12-13,0.000282
2000-12-19,0.000282
2000-12-20,0.000282
2000-12-21,0.000282
2000-12-22,0.000282
2000-12-26,0.000282
2000-12-27,0.000282
2000-12-28,0.000282
2001-01-02,0.000279
2001-01-04,0.000282
2001-01-05,0.000282
2001-01-08,0.000282
2001-01-09,0.000282
2001-01-10,0.000282
2001-01-11,0.000282
2001-01-12,0.000282
2001-01-15,0.000282
2001-01-17,0.000282
2001-01-24,0.000282
2001-01-26,0.000282
2001-01-29,0.000279
2001-01-30,0.000279
2001-01-31,0.000279
2001-02-01,0.000279
2001-02-05,0.000278
2001-02-06,0.000278
2001-02-07,0.000278
2001-02-08,0.000278
2001-02-09,0.000278
2001-02-12,0.000278
2001-02-13,0.000278
2001-02-15,0.000278
2001-02-16,0.000278
2001-02-23,0.00027
2001-02-26,0.000273
2001-02-27,0.000273
2001-02-28,0.000273
2001-03-01,0.000273
2001-03-02,0.000273
2001-03-05,0.000273
2001-03-06,0.000273
2001-03-07,0.000273
2001-03-08,0.000273
2001-03-09,0.000273
2001-03-12,0.000273
2001-03-13,0.000273
2001-03-14,0.000273
2001-03-15,0.000273
2001-03-16,0.000273
2001-03-19,0.000273
2001-03-20,0.000273
2001-03-22,0.000273
2001-03-23,0.000273
2001-03-26,0.000264
2001-03-27,0.000264
2001-03-28,0.000264
2001-03-30,0.000264
2001-04-03,0.000264
2001-04-04,0.000264
2001-04-05,0.000264
2001-04-06,0.000264
2001-04-09,0.000264
2001-04-10,0.000264
2001-04-11,0.000264
2001-04-16,0.000264
2001-04-17,0.000264
2001-04-18,0.000264
2001-04-19,0.000264
2001-04-20,0.000264
2001-04-23,0.000263
2001-04-24,0.000263
2001-04-25,0.000263
2001-04-26,0.000263
2001-04-30,0.000263
2001-05-02,0.000263
2001-05-03,0.000263
2001-05-04,0.000263
2001-05-07,0.000262
2001-05-08,0.000262
2001-05-09,0.000262
2001-05-10,0.000262
2001-05-11,0.000262
2001-05-16,0.000262
2001-05-17,0.000262
2001-05-18,0.000262
2001-05-21,0.000262
2001-05-22,0.000262
2001-05-24,0.000262
2001-05-28,0.000262
2001-05-29,0.000262
2001-05-30,0.000262
2001-06-01,0.000262
2001-06-06,0.000259
2001-06-07,0.000259
2001-06-08,0.000259
2001-06-12,0.000259
2001-06-13,0.000259
2001-06-14,0.000259
2001-06-15,0.000259
2001-06-19,0.000259
2001-06-20,0.000259
2001-06-21,0.000259
2001-06-22,0.000259
2001-06-25,0.000259
2001-06-26,0.000259
2001-06-27,0.000259
2001-06-28,0.000259
2001-06-29,0.000259
2001-07-02,0.00025
2001-07-03,0.00025
2001-07-04,0.00025
2001-07-05,0.00025
2001-07-06,0.00025
2001-07-10,0.00025
2001-07-11,0.00025
2001-07-12,0.00025
2001-07-13,0.00025
2001-07-16,0.000239
2001-07-17,0.000239
2001-07-18,0.000239
2001-07-19,0.000239
2001-07-20,0.000239
2001-07-23,0.000233
2001-07-24,0.000233
2001-07-25,0.000233
2001-07-26,0.000233
2001-07-27,0.000233
2001-07-30,0.000233
2001-07-31,0.000233
2001-08-01,0.000233
2001-08-02,0.000233
2001-08-03,0.000233
2001-08-06,0.000236
2001-08-07,0.000236
2001-08-08,0.000236
2001-08-09,0.000236
2001-08-10,0.000236
2001-08-13,0.000236
2001-08-14,0.000236
2001-08-15,0.000236
2001-08-16,0.000236
2001-08-17,0.000236
2001-08-21,0.000236
2001-08-22,0.000236
2001-08-23,0.000236
2001-08-24,0.000236
2001-08-27,0.000236
2001-08-28,0.000236
2001-08-29,0.000236
2001-08-30,0.000236
2001-08-31,0.000236
2001-09-03,0.000236
2001-09-04,0.000236
2001-09-05,0.000236
2001-09-06,0.00023
2001-09-07,0.00023
2001-09-10,0.00023
2001-09-12,0.00023
2001-09-13,0.00023
2001-09-14,0.00023
2001-09-17,0.000227
2001-09-18,0.000227
2001-09-19,0.000227
2001-09-21,0.000227
2001-09-24,0.000225
2001-09-25,0.000225
2001-09-26,0.000225
2001-09-27,0.000225
2001-09-28,0.000225
2001-10-02,0.000225
2001-10-03,0.000225
2001-10-09,0.000221
2001-10-10,0.000225
2001-10-11,0.000225
2001-10-12,0.000221
2001-10-15,0.000221
2001-10-16,0.000221
2001-10-17,0.000221
2001-10-18,0.000221
2001-10-19,0.000221
2001-10-24,0.000219
2001-10-25,0.000219
2001-10-26,0.000219
2001-10-29,0.000219
2001-10-30,0.000219
2001-10-31,0.000219
2001-11-01,0.000219
2001-11-02,0.000219
2001-11-05,0.000217
2001-11-07,0.000217
2001-11-08,0.000217
2001-11-09,0.000217
2001-11-12,0.000217
2001-11-13,0.000215
2001-11-15,0.000215
2001-11-19,0.000214
2001-11-20,0.000214
2001-11-22,0.000214
2001-11-23,0.000214
2001-11-26,0.000214
2001-11-27,0.000214
2001-11-28,0.000214
2001-11-29,0.000214
2001-12-04,0.000214
2001-12-05,0.000214
2001-12-06,0.000214
2001-12-07,0.000214
2001-12-10,0.000214
2001-12-11,0.000214
2001-12-12,0.000214
2001-12-14,0.000214
2001-12-18,0.000214
2001-12-19,0.000214
2002-01-11,0.00021625
2002-01-14,0.00021625
2002-01-15,0.0002158823529411
2002-01-16,0.0002157894736842
2002-01-17,0.0002157894736842
2002-01-18,0.0002158974358974
2002-01-21,0.0002158974358974
2002-01-22,0.0002158974358974
2002-01-23,0.0002158974358974
2002-01-24,0.0002158974358974
2002-01-25,0.0002158974358974
2002-01-28,0.0002159420289855
2002-01-29,0.0002160975609756
2002-01-30,0.0002160975609756
2002-01-31,0.0002160975609756
2002-02-01,0.0002160975609756
2002-02-11,0.0002066666666666
2002-02-12,0.000207027027027
2002-02-13,0.0002070588235294
2002-02-14,0.0002066666666666
2002-02-15,0.0002066666666666
2002-02-18,0.000207
2002-02-19,0.0002028571428571
2002-02-20,0.0002028571428571
2002-02-21,0.000203
2002-02-22,0.0002042857142857
2002-02-25,0.0002028571428571
2002-02-26,0.0002028571428571
2002-02-27,0.0002032558139534
2002-02-28,0.0002032558139534
2002-03-01,0.0002042857142857
2002-03-04,0.0002039024390243
2002-03-06,0.0002065116279069
2002-03-07,0.0002068181818181
2002-03-08,0.0002071111111111
2002-03-11,0.0002072340425531
2002-03-12,0.0002066666666666
2002-03-13,0.0002067510548523
2002-03-14,0.0002067510548523
2002-03-15,0.0002064935064935
2002-03-18,0.0002067226890756
2002-03-19,0.0002045454545454
2002-03-20,0.0002044354838709
2002-03-21,0.000203781512605
2002-03-22,0.0002037288135593
2002-03-25,0.000203492063492
2002-03-26,0.0002048275862068
2002-03-27,0.0002043333333333
2002-04-02,0.000204406779661
2002-04-03,0.0002054237288135
2002-04-04,0.000205223880597
2002-04-05,0.0002054545454545
2002-04-08,0.0002054545454545
2002-04-09,0.0002057142857142
2002-04-10,0.0002057142857142
2002-04-11,0.0002056140350877
2002-04-12,0.0002058620689655
2002-04-15,0.0002057627118644
2002-04-16,0.0002057142857142
2002-04-19,0.0002069841269841
2002-04-29,0.0002074576271186
2002-04-30,0.0002073825503355
2002-05-02,0.0002074193548387
2002-05-03,0.0002074999999999
2002-05-06,0.0002071875
2002-05-07,0.0002053125
2002-05-08,0.0002053125
2002-05-09,0.0002043887147335
2002-05-10,0.0002046153846153
2002-05-13,0.0002043076923076
2002-05-14,0.0002021538461538
2002-05-15,0.0002021538461538
2002-05-16,0.0002012307692307
2002-05-17,0.0002
2002-05-20,0.0002
2002-05-22,0.0001999999999999
2002-05-23,0.0002
2002-05-28,0.0001991428571428
2002-05-29,0.0001975
2002-05-31,0.0001944444444444
2002-06-03,0.0001944751381215
2002-06-04,0.0001897790055248
2002-06-05,0.0001904109589041
2002-06-06,0.0001868493150684
2002-06-10,0.0001868571428571
2002-06-11,0.000188
2002-06-12,0.000188
2002-06-13,0.0001877142857142
2002-06-14,0.000187675070028
2002-06-18,0.0001876056338028
2002-06-19,0.0001837078651685
2002-06-20,0.0001839335180055
2002-06-21,0.0001839142091152
2002-06-24,0.0001839050131926
2002-06-25,0.0001741025641025
2002-06-26,0.0001742857142857
2002-06-27,0.0001742105263157
2002-06-28,0.0001726315789473
2002-07-01,0.0001728232189973
2002-07-02,0.000172602739726
2002-07-03,0.0001727019498607
2002-07-11,0.0001601671309192
2002-07-12,0.0001627777777777
2002-07-15,0.0001594444444444
2002-07-16,0.0001602240896358
2002-07-17,0.0001613445378151
2002-07-18,0.0001612359550561
2002-07-19,0.0001625698324022
2002-07-22,0.0001549723756906
2002-07-23,0.0001561307901907
2002-07-24,0.0001563186813186
2002-07-25,0.0001471232876712
2002-07-26,0.0001469945355191
2002-07-29,0.0001469945355191
2002-07-30,0.0001665760869565
2002-07-31,0.0001694594594594
2002-08-01,0.0001695290858725
2002-08-02,0.0001694214876033
2002-08-05,0.0001725274725274
2002-08-06,0.0001724517906336
2002-08-07,0.0001667582417582
2002-08-08,0.0001723287671232
2002-08-09,0.0001725274725274
2002-08-12,0.0001665745856353
2002-08-13,0.0001666666666666
2002-08-14,0.0001653846153846
2002-08-15,0.0001653846153846
2002-08-16,0.0001653846153846
2002-08-20,0.0001652892561983
2002-08-21,0.0001651810584958
2002-08-22,0.0001598885793871
2002-08-23,0.0001599447513812
2002-08-26,0.0001600550964187
2002-08-27,0.0001599447513812
2002-08-28,0.0001617728531855
2002-08-29,0.0001618784530386
2002-08-30,0.0001617079889807
2002-09-02,0.0001617079889807
2002-09-03,0.0001667582417582
2002-09-04,0.0001695890410958
2002-09-05,0.0001694214876033
2002-09-06,0.0001694214876033
2002-09-09,0.0001666666666666
2002-09-10,0.0001652892561983
2002-09-11,0.0001624309392265
2002-09-12,0.0001624309392265
2002-09-13,0.0001619834710743
2002-09-16,0.0001591780821917
2002-09-17,0.0001608815426997
2002-09-18,0.00016
2002-09-19,0.0001599455040871
2002-09-20,0.0001603825136612
2002-09-23,0.0001613079019073
2002-09-24,0.0001613698630136
2002-09-25,0.0001640326975476
2002-09-26,0.0001652892561983
2002-09-27,0.0001653333333333
2002-09-30,0.0001653333333333
2002-10-01,0.0001695187165775
2002-10-02,0.000168
2002-10-03,0.0001586666666666
2002-10-04,0.0001586666666666
2002-10-07,0.0001586666666666
2002-10-08,0.0001569518716577
2002-10-09,0.0001569892473118
2002-10-10,0.0001581081081081
2002-10-11,0.0001575675675675
2002-10-15,0.0001565573770491
2002-10-16,0.0001566666666666
2002-10-17,0.0001563888888888
2002-10-18,0.0001581081081081
2002-10-21,0.0001561983471074
2002-10-22,0.0001546961325966
2002-10-23,0.0001548476454293
2002-10-24,0.0001545706371191
2002-10-25,0.0001552486187845
2002-10-28,0.0001552777777777
2002-10-29,0.0001553072625698
2002-10-30,0.000156338028169
2002-10-31,0.00015625
2002-11-01,0.0001545454545454
2002-11-04,0.0001515406162464
2002-11-05,0.0001502824858757
2002-11-07,0.0001504201680672
2002-11-08,0.000152808988764
2002-11-11,0.000152808988764
2002-11-12,0.0001538243626062
2002-11-13,0.0001538243626062
2002-11-14,0.0001539325842696
2002-11-15,0.0001508474576271
2002-11-18,0.0001507082152974
2002-11-19,0.0001508522727272
2002-11-20,0.0001505681818181
2002-11-21,0.0001507122507122
2002-11-22,0.0001505714285714
2002-11-25,0.0001505714285714
2002-11-26,0.0001474137931034
2002-11-27,0.0001471428571428
2002-11-29,0.0001458791208791
2002-12-02,0.0001449720670391
2002-12-03,0.0001460451977401
2002-12-04,0.0001458923512747
2002-12-05,0.0001458923512747
2002-12-06,0.000141926345609
2002-12-09,0.0001407932011331
2002-12-10,0.000140909090909
2002-12-11,0.000142735042735
2002-12-12,0.1449274285714285
2002-12-13,0.1443002840909091
2002-12-16,0.1428570621468926
2002-12-17,0.1428570621468926
2002-12-18,0.1432665714285714
2002-12-19,0.1432665706051873
2002-12-20,0.1432664756446991
2002-12-23,0.1432665706051873
2002-12-24,0.1459853025936599
2002-12-26,0.145985294117647
2002-12-27,0.1449276470588235
2002-12-30,0.1438849112426035
2002-12-31,0.1418439169139465
2003-01-02,0.1408450746268656
2003-01-03,0.1398601796407185
2003-01-06,0.0139276276276276
2003-01-07,0.013908231707317
2003-01-08,0.0001390909090909
2003-01-09,0.0001395209580838
2003-01-10,0.0001405970149253
2003-01-13,0.0001408408408408
2003-01-14,0.0001412307692307
2003-01-15,0.0001405572755417
2003-01-16,0.0001414110429447
2003-01-17,0.000141304347826
2003-01-20,0.0001413793103448
2003-01-21,0.0001403225806451
2003-01-22,0.0001412903225806
2003-01-23,0.0001414012738853
2003-01-24,0.000142356687898
2003-01-27,0.0001421686746987
2003-01-28,0.0001439759036144
2003-01-29,0.0001450151057401
2003-01-30,0.000144923076923
2003-01-31,0.0001439252336448
2003-02-03,0.0001440251572327
2003-02-04,0.0001438485804416
2003-02-05,0.0001439873417721
2003-02-06,0.0001439873417721
2003-02-07,0.0001438095238095
2003-02-10,0.0001437699680511
2003-02-11,0.0001437299035369
2003-02-12,0.0001437299035369
2003-02-13,0.0001458598726114
2003-02-14,0.0001446540880503
2003-02-17,0.0001446202531645
2003-02-18,0.0001447949526813
2003-02-19,0.0001448275862068
2003-02-20,0.0001448598130841
2003-02-21,0.0001461059190031
2003-02-24,0.0001438485804416
2003-02-25,0.0001458860759493
2003-02-26,0.0001460567823343
2003-02-27,0.0001460815047021
2003-02-28,0.0001467084639498
2003-03-03,0.0001467289719626
2003-03-04,0.0001496855345911
2003-03-05,0.0001498422712933
2003-03-06,0.0001496855345911
2003-03-07,0.0001474683544303
2003-03-10,0.0001474522292993
2003-03-11,0.0001476038338658
2003-03-12,0.0001475884244372
2003-03-13,0.0001477564102564
2003-03-14,0.0001477564102564
2003-03-17,0.000146129032258
2003-03-18,0.0001460784313725
2003-03-19,0.0001458471760797
2003-03-20,0.0001458745874587
2003-03-21,0.0001460264900662
2003-03-24,0.0001458193979933
2003-03-25,0.0001459183673469
2003-03-26,0.0001458620689655
2003-03-27,0.0001458333333333
2003-03-28,0.0001469798657718
2003-04-01,0.0001469594594594
2003-04-02,0.0001458620689655
2003-04-03,0.0001458620689655
2003-04-04,0.0001458620689655
2003-04-07,0.0001458620689655
2003-04-08,0.0001458904109589
2003-04-09,0.0001458904109589
2003-04-10,0.0001456747404844
2003-04-11,0.0001462068965517
2003-04-14,0.0001464163822525
2003-04-15,0.0001464406779661
2003-04-16,0.0001467576791808
2003-04-21,0.0001467128027681
2003-04-22,0.0001470175438596
2003-04-23,0.0001468309859154
2003-04-24,0.0001468531468531
2003-04-25,0.0001468531468531
2003-04-28,0.0001468531468531
2003-04-29,0.0001470175438596
2003-04-30,0.0001468085106382
2003-05-02,0.0001469534050179
2003-05-05,0.0001467857142857
2003-05-06,0.0001467857142857
2003-05-07,0.0001469534050179
2003-05-08,0.0001469949312092
2003-05-09,0.0001492805755395
2003-05-12,0.0001490974729241
2003-05-13,0.0001606498194945
2003-05-14,0.0001607142857142
2003-05-15,0.0001609154929577
2003-05-16,0.0001608843537414
2003-05-19,0.0001606164383561
2003-05-20,0.0001625
2003-05-21,0.0001601548750439
2003-05-22,0.0001565217391304
2003-05-23,0.00016
2003-05-26,0.0001599303135888
2003-05-27,0.0001599303135888
2003-05-28,0.0001600694444444
2003-05-29,0.0001600694444444
2003-05-30,0.00016
2003-06-02,0.0001624561403508
2003-06-03,0.0001586572438162
2003-06-04,0.0001587526576895
2003-06-05,0.0001593639575971
2003-06-06,0.0001595744680851
2003-06-09,0.0001602131438721
2003-06-10,0.0001640569395017
2003-06-11,0.0001644223954642
2003-06-12,0.0001643159379407
2003-06-13,0.0001617021276595
2003-06-17,0.0001635714285714
2003-06-18,0.0001635062611806
2003-06-19,0.0001635714285714
2003-06-20,0.0001632798573975
2003-06-23,0.0001627240143369
2003-06-24,0.0001628158844765
2003-06-25,0.0001617328519855
2003-06-26,0.0001627240143369
2003-06-27,0.0001618743343982
2003-06-30,0.0001617857142857
2003-07-01,0.0001625
2003-07-02,0.0001625
2003-07-03,0.0001624329159212
2003-07-04,0.0001624329159212
2003-07-07,0.0001626570915619
2003-07-08,0.0001639639639639
2003-07-10,0.0001672095548317
2003-07-11,0.0001699275362318
2003-07-14,0.000170036101083
2003-07-15,0.0001754512635379
2003-07-16,0.0001762589928057
2003-07-17,0.0001763440860215
2003-07-18,0.0001696428571428
2003-07-21,0.0001696428571428
2003-07-22,0.0001708633093525
2003-07-23,0.0001708633093525
2003-07-24,0.000170818505338
2003-07-25,0.0001709219858156
2003-07-28,0.0001710758377425
2003-07-29,0.0001708260105448
2003-07-30,0.0001679862306368
2003-07-31,0.0001643835616438
2003-08-01,0.0001642857142857
2003-08-04,0.0001644670050761
2003-08-05,0.0001625212947189
2003-08-06,0.0001613675213675
2003-08-07,0.0001617747440273
2003-08-08,0.0001618852459016
2003-08-11,0.0001619210977701
2003-08-12,0.0001579310344827
2003-08-13,0.0001563258232235
2003-08-14,0.0001599309153713
2003-08-15,0.0001599309153713
2003-08-19,0.0001693743518838
2003-08-20,0.0001680960548885
2003-08-21,0.0001640677966101
2003-08-22,0.0001599999999999
2003-08-25,0.0001606837606837
2003-08-26,0.000160544217687
2003-08-27,0.0001625
2003-08-28,0.0001606779661016
2003-08-29,0.0001613667117726
2003-09-01,0.0001611486486486
2003-09-02,0.0001614093959731
2003-09-03,0.0001617449664429
2003-09-04,0.0001617050067658
2003-09-05,0.0001607508532423
2003-09-08,0.0001608843537414
2003-09-09,0.0001608843537414
2003-09-10,0.000162632117286
2003-09-11,0.0001631034482758
2003-09-12,0.0001631034482758
2003-09-15,0.0001640138408304
2003-09-16,0.0001630960608154
2003-09-17,0.0001632302405498
2003-09-18,0.000161855670103
2003-09-19,0.0001604810996563
2003-09-22,0.000160413080895
2003-09-23,0.0001603448275862
2003-09-24,0.0001602076124567
2003-09-25,0.0001613126079447
2003-09-26,0.0001614457831325
2003-09-29,0.0001611683848797
2003-09-30,0.0001612349914236
2003-10-01,0.0001614457831325
2003-10-02,0.0001621900826446
2003-10-03,0.000161178509532
2003-10-06,0.000161369193154
2003-10-07,0.0001611555864949
2003-10-08,0.0001613580679033
2003-10-09,0.0001613812544045
2003-10-10,0.0001627906976744
2003-10-14,0.0001624955939372
2003-10-15,0.0001623239436619
2003-10-16,0.0001622668074621
2003-10-17,0.0001623901581722
2003-10-20,0.0001621716287215
2003-10-21,0.0001617543859649
2003-10-22,0.0001617543859649
2003-10-23,0.000161981728742
2003-10-24,0.000162676056338
2003-10-27,0.000162676056338
2003-10-28,0.0001607017543859
2003-10-29,0.0001604203152364
2003-10-30,0.000160975609756
2003-10-31,0.000160907504363
2003-11-03,0.0001611208406304
2003-11-04,0.0001611208406304
2003-11-05,0.0001611208406304
2003-11-07,0.0001608710923779
2003-11-10,0.0001610526315789
2003-11-11,0.0001611888111888
2003-11-12,0.0001635726795096
2003-11-13,0.0001633507853403
2003-11-14,0.0001627177700348
2003-11-17,0.000162652705061
2003-11-18,0.000162652705061
2003-11-19,0.0001638260869565
2003-11-20,0.0001635416666666
2003-11-21,0.0001629757785467
2003-11-24,0.0001632723507076
2003-11-25,0.0001630136986301
2003-11-26,0.0001654362416107
2003-11-27,0.0001655986509274
2003-11-28,0.0001652173913043
2003-12-01,0.0001654362416107
2003-12-02,0.0001653781512605
2003-12-03,0.0001653198653198
2003-12-04,0.0001646464646464
2003-12-05,0.0001652613827993
2003-12-09,0.0001656462585034
2003-12-10,0.0001656462585034
2003-12-11,0.0001701694915254
2003-12-12,0.0001701048359824
2003-12-15,0.0001702127659574
2003-12-16,0.0001702055948769
2003-12-17,0.0001701553004726
2003-12-18,0.0001700909397103
2003-12-19,0.000170262980445
2003-12-22,0.0001702702702702
2003-12-23,0.0001701048359824
2003-12-24,0.0001702702702702
2003-12-26,0.0001701694915254
2003-12-29,0.0001702923181509
2003-12-30,0.0001703577512776
2003-12-31,0.0001703071672354
2004-01-02,0.000170205479452
2004-01-05,0.0001701388888888
2004-01-06,0.0001703315881326
2004-01-07,0.0001648770349844
2004-01-08,0.0001645919778699
2004-01-09,0.0001647058823529
2004-01-12,0.0001648506151142
2004-01-13,0.0001647469458987
2004-01-14,0.0001648695652173
2004-01-15,0.0001647469458987
2004-01-16,0.0001614022908712
2004-01-19,0.000161178509532
2004-01-20,0.0001614241272035
2004-01-21,0.0001611683848797
2004-01-22,0.0001613126079447
2004-01-23,0.0001611683848797
2004-01-26,0.0001611683848797
2004-01-27,0.0001617445054945
2004-01-28,0.0001616438356164
2004-01-29,0.0001619241192411
2004-01-30,0.0001618852459016
2004-02-02,0.0001617094017094
2004-02-03,0.0001663258350374
2004-02-04,0.0001668365613319
2004-02-05,0.0001668358714043
2004-02-06,0.0001668358714043
2004-02-09,0.0001669505962521
2004-02-10,0.0001669505962521
2004-02-11,0.0001673469387755
2004-02-12,0.000167292591328
2004-02-13,0.0001695205479452
2004-02-16,0.0001696367374914
2004-02-17,0.0001701400751622
2004-02-18,0.0001702997275204
2004-02-19,0.0001703577512776
2004-02-20,0.0001703071672354
2004-02-23,0.0001679781046869
2004-02-24,0.000167980802194
2004-02-25,0.0001675786593707
2004-02-26,0.0001673497267759
2004-02-27,0.0001676359904208
2004-03-01,0.0001674657534246
2004-03-02,0.0001674657534246
2004-03-03,0.00016735395189
2004-03-04,0.0001675786593707
2004-03-05,0.0001676340047797
2004-03-08,0.0001674624829467
2004-03-09,0.000167469050894
2004-03-10,0.0001674657534246
2004-03-11,0.0001682114658427
2004-03-12,0.0001687821612349
2004-03-15,0.0001689607708189
2004-03-16,0.0001690821256038
2004-03-17,0.0001694386694386
2004-03-18,0.0001693799792171
2004-03-19,0.000168
2004-03-22,0.0001681786461967
2004-03-23,0.0001681169509223
2004-03-24,0.000168230795968
2004-03-25,0.0001682892906815
2004-03-26,0.0001684027777777
2004-03-29,0.0001682340647857
2004-03-30,0.000170979020979
2004-03-31,0.0001716783216783
2004-04-01,0.00017194092827
2004-04-02,0.0001740350877192
2004-04-06,0.0001738053097345
2004-04-07,0.0001737424188369
2004-04-12,0.0001768683274021
2004-04-13,0.0001769094138543
2004-04-14,0.0001770981507823
2004-04-15,0.0001770759403832
2004-04-16,0.0001769503546099
2004-04-19,0.0001768659356207
2004-04-20,0.0001769474797321
2004-04-21,0.0001770066596565
2004-04-22,0.0001768399023369
2004-04-23,0.0001768826619964
2004-04-26,0.0001758474576271
2004-04-27,0.0001758900246739
2004-04-28,0.0001756661991584
2004-04-29,0.0001756473058082
2004-04-30,0.0001757042253521
2004-05-03,0.0001757894736842
2004-05-04,0.0001758741258741
2004-05-05,0.0001758548499651
2004-05-06,0.0001756569847856
2004-05-07,0.0001756849315068
2004-05-10,0.0001758053461274
2004-05-11,0.0001757825937392
2004-05-12,0.0001757264957264
2004-05-13,0.0001755046185425
2004-05-14,0.0001755593803786
2004-05-17,0.0001756013745704
2004-05-18,0.0001754385964912
2004-05-19,0.0001754385964912
2004-05-20,0.0001755932203389
2004-05-21,0.0001754148323738
2004-05-24,0.0001753794266441
2004-05-26,0.0001755570560432
2004-05-27,0.0001693602693602
2004-05-28,0.0001695315133131
2004-05-31,0.0001695945945945
2004-06-01,0.0001695945945945
2004-06-02,0.0001693301598095
2004-06-03,0.0001694743935309
2004-06-04,0.0001694743935309
2004-06-07,0.0001696398519017
2004-06-08,0.0001711103611204
2004-06-09,0.0001709459459459
2004-06-10,0.0001706001348617
2004-06-11,0.0001690804984843
2004-06-14,0.0001690853864326
2004-06-15,0.0001690379403794
2004-06-16,0.0001688663282571
2004-06-17,0.0001699324324324
2004-06-18,0.0001698113207547
2004-06-22,0.0001699324324324
2004-06-23,0.0001698946653075
2004-06-24,0.0001703427214116
2004-06-25,0.000170219966159
2004-06-28,0.0001703204047217
2004-06-29,0.000170262980445
2004-06-30,0.0001703853955375
2004-07-01,0.0001703929539295
2004-07-02,0.0001705084745762
2004-07-05,0.0001702923181509
2004-07-06,0.0001704081632653
2004-07-07,0.0001703427214116
2004-07-08,0.0001703853955375
2004-07-12,0.0001702775897088
2004-07-13,0.0001702849389416
2004-07-14,0.0001705163043478
2004-07-15,0.0001705163043478
2004-07-16,0.0001702344546381
2004-07-19,0.0001702849389416
2004-07-20,0.0001702271956595
2004-07-21,0.0001703352522858
2004-07-22,0.0001703853955375
2004-07-23,0.0001702055948769
2004-07-26,0.0001703056768558
2004-07-27,0.0001704774714189
2004-07-28,0.0001704201680672
2004-07-29,0.0001703629032258
2004-07-30,0.0001704697986577
2004-08-02,0.0001704050887177
2004-08-03,0.0001705038371705
2004-08-04,0.0001705221414408
2004-08-05,0.0001702614379084
2004-08-06,0.0001702614379084
2004-08-09,0.0001702970297029
2004-08-10,0.0001703679151474
2004-08-11,0.0001702479338842
2004-08-12,0.0001703187250996
2004-08-13,0.0001704809286898
2004-08-17,0.0001703187250996
2004-08-18,0.0001703187250996
2004-08-19,0.0001702127659574
2004-08-20,0.0001704885343968
2004-08-23,0.0001704885343968
2004-08-24,0.0001704545454545
2004-08-25,0.0001701771982614
2004-08-26,0.0001701561980724
2004-08-27,0.0001702127659574
2004-08-30,0.0001699368141004
2004-08-31,0.0001701701701701
2004-09-01,0.0001701631701631
2004-09-02,0.000170219853431
2004-09-03,0.0001701701701701
2004-09-06,0.0001701203208556
2004-09-07,0.0001700066800267
2004-09-08,0.00017
2004-09-09,0.000170219853431
2004-09-10,0.0001700431750249
2004-09-13,0.0001701701701701
2004-09-14,0.0001700133868808
2004-09-15,0.0001699126930826
2004-09-16,0.0001702341137123
2004-09-17,0.0001702341137123
2004-09-20,0.00016955941255
2004-09-21,0.0001694407456724
2004-09-22,0.0001696160267111
2004-09-23,0.0001693386773547
2004-09-24,0.0001692256341789
2004-09-27,0.0001690046760187
2004-09-28,0.0001690093708165
2004-09-29,0.0001689008042895
2004-09-30,0.0001690707816169
2004-10-01,0.0001687919463087
2004-10-04,0.0001688005390835
2004-10-05,0.0001687962340282
2004-10-06,0.0001686300908784
2004-10-07,0.0001684599865501
2004-10-08,0.0001684636118598
2004-10-12,0.0001684068710003
2004-10-13,0.0001682368775235
2004-10-14,0.0001684033613445
2004-10-15,0.0001669477234401
2004-10-18,0.0001668358714043
2004-10-19,0.000166779203241
2004-10-20,0.000166554054054
2004-10-21,0.0001666666666666
2004-10-22,0.0001661039837947
2004-10-25,0.0001661051212938
2004-10-26,0.0001661621257988
2004-10-27,0.0001655450874831
2004-10-28,0.0001654362416107
2004-10-29,0.0001656565656565
2004-11-01,0.0001653755473223
2004-11-02,0.0001653703077443
2004-11-03,0.0001649205812774
2004-11-04,0.0001651469098277
2004-11-05,0.0001644159351789
2004-11-08,0.0001647612642905
2004-11-09,0.0001647019198383
2004-11-10,0.0001646464646464
2004-11-11,0.000164812942366
2004-11-12,0.0001648648648648
2004-11-15,0.0001645783948526
2004-11-16,0.0001646341463414
2004-11-17,0.0001646216768916
2004-11-18,0.0001646258503401
2004-11-19,0.0001643463497453
2004-11-22,0.0001640677966101
2004-11-23,0.0001642857142857
2004-11-24,0.0001641740312712
2004-11-25,0.000164118246687
2004-11-26,0.0001642298537912
2004-11-29,0.0001643510674347
2004-11-30,0.0001643463497453
2004-12-01,0.0001640624999999
2004-12-02,0.0001641891891891
2004-12-03,0.0001642593214645
2004-12-06,0.0001641541038525
2004-12-07,0.0001642041638683
2004-12-09,0.000164314516129
2004-12-10,0.0001642041638683
2004-12-13,0.0001640887693342
2004-12-14,0.0001640939597315
2004-12-15,0.000164314516129
2004-12-16,0.000164268986283
2004-12-17,0.0001641490433031
2004-12-20,0.0001643049932523
2004-12-21,0.0001641388608021
2004-12-22,0.0001643049932523
2004-12-23,0.0001641841570751
2004-12-24,0.0001642397561801
2004-12-27,0.0001641337386018
2004-12-28,0.0001643697478991
2004-12-29,0.0001641490433031
2004-12-30,0.0001643697478991
2004-12-31,0.0001641490433031
2005-01-03,0.0001640835579514
2005-01-04,0.0001640783254557
2005-01-05,0.0001643097643097
2005-01-06,0.0001611598111935
2005-01-07,0.0001612794612794
2005-01-10,0.0001613881401617
2005-01-11,0.0001614319486659
2005-01-12,0.0001612903225806
2005-01-13,0.0001611584327086
2005-01-14,0.0001613342409802
2005-01-17,0.0001614334470989
2005-01-18,0.0001613891726251
2005-01-19,0.0001613999320421
2005-01-20,0.0001599320882852
2005-01-21,0.0001600407747196
2005-01-24,0.0001599045346062
2005-01-25,0.0001601642710472
2005-01-26,0.0001601642710472
2005-01-27,0.00015994531784
2005-01-28,0.000159890673044
2005-01-31,0.0001600547195622
2005-02-01,0.0001586324786324
2005-02-02,0.0001586324786324
2005-02-03,0.0001581108829568
2005-02-04,0.0001585616438356
2005-02-07,0.0001586159643713
2005-02-08,0.0001585449553877
2005-02-09,0.0001584737023031
2005-02-10,0.0001585449553877
2005-02-11,0.0001583648230848
2005-02-14,0.0001585827313381
2005-02-15,0.0001584022038567
2005-02-16,0.000158604008293
2005-02-17,0.0001583476764199
2005-02-18,0.0001583818992115
2005-02-21,0.0001585993820803
2005-02-22,0.0001583989052343
2005-02-23,0.000160136286201
2005-02-24,0.0001600817438692
2005-02-25,0.0001599727705922
2005-02-28,0.0001599727705922
2005-03-01,0.0001601085481682
2005-03-02,0.0001599594183293
2005-03-03,0.0001598915989159
2005-03-04,0.0001603677221654
2005-03-07,0.0001604095563139
2005-03-08,0.0001600136472193
2005-03-09,0.0001599590723055
2005-03-10,0.0001602454824411
2005-03-11,0.0001600959890298
2005-03-14,0.0001602739726027
2005-03-15,0.0001596437136005
2005-03-16,0.0001595890410958
2005-03-17,0.0001596984235777
2005-03-18,0.0001597531710661
2005-03-21,0.0001597531710661
2005-03-22,0.0001597389213328
2005-03-23,0.0001595744680851
2005-03-28,0.0001598220396988
2005-03-29,0.0001598767545361
2005-03-30,0.0001595890410958
2005-03-31,0.0001594103531025
2005-04-01,0.0001589585474477
2005-04-04,0.0001596437136005
2005-04-05,0.0001592859594919
2005-04-06,0.0001591457113331
2005-04-07,0.0001594052558782
2005-04-08,0.0001591850828729
2005-04-11,0.000159169550173
2005-04-12,0.000159169550173
2005-04-13,0.0001590830149357
2005-04-14,0.0001605536332179
2005-04-15,0.0001603448275862
2005-04-18,0.0001602343211578
2005-04-19,0.0001602343211578
2005-04-20,0.0001603448275862
2005-04-21,0.000160179125043
2005-04-22,0.0001603448275862
2005-04-25,0.0001602895553257
2005-04-26,0.0001601656886434
2005-04-27,0.0001603448275862
2005-04-28,0.0001601925060158
2005-04-29,0.0001601374570446
2005-05-02,0.00016
2005-05-03,0.0001601656886434
2005-05-04,0.0001598756906077
2005-05-05,0.0001598205039696
2005-05-06,0.000159710244912
2005-05-09,0.0001595854922279
2005-05-10,0.0001596958174904
2005-05-11,0.0001598756906077
2005-05-12,0.0001596406357982
2005-05-13,0.0001602763385146
2005-05-16,0.0001601941747572
2005-05-17,0.0001604296604296
2005-05-18,0.0001607761607761
2005-05-19,0.0001608318890814
2005-05-20,0.0001607204710772
2005-05-23,0.0001607761607761
2005-05-24,0.0001607761607761
2005-05-26,0.0001608318890814
2005-05-27,0.0001608318890814
2005-05-30,0.0001608876560332
2005-05-31,0.0001609434616718
2005-06-01,0.0001607761607761
2005-06-02,0.0001608318890814
2005-06-03,0.0001610228058051
2005-06-06,0.0001620034542314
2005-06-07,0.0001620594333102
2005-06-08,0.0001619475138121
2005-06-09,0.0001620034542314
2005-06-10,0.0001621715076071
2005-06-13,0.0001628472222222
2005-06-14,0.0001628959276018
2005-06-15,0.0001630170316301
2005-06-16,0.0001628392484342
2005-06-17,0.0001639972144846
2005-06-21,0.0001645172533983
2005-06-22,0.0001650383810188
2005-06-23,0.0001650417827298
2005-06-24,0.0001659722222222
2005-06-27,0.000165801315334
2005-06-28,0.0001658604008293
2005-06-29,0.0001658031088082
2005-06-30,0.0001655697956356
2005-07-01,0.0001659736659736
2005-07-04,0.0001656845753899
2005-07-05,0.0001659736659736
2005-07-06,0.0001659146129816
2005-07-07,0.0001657400972897
2005-07-08,0.0001659114674102
2005-07-11,0.0001659693165969
2005-07-12,0.0001656804733727
2005-07-13,0.0001655629139072
2005-07-14,0.000165502793296
2005-07-15,0.0001655606007684
2005-07-18,0.0001662011173184
2005-07-19,0.0001663172606568
2005-07-20,0.0001670160726764
2005-07-21,0.0001670744494931
2005-07-22,0.0001669577366398
2005-07-25,0.0001687631027253
2005-07-26,0.0001687631027253
2005-07-27,0.0001682373472949
2005-07-28,0.0001680055885434
2005-07-29,0.0001681230339042
2005-08-01,0.0001681818181818
2005-08-02,0.0001678908709338
2005-08-03,0.0001678321678321
2005-08-04,0.0001676563045756
2005-08-05,0.0001678883071553
2005-08-08,0.000168002788428
2005-08-09,0.000167768882701
2005-08-10,0.000168
2005-08-11,0.0001678832116788
2005-08-12,0.0001678806798473
2005-08-16,0.0001679362880886
2005-08-17,0.0001676460421707
2005-08-18,0.0001670693821194
2005-08-19,0.0001668386652906
2005-08-22,0.0001668386652906
2005-08-23,0.0001664374140302
2005-08-24,0.0001661506707946
2005-08-25,0.0001654626762985
2005-08-26,0.0001656926778961
2005-08-29,0.0001658084449021
2005-08-30,0.0001658653846153
2005-08-31,0.0001648917897629
2005-09-01,0.0001642611683848
2005-09-02,0.0001642611683848
2005-09-05,0.0001640866873065
2005-09-06,0.0001640866873065
2005-09-07,0.0001638554216867
2005-09-08,0.00016391184573
2005-09-09,0.0001638612160769
2005-09-12,0.00016386698663
2005-09-13,0.0001640972935936
2005-09-14,0.0001640972935936
2005-09-15,0.0001640356897735
2005-09-16,0.0001635176915149
2005-09-19,0.0001638612160769
2005-09-20,0.0001640356897735
2005-09-21,0.0001640356897735
2005-09-22,0.0001638049450549
2005-09-23,0.0001639175257731
2005-09-26,0.0001635738831615
2005-09-27,0.0001635738831615
2005-09-28,0.0001636363636363
2005-09-29,0.0001636363636363
2005-09-30,0.0001635738831615
2005-10-03,0.000164317634926
2005-10-04,0.0001647220315717
2005-10-05,0.0001648990762914
2005-10-06,0.0001649063032367
2005-10-07,0.0001647940074906
2005-10-11,0.0001638456330399
2005-10-12,0.0001639123102866
2005-10-13,0.000163873994638
2005-10-14,0.0001639178727701
2005-10-17,0.0001633546648703
2005-10-18,0.0001636914786123
2005-10-19,0.000163807601749
2005-10-20,0.0001636485580147
2005-10-21,0.0001633132126089
2005-10-24,0.0001635325721961
2005-10-25,0.0001633199464524
2005-10-26,0.0001640546848949
2005-10-27,0.0001636845593108
2005-10-28,0.0001635157545605
2005-10-31,0.0001635576282478
2005-11-01,0.0001637700534759
2005-11-02,0.0001634293369055
2005-11-03,0.0001636485580147
2005-11-04,0.0001636485580147
2005-11-07,0.000163807601749
2005-11-08,0.0001636854539318
2005-11-09,0.0001636914786123
2005-11-10,0.0001636363636363
2005-11-11,0.0001638018200202
2005-11-14,0.0001635750421585
2005-11-15,0.0001636178861788
2005-11-16,0.0001637288135593
2005-11-17,0.0001637784573564
2005-11-18,0.0001637784573564
2005-11-21,0.0001636611092208
2005-11-22,0.0001636672325976
2005-11-23,0.0001637288135593
2005-11-24,0.0001637347767253
2005-11-25,0.0001635812857623
2005-11-28,0.0001635451505016
2005-11-29,0.0001633064516129
2005-11-30,0.0001631827376938
2005-12-01,0.0001635325721961
2005-12-02,0.0001633679973163
2005-12-05,0.000163394342762
2005-12-06,0.0001634968301634
2005-12-07,0.000163435828877
2005-12-09,0.0001628447989365
2005-12-12,0.000162906436629
2005-12-13,0.0001634487350199
2005-12-14,0.0001634422948632
2005-12-15,0.0001641791044776
2005-12-16,0.0001640856672158
2005-12-19,0.0001646280991735
2005-12-20,0.0001651285431773
2005-12-21,0.0001655126937026
2005-12-22,0.0001653986106516
2005-12-23,0.0001653986106516
2005-12-26,0.0001653412856196
2005-12-27,0.0001654036243822
2005-12-28,0.0001651315789473
2005-12-29,0.0001653465346534
2005-12-30,0.0001652374670184
2006-01-02,0.0001653465346534
2006-01-03,0.0001652402896642
2006-01-04,0.0001651859164198
2006-01-05,0.0001652459016393
2006-01-06,0.0001653594771241
2006-01-09,0.0001651436031331
2006-01-10,0.0001635590448151
2006-01-11,0.0001635529334644
2006-01-12,0.0001635406383678
2006-01-13,0.0001634266886326
2006-01-16,0.0001634266886326
2006-01-17,0.0001638214051214
2006-01-18,0.0001643161692358
2006-01-19,0.0001641497045305
2006-01-20,0.0001642527978933
2006-01-23,0.000163594470046
2006-01-24,0.0001636483371748
2006-01-25,0.000163606557377
2006-01-26,0.0001635590448151
2006-01-27,0.0001635590448151
2006-01-30,0.0001636720026135
2006-01-31,0.000163731245923
2006-02-01,0.0001636245110821
2006-02-02,0.0001635711958292
2006-02-03,0.000163677861102
2006-02-06,0.0001635711958292
2006-02-07,0.0001636304489264
2006-02-08,0.0001637369791666
2006-02-09,0.000163731245923
2006-02-10,0.000163677861102
2006-02-13,0.0001661779081133
2006-02-14,0.0001660696841419
2006-02-15,0.0001660696841419
2006-02-16,0.000168242582328
2006-02-17,0.0001681877444589
2006-02-20,0.0001682974559686
2006-02-21,0.0001684039087947
2006-02-22,0.0001682395053693
2006-02-23,0.0001685100845803
2006-02-24,0.0001684552845528
2006-02-27,0.0001668292682926
2006-02-28,0.0001668835393623
2006-03-01,0.0001668839634941
2006-03-02,0.0001679165308118
2006-03-03,0.0001692157500813
2006-03-06,0.0001693207669808
2006-03-07,0.0001701298701298
2006-03-08,0.000169964320467
2006-03-09,0.000169964320467
2006-03-10,0.000170019467878
2006-03-13,0.0001701298701298
2006-03-14,0.0001700260078023
2006-03-15,0.000169921875
2006-03-16,0.0001701919947933
2006-03-17,0.0001701919947933
2006-03-20,0.0001701366297983
2006-03-21,0.0001720884840598
2006-03-22,0.0001720325203252
2006-03-23,0.0001718090289054
2006-03-27,0.0001719104768083
2006-03-28,0.0001719662556781
2006-03-29,0.0001707792207792
2006-03-30,0.0001707237909769
2006-03-31,0.0001693705386112
2006-04-03,0.0001695299837925
2006-04-04,0.0001696399610768
2006-04-05,0.0001698051948051
2006-04-06,0.0001711594673595
2006-04-07,0.000172346640701
2006-04-10,0.00017429406037
2006-04-11,0.0001741956451088
2006-04-12,0.000179012345679
2006-04-17,0.0001788036410923
2006-04-18,0.0001765472312703
2006-04-19,0.0001756844850065
2006-04-20,0.0001742399476953
2006-04-21,0.0001735861392611
2006-04-24,0.0001736133902198
2006-04-25,0.0001746136139427
2006-04-26,0.000174399473511
2006-04-27,0.0001744415243101
2006-04-28,0.0001755249343832
2006-05-02,0.000175369458128
2006-05-03,0.0001755424063116
2006-05-04,0.0001756001315356
2006-05-05,0.0001756001315356
2006-05-08,0.0001779605263157
2006-05-09,0.0001779020059191
2006-05-10,0.0001779605263157
2006-05-11,0.0001779828609096
2006-05-12,0.0001805006587615
2006-05-15,0.0001805327195001
2006-05-16,0.0001811308349769
2006-05-17,0.0001824146981627
2006-05-18,0.0001827111984282
2006-05-19,0.0001829188481675
2006-05-22,0.0001829427083333
2006-05-23,0.0001848958333333
2006-05-24,0.0001849448410123
2006-05-26,0.0001806994818652
2006-05-29,0.0001803704907377
2006-05-30,0.0001758419689119
2006-05-31,0.0001756888168557
2006-06-01,0.0001756493506493
2006-06-02,0.0001750568366352
2006-06-05,0.000175
2006-06-06,0.0001771002270515
2006-06-07,0.0001768332251784
2006-06-08,0.0001771002270515
2006-06-09,0.0001791044776119
2006-06-12,0.0001791626095423
2006-06-13,0.000179370742783
2006-06-14,0.0001796037674569
2006-06-15,0.0001795454545454
2006-06-16,0.0001796037674569
2006-06-20,0.0001812865497076
2006-06-21,0.0001811382113821
2006-06-22,0.0001812865497076
2006-06-23,0.0001807854592664
2006-06-26,0.0001808165910563
2006-06-27,0.0001809061488673
2006-06-28,0.0001806994818652
2006-06-29,0.0001806994818652
2006-06-30,0.0001814646791963
2006-07-03,0.0001815235008103
2006-07-04,0.0001815235008103
2006-07-05,0.0001814058956916
2006-07-06,0.0001814646791963
2006-07-07,0.0001814646791963
2006-07-10,0.0001814646791963
2006-07-11,0.0001815823605706
2006-07-12,0.0001829386960752
2006-07-13,0.0001828793774319
2006-07-14,0.0001829386960752
2006-07-17,0.0001826735885788
2006-07-18,0.0001826735885788
2006-07-19,0.0001828515751867
2006-07-20,0.0001839714471122
2006-07-21,0.0001839714471122
2006-07-24,0.0001837662337662
2006-07-25,0.0001835607537361
2006-07-26,0.0001834743005855
2006-07-27,0.0001832954176145
2006-07-28,0.0001832954176145
2006-07-31,0.0001832682291666
2006-08-01,0.0001833279062194
2006-08-02,0.0001833279062194
2006-08-03,0.0001833876221498
2006-08-04,0.0001834473769957
2006-08-07,0.0001832682291666
2006-08-08,0.0001832682291666
2006-08-09,0.0001844248941023
2006-08-10,0.0001844248941023
2006-08-11,0.000184630413546
2006-08-14,0.0001843902439024
2006-08-15,0.0001844155844155
2006-08-16,0.0001847755367599
2006-08-17,0.0001847402597402
2006-08-18,0.000185593770279
2006-08-22,0.0001839714471122
2006-08-23,0.0001866493843162
2006-08-24,0.0001865889212827
2006-08-25,0.0001866106080206
2006-08-28,0.0001866322247336
2006-08-29,0.0001861066235864
2006-08-30,0.0001859864384888
2006-08-31,0.0001859864384888
2006-09-01,0.0001857235142118
2006-09-04,0.0001858435681965
2006-09-05,0.0001846352485474
2006-09-06,0.000184015468901
2006-09-07,0.0001829622458857
2006-09-08,0.0001831667204127
2006-09-11,0.0001830486625845
2006-09-12,0.00018410041841
2006-09-13,0.0001865936190783
2006-09-14,0.0001864516129032
2006-09-15,0.0001865719819238
2006-09-18,0.000187863137508
2006-09-19,0.0001879237972231
2006-09-20,0.000187863137508
2006-09-21,0.0001887705711519
2006-09-22,0.0001887705711519
2006-09-25,0.0001887096774193
2006-09-26,0.0001876208897485
2006-09-27,0.0001872985170857
2006-09-28,0.0001871778350515
2006-09-29,0.0001871778350515
2006-10-02,0.0001875604253947
2006-10-03,0.0001875
2006-10-04,0.0001877616747181
2006-10-05,0.0001877616747181
2006-10-06,0.0001877012234385
2006-10-09,0.0001877012234385
2006-10-10,0.0001898937882201
2006-10-11,0.0001893110109465
2006-10-12,0.0001894329896907
2006-10-13,0.0001878826941669
2006-10-17,0.000188064516129
2006-10-18,0.0001879650598511
2006-10-19,0.000188086759469
2006-10-20,0.0001880258899676
2006-10-23,0.0001880258899676
2006-10-24,0.0001880258899676
2006-10-25,0.0001878435176204
2006-10-26,0.0001877630301068
2006-10-27,0.0001874595992243
2006-10-30,0.0001874595992243
2006-10-31,0.0001877630301068
2006-11-01,0.0001865889212827
2006-11-02,0.0001861822899772
2006-11-03,0.0001861822899772
2006-11-07,0.0001858953526161
2006-11-08,0.0001857282502443
2006-11-09,0.0001857887874837
2006-11-10,0.0001857887874837
2006-11-13,0.0001856306892067
2006-11-14,0.000185546875
2006-11-15,0.0001851368970013
2006-11-16,0.0001850765721733
2006-11-17,0.0001851008458035
2006-11-20,0.000185955786736
2006-11-21,0.0001857142857142
2006-11-22,0.0001858119101854
2006-11-23,0.0001859329208726
2006-11-24,0.0001856910569105
2006-11-27,0.0001855100714749
2006-11-28,0.0001858349577647
2006-11-29,0.0001857514638906
2006-11-30,0.0001857887874837
2006-12-01,0.0001858262573481
2006-12-04,0.0001856209150326
2006-12-05,0.000185597381342
2006-12-06,0.00018580307491
2006-12-07,0.0001857423152387
2006-12-11,0.0001862745098039
2006-12-12,0.000186313032089
2006-12-13,0.0001861910994764
2006-12-14,0.000186069326357
2006-12-15,0.0001897284919856
2006-12-18,0.000192018318613
2006-12-19,0.0001919555264879
2006-12-20,0.0001920052424639
2006-12-21,0.0001925853018372
2006-12-22,0.0001928104575163
2006-12-26,0.0001928338762214
2006-12-27,0.0001927828348504
2006-12-28,0.0001949869791666
2006-12-29,0.0001949706074461
2007-01-02,0.0001948986265533
2007-01-03,0.0001948349133703
2007-01-04,0.0001949869791666
2007-01-05,0.0001949317738791
2007-01-08,0.0001949317738791
2007-01-09,0.0001949399935128
2007-01-10,0.0001940928270042
2007-01-11,0.0001941558441558
2007-01-12,0.0001940928270042
2007-01-15,0.0001942189022409
2007-01-16,0.0001935064935064
2007-01-17,0.000192919779149
2007-01-18,0.0001930564568462
2007-01-19,0.0001931302657161
2007-01-22,0.0001931524547803
2007-01-23,0.0001927049709489
2007-01-24,0.0001921834625322
2007-01-25,0.0001923821820529
2007-01-26,0.0001918866709594
2007-01-29,0.0001920849420849
2007-01-30,0.0001918249114901
2007-01-31,0.0001915030576118
2007-02-01,0.0001914276506606
2007-02-02,0.000191674733785
2007-02-05,0.0001933612632935
2007-02-06,0.0001934235976789
2007-02-07,0.0001934235976789
2007-02-08,0.0001935587761674
2007-02-09,0.0001934964584674
2007-02-12,0.0001932989690721
2007-02-13,0.0001937459703417
2007-02-14,0.0001936733376371
2007-02-15,0.0001938709677419
2007-02-16,0.000193880837359
2007-02-19,0.0001936835320657
2007-02-20,0.0001929768041237
2007-02-21,0.0001931745009658
2007-02-22,0.0001932989690721
2007-02-23,0.0001942654639175
2007-02-26,0.00019432806961
2007-02-27,0.0001944534021283
2007-02-28,0.0001945161290322
2007-03-01,0.000194704552793
2007-03-02,0.000198379254457
2007-03-05,0.0001950354609929
2007-03-06,0.0001949726071543
2007-03-07,0.0001949097938144
2007-03-08,0.0001971014492753
2007-03-09,0.0001973599484867
2007-03-12,0.0001972284885594
2007-03-13,0.0001973556917123
2007-03-14,0.0002001291155584
2007-03-15,0.0001991607488702
2007-03-16,0.000199290551435
2007-03-19,0.0001983870967741
2007-03-20,0.0001984511132623
2007-03-21,0.0001983870967741
2007-03-22,0.0001984511132623
2007-03-23,0.0001982591876208
2007-03-26,0.0001984536082474
2007-03-27,0.0001983258209916
2007-03-28,0.0001984536082474
2007-03-29,0.0001982591876208
2007-03-30,0.0001983870967741
2007-04-03,0.0001999355046759
2007-04-04,0.0001999999999999
2007-04-09,0.000199870842751
2007-04-10,0.0002000646412411
2007-04-11,0.000201552895503
2007-04-12,0.0002012965964343
2007-04-13,0.0002012944983818
2007-04-16,0.000201166180758
2007-04-17,0.0002007784625364
2007-04-18,0.0002006482982171
2007-04-19,0.0002004533678756
2007-04-20,0.0002004533678756
2007-04-23,0.0002004541031462
2007-04-24,0.000200129743756
2007-04-25,0.000199611147116
2007-04-26,0.0001994818652849
2007-04-27,0.0001996763754045
2007-04-30,0.0001964401294498
2007-05-02,0.000198379254457
2007-05-03,0.0001984435797665
2007-05-04,0.0001988323061952
2007-05-07,0.0001980519480519
2007-05-08,0.0001987012987012
2007-05-09,0.0001990906138356
2007-05-10,0.0001992859461213
2007-05-11,0.0001993506493506
2007-05-14,0.0001994801819363
2007-05-15,0.0001996098829648
2007-05-16,0.0001995450113747
2007-05-17,0.0001996747967479
2007-05-18,0.0001994801819363
2007-05-21,0.0001996747967479
2007-05-22,0.0001994801819363
2007-05-23,0.0001994810249756
2007-05-24,0.0001997405966277
2007-05-28,0.0001994810249756
2007-05-29,0.0001992859461213
2007-05-30,0.0001987012987012
2007-05-31,0.0001988950276243
2007-06-01,0.0001987638256343
2007-06-04,0.0001985677083333
2007-06-05,0.0001985700357491
2007-06-06,0.0001979843953185
2007-06-07,0.0001966200844978
2007-06-08,0.00019733420026
2007-06-11,0.0001973983739837
2007-06-12,0.0001971372804163
2007-06-13,0.0001977878985035
2007-06-14,0.0001975911458333
2007-06-15,0.0001975950601234
2007-06-19,0.0001984385165907
2007-06-20,0.0001987658330626
2007-06-21,0.0001985723556132
2007-06-22,0.0001979234263465
2007-06-25,0.0001974708171206
2007-06-26,0.0001965673575129
2007-06-27,0.0001957295373665
2007-06-28,0.0001957928802588
2007-06-29,0.0001956029744584
2007-07-02,0.0001957295373665
2007-07-03,0.0001957295373665
2007-07-04,0.0001956662354463
2007-07-05,0.0001959394134708
2007-07-06,0.0001964573268921
2007-07-10,0.0001969062197873
2007-07-11,0.0001967107384714
2007-07-12,0.0001967741935483
2007-07-13,0.0001967741935483
2007-07-16,0.000196388261851
2007-07-17,0.0001960657852305
2007-07-18,0.0001965206185567
2007-07-19,0.0001968427835051
2007-07-20,0.0001967948717948
2007-07-23,0.0001964171465131
2007-07-24,0.0001965189873417
2007-07-25,0.0001965408805031
2007-07-26,0.0001966220522625
2007-07-27,0.000196600384862
2007-07-30,0.0001965428937259
2007-07-31,0.0001964114066004
2007-08-01,0.0001966166613469
2007-08-02,0.0001966220522625
2007-08-03,0.0001968152866242
2007-08-06,0.0001968152866242
2007-08-07,0.000196752626552
2007-08-08,0.0001969358442387
2007-08-09,0.0001969455933821
2007-08-10,0.0001972681067344
2007-08-13,0.0001972010178117
2007-08-14,0.0001976485541785
2007-08-15,0.0001976522842639
2007-08-16,0.0001977848101265
2007-08-17,0.0001977186311787
2007-08-21,0.0001965189873417
2007-08-22,0.0001963383838383
2007-08-23,0.000196349905601
2007-08-24,0.000196214511041
2007-08-27,0.000196214511041
2007-08-28,0.0001959544879898
2007-08-29,0.0001965244865718
2007-08-30,0.000196326789107
2007-08-31,0.0001964512040557
2007-09-03,0.000196394686907
2007-09-04,0.0001974723538704
2007-09-05,0.0001981668773704
2007-09-06,0.0001981668773704
2007-09-07,0.0001979759645793
2007-09-10,0.000199113643558
2007-09-11,0.0001995551318716
2007-09-12,0.0002008288173414
2007-09-13,0.000201213669754
2007-09-14,0.0002014663691424
2007-09-17,0.0002028708133971
2007-09-18,0.0002028061224489
2007-09-19,0.0002031299904183
2007-09-20,0.0002029955385595
2007-09-21,0.0002015898251192
2007-09-24,0.000201907790143
2007-09-25,0.0002008261836669
2007-09-26,0.0001991740787801
2007-09-27,0.0001990476190476
2007-09-28,0.0001990476190476
2007-10-01,0.0001991108288345
2007-10-02,0.0002010800508259
2007-10-03,0.000202158045065
2007-10-04,0.0002025356576862
2007-10-05,0.0002024714828897
2007-10-08,0.0002022792022792
2007-10-09,0.0002023395510591
2007-10-10,0.0002027883396704
2007-10-11,0.0002031051964512
2007-10-12,0.000204624643649
2007-10-16,0.0002018987341772
2007-10-17,0.0002024675735526
2007-10-18,0.0002020872865275
2007-10-19,0.0002020233955105
2007-10-22,0.0002019564531397
2007-10-23,0.0002023321777497
2007-10-24,0.0002025794274929
2007-10-25,0.0002035231204781
2007-10-26,0.0002049826553137
2007-10-29,0.000204624643649
2007-10-30,0.0002055273189326
2007-10-31,0.0002087842138765
2007-11-01,0.0002104086845466
2007-11-02,0.0002106104186641
2007-11-05,0.0002109798914778
2007-11-07,0.0002178502879078
2007-11-08,0.0002137380191693
2007-11-09,0.0002138063279002
2007-11-12,0.000213601532567
2007-11-13,0.0002114832535885
2007-11-14,0.0002113171355498
2007-11-15,0.0002112676056338
2007-11-16,0.0002116858237547
2007-11-19,0.0002140575079872
2007-11-20,0.0002145593869731
2007-11-21,0.000215673781459
2007-11-22,0.0002155364533588
2007-11-23,0.0002131721285396
2007-11-26,0.0002128539611835
2007-11-27,0.0002126984126984
2007-11-28,0.0002127659574468
2007-11-29,0.000212833545108
2007-11-30,0.0002127186009538
2007-12-03,0.0002140809174896
2007-12-04,0.0002149234693877
2007-12-05,0.0002151979565772
2007-12-06,0.0002153797064454
2007-12-07,0.0002154238368387
2007-12-10,0.0002154238368387
2007-12-11,0.0002147180630774
2007-12-12,0.0002147180630774
2007-12-13,0.0002145130490133
2007-12-14,0.0002145130490133
2007-12-17,0.0002136942675159
2007-12-18,0.000213579853363
2007-12-19,0.000213601532567
2007-12-20,0.0002136479591836
2007-12-21,0.0002117160140082
2007-12-26,0.0002118320610687
2007-12-27,0.0002118132740552
2007-12-28,0.0002118132740552
2007-12-31,0.0002118132740552
2008-01-02,0.0002117647058823
2008-01-03,0.0002104425342247
2008-01-04,0.0002105095541401
2008-01-07,0.0002104591836734
2008-01-08,0.000214696485623
2008-01-09,0.0002144455097475
2008-01-10,0.0002160434643656
2008-01-11,0.0002161125319693
2008-01-14,0.0002154925087663
2008-01-15,0.0002155364533588
2008-01-16,0.0002155117609663
2008-01-17,0.0002146031746031
2008-01-18,0.0002144670050761
2008-01-21,0.0002146928435718
2008-01-22,0.0002144440924928
2008-01-23,0.0002146928435718
2008-01-24,0.0002147161433555
2008-01-25,0.0002146031746031
2008-01-28,0.0002145350682323
2008-01-29,0.0002144670050761
2008-01-30,0.0002145120405576
2008-01-31,0.0002140595313489
2008-02-01,0.0002140139505389
2008-02-04,0.0002140595313489
2008-02-05,0.0002142857142857
2008-02-06,0.000214578731461
2008-02-07,0.0002155254023351
2008-02-08,0.0002155254023351
2008-02-11,0.0002155934343434
2008-02-12,0.0002153700189753
2008-02-13,0.0002132446134347
2008-02-14,0.0002132446134347
2008-02-15,0.0002131303520456
2008-02-18,0.0002131303520456
2008-02-19,0.0002130627774254
2008-02-20,0.0002132656299587
2008-02-21,0.0002132656299587
2008-02-22,0.0002131770668356
2008-02-25,0.0002159594680177
2008-02-26,0.0002177904400126
2008-02-27,0.0002178594046865
2008-02-28,0.0002182451694646
2008-02-29,0.0002182853527364
2008-03-03,0.0002184235517568
2008-03-04,0.000220107833809
2008-03-05,0.0002201776649746
2008-03-06,0.000220355104629
2008-03-07,0.0002189480354879
2008-03-10,0.0002194426852438
2008-03-11,0.0002192258883248
2008-03-12,0.0002192258883248
2008-03-13,0.0002191867852604
2008-03-14,0.0002196439923712
2008-03-17,0.0002201397712833
2008-03-18,0.0002202097235462
2008-03-19,0.0002210959771935
2008-03-25,0.0002280202403542
2008-03-26,0.0002338277059009
2008-03-27,0.0002338072669826
2008-03-28,0.0002340290955091
2008-03-31,0.0002316919191919
2008-04-01,0.0002321766561514
2008-04-03,0.0002313527180783
2008-04-04,0.0002311097059753
2008-04-07,0.0002310857866413
2008-04-08,0.0002323520101297
2008-04-09,0.0002339347894903
2008-04-10,0.0002354245880861
2008-04-11,0.0002343799555978
2008-04-14,0.0002349397590361
2008-04-15,0.0002344194875039
2008-04-16,0.0002343651295009
2008-04-17,0.0002348675914249
2008-04-18,0.0002343848580441
2008-04-21,0.0002361635220125
2008-04-22,0.0002407291011942
2008-04-23,0.0002455202766425
2008-04-24,0.0002478015075376
2008-04-25,0.000247952110901
2008-04-28,0.0002477931904161
2008-04-29,0.0002478686454057
2008-04-30,0.0002477876106194
2008-05-02,0.0002477931904161
2008-05-05,0.0002466918714555
2008-05-06,0.0002470884482215
2008-05-07,0.0002471733668341
2008-05-08,0.0002477179729304
2008-05-09,0.0002477179729304
2008-05-12,0.0002483474976392
2008-05-13,0.000249289099526
2008-05-14,0.0002491305722415
2008-05-15,0.000248971844353
2008-05-16,0.0002485696122059
2008-05-19,0.0002476976818037
2008-05-20,0.0002477707006369
2008-05-21,0.0002476859240344
2008-05-22,0.0002485641352903
2008-05-23,0.0002485641352903
2008-05-26,0.0002485677912157
2008-05-27,0.0002484015345268
2008-05-28,0.0002483953786906
2008-05-29,0.0002484731597557
2008-05-30,0.0002487899322362
2008-06-02,0.000248785228377
2008-06-03,0.000248370273794
2008-06-04,0.0002498373454782
2008-06-05,0.0002502450179679
2008-06-06,0.0002509778357235
2008-06-09,0.0002509791122715
2008-06-10,0.0002515497553017
2008-06-11,0.0002515517804639
2008-06-12,0.0002515558467081
2008-06-13,0.0002536184210526
2008-06-17,0.0002566721581548
2008-06-18,0.000257331136738
2008-06-19,0.000262187088274
2008-06-20,0.0002633487145682
2008-06-23,0.0002613448161642
2008-06-24,0.0002586206896551
2008-06-25,0.0002587806494367
2008-06-26,0.0002580112322431
2008-06-27,0.0002580964970257
2008-06-30,0.0002535537190082
2008-07-01,0.0002534745201853
2008-07-02,0.0002523178807947
2008-07-03,0.0002523117569352
2008-07-04,0.0002521480502313
2008-07-07,0.0002522373218428
2008-07-08,0.0002554744525547
2008-07-10,0.0002561298873426
2008-07-11,0.0002561217736598
2008-07-14,0.0002559523809523
2008-07-15,0.0002546296296296
2008-07-16,0.0002559445178335
2008-07-17,0.0002560370492887
2008-07-18,0.00025636784651
2008-07-21,0.000256283068783
2008-07-22,0.0002547138604035
2008-07-23,0.0002561298873426
2008-07-24,0.0002548889625455
2008-07-25,0.0002548045062955
2008-07-28,0.0002529801324503
2008-07-29,0.0002528925619834
2008-07-30,0.000252808988764
2008-07-31,0.0002532851511169
2008-08-01,0.0002541091387245
2008-08-04,0.0002547728768926
2008-08-05,0.0002554240631163
2008-08-06,0.0002555847568988
2008-08-07,0.0002553331145388
2008-08-08,0.0002555701179554
2008-08-11,0.0002535443455324
2008-08-12,0.0002536231884057
2008-08-13,0.0002521452145214
2008-08-14,0.0002528887421591
2008-08-15,0.000252805280528
2008-08-19,0.0002542932628797
2008-08-20,0.0002542932628797
2008-08-21,0.000254214876033
2008-08-22,0.0002528925619834
2008-08-25,0.000252808988764
2008-08-26,0.000252808988764
2008-08-27,0.0002527254707631
2008-08-28,0.0002533861909481
2008-08-29,0.0002534653465346
2008-09-01,0.0002536327608982
2008-09-02,0.0002527978933508
2008-09-03,0.0002532104050049
2008-09-04,0.0002527978933508
2008-09-05,0.0002529605263157
2008-09-08,0.0002527868852459
2008-09-09,0.0002528622832842
2008-09-10,0.0002527651268705
2008-09-11,0.000252922077922
2008-09-12,0.0002527579493835
2008-09-15,0.0002529964366699
2008-09-16,0.0002520193861066
2008-09-17,0.0002518518518518
2008-09-18,0.0002520038473869
2008-09-19,0.0002520064205457
2008-09-22,0.0002519354838709
2008-09-23,0.0002520167796063
2008-09-24,0.0002517707662588
2008-09-25,0.0002518470928364
2008-09-26,0.0002522464698331
2008-09-29,0.0002517639512508
2008-09-30,0.0002519936204146
2008-10-01,0.000251116783663
2008-10-02,0.000251272264631
2008-10-03,0.0002507906388361
2008-10-06,0.000249921801689
2008-10-07,0.0002500777604976
2008-10-08,0.0002463543282655
2008-10-09,0.0002463633549984
2008-10-10,0.0002462779156327
2008-10-14,0.0002293233082706
2008-10-15,0.0002288930581613
2008-10-16,0.0002277691107644
2008-10-17,0.0002086851628468
2008-10-20,0.0002234636871508
2008-10-21,0.0002226720647773
2008-10-22,0.0002227738132174
2008-10-23,0.0002184331797235
2008-10-24,0.0002132397803538
2008-10-27,0.0002133333333333
2008-10-28,0.0002146674584323
2008-10-29,0.0002169139465875
2008-10-30,0.0002168389955686
2008-10-31,0.0002178276269185
2008-11-03,0.0002161204605845
2008-11-04,0.0002109589041095
2008-11-05,0.0002117824773413
2008-11-07,0.0002101602661022
2008-11-10,0.00021
2008-11-11,0.00021
2008-11-12,0.0002124054462934
2008-11-13,0.000209667673716
2008-11-14,0.0002091128545564
2008-11-17,0.0002086851628468
2008-11-18,0.0002086720867208
2008-11-19,0.0002088969041178
2008-11-20,0.0002087714028236
2008-11-21,0.0002088208820882
2008-11-24,0.0002032374100719
2008-11-25,0.0002032934131736
2008-11-26,0.0002031063321385
2008-11-27,0.0002032738095238
2008-11-28,0.0002078268603616
2008-12-01,0.0002104640851315
2008-12-02,0.0002096584216725
2008-12-03,0.0002082722205925
2008-12-04,0.0002050537322102
2008-12-05,0.000205017301038
2008-12-09,0.0002061135371179
2008-12-10,0.000205270863836
2008-12-11,0.0002061583577712
2008-12-12,0.000207128250073
2008-12-15,0.0002070175438596
2008-12-16,0.0002069370958259
2008-12-17,0.0002069370958259
2008-12-18,0.0002070484581497
2008-12-19,0.0002052107728337
2008-12-22,0.0002052554744525
2008-12-23,0.0002052999417588
2008-12-24,0.000204366812227
2008-12-26,0.0002043604651162
2008-12-29,0.0002031930333817
2008-12-30,0.0002048088064889
2008-12-31,0.0002064871126556
2009-01-02,0.0002064777327935
2009-01-05,0.0002066067806432
2009-01-06,0.0002053286996814
2009-01-07,0.0002057887120115
2009-01-08,0.0002069565217391
2009-01-09,0.0002070165265294
2009-01-12,0.0002070165265294
2009-01-13,0.0002057374674007
2009-01-14,0.0002048681541582
2009-01-15,0.00020359108022
2009-01-16,0.0002008101851851
2009-01-19,0.0002008101851851
2009-01-20,0.0001991329479768
2009-01-21,0.0001965417867435
2009-01-22,0.0001965467625899
2009-01-23,0.0001963207818338
2009-01-26,0.0001962079862108
2009-01-27,0.0001963260619977
2009-01-28,0.0001975344036697
2009-01-29,0.0001982783357245
2009-01-30,0.0001995412844036
2009-02-02,0.0001993698080779
2009-02-03,0.0001997142857142
2009-02-04,0.000197304273014
2009-02-05,0.0001990820424555
2009-02-06,0.0001965002868617
2009-02-09,0.0001964439346142
2009-02-10,0.0001983352468427
2009-02-11,0.0001965616045845
2009-02-12,0.0001973646519621
2009-02-13,0.0001982265446224
2009-02-16,0.0001981698598798
2009-02-17,0.0001969178082191
2009-02-18,0.0001988603988603
2009-02-19,0.0001989247311827
2009-02-20,0.0001992651215375
2009-02-23,0.0001967305524239
2009-02-24,0.0001994935284186
2009-02-25,0.0001977496483825
2009-02-26,0.0001984260820685
2009-02-27,0.0001979254275301
2009-03-02,0.0001960566509302
2009-03-03,0.0001971752977014
2009-03-04,0.0001959646213377
2009-03-05,0.000196024295969
2009-03-06,0.0001955384191682
2009-03-09,0.0001952158372284
2009-03-10,0.000194940885345
2009-03-11,0.0001946732564524
2009-03-12,0.0001947339550191
2009-03-13,0.0001953424657534
2009-03-16,0.0001951688169091
2009-03-17,0.0001957236842105
2009-03-18,0.0001955689277899
2009-03-19,0.0001956700465881
2009-03-20,0.0001957888980038
2009-03-23,0.0001959880726484
2009-03-25,0.0001976681127982
2009-03-26,0.0001976177585273
2009-03-27,0.0001967168998923
2009-03-30,0.0001969330104923
2009-03-31,0.0001973118279569
2009-04-01,0.000197198275862
2009-04-03,0.000196264212236
2009-04-06,0.0001973326075122
2009-04-07,0.0001992378878606
2009-04-08,0.000199075333152
2009-04-13,0.0001994565217391
2009-04-14,0.0001995649809679
2009-04-15,0.000199075333152
2009-04-16,0.0002016852405544
2009-04-17,0.0002019543973941
2009-04-20,0.0002019517484413
2009-04-21,0.0002017876489707
2009-04-22,0.000200487012987
2009-04-23,0.0002004327833378
2009-04-24,0.000199080335407
2009-04-27,0.0001987041036717
2009-04-28,0.0002002152852529
2009-04-29,0.0001991400161246
2009-04-30,0.0001989768443726
2009-05-04,0.0001997293640054
2009-05-05,0.0002043795620437
2009-05-06,0.0001999461061708
2009-05-07,0.0001996775060467
2009-05-08,0.0001996775060467
2009-05-11,0.0001997311827956
2009-05-12,0.0001996775060467
2009-05-13,0.0001999999999999
2009-05-14,0.0001998926750737
2009-05-15,0.0002001072961373
2009-05-18,0.0001998926750737
2009-05-19,0.0002001072961373
2009-05-20,0.0001998928188638
2009-05-21,0.000200749464668
2009-05-22,0.0002006957452502
2009-05-26,0.0001981813319069
2009-05-27,0.0001998929622691
2009-05-28,0.0001995192307692
2009-05-29,0.0001995198719658
2009-06-01,0.000199732977303
2009-06-02,0.000199305370024
2009-06-03,0.0001992521367521
2009-06-04,0.0002003740315255
2009-06-05,0.0002004258717061
2009-06-08,0.0001992551210428
2009-06-09,0.0002005319148936
2009-06-10,0.0002005319148936
2009-06-11,0.0002021276595744
2009-06-12,0.0002003188097768
2009-06-16,0.000200477960701
2009-06-17,0.0002004247411733
2009-06-18,0.0002003715498938
2009-06-19,0.0002005298013245
2009-06-22,0.0002004760645331
2009-06-23,0.0002001054574215
2009-06-24,0.0002004219409282
2009-06-25,0.0002005270092226
2009-06-26,0.0002003686150605
2009-06-29,0.0002005277044854
2009-06-30,0.0001998946536739
2009-07-01,0.000200052645433
2009-07-02,0.0001999473822678
2009-07-03,0.0002001051801209
2009-07-06,0.0002003681304233
2009-07-07,0.0001999999999999
2009-07-08,0.0002001050420168
2009-07-13,0.0002003676470588
2009-07-14,0.0002004729374671
2009-07-15,0.0002004202784344
2009-07-16,0.0002004202784344
2009-07-17,0.0002003676470588
2009-07-20,0.0002003676470588
2009-07-21,0.0002003676470588
2009-07-22,0.0002003676470588
2009-07-23,0.0002003676470588
2009-07-24,0.0002003150433184
2009-07-27,0.0002005249343832
2009-07-28,0.0002015727391874
2009-07-29,0.0002021443514644
2009-07-30,0.0002021415513188
2009-07-31,0.0002020887728459
2009-08-03,0.0002020386826973
2009-08-04,0.0002019356526288
2009-08-05,0.0002020915032679
2009-08-06,0.0002020386826973
2009-08-07,0.0002019858897308
2009-08-10,0.0002021415513188
2009-08-11,0.0002020360219263
2009-08-12,0.0002021387584767
2009-08-13,0.0002019807140995
2009-08-14,0.0002036458333333
2009-08-18,0.0002041081643265
2009-08-19,0.0002037422037422
2009-08-20,0.0002036892699402
2009-08-21,0.0002036892699402
2009-08-24,0.0002033766233766
2009-08-25,0.0002033766233766
2009-08-26,0.0002032224532224
2009-08-27,0.0002032224532224
2009-08-28,0.0002033766233766
2009-08-31,0.0002033238119968
2009-09-01,0.0002033810143042
2009-09-02,0.0002033281331253
2009-09-03,0.0002033281331253
2009-09-04,0.0002032752794385
2009-09-07,0.0002031696544557
2009-09-08,0.0002025447935601
2009-09-09,0.0002023871302542
2009-09-10,0.0002037373475214
2009-09-11,0.0002042034250129
2009-09-14,0.000204060385216
2009-09-15,0.0002041242495432
2009-09-16,0.0002037617554858
2009-09-17,0.0002038100208768
2009-09-18,0.0002036988799166
2009-09-21,0.0002041188738269
2009-09-22,0.0002040656763096
2009-09-23,0.0002040656763096
2009-09-24,0.0002040656763096
2009-09-25,0.0002053152683689
2009-09-28,0.0002054152564436
2009-09-29,0.0002053083528493
2009-09-30,0.0002055685662243
2009-10-01,0.0002052549427679
2009-10-02,0.0002052549427679
2009-10-05,0.00020546875
2009-10-06,0.0002052686489306
2009-10-07,0.0002052686489306
2009-10-08,0.0002053222019306
2009-10-09,0.0002060590232436
2009-10-13,0.0002060130718954
2009-10-14,0.0002061747776033
2009-10-15,0.0002060748887143
2009-10-16,0.000206228735933
2009-10-19,0.0002059131344845
2009-10-20,0.0002064904475268
2009-10-21,0.000206228735933
2009-10-22,0.0002066980638409
2009-10-23,0.000206282722513
2009-10-26,0.000206282722513
2009-10-27,0.0002065445026178
2009-10-28,0.0002065445026178
2009-10-29,0.0002065445026178
2009-10-30,0.0002068604346687
2009-11-02,0.0002071222833202
2009-11-03,0.0002069146149816
2009-11-04,0.0002069146149816
2009-11-05,0.0002067068378307
2009-11-09,0.0002070230607966
2009-11-10,0.0002073394495412
2009-11-11,0.0002071859428271
2009-11-12,0.000207131620346
2009-11-13,0.000207131620346
2009-11-16,0.0002073394495412
2009-11-17,0.0002073938122705
2009-11-18,0.0002073490813648
2009-11-19,0.0002082566394951
2009-11-20,0.0002094736842105
2009-11-23,0.0002082126875493
2009-11-24,0.000209100473435
2009-11-25,0.000209571391007
2009-11-26,0.0002096689437729
2009-11-27,0.0002097663428721
2009-11-30,0.0002096562581999
2009-12-01,0.0002101259181532
2009-12-02,0.0002101810548412
2009-12-03,0.0002100288789708
2009-12-04,0.0002104018912529
2009-12-07,0.0002116193480546
2009-12-09,0.0002113714135298
2009-12-10,0.0002138910812943
2009-12-11,0.0002137785958453
2009-12-14,0.0002162162162162
2009-12-15,0.0002172658094988
2009-12-16,0.0002173228346456
2009-12-17,0.0002193717277486
2009-12-18,0.0002252819302386
2009-12-21,0.0002253151260504
2009-12-22,0.0002236842105263
2009-12-23,0.0002142292490118
2009-12-24,0.000214135021097
2009-12-28,0.0002150565938404
2009-12-29,0.0002140057486281
2009-12-30,0.0002168421052631
2009-12-31,0.000213947368421
2010-01-04,0.0002182727751448
2010-01-05,0.000218741774151
2010-01-06,0.0002186351706036
2010-01-07,0.0002176548089591
2010-01-08,0.0002174828857293
2010-01-11,0.0002174486030574
2010-01-12,0.00021454928835
2010-01-13,0.0002117461153542
2010-01-14,0.0002127995786146
2010-01-15,0.0002120094811693
2010-01-18,0.000212161095025
2010-01-19,0.0002162588792423
2010-01-20,0.0002150368033648
2010-01-21,0.0002155987394957
2010-01-22,0.0002140793275545
2010-01-25,0.0002141355754072
2010-01-26,0.0002108023072889
2010-01-27,0.0002118510749868
2010-01-28,0.0002118355590468
2010-01-29,0.0002117340286831
2010-02-01,0.0002108967674661
2010-02-02,0.0002105949895615
2010-02-03,0.0002099634846113
2010-02-04,0.0002101015360583
2010-02-05,0.0002145833333333
2010-02-08,0.000214267117938
2010-02-09,0.0002138953942232
2010-02-10,0.0002134130491291
2010-02-11,0.0002135064935064
2010-02-12,0.0002135443694862
2010-02-15,0.0002126943005181
2010-02-16,0.0002131190044075
2010-02-17,0.0002134336099585
2010-02-18,0.000213063763608
2010-02-19,0.000213063763608
2010-02-22,0.0002125291224436
2010-02-23,0.0002132124352331
2010-02-24,0.0002129533678756
2010-02-25,0.0002124902824565
2010-02-26,0.0002106763410209
2010-03-01,0.0002120819289603
2010-03-02,0.0002129701686121
2010-03-03,0.0002124513618677
2010-03-04,0.0002126556016597
2010-03-05,0.0002140450894013
2010-03-08,0.0002137859549105
2010-03-09,0.0002128430864836
2010-03-10,0.0002117677553136
2010-03-11,0.0002124902824565
2010-03-12,0.0002124352331606
2010-03-15,0.0002117525239451
2010-03-16,0.0002120662868979
2010-03-17,0.0002120662868979
2010-03-18,0.0002123252200932
2010-03-19,0.0002127329192546
2010-03-22,0.0002119565217391
2010-03-23,0.0002124191461836
2010-03-25,0.0002120506852857
2010-03-26,0.0002120506852857
2010-03-29,0.0002106893880712
2010-03-30,0.0002108387096774
2010-03-31,0.0002106756059824
2010-04-05,0.0002126836813611
2010-04-06,0.0002128865979381
2010-04-07,0.0002131062951496
2010-04-08,0.0002131062951496
2010-04-09,0.0002131062951496
2010-04-12,0.0002119649303764
2010-04-13,0.0002126836813611
2010-04-14,0.0002131062951496
2010-04-15,0.0002128099173553
2010-04-16,0.0002132333936417
2010-04-19,0.0002121447028423
2010-04-20,0.0002123482304314
2010-04-21,0.0002128648927925
2010-04-22,0.0002113149057091
2010-04-23,0.0002112603305785
2010-04-26,0.0002114639814097
2010-04-27,0.00021119133574
2010-04-28,0.0002123164132955
2010-04-29,0.0002111769250579
2010-04-30,0.0002119341563786
2010-05-03,0.0002119341563786
2010-05-04,0.0002118100128369
2010-05-05,0.0002133504492939
2010-05-06,0.0002118100128369
2010-05-07,0.0002110397946084
2010-05-10,0.0002107830551989
2010-05-11,0.000210728952772
2010-05-12,0.0002107830551989
2010-05-13,0.0002107830551989
2010-05-14,0.0002106748781113
2010-05-17,0.0002108634383807
2010-05-18,0.0002107955998976
2010-05-19,0.000210701484895
2010-05-20,0.00021152368758
2010-05-21,0.000210701484895
2010-05-26,0.0002106878036307
2010-05-27,0.0002098670756646
2010-05-28,0.0002099489795918
2010-05-31,0.0002099770934079
2010-06-01,0.0002099236641221
2010-06-02,0.0002099363057324
2010-06-03,0.0002099489795918
2010-06-04,0.00020998980632
2010-06-07,0.0002108618052014
2010-06-08,0.0002099080694586
2010-06-09,0.0002098544804697
2010-06-10,0.0002107680530747
2010-06-11,0.0002095335202651
2010-06-14,0.0002088639836984
2010-06-15,0.0002096281202241
2010-06-16,0.0002093734080489
2010-06-17,0.0002091186958736
2010-06-18,0.0002096281202241
2010-06-22,0.0002099770934079
2010-06-23,0.0002098293862999
2010-06-24,0.0002089058524173
2010-06-25,0.0002100712105798
2010-06-28,0.0002090007627765
2010-06-29,0.0002090539165818
2010-06-30,0.0002101246502162
2010-07-01,0.0002105263157894
2010-07-02,0.0002099644128113
2010-07-05,0.0002088945362134
2010-07-06,0.0002088945362134
2010-07-07,0.0002096036585365
2010-07-08,0.0002090424180848
2010-07-12,0.0002098577235772
2010-07-13,0.0002089476359938
2010-07-14,0.0002104728012201
2010-07-15,0.0002094027954256
2010-07-16,0.0002104728012201
2010-07-19,0.0002094027954256
2010-07-20,0.0002099644128113
2010-07-21,0.000209710218607
2010-07-22,0.0002100712105798
2010-07-23,0.0002091070974306
2010-07-26,0.0002100712105798
2010-07-27,0.0002090007627765
2010-07-28,0.00021041931385
2010-07-29,0.0002095504191008
2010-07-30,0.0002098984771573
2010-08-02,0.0002105129507364
2010-08-03,0.0002099644128113
2010-08-04,0.0002097635392829
2010-08-05,0.0002097635392829
2010-08-06,0.0002095625635808
2010-08-09,0.0002095625635808
2010-08-10,0.0002097635392829
2010-08-11,0.000209710218607
2010-08-12,0.0002097635392829
2010-08-13,0.0002097635392829
2010-08-17,0.000209710218607
2010-08-18,0.0002096036585365
2010-08-19,0.0002095504191008
2010-08-20,0.0002094972067039
2010-08-23,0.0002094440213252
2010-08-24,0.0002095383054287
2010-08-25,0.0002093789607097
2010-08-26,0.0002094320486815
2010-08-27,0.0002094320486815
2010-08-30,0.0002096202531645
2010-08-31,0.0002086075949367
2010-09-01,0.0002086075949367
2010-09-02,0.0002085127945274
2010-09-03,0.0002086185044359
2010-09-06,0.0002086713995943
2010-09-07,0.0002085127945274
2010-09-08,0.0002085656360871
2010-09-09,0.0002081115335868
2010-09-10,0.0002081115335868
2010-09-13,0.000209219858156
2010-09-14,0.0002081539630286
2010-09-15,0.0002086075949367
2010-09-16,0.000208407191694
2010-09-17,0.000208807896735
2010-09-20,0.0002086075949367
2010-09-21,0.0002085547962541
2010-09-22,0.000207995951417
2010-09-23,0.0002084492790285
2010-09-24,0.0002075757575757
2010-09-27,0.0002075044069503
2010-09-28,0.0002071482506921
2010-09-29,0.00020736629667
2010-09-30,0.0002065656565656
2010-10-01,0.0002055036606917
2010-10-04,0.0002055555555555
2010-10-05,0.0002031328954017
2010-10-06,0.0002032828282828
2010-10-07,0.0002031328954017
2010-10-08,0.0002032355915065
2010-10-12,0.0002035398230088
2010-10-13,0.0002031882591093
2010-10-14,0.0002031408308004
2010-10-15,0.0002025284450063
2010-10-18,0.0002094081942336
2010-10-19,0.0002019206469547
2010-10-20,0.0002018696311268
2010-10-21,0.0002013643254168
2010-10-22,0.0002014661274014
2010-10-25,0.0002015170670037
2010-10-26,0.0002013643254168
2010-10-28,0.0002014152135456
2010-10-29,0.0002016679302501
2010-11-01,0.0002018186410709
2010-11-02,0.0002018696311268
2010-11-03,0.0002019206469547
2010-11-04,0.0002018186410709
2010-11-05,0.0002016169782718
2010-11-08,0.0002016149381781
2010-11-09,0.000203432609793
2010-11-10,0.0002034839686947
2010-11-11,0.000203432609793
2010-11-12,0.0002035308953341
2010-11-15,0.0002108312342569
2010-11-16,0.0002096652403725
2010-11-17,0.0002096652403725
2010-11-18,0.0002096652403725
2010-11-19,0.0002106720362446
2010-11-23,0.0002119305310848
2010-11-24,0.0002119305310848
2010-11-25,0.000211823899371
2010-11-26,0.0002108040201005
2010-11-29,0.0002107904642409
2010-11-30,0.0002118856569709
2010-12-01,0.000212151644489
2010-12-02,0.0002135678391959
2010-12-03,0.0002126696832579
2010-12-06,0.0002144293614881
2010-12-07,0.0002144293614881
2010-12-09,0.0002144832788534
2010-12-10,0.0002150943396226
2010-12-13,0.0002152026176692
2010-12-14,0.0002154001006542
2010-12-15,0.0002154001006542
2010-12-16,0.0002158490566037
2010-12-17,0.0002151484650226
2010-12-20,0.0002154001006542
2010-12-21,0.0002152026176692
2010-12-22,0.000215256797583
2010-12-23,0.0002151835093011
2010-12-27,0.0002153614457831
2010-12-28,0.0002152725445867
2010-12-29,0.0002151835093011
2010-12-30,0.000215291750503
2010-12-31,0.000215291750503
2011-01-03,0.0002152026176692
2011-01-04,0.0002152026176692
2011-01-05,0.000215256797583
2011-01-06,0.0002200402819738
2011-01-07,0.0002194570135746
2011-01-10,0.000218954248366
2011-01-11,0.000218954248366
2011-01-12,0.0002188128772635
2011-01-13,0.0002180583501006
2011-01-14,0.0002144293614881
2011-01-17,0.0002143754712239
2011-01-18,0.0002144112478031
2011-01-19,0.0002164197840823
2011-01-20,0.0002164197840823
2011-01-21,0.0002149133818729
2011-01-24,0.0002165621079046
2011-01-25,0.000216290726817
2011-01-26,0.0002167919799498
2011-01-27,0.0002165206508135
2011-01-28,0.000215696075981
2011-01-31,0.0002158183632734
2011-02-01,0.0002165128460962
2011-02-02,0.0002158327109783
2011-02-03,0.0002156911581569
2011-02-04,0.0002163305949713
2011-02-07,0.000216720577258
2011-02-08,0.0002165795369678
2011-02-09,0.0002180731889469
2011-02-10,0.00021815920398
2011-02-11,0.000217553455992
2011-02-14,0.0002182450907283
2011-02-15,0.0002181366459627
2011-02-16,0.0002179965200099
2011-02-17,0.0002181908548707
2011-02-18,0.0002176397515527
2011-02-21,0.0002187189672293
2011-02-22,0.00021772591857
2011-02-23,0.0002176718788781
2011-02-24,0.00021772591857
2011-02-25,0.0002176718788781
2011-02-28,0.0002176178660049
2011-03-01,0.0002188042669312
2011-03-02,0.0002205955334987
2011-03-03,0.0002228840903449
2011-03-04,0.0002240694789081
2011-03-09,0.0002263823456484
2011-03-10,0.0002289754403373
2011-03-11,0.000230635551142
2011-03-14,0.0002318193100024
2011-03-15,0.0002322756569162
2011-03-16,0.0002322932144626
2011-03-17,0.0002312453577618
2011-03-18,0.0002314929437979
2011-03-21,0.0002328631526849
2011-03-22,0.0002328055418109
2011-03-23,0.0002345373577436
2011-03-28,0.0002381305637982
2011-03-29,0.0002389424264887
2011-03-30,0.0002412345679012
2011-03-31,0.0002429699062654
2011-04-01,0.0002451899358658
2011-04-04,0.0002472852912142
2011-04-05,0.0002427232363098
2011-04-06,0.0002412432165762
2011-04-07,0.0002430298544288
2011-04-08,0.0002446913580246
2011-04-11,0.0002446913580246
2011-04-12,0.0002451294697903
2011-04-13,0.0002447018235584
2011-04-14,0.0002434226702729
2011-04-15,0.0002425061425061
2011-04-18,0.0002442317133038
2011-04-19,0.0002460745829244
2011-04-20,0.0002493258151507
2011-04-25,0.0002513473787359
2011-04-26,0.0002547770700636
2011-04-27,0.0002543451652386
2011-04-28,0.0002539215686274
2011-04-29,0.0002539215686274
2011-05-02,0.0002493258151507
2011-05-03,0.0002513487003433
2011-05-04,0.0002517773964206
2011-05-05,0.0002502450980392
2011-05-06,0.0002511639304092
2011-05-09,0.0002503674669279
2011-05-10,0.0002501224889759
2011-05-11,0.0002498163115356
2011-05-12,0.000249877511024
2011-05-13,0.0002503061474406
2011-05-16,0.0002502448579823
2011-05-17,0.0002499388004895
2011-05-18,0.0002493881546744
2011-05-19,0.000250061169562
2011-05-20,0.0002496328928046
2011-05-23,0.0002493271348177
2011-05-24,0.0002491434165442
2011-05-26,0.0002484092021536
2011-05-27,0.0002454723445912
2011-05-30,0.0002460861056751
2011-05-31,0.0002464547677261
2011-06-01,0.0002474932746392
2011-06-02,0.0002474327628361
2011-06-03,0.0002484107579462
2011-06-06,0.0002490224828934
2011-06-07,0.0002502443792766
2011-06-08,0.0002504887585532
2011-06-09,0.0002496946005375
2011-06-10,0.0002480449657869
2011-06-13,0.0002487781036168
2011-06-14,0.0002489616418275
2011-06-15,0.0002491450903761
2011-06-16,0.0002474352711284
2011-06-17,0.0002483516483516
2011-06-21,0.0002474377745241
2011-06-22,0.0002476213710661
2011-06-23,0.0002476213710661
2011-06-24,0.0002470731707317
2011-06-27,0.0002474402730375
2011-06-28,0.0002478070175438
2011-06-29,0.0002508515815085
2011-06-30,0.0002467153284671
2011-07-01,0.0002469586374695
2011-07-04,0.0002483596597812
2011-07-05,0.000248785228377
2011-07-06,0.0002491500728508
2011-07-07,0.0002482407182722
2011-07-08,0.0002487260373695
2011-07-11,0.000251334303736
2011-07-12,0.0002515769044153
2011-07-13,0.0002537603105288
2011-07-14,0.0002537603105288
2011-07-15,0.0002532751091703
2011-07-18,0.0002533914728682
2011-07-19,0.0002562862669245
2011-07-20,0.0002579787234042
2011-07-21,0.0002589997583957
2011-07-22,0.0002580333413868
2011-07-25,0.0002587666263603
2011-07-26,0.0002593666908387
2011-07-27,0.0002597873368777
2011-07-28,0.0002605021728633
2011-07-29,0.0002627261761158
2011-08-01,0.0002666988184229
2011-08-02,0.0002637415621986
2011-08-03,0.0002621055167429
2011-08-04,0.0002610161329159
2011-08-05,0.0002560153994225
2011-08-08,0.0002546942705825
2011-08-09,0.0002540293480875
2011-08-10,0.0002590810680779
2011-08-11,0.0002579947102668
2011-08-12,0.0002573352573352
2011-08-15,0.0002593126652247
2011-08-16,0.0002543838577948
2011-08-17,0.0002548596112311
2011-08-18,0.0002547328061346
2011-08-19,0.0002570607946385
2011-08-23,0.0002562141491395
2011-08-24,0.0002563306258958
2011-08-25,0.0002556750298685
2011-08-26,0.0002559751434034
2011-08-29,0.0002562082139446
2011-08-30,0.0002564958283671
2011-08-31,0.0002566666666666
2011-09-01,0.0002561553030303
2011-09-02,0.000256068538791
2011-09-05,0.0002540399239543
2011-09-06,0.0002540399239543
2011-09-07,0.0002548134062277
2011-09-08,0.0002532127558305
2011-09-09,0.0002531525101118
2011-09-12,0.0002528544243577
2011-09-13,0.0002528544243577
2011-09-14,0.0002521408182683
2011-09-15,0.0002513674197384
2011-09-16,0.0002497027348394
2011-09-19,0.000249464922711
2011-09-20,0.0002494033412887
2011-09-21,0.0002458820720935
2011-09-22,0.0002457142857142
2011-09-23,0.0002409036860879
2011-09-26,0.0002411414982164
2011-09-27,0.0002423305588585
2011-09-28,0.0002423305588585
2011-09-29,0.0002454221165279
2011-09-30,0.000239239001189
2011-10-03,0.0002397146254458
2011-10-04,0.0002401902497027
2011-10-05,0.0002400760637033
2011-10-06,0.0002396674584323
2011-10-07,0.0002425178147268
2011-10-11,0.0002405604369508
2011-10-12,0.0002403229636665
2011-10-13,0.0002406835983859
2011-10-14,0.0002405123339658
2011-10-17,0.0002396674584323
2011-10-18,0.00024
2011-10-19,0.0002403778040141
2011-10-20,0.0002394332939787
2011-10-21,0.0002384887839433
2011-10-24,0.0002381964117091
2011-10-25,0.0002384324834749
2011-10-26,0.0002377242681775
2011-10-27,0.0002386685552407
2011-10-28,0.0002374881964117
2011-10-31,0.0002381964117091
2011-11-01,0.0002395661400613
2011-11-02,0.0002385882352941
2011-11-03,0.0002383529411764
2011-11-04,0.0002361372180451
2011-11-07,0.0002373239436619
2011-11-08,0.0002361502347417
2011-11-09,0.0002359154929577
2011-11-10,0.0002366877785596
2011-11-11,0.0002331460674157
2011-11-14,0.000233216374269
2011-11-15,0.0002329345531315
2011-11-16,0.0002327930467465
2011-11-17,0.0002316729323308
2011-11-18,0.0002302090674183
2011-11-21,0.0002301550023485
2011-11-22,0.0002301009626672
2011-11-23,0.0002263442122563
2011-11-24,0.0002256626788646
2011-11-25,0.0002249589490968
2011-11-29,0.0002240935672514
2011-11-30,0.0002242466713384
2011-12-01,0.0002244278374591
2011-12-02,0.0002241419565724
2011-12-05,0.0002239850676621
2011-12-06,0.0002248714352501
2011-12-07,0.0002260402057035
2011-12-12,0.000226454779154
2011-12-13,0.000225987380229
2011-12-14,0.0002247138519037
2011-12-15,0.0002233893557422
2011-12-16,0.0002237762237762
2011-12-19,0.0002237762237762
2011-12-20,0.0002234389561975
2011-12-21,0.0002292637465051
2011-12-22,0.000227632805219
2011-12-23,0.000227632805219
2011-12-27,0.000225453699395
2011-12-28,0.000225453699395
2011-12-29,0.000225424122705
2011-12-30,0.0002253717472118
2012-01-03,0.0002230483271375
2012-01-04,0.0002224802601021
2012-01-05,0.0002212943632567
2012-01-06,0.0002202918693537
2012-01-09,0.0002199814557255
2012-01-10,0.0002195687456526
2012-01-11,0.0002189239332096
2012-01-12,0.0002168367346938
2012-01-13,0.0002161410018552
2012-01-16,0.0002163539495019
2012-01-17,0.0002163038443723
2012-01-18,0.0002159722222222
2012-01-19,0.0002159222402221
2012-01-20,0.0002155910247513
2012-01-23,0.0002153419593345
2012-01-24,0.0002138901707429
2012-01-25,0.0002132319041032
2012-01-26,0.00021286900369
2012-01-27,0.0002122260668973
2012-01-30,0.0002122260668973
2012-01-31,0.0002116670509568
2012-02-01,0.0002120443008767
2012-02-02,0.000213477959843
2012-02-03,0.0002146318947611
2012-02-06,0.0002250173090237
2012-02-07,0.0002178423236514
2012-02-08,0.0002210962690004
2012-02-09,0.0002204325816843
2012-02-10,0.0002204833141542
2012-02-13,0.0002204325816843
2012-02-14,0.0002205104621752
2012-02-15,0.0002268444035853
2012-02-16,0.0002265104525614
2012-02-17,0.000225080385852
2012-02-22,0.0002301332108406
2012-02-23,0.0002282958199356
2012-02-24,0.0002287026406429
2012-02-28,0.0002337006427915
2012-02-29,0.0002336470048198
2012-03-01,0.0002335480901978
2012-03-02,0.0002336793540945
2012-03-05,0.0002336793540945
2012-03-06,0.0002350092250922
2012-03-07,0.0002377219275997
2012-03-08,0.0002383037566259
2012-03-09,0.0002355514621229
2012-03-12,0.0002334406623735
2012-03-13,0.0002334022513209
2012-03-14,0.0002322699104888
2012-03-15,0.0002327665441176
2012-03-16,0.0002355504587155
2012-03-19,0.0002333256933302
2012-03-20,0.0002334478808705
2012-03-21,0.0002328829860316
2012-03-22,0.000231791113147
2012-03-23,0.0002327763790341
2012-03-26,0.0002328453796889
2012-03-27,0.0002343928653098
2012-03-28,0.0002334247828074
2012-03-29,0.0002321224583047
2012-03-30,0.00023201644211
2012-04-03,0.0002327704244637
2012-04-04,0.0002329079307201
2012-04-09,0.0002326642335766
2012-04-10,0.0002306113138686
2012-04-11,0.0002323462414578
2012-04-12,0.000232992036405
2012-04-13,0.0002325898953117
2012-04-16,0.0002312243969048
2012-04-17,0.0002312940641346
2012-04-18,0.000232848705134
2012-04-19,0.0002327429609445
2012-04-20,0.0002317294598275
2012-04-23,0.0002305946436677
2012-04-24,0.0002307866696894
2012-04-25,0.0002306298142274
2012-04-26,0.0002313094698685
2012-04-27,0.0002297939778129
2012-05-02,0.0002297785811116
2012-05-03,0.0002337398373983
2012-05-04,0.0002326106594399
2012-05-07,0.0002337164750957
2012-05-08,0.0002323118521856
2012-05-09,0.0002308558558558
2012-05-10,0.0002302320342419
2012-05-11,0.0002301801801801
2012-05-14,0.0002302498311951
2012-05-15,0.0002300765420981
2012-05-16,0.0002311670789296
2012-05-17,0.0002300606605257
2012-05-18,0.0002296479031172
2012-05-21,0.0002295632698768
2012-05-22,0.0002222470904207
2012-05-23,0.0002219735958827
2012-05-24,0.0002219239373601
2012-05-28,0.0002279839070183
2012-05-29,0.0002279642058165
2012-05-30,0.0002205323193916
2012-05-31,0.0002218743010512
2012-06-01,0.0002218743010512
2012-06-04,0.00022239606616
2012-06-05,0.000221677074041
2012-06-06,0.0002204181494661
2012-06-07,0.0002230151650312
2012-06-08,0.0002215782434239
2012-06-11,0.0002213808463251
2012-06-12,0.0002213808463251
2012-06-13,0.0002215048975957
2012-06-14,0.0002215795328142
2012-06-15,0.0002215302491103
2012-06-16,0.0002264150943396
2012-06-18,0.00022
2012-06-19,0.0002200755052187
2012-06-21,0.0002185004436557
2012-06-22,0.0002176418439716
2012-06-25,0.0002175454142667
2012-06-26,0.0002189506309497
2012-06-27,0.0002204515272244
2012-06-28,0.0002204289188591
2012-06-29,0.0002202341506516
2012-07-02,0.0002212154696132
2012-07-03,0.0002212154696132
2012-07-04,0.0002226640159045
2012-07-05,0.0002225165562913
2012-07-06,0.0002224917309812
2012-07-10,0.0002225650066108
2012-07-11,0.0002232988328561
2012-07-12,0.0002223933128024
2012-07-13,0.0002225643281284
2012-07-16,0.0002225643281284
2012-07-17,0.0002284710017574
2012-07-18,0.0002286592056177
2012-07-19,0.0002285087719298
2012-07-20,0.0002285276073619
2012-07-23,0.0002286151826733
2012-07-24,0.0002280778482396
2012-07-25,0.0002253829321663
2012-07-26,0.0002249672059466
2012-07-27,0.0002255458515283
2012-07-30,0.0002255458515283
2012-07-31,0.0002261723009814
2012-08-01,0.0002254196642685
2012-08-02,0.0002265590928914
2012-08-03,0.000225539333188
2012-08-06,0.0002264808362369
2012-08-07,0.0002265505984766
2012-08-08,0.0002270552414093
2012-08-09,0.0002265217391304
2012-08-10,0.0002264725059769
2012-08-13,0.0002264929424538
2012-08-14,0.0002257924446374
2012-08-15,0.0002256944444444
2012-08-16,0.0002264150943396
2012-08-17,0.0002270363951473
2012-08-21,0.0002267215244694
2012-08-22,0.0002253032928942
2012-08-23,0.00022568767598
2012-08-24,0.0002257297297297
2012-08-27,0.0002263987902354
2012-08-28,0.0002257507020954
2012-08-29,0.0002263987902354
2012-08-30,0.0002251241096481
2012-08-31,0.0002253126347563
2012-09-03,0.0002252853758345
2012-09-04,0.0002256399225639
2012-09-05,0.0002269991401547
2012-09-06,0.0002257787325456
2012-09-07,0.0002257026389186
2012-09-10,0.0002257026389186
2012-09-11,0.0002257510729613
2012-09-12,0.0002257026389186
2012-09-13,0.0002265809217577
2012-09-14,0.0002256476129308
2012-09-17,0.0002257167308515
2012-09-18,0.0002257857601026
2012-09-19,0.0002249519333475
2012-09-20,0.0002245246742149
2012-09-21,0.0002244985061886
2012-09-25,0.0002256344636383
2012-09-26,0.0002247334754797
2012-09-27,0.0002239982949701
2012-09-28,0.0002239727485629
2012-10-01,0.0002255799106192
2012-10-02,0.0002255319148936
2012-10-03,0.0002249627897086
2012-10-04,0.0002254568635784
2012-10-05,0.0002248885113612
2012-10-09,0.000224485465733
2012-10-10,0.0002254506892895
2012-10-11,0.0002254237288135
2012-10-12,0.0002257040016938
2012-10-15,0.0002253014596995
2012-10-16,0.0002255337138025
2012-10-17,0.0002256973795435
2012-10-18,0.0002251319957761
2012-10-19,0.0002239341494301
2012-10-22,0.0002231126107127
2012-10-23,0.0002226438962681
2012-10-24,0.0002226200505475
2012-10-25,0.0002236952861952
2012-10-26,0.0002236952861952
2012-10-29,0.0002236703804919
2012-10-30,0.0002238085240394
2012-10-31,0.0002236676458245
2012-11-01,0.0002236897274633
2012-11-02,0.0002237366324176
2012-11-05,0.0002236897274633
2012-11-07,0.0002236897274633
2012-11-08,0.0002237117720988
2012-11-12,0.0002236154649947
2012-11-13,0.0002237089692661
2012-11-14,0.0002237309379569
2012-11-15,0.000223612849395
2012-11-16,0.00022375
2012-11-19,0.0002241415192507
2012-11-20,0.0002242562929061
2012-11-21,0.0002242524916943
2012-11-22,0.0002241343562098
2012-11-23,0.0002241594022415
2012-11-27,0.0002257462686567
2012-11-28,0.0002256728778467
2012-11-29,0.000225212171393
2012-11-30,0.0002263331955353
2012-12-03,0.0002251135894258
2012-12-04,0.0002250876831029
2012-12-05,0.0002306740878169
2012-12-06,0.0002307533964594
2012-12-07,0.0002311330454451
2012-12-10,0.0002325724861196
2012-12-11,0.0002327444535743
2012-12-12,0.0002317323481116
2012-12-13,0.0002310217480508
2012-12-14,0.0002328823288232
2012-12-17,0.0002328009828009
2012-12-18,0.0002327674371037
2012-12-19,0.0002338643790849
2012-12-20,0.0002338775510204
2012-12-21,0.0002338430173292
2012-12-26,0.0002325865580448
2012-12-27,0.0002326480765316
2012-12-28,0.0002338217338217
2012-12-31,0.000236884912566
2013-01-02,0.0002351269035532
2013-01-03,0.0002352344225695
2013-01-04,0.0002350791717417
2013-01-07,0.0002352464003244
2013-01-08,0.0002351987023519
2013-01-09,0.0002352106969205
2013-01-10,0.0002366875885806
2013-01-11,0.0002375556454876
2013-01-14,0.000239143607352
2013-01-15,0.0002398464336229
2013-01-16,0.0002388843977364
2013-01-17,0.0002381818181818
2013-01-18,0.0002397495455463
2013-01-21,0.0002386042759177
2013-01-22,0.0002392576154932
2013-01-23,0.0002393231265108
2013-01-24,0.0002391698569413
2013-01-25,0.0002392749244712
2013-01-28,0.0002391872862603
2013-01-29,0.0002409565916398
2013-01-30,0.0002418642024909
2013-02-01,0.0002409227683049
2013-02-04,0.0002404174192253
2013-02-05,0.0002415730337078
2013-02-06,0.0002416282334068
2013-02-07,0.0002432432432432
2013-02-08,0.0002423939151321
2013-02-13,0.0002444044764188
2013-02-14,0.0002444044764188
2013-02-15,0.0002488525244462
2013-02-18,0.0002487056949422
2013-02-19,0.0002538829151732
2013-02-21,0.0002551203022469
2013-02-22,0.0002550695825049
2013-02-25,0.0002550655542312
2013-02-26,0.0002550615323541
2013-02-27,0.0002551587301587
2013-02-28,0.0002550535077288
2013-03-01,0.0002523271935036
2013-03-04,0.0002493074792243
2013-03-05,0.0002493573264781
2013-03-06,0.00024935783442
2013-03-07,0.0002494568437685
2013-03-08,0.0002493583415597
2013-03-11,0.0002494581280788
2013-03-12,0.0002493107522646
2013-03-13,0.0002488188976377
2013-03-14,0.00024936086529
2013-03-15,0.0002494108405341
2013-03-18,0.0002482339089481
2013-03-19,0.0002482339089481
2013-03-20,0.0002474975466143
2013-03-21,0.0002475014697236
2013-03-22,0.0002475538160469
2013-03-25,0.0002474589523064
2013-03-26,0.0002462890625
2013-03-27,0.0002495119094103
2013-04-03,0.0002495126705653
2013-04-04,0.0002495130502532
2013-04-05,0.0002467861316712
2013-04-08,0.0002456653029417
2013-04-09,0.0002456686782168
2013-04-10,0.0002453307392996
2013-04-11,0.0002453820727202
2013-04-12,0.0002433482229559
2013-04-15,0.000243400621118
2013-04-16,0.0002420950533462
2013-04-17,0.0002420480993017
2013-04-18,0.0002421011823996
2013-04-19,0.0002403175832687
2013-04-22,0.0002403715889297
2013-04-23,0.0002403325599381
2013-04-24,0.0002403864734299
2013-04-25,0.0002404794123332
2013-04-26,0.0002404403244495
2013-04-29,0.0002409266409266
2013-04-30,0.0002409870830923
2013-05-02,0.0002409012131715
2013-05-03,0.0002410078861319
2013-05-06,0.000240975422427
2013-05-07,0.0002408829174664
2013-05-08,0.0002408899117759
2013-05-09,0.0002409500095767
2013-05-10,0.0002409638554216
2013-05-13,0.0002409707624689
2013-05-14,0.0002397325692454
2013-05-15,0.0002396330976495
2013-05-16,0.0002396330976495
2013-05-17,0.0002396867838044
2013-05-20,0.0002396568160152
2013-05-21,0.0002397103658536
2013-05-22,0.0002395813510941
2013-05-23,0.0002395971879156
2013-05-24,0.0002369920243068
2013-05-27,0.0002370018975332
2013-05-28,0.0002370018975332
2013-05-29,0.0002355951478392
2013-05-30,0.0002344696969696
2013-05-31,0.0002346707040121
2013-06-03,0.0002311329676565
2013-06-04,0.0002312346379277
2013-06-05,0.0002311472311472
2013-06-06,0.0002312771175249
2013-06-07,0.0002288679245283
2013-06-10,0.0002280867106503
2013-06-11,0.000227495291902
2013-06-12,0.0002269650244452
2013-06-13,0.0002265815656091
2013-06-14,0.0002264540337711
2013-06-17,0.0002265317594154
2013-06-18,0.0002265493353304
2013-06-19,0.0002265844083006
2013-06-24,0.0002299515106303
2013-06-25,0.0002245430809399
2013-06-26,0.0002232774674115
2013-06-27,0.0002231727729217
2013-06-28,0.0002245731254639
2013-07-01,0.0002246753246753
2013-07-02,0.0002204301075268
2013-07-03,0.0002204520192663
2013-07-04,0.0002204330927262
2013-07-05,0.000220577350111
2013-07-08,0.000220599112426
2013-07-10,0.0002207648254202
2013-07-11,0.000220520391216
2013-07-12,0.0002215259859933
2013-07-15,0.0002225087493092
2013-07-16,0.0002246550137994
2013-07-17,0.0002246323529411
2013-07-18,0.0002233027522935
2013-07-19,0.0002231783229586
2013-07-22,0.0002223036073979
2013-07-23,0.0002217136580007
2013-07-24,0.0002236456808199
2013-07-25,0.0002217153284671
2013-07-26,0.0002247765006385
2013-07-29,0.0002247497725204
2013-07-30,0.0002259589165606
2013-07-31,0.0002257947320617
2013-08-01,0.0002262747232807
2013-08-02,0.0002261106074342
2013-08-05,0.0002262271327658
2013-08-06,0.0002261215629522
2013-08-07,0.0002262206148282
2013-08-08,0.0002261732851985
2013-08-09,0.0002262721039335
2013-08-12,0.0002256844380403
2013-08-13,0.0002254584681769
2013-08-14,0.0002250359195402
2013-08-15,0.0002247714644201
2013-08-16,0.0002257199069933
2013-08-20,0.0002259159964253
2013-08-21,0.0002257719079064
2013-08-22,0.0002251514071962
2013-08-23,0.0002245732574679
2013-08-26,0.0002247869318181
2013-08-27,0.000224525961368
2013-08-28,0.0002247787610619
2013-08-29,0.0002243419890478
2013-08-30,0.000223730606488
2013-09-03,0.00022460456942
2013-09-04,0.0002241318835496
2013-09-05,0.0002242498683979
2013-09-06,0.0002239957902122
2013-09-09,0.0002242286115007
2013-09-10,0.0002244397759103
2013-09-11,0.000224261492746
2013-09-12,0.0002244755244755
2013-09-13,0.0002244541484716
2013-09-16,0.0002248778785764
2013-09-17,0.0002250087077673
2013-09-18,0.000224830464267
2013-09-19,0.0002247308093087
2013-09-20,0.0002253081062315
2013-09-23,0.00022543753249
2013-09-24,0.0002261306532663
2013-09-25,0.0002261306532663
2013-09-26,0.0002259681881051
2013-09-27,0.0002259067357512
2013-09-30,0.0002257897462454
2013-10-01,0.0002246551724137
2013-10-02,0.0002235050835774
2013-10-03,0.0002243633860977
2013-10-04,0.0002246688456906
2013-10-07,0.0002245318673767
2013-10-08,0.000224493301271
2013-10-09,0.0002242830156276
2013-10-10,0.000224395265054
2013-10-11,0.0002247942386831
2013-10-15,0.0002247344981157
2013-10-16,0.0002247902756377
2013-10-17,0.0002247479063407
2013-10-18,0.0002249743764947
2013-10-21,0.0002253497099965
2013-10-22,0.0002253112740917
2013-10-23,0.000225102319236
2013-10-24,0.0002253833049403
2013-10-25,0.000225450220863
2013-10-28,0.0002257298031228
2013-10-29,0.0002258228707159
2013-10-30,0.0002253258845437
2013-10-31,0.0002254736129905
2013-11-01,0.0002259315461136
2013-11-04,0.000225980144708
2013-11-05,0.0002258606213266
2013-11-07,0.0002257738896366
2013-11-08,0.0002258551307847
2013-11-11,0.0002258496567888
2013-11-12,0.0002259036144578
2013-11-13,0.0002256985109586
2013-11-14,0.0002257472032058
2013-11-15,0.0002256880733944
2013-11-18,0.0002258494337108
2013-11-19,0.0002258652094717
2013-11-20,0.0002257691035395
2013-11-21,0.0002259448753919
2013-11-22,0.0002259125287734
2013-11-26,0.0002262510254306
2013-11-27,0.0002266775777414
2013-11-28,0.0002265752530199
2013-11-29,0.0002260218205503
2013-12-02,0.0002247482949009
2013-12-03,0.0002249554944165
2013-12-04,0.0002250726040658
2013-12-05,0.0002240603919049
2013-12-06,0.0002226850368471
2013-12-09,0.0002221155384861
2013-12-10,0.0002234993614303
2013-12-11,0.0002220806117572
2013-12-12,0.0002207006369426
2013-12-13,0.0002200667832723
2013-12-16,0.0002209026128266
2013-12-17,0.0002210991787744
2013-12-18,0.0002212292254625
2013-12-19,0.0002196342035329
2013-12-20,0.0002183997509339
2013-12-23,0.0002186335403726
2013-12-26,0.0002181368762552
2013-12-27,0.0002175319673393
2013-12-30,0.0002174513111485
2013-12-31,0.0002174513111485
2014-01-02,0.0002171122994652
2014-01-03,0.0002161708619374
2014-01-06,0.0002162244124336
2014-01-07,0.0002170354652925
2014-01-08,0.0002174110522331
2014-01-09,0.0002170238454572
2014-01-10,0.0002166866746698
2014-01-13,0.0002165795369678
2014-01-14,0.0002165424739195
2014-01-15,0.0002165803108808
2014-01-16,0.00021626808385
2014-01-17,0.0002161247609239
2014-01-20,0.0002158241758241
2014-01-21,0.0002161220043572
2014-01-22,0.0002155462184873
2014-01-23,0.0002149677419354
2014-01-24,0.000215
2014-01-27,0.000214606741573
2014-01-28,0.0002136079900124
2014-01-29,0.0002134915677701
2014-01-30,0.0002132252027448
2014-01-31,0.0002133583021223
2014-02-03,0.0002134915677701
2014-02-04,0.0002138396202847
2014-02-05,0.0002144303797468
2014-02-06,0.0002153553299492
2014-02-07,0.0002172193877551
2014-02-10,0.000218925831202
2014-02-11,0.0002202304737516
2014-02-12,0.0002219090326713
2014-02-13,0.0002229209445585
2014-02-14,0.0002248421595155
2014-02-17,0.0002257731958762
2014-02-18,0.0002249967820826
2014-02-19,0.0002246497879449
2014-02-20,0.0002242835209825
2014-02-21,0.0002238368387507
2014-02-24,0.0002243157224697
2014-02-25,0.0002258228491549
2014-02-26,0.0002258596624793
2014-02-27,0.0002257204519487
2014-02-28,0.0002254254508509
2014-03-05,0.000225888324873
2014-03-06,0.0002257654681743
2014-03-07,0.0002259254547767
2014-03-10,0.0002261798753339
2014-03-11,0.0002265565438373
2014-03-12,0.0002261013076044
2014-03-13,0.000226391177589
2014-03-14,0.000226329113924
2014-03-17,0.0002263888888888
2014-03-18,0.0002268728004022
2014-03-19,0.0002270841192003
2014-03-20,0.000226114249843
2014-03-21,0.0002259844494607
2014-03-25,0.0002256089943785
2014-03-26,0.0002258467691538
2014-03-27,0.000225375
2014-03-28,0.0002250406097713
2014-03-31,0.0002251937015746
2014-04-01,0.0002248187953011
2014-04-03,0.000224875
2014-04-04,0.000224375
2014-04-07,0.0002248468941382
2014-04-08,0.000225346831646
2014-04-09,0.000225125
2014-04-10,0.000224875
2014-04-11,0.000225625
2014-04-14,0.0002259717535308
2014-04-15,0.00022625
2014-04-16,0.0002260967379077
2014-04-21,0.000226
2014-04-22,0.0002260967379077
2014-04-23,0.000226125
2014-04-24,0.0002260967379077
2014-04-25,0.00022625
2014-04-28,0.0002260967379077
2014-04-29,0.0002258185453636
2014-04-30,0.000225568607848
2014-05-05,0.0002260967379077
2014-05-06,0.0002265
2014-05-07,0.0002259717535308
2014-05-08,0.000226193451637
2014-05-09,0.0002263585259212
2014-05-12,0.0002264386468605
2014-05-13,0.0002264056850766
2014-05-14,0.0002264808362369
2014-05-15,0.0002264713185994
2014-05-16,0.0002264713185994
2014-05-19,0.0002265111083529
2014-05-20,0.0002264267990074
2014-05-21,0.0002264946663358
2014-05-22,0.0002264665757162
2014-05-23,0.0002263144841269
2014-05-26,0.000226134391272
2014-05-27,0.0002257464998141
2014-05-28,0.0002254149120634
2014-05-29,0.0002255108359133
2014-05-30,0.0002261138613861
2014-06-02,0.0002262213976499
2014-06-03,0.0002265596046942
2014-06-04,0.0002263755243029
2014-06-05,0.0002261992619926
2014-06-06,0.0002261992619926
2014-06-09,0.0002265682656826
2014-06-10,0.0002266912669126
2014-06-11,0.0002267191536474
2014-06-12,0.0002267191536474
2014-06-13,0.0002265682656826
2014-06-16,0.0002265961372862
2014-06-17,0.0002268421700086
2014-06-18,0.0002274292742927
2014-06-19,0.0002275522755227
2014-06-23,0.0002274292742927
2014-06-24,0.0002274292742927
2014-06-25,0.0002276192818494
2014-06-26,0.0002277422528283
2014-06-27,0.0002277422528283
2014-06-30,0.0002279601623017
2014-07-01,0.0002290104486785
2014-07-02,0.0002299090685672
2014-07-03,0.0002308921110838
2014-07-04,0.0002347014008355
2014-07-07,0.0002341523341523
2014-07-08,0.0002355397273732
2014-07-10,0.0002366805794254
2014-07-11,0.0002370261317629
2014-07-14,0.0002373006134969
2014-07-15,0.0002415950920245
2014-07-16,0.000238287956831
2014-07-17,0.0002367582148111
2014-07-18,0.0002366421568627
2014-07-21,0.0002356617647058
2014-07-22,0.0002336517266715
2014-07-23,0.0002323417798996
2014-07-24,0.0002310703363914
2014-07-25,0.0002304964539007
2014-07-28,0.0002337487781036
2014-07-29,0.0002335205078125
2014-07-30,0.0002326545543226
2014-07-31,0.0002326798977231
2014-08-01,0.0002339728023312
2014-08-04,0.0002357142857142
2014-08-05,0.0002363328495403
2014-08-06,0.0002341274640222
2014-08-07,0.0002334018623775
2014-08-08,0.0002332245194051
2014-08-11,0.0002340991535671
2014-08-12,0.0002340425531914
2014-08-13,0.000233772512994
2014-08-14,0.0002341428053642
2014-08-15,0.0002341504649196
2014-08-19,0.0002348539705527
2014-08-20,0.0002353718611077
2014-08-21,0.000234067897558
2014-08-22,0.0002334324806662
2014-08-25,0.0002343842950624
2014-08-26,0.0002339995241494
2014-08-27,0.000233900726104
2014-08-28,0.0002340273646638
2014-08-29,0.000234495893346
2014-09-01,0.0002350422267158
2014-09-02,0.000234692664368
2014-09-03,0.0002344548805136
2014-09-04,0.0002343768598976
2014-09-05,0.0002335115864527
2014-09-08,0.0002331865254136
2014-09-09,0.0002328571428571
2014-09-10,0.000232738095238
2014-09-11,0.0002328294250684
2014-09-12,0.0002323256367531
2014-09-15,0.0002323256367531
2014-09-16,0.0002321789836962
2014-09-17,0.0002325056433408
2014-09-18,0.0002310799572294
2014-09-19,0.0002298741391593
2014-09-22,0.0002290257505636
2014-09-23,0.0002269596199524
2014-09-24,0.0002242280285035
2014-09-25,0.0002232905982905
2014-09-26,0.0002232216830394
2014-09-29,0.000223114154173
2014-09-30,0.0002224199288256
2014-10-01,0.000216923076923
2014-10-02,0.000220367081113
2014-10-03,0.0002217751479289
2014-10-06,0.0002223536369012
2014-10-07,0.0002223536369012
2014-10-08,0.0002205552274069
2014-10-09,0.0002204250295159
2014-10-10,0.0002191117410819
2014-10-14,0.0002186946772099
2014-10-15,0.0002175144576891
2014-10-16,0.000217134765164
2014-10-17,0.0002180273714016
2014-10-20,0.0002190150801131
2014-10-21,0.0002188972667295
2014-10-22,0.0002169866886559
2014-10-23,0.0002167510896454
2014-10-24,0.0002163212435233
2014-10-27,0.0002154117647058
2014-10-28,0.0002164196659609
2014-10-29,0.0002165627573226
2014-10-30,0.0002161176470588
2014-10-31,0.0002164705882352
2014-11-03,0.0002161495063469
2014-11-04,0.0002160319699106
2014-11-05,0.0002161495063469
2014-11-07,0.0002155111633372
2014-11-10,0.0002158890586437
2014-11-11,0.0002165687426556
2014-11-12,0.000215393654524
2014-11-13,0.0002149236192714
2014-11-14,0.0002137234167547
2014-11-17,0.0002142857142857
2014-11-18,0.0002153430451127
2014-11-19,0.0002154099130843
2014-11-20,0.0002145877378435
2014-11-21,0.000214772193518
2014-11-25,0.0002154171066525
2014-11-26,0.0002154171066525
2014-11-27,0.0002156931738212
2014-11-28,0.0002159784138901
2014-12-01,0.0002162447257383
2014-12-02,0.000215925058548
2014-12-03,0.0002149379536408
2014-12-04,0.0002148789332085
2014-12-05,0.0002153792216898
2014-12-09,0.0002158559401309
2014-12-10,0.0002163489650333
2014-12-11,0.0002164912280701
2014-12-12,0.0002162320196468
2014-12-15,0.0002162320196468
2014-12-16,0.0002162320196468
2014-12-17,0.0002155303473277
2014-12-18,0.0002157894736842
2014-12-19,0.0002161150742603
2014-12-22,0.0002162573099415
2014-12-23,0.0002164912280701
2014-12-24,0.0002161814567987
2014-12-29,0.0002162067352666
2014-12-30,0.0002155303473277
2014-12-31,0.0002157642381008
2015-01-02,0.0002147282291057
2015-01-05,0.0002118911342132
2015-01-06,0.0002111525898273
2015-01-07,0.0002115317414094
2015-01-08,0.0002124068901303
2015-01-09,0.000211849610057
2015-01-12,0.0002119660109416
2015-01-13,0.0002119166763644
2015-01-14,0.0002115183246073
2015-01-15,0.0002111201581947
2015-01-16,0.0002113707708405
2015-01-19,0.000211272515979
2015-01-20,0.0002107769132504
2015-01-21,0.0002081012070566
2015-01-22,0.0002083285001739
2015-01-23,0.000207420289855
2015-01-26,0.000208
2015-01-27,0.000208251245799
2015-01-28,0.0002080871277951
2015-01-29,0.0002072040769052
2015-01-30,0.0002075428042572
2015-02-02,0.0002074861367837
2015-02-03,0.0002084054959011
2015-02-04,0.0002088914549653
2015-02-05,0.0002094688221709
2015-02-06,0.0002097239866035
2015-02-09,0.0002096699746134
2015-02-10,0.000210332103321
2015-02-11,0.0002106476146577
2015-02-12,0.000210114042161
2015-02-13,0.0002100172711571
2015-02-18,0.0002105868814729
2015-02-19,0.0002104173853052
2015-02-20,0.0002101574169826
2015-02-23,0.0002103329506314
2015-02-24,0.0002107134663913
2015-02-25,0.0002113047466177
2015-02-26,0.0002110996445361
2015-02-27,0.0002116662846665
2015-03-02,0.0002129852284438
2015-03-03,0.0002138688637143
2015-03-04,0.0002146614821591
2015-03-05,0.0002161142857142
2015-03-06,0.0002122630737611
2015-03-09,0.0002122318575992
2015-03-10,0.0002104903078677
2015-03-11,0.0002092970263187
2015-03-12,0.000207972665148
2015-03-13,0.0002085847660252
2015-03-16,0.0002090401912786
2015-03-17,0.0002086036189825
2015-03-18,0.0002086224547833
2015-03-19,0.0002075278599044
2015-03-20,0.0002069553358336
2015-03-25,0.0002083854107487
2015-03-26,0.0002079264138087
2015-03-27,0.0002079455164585
2015-03-30,0.0002082577132486
2015-03-31,0.000208342779415
2015-04-01,0.0002040330803217
2015-04-06,0.0002051862756199
2015-04-07,0.000206428248076
2015-04-08,0.0002052935188327
2015-04-09,0.0002042962125494
2015-04-10,0.0002013559322033
2015-04-13,0.0002021228545618
2015-04-14,0.0002018514337322
2015-04-15,0.000201218136702
2015-04-16,0.0002009925558312
2015-04-17,0.0002007443329198
2015-04-20,0.0002006538158043
2015-04-21,0.0001996844714897
2015-04-22,0.0001996846491722
2015-04-23,0.0002002250984805
2015-04-24,0.0001989876265466
2015-04-27,0.0001989881956155
2015-04-28,0.0001984938743396
2015-04-29,0.0001984947202875
2015-04-30,0.0001995060065117
2015-05-04,0.0001995062836624
2015-05-05,0.0001995065605024
2015-05-06,0.0001986101770903
2015-05-07,0.0001981174361272
2015-05-08,0.0001980286738351
2015-05-11,0.0001976939438038
2015-05-12,0.0001966204118173
2015-05-13,0.0001975391498881
2015-05-14,0.0001975626118067
2015-05-15,0.0001976081368056
2015-05-18,0.0001981458728917
2015-05-19,0.0001981469077919
2015-05-20,0.0001971658112028
2015-05-21,0.000196587867975
2015-05-22,0.0001965221268531
2015-05-26,0.0001951436845622
2015-05-27,0.0001955916731604
2015-05-28,0.0001953038059203
2015-05-29,0.0001956183274021
2015-06-01,0.0001969764339706
2015-06-02,0.0001967559160093
2015-06-03,0.0001950705007216
2015-06-04,0.0001961154273029
2015-06-05,0.0001965830929664
2015-06-08,0.0001952761144377
2015-06-09,0.0001945029369389
2015-06-10,0.0001948167017388
2015-06-11,0.0001951948627103
2015-06-12,0.000194533584154
2015-06-15,0.0001942263024001
2015-06-16,0.0001942724458204
2015-06-17,0.0001942541436464
2015-06-18,0.0001945426425099
2015-06-19,0.0001941254416961
2015-06-22,0.0001943494095574
2015-06-23,0.0001940430226144
2015-06-24,0.0001940677031646
2015-06-25,0.0001931004078033
2015-06-26,0.0001935448336638
2015-06-29,0.0001935483870967
2015-06-30,0.0001928917253521
2015-07-01,0.0001936654569449
2015-07-02,0.0001938001538968
2015-07-03,0.0001942003514938
2015-07-06,0.0001943346508563
2015-07-07,0.0001948650427913
2015-07-08,0.0001942311910506
2015-07-10,0.0001938842612889
2015-07-13,0.0001936897458369
2015-07-14,0.0001939334209373
2015-07-15,0.0001944839662909
2015-07-16,0.0001938306716254
2015-07-17,0.0001942925869232
2015-07-20,0.0001941864277128
2015-07-21,0.0001944080384447
2015-07-22,0.0001944110904923
2015-07-23,0.0001942171303873
2015-07-24,0.0001941535776614
2015-07-27,0.0001942657800065
2015-07-28,0.000194159947701
2015-07-29,0.0001936397299063
2015-07-30,0.0001930989441602
2015-07-31,0.0001933623503808
2015-08-03,0.0001930396954866
2015-08-04,0.0001934782608695
2015-08-05,0.0001933731667571
2015-08-06,0.0001924204582473
2015-08-07,0.0001922075103103
2015-08-10,0.0001922993492407
2015-08-11,0.0001922618402514
2015-08-12,0.0001917452063698
2015-08-13,0.0001911876150265
2015-08-14,0.000190909090909
2015-08-18,0.000190589507842
2015-08-19,0.0001903577991568
2015-08-20,0.0001901674770394
2015-08-21,0.0001895248380129
2015-08-24,0.000189381676918
2015-08-25,0.0001865832614322
2015-08-26,0.0001818083845241
2015-08-27,0.0001853726841878
2015-08-28,0.000186329386437
2015-08-31,0.0001856712564543
2015-09-01,0.0001850816852966
2015-09-02,0.0001859291084854
2015-09-03,0.000186004078566
2015-09-04,0.0001856897661446
2015-09-07,0.0001855460385438
2015-09-08,0.0001845346471029
2015-09-09,0.0001841823630136
2015-09-10,0.0001811764705882
2015-09-11,0.0001803506521274
2015-09-14,0.0001799337536061
2015-09-15,0.0001791777896422
2015-09-16,0.0001791697791057
2015-09-17,0.0001800149301482
2015-09-18,0.0001813046258793
2015-09-21,0.0001812080536912
2015-09-22,0.0001805984453199
2015-09-23,0.0001786550329857
2015-09-24,0.0001781156954487
2015-09-25,0.0001782714999468
2015-09-28,0.0001782146652497
2015-09-29,0.0001774638912489
2015-09-30,0.000177350880917
2015-10-01,0.0001770943796394
2015-10-02,0.0001768383132019
2015-10-05,0.0001774671749258
2015-10-06,0.0001775473494868
2015-10-07,0.0001775592216582
2015-10-08,0.0001776955602536
2015-10-09,0.000177707342842
2015-10-13,0.0001773274224192
2015-10-14,0.0001768118999894
2015-10-15,0.000176191480388
2015-10-16,0.0001767123287671
2015-10-19,0.0001765634870499
2015-10-20,0.0001767676767676
2015-10-21,0.0001766375775417
2015-10-22,0.0001765818793357
2015-10-23,0.0001763655462184
2015-10-26,0.0001765508554634
2015-10-27,0.0001765446344277
2015-10-28,0.0001762423988257
2015-10-29,0.0001765877174596
2015-10-30,0.0001774565262937
2015-11-02,0.0001785452642595
2015-11-03,0.0001794603639405
2015-11-04,0.0001794818219807
2015-11-05,0.0001781837160751
2015-11-09,0.0001774277667674
2015-11-10,0.0001772613588995
2015-11-11,0.0001775486827033
2015-11-12,0.0001773270930837
2015-11-13,0.0001774729842061
2015-11-16,0.0001775817332641
2015-11-17,0.0001771416718523
2015-11-18,0.000177031509121
2015-11-19,0.0001767629698664
2015-11-20,0.0001767687215556
2015-11-23,0.0001769023986765
2015-11-24,0.0001765557163531
2015-11-25,0.0001760694358338
2015-11-26,0.0001757594544327
2015-11-30,0.0001759909165978
2015-12-01,0.0001756032171581
2015-12-02,0.0001741682974559
2015-12-03,0.0001731481481481
2015-12-04,0.0001734840698869
2015-12-09,0.0001730690221857
2015-12-10,0.0001729053430417
2015-12-11,0.0001726184385552
2015-12-14,0.0001720825669323
2015-12-15,0.0001723434631858
2015-12-16,0.0001720944433136
2015-12-17,0.0001712686567164
2015-12-18,0.0001704905660377
2015-12-21,0.0001706065318818
2015-12-22,0.0001708782742681
2015-12-23,0.0001711213517665
2015-12-24,0.0001715596330275
2015-12-28,0.0001717692307692
2015-12-29,0.0001722595078299
2015-12-30,0.0001722119531731
2015-12-31,0.0001729294478527
2016-01-04,0.0001712121212121
2016-01-05,0.0001704029304029
2016-01-06,0.000170626349892
2016-01-07,0.0001702877697841
2016-01-08,0.0001701729106628
2016-01-11,0.0001697435897435
2016-01-12,0.0001697416974169
2016-01-13,0.0001697193500738
2016-01-14,0.0001691320754716
2016-01-15,0.0001688805970149
2016-01-18,0.0001688790560471
2016-01-19,0.0001691734921816
2016-01-20,0.0001688148148148
2016-01-21,0.0001682352941176
2016-01-22,0.0001679533867443
2016-01-25,0.0001682114409847
2016-01-26,0.0001685198555956
2016-01-27,0.000168371757925
2016-01-28,0.0001686416184971
2016-01-29,0.0001685530085959
2016-02-01,0.0001697806086341
2016-02-02,0.0001702865228157
2016-02-03,0.0001699858757062
2016-02-04,0.0001699226985242
2016-02-05,0.0001704616670148
2016-02-10,0.000174
2016-02-11,0.0001726775956284
2016-02-12,0.0001718940936863
2016-02-15,0.0001726351351351
2016-02-16,0.000172327806982
2016-02-17,0.0001723815877251
2016-02-18,0.0001723771580345
2016-02-19,0.0001729083665338
2016-02-22,0.0001746885245901
2016-02-23,0.0001754901960784
2016-02-24,0.0001749185667752
2016-02-25,0.0001749837556855
2016-02-26,0.0001747252747252
2016-02-29,0.000174746835443
2016-03-01,0.0001755063291139
2016-03-02,0.0001758620689655
2016-03-03,0.0001753947368421
2016-03-04,0.0001758552631578
2016-03-07,0.0001754625121713
2016-03-08,0.0001747038643277
2016-03-09,0.0001747560182173
2016-03-10,0.0001747718383311
2016-03-11,0.0001746127946127
2016-03-14,0.0001747972972972
2016-03-15,0.0001743112947658
2016-03-16,0.0001746064339493
2016-03-17,0.0001749832775919
2016-03-18,0.0001757452574525
2016-03-21,0.0001764340013821
2016-03-22,0.0001764419735927
2016-03-23,0.0001761379310344
2016-03-28,0.0001766689143627
2016-03-29,0.0001768967874231
2016-03-30,0.000176506849315
2016-03-31,0.0001768027210884
2016-04-01,0.0001772143340094
2016-04-04,0.0001779361846571
2016-04-05,0.0001803133514986
2016-04-06,0.0001795890410958
2016-04-07,0.0001787836903939
2016-04-08,0.0001776933701657
2016-04-11,0.0001783057851239
2016-04-12,0.000179038395019
2016-04-13,0.0001790899617922
2016-04-14,0.0001790648988136
2016-04-15,0.0001797864768683
2016-04-18,0.0001801980198019
2016-04-19,0.0001804792107117
2016-04-20,0.0001805439330543
2016-04-21,0.0001805886475122
2016-04-22,0.0001804895104895
2016-04-25,0.0001808094905792
2016-04-26,0.0001808525506638
2016-04-27,0.0001805496828752
2016-04-28,0.0001802097902097
2016-04-29,0.0001794385964912
2016-05-02,0.0001793516560958
2016-05-03,0.0001795070422535
2016-05-04,0.0001793539325842
2016-05-05,0.0001794241573033
2016-05-06,0.0001783251231527
2016-05-09,0.000178784685634
2016-05-10,0.0001789377546719
2016-05-11,0.0001783954961294
2016-05-12,0.0001776287932251
2016-05-13,0.0001772438162544
2016-05-16,0.0001785385866874
2016-05-17,0.0001781471004243
2016-05-18,0.000178634594977
2016-05-19,0.0001781560283687
2016-05-20,0.0001781261132882
2016-05-23,0.0001781272337383
2016-05-24,0.0001780782918149
2016-05-26,0.0001770632368703
2016-05-27,0.000174856321839
2016-05-30,0.0001749821300929
2016-05-31,0.0001751125723679
2016-06-01,0.0001754121863799
2016-06-02,0.0001756115107913
2016-06-03,0.0001760161721175
2016-06-06,0.0001771241830065
2016-06-07,0.0001778179190751
2016-06-08,0.0001773381294964
2016-06-09,0.0001770622286541
2016-06-10,0.0001764492753623
2016-06-13,0.0001769565217391
2016-06-14,0.0001770181818181
2016-06-15,0.0001767915605674
2016-06-16,0.0001772988505747
2016-06-21,0.0001790264853256
2016-06-22,0.0001771144278606
2016-06-23,0.0001771626297577
2016-06-24,0.0001768251841929
2016-06-27,0.000177908496732
2016-06-28,0.0001781208053691
2016-06-29,0.000178170894526
2016-06-30,0.0001793882978723
2016-07-01,0.0001794666666666
2016-07-04,0.0001796812749003
2016-07-05,0.0001797297297297
2016-07-06,0.0001793126913916
2016-07-07,0.0001790831918505
2016-07-11,0.0001803278688524
2016-07-12,0.0001792582417582
2016-07-13,0.0001797529169526
2016-07-14,0.000179579375848
2016-07-15,0.0001802675585284
2016-07-18,0.0001803960396039
2016-07-19,0.0001802
2016-07-20,0.0001798938287989
2016-07-21,0.0001797333333333
2016-07-22,0.0001798792756539
2016-07-25,0.0001802006688963
2016-07-26,0.0001805351170568
2016-07-27,0.0001799333333333
2016-07-28,0.0001799202127659
2016-07-29,0.0001803464357095
2016-08-01,0.0001805760214333
2016-08-02,0.0001822895622895
2016-08-03,0.0001810356422326
2016-08-04,0.0001810774410774
2016-08-05,0.0001809330628803
2016-08-08,0.0001810497614178
2016-08-09,0.0001811103588354
2016-08-10,0.0001811860940695
2016-08-11,0.000181309686221
2016-08-12,0.0001816632583503
2016-08-16,0.0001820040899795
2016-08-17,0.0001811231393775
2016-08-18,0.0001811914323962
2016-08-19,0.000181190508111
2016-08-22,0.0001814314652261
2016-08-23,0.0001816037735849
2016-08-24,0.0001811574697173
2016-08-25,0.0001812625923438
2016-08-26,0.0001816
2016-08-29,0.0001809933774834
2016-08-30,0.0001810126582278
2016-08-31,0.0001809109176155
2016-09-01,0.0001806040268456
2016-09-02,0.0001801867911941
2016-09-05,0.0001805592543275
2016-09-06,0.0001804926764314
2016-09-07,0.0001793355481727
2016-09-08,0.0001800928998009
2016-09-09,0.0001798397863818
2016-09-12,0.0001799331103678
2016-09-13,0.0001800666666666
2016-09-14,0.0001797072521623
2016-09-15,0.0001798274717982
2016-09-16,0.0001800396563119
2016-09-19,0.0001801980198019
2016-09-20,0.0001799207397622
2016-09-21,0.0001797225891677
2016-09-22,0.0001793062516486
2016-09-23,0.0001794804167216
2016-09-26,0.0001800524934383
2016-09-27,0.0001799083769633
2016-09-28,0.0001795971410006
2016-09-29,0.0001794471544715
2016-09-30,0.0001800130633572
2016-10-03,0.0001799934188877
2016-10-04,0.0001792353328938
2016-10-05,0.0001791310072416
2016-10-06,0.0001795529257067
2016-10-07,0.0001793875535067
2016-10-11,0.0001791694133157
2016-10-12,0.0001790975447909
2016-10-13,0.0001783637324874
2016-10-14,0.0001783855024711
2016-10-17,0.0001781813396499
2016-10-18,0.0001782614413466
2016-10-19,0.0001776242184929
2016-10-20,0.0001773672055427
2016-10-21,0.0001766105054509
2016-10-24,0.0001758880232404
2016-10-25,0.0001753118844386
2016-10-26,0.0001753370601775
2016-10-27,0.0001747067352049
2016-10-28,0.0001745885450954
2016-10-31,0.0001747194719471
2016-11-01,0.000174527363184
2016-11-02,0.0001745201853077
2016-11-03,0.0001745033112582
2016-11-04,0.0001744355909694
2016-11-07,0.0001744850498338
2016-11-08,0.0001744809109176
2016-11-09,0.0001741957104557
2016-11-10,0.000174118429807
2016-11-11,0.0001741704619388
2016-11-14,0.0001736102236421
2016-11-15,0.0001739354838709
2016-11-16,0.0001734838709677
2016-11-17,0.000173126614987
2016-11-18,0.0001723981900452
2016-11-21,0.0001723106922326
2016-11-22,0.0001723624595469
2016-11-23,0.000172072072072
2016-11-24,0.000171879021879
2016-11-25,0.0001718237375361
2016-11-29,0.0001715923566878
2016-11-30,0.0001712251071338
2016-12-01,0.0001712752525252
2016-12-02,0.0001715181932245
2016-12-05,0.0001720118455043
2016-12-06,0.0001725502512562
2016-12-07,0.0001722951844903
2016-12-12,0.0001724266999376
2016-12-13,0.0001724915445321
2016-12-14,0.0001727614276768
2016-12-15,0.0001721804511278
2016-12-16,0.0001725786163522
2016-12-19,0.0001730429292929
2016-12-20,0.0001733291298865
2016-12-21,0.00017403419886
2016-12-22,0.000173235855054
2016-12-23,0.0001735819836097
2016-12-26,0.0001739382239382
2016-12-27,0.0001740192926045
2016-12-28,0.0001736507936507
2016-12-29,0.0001734053239578
2016-12-30,0.0001733794839521
2017-01-02,0.000173932160804
2017-01-03,0.0001737221699592
2017-01-04,0.0001731343283582
2017-01-05,0.0001728696741854
2017-01-06,0.0001731182795698
2017-01-09,0.0001736229146994
2017-01-10,0.0001742586750788
2017-01-11,0.0001737539432176
2017-01-12,0.0001743200506008
2017-01-13,0.0001740995395193
2017-01-16,0.0001746221662468
2017-01-17,0.0001743667106669
2017-01-18,0.000174710485133
2017-01-19,0.0001746540880503
2017-01-20,0.0001744266415331
2017-01-23,0.0001746549560853
2017-01-24,0.0001738229755178
2017-01-25,0.0001728611720463
2017-01-26,0.0001731155778894
2017-01-27,0.0001729559748427
2017-01-30,0.0001725502512562
2017-01-31,0.0001731144241051
2017-02-01,0.0001739240506329
2017-02-02,0.0001741709183673
2017-02-03,0.0001743918053777
2017-02-06,0.0001746514575411
2017-02-07,0.0001740350877192
2017-02-08,0.0001739074960127
2017-02-09,0.000173926969891
2017-02-10,0.000174453024453
2017-02-13,0.0001746206005812
2017-02-14,0.0001743374272786
2017-02-15,0.0001748046875
2017-02-16,0.0001753158406219
2017-02-17,0.0001762117346938
2017-02-20,0.0001797258527255
2017-02-21,0.0001796284433055
2017-02-22,0.0001784131063283
2017-02-23,0.0001794193548387
2017-02-24,0.0001806201550387
2017-03-01,0.0001822308690012
2017-03-02,0.000182922077922
2017-03-03,0.0001830420711974
2017-03-06,0.0001848837209302
2017-03-07,0.0001841800643086
2017-03-08,0.0001843400447427
2017-03-09,0.0001837089504185
2017-03-10,0.0001841085271317
2017-03-13,0.0001830759330759
2017-03-14,0.0001826198905696
2017-03-15,0.0001811817597944
2017-03-16,0.0001812620734063
2017-03-17,0.0001812339331619
2017-03-20,0.0001809341010876
2017-03-21,0.0001783974358974
2017-03-22,0.0001787016309561
2017-03-23,0.0001785760102629
2017-03-27,0.0001770639254738
2017-03-28,0.0001775003217917
2017-03-29,0.0001770576798444
2017-03-30,0.0001774172615184
2017-03-31,0.0001777777777777
2017-04-03,0.0001775251705099
2017-04-04,0.000177654723127
2017-04-05,0.0001777763312068
2017-04-06,0.0001780376868096
2017-04-07,0.0001811665037471
2017-04-10,0.0001821170282708
2017-04-11,0.0001808057648214
2017-04-12,0.0001805134957208
2017-04-17,0.0001809210526315
2017-04-18,0.0001809922217138
2017-04-19,0.00018
2017-04-20,0.0001799337188901
2017-04-21,0.0001790187217559
2017-04-24,0.0001791423001949
2017-04-25,0.0001791180285343
2017-04-26,0.0001789541639767
2017-04-27,0.0001791828793774
2017-04-28,0.0001796103896103
2017-05-02,0.000179477124183
2017-05-03,0.0001781556572923
2017-05-04,0.0001784454604833
2017-05-05,0.0001787898503578
2017-05-08,0.0001790562378797
2017-05-09,0.0001787439613526
2017-05-10,0.0001788523533204
2017-05-11,0.0001790735341755
2017-05-12,0.0001792098445595
2017-05-15,0.000179201545396
2017-05-16,0.0001792041078305
2017-05-17,0.0001795643818065
2017-05-18,0.000178875
2017-05-19,0.0001790031152647
2017-05-22,0.000178313253012
2017-05-23,0.0001788067122436
2017-05-24,0.0001785581106277
2017-05-26,0.0001778263585259
2017-05-29,0.0001786026200873
2017-05-30,0.0001786996904024
2017-05-31,0.0001786956521739
2017-06-01,0.0001783935242839
2017-06-02,0.0001781875
2017-06-05,0.0001787433572991
2017-06-06,0.0001786383510306
2017-06-07,0.0001782989368355
2017-06-08,0.0001792452830188
2017-06-09,0.0001793969849246
2017-06-12,0.0001790266875981
2017-06-13,0.0001794210195091
2017-06-14,0.0001796195994457
2017-06-15,0.0001797246558197
2017-06-16,0.0001794887780548
2017-06-19,0.0001791950464396
2017-06-21,0.0001794697903822
2017-06-22,0.0001790647259213
2017-06-23,0.0001798454404945
2017-06-26,0.0001794730392156
2017-06-27,0.0001791463414634
2017-06-28,0.0001793920972644
2017-06-29,0.0001787272727272
2017-06-30,0.0001796151533373
2017-07-03,0.0001799404761904
2017-07-04,0.0001800354400472
2017-07-05,0.0001799299883313
2017-07-06,0.0001798594847775
2017-07-07,0.0001803886925795
2017-07-10,0.000180170638423
2017-07-11,0.0001809999999999
2017-07-12,0.0001806596259366
2017-07-13,0.0001802949852507
2017-07-14,0.000180534124629
2017-07-17,0.000180153573538
2017-07-18,0.0001802906976744
2017-07-19,0.000180583090379
2017-07-20,0.0001798255813953
2017-07-21,0.0001799655568312
2017-07-24,0.0001799196787148
2017-07-25,0.0001797482837528
2017-07-26,0.0001797142857142
2017-07-27,0.0001797619047619
2017-07-28,0.0001799325463743
2017-07-31,0.0001798752834467
2017-08-01,0.0001798794358507
2017-08-02,0.0001797159090909
2017-08-03,0.0001797962648556
2017-08-04,0.0001795698924731
2017-08-07,0.0001794915254237
2017-08-08,0.0001794278621
2017-08-09,0.0001791525423728
2017-08-10,0.00017950310559
2017-08-11,0.0001791643139469
2017-08-14,0.0001793928779918
2017-08-15,0.0001794961921499
2017-08-16,0.0001796048808832
2017-08-17,0.0001794930875576
2017-08-18,0.0001791546033584
2017-08-22,0.0001779198140615
2017-08-23,0.0001778874056877
2017-08-24,0.0001769320162696
2017-08-25,0.0001765389082462
2017-08-28,0.0001771909460243
2017-08-29,0.0001764300086231
2017-08-30,0.0001764232317423
2017-08-31,0.0001768341998844
2017-09-01,0.0001765697674418
2017-09-04,0.0001769007544979
2017-09-05,0.0001767401392111
2017-09-06,0.0001713788487282
2017-09-07,0.0001768023255813
2017-09-08,0.0001772674418604
2017-09-11,0.0001772011661807
2017-09-12,0.0001771528998242
2017-09-13,0.0001770943175161
2017-09-14,0.0001768098881695
2017-09-15,0.0001767304860088
2017-09-18,0.0001764534034472
2017-09-19,0.0001763710618436
2017-09-20,0.0001762070971495
2017-09-21,0.0001763173132599
2017-09-22,0.0001763720392836
2017-09-25,0.0001763563677898
2017-09-26,0.0001764505119453
2017-09-27,0.000176708428246
2017-09-28,0.0001768439108061
2017-09-29,0.0001763720392836
2017-10-02,0.0001768016078093
2017-10-03,0.0001769738730979
2017-10-04,0.0001769314973785
2017-10-05,0.000177075553002
2017-10-06,0.0001771281169389
2017-10-09,0.0001773195876288
2017-10-10,0.0001776183644189
2017-10-11,0.0001772304512573
2017-10-12,0.0001771461383864
2017-10-13,0.0001774677121771
2017-10-17,0.0001773291029708
2017-10-18,0.0001772334293948
2017-10-19,0.0001769627507163
2017-10-20,0.0001772101033295
2017-10-23,0.0001775480907263
2017-10-24,0.0001775428571428
2017-10-25,0.0001771869639794
2017-10-26,0.000177066817667
2017-10-27,0.0001770780141843
2017-10-30,0.0001770621468926
2017-10-31,0.0001774001699235
2017-11-01,0.0001770584894946
2017-11-02,0.0001772260273972
2017-11-03,0.0001772675736961
2017-11-07,0.0001772237960339
2017-11-08,0.0001768835616438
2017-11-09,0.0001768198686839
2017-11-10,0.0001767933695341
2017-11-13,0.0001768571428571
2017-11-14,0.0001770285714285
2017-11-15,0.0001769714285714
2017-11-16,0.00017690459849
2017-11-17,0.0001768944809837
2017-11-21,0.000176901086335
2017-11-22,0.0001765920826161
2017-11-23,0.0001762916188289
2017-11-24,0.000176311239193
2017-11-27,0.0001765011547344
2017-11-28,0.0001767348114022
2017-11-29,0.0001764131994261
2017-11-30,0.0001763652123663
2017-12-01,0.0001765525246662
2017-12-04,0.0001767214059348
2017-12-05,0.0001767495662232
2017-12-06,0.0001768183135323
2017-12-07,0.0001775462962962
2017-12-11,0.0001777842227378
2017-12-12,0.0001777521613832
2017-12-13,0.0001775852108607
2017-12-14,0.0001774785100286
2017-12-15,0.0001774479017984
2017-12-18,0.0001774046670461
2017-12-19,0.0001774046670461
2017-12-20,0.0001774774774774
2017-12-21,0.0001778891673628
2017-12-22,0.000178417266187
2017-12-26,0.0001781838014725
2017-12-27,0.0001785094380559
2017-12-28,0.0001788541666666
2017-12-29,0.0001788835862512
2018-01-02,0.0001786529060293
2018-01-03,0.0001780428300352
2018-01-04,0.0001775630703166
2018-01-05,0.0001774125132555
2018-01-08,0.0001773515501839
2018-01-09,0.000177707342842
2018-01-10,0.0001780880773361
2018-01-11,0.0001777124532335
2018-01-12,0.0001784911717495
2018-01-15,0.000178263185935
2018-01-16,0.000178201058201
2018-01-17,0.0001776127320954
2018-01-18,0.00017768945416
2018-01-19,0.0001780994998683
2018-01-22,0.0001779483965319
2018-01-23,0.0001783294543573
2018-01-24,0.0001784732824427
2018-01-25,0.0001781697341513
2018-01-26,0.0001777721001532
2018-01-29,0.0001778345250255
2018-01-30,0.0001777947542653
2018-01-31,0.0001782697201017
2018-02-01,0.0001785861713106
2018-02-02,0.000178250833547
2018-02-05,0.0001788501026694
2018-02-06,0.000178680981595
2018-02-07,0.0001788271134805
2018-02-08,0.000178818227341
2018-02-09,0.000179079079079
2018-02-14,0.0001794472361809
2018-02-15,0.0001792980671414
2018-02-16,0.0001792510121457
2018-02-19,0.000179296482412
2018-02-20,0.0001792443324937
2018-02-21,0.0001790715181932
2018-02-22,0.000178947368421
2018-02-23,0.000179029029029
2018-02-26,0.00017900990099
2018-02-27,0.000179504950495
2018-02-28,0.0001797115862754
2018-03-01,0.000179941442112
2018-03-02,0.0001805624074987
2018-03-05,0.0001814943097476
2018-03-06,0.0001794001966568
2018-03-07,0.0001808917197452
2018-03-08,0.00017942043222
2018-03-09,0.0001811851851851
2018-03-12,0.0001812376237623
2018-03-13,0.0001813550939663
2018-03-14,0.0001812654473554
2018-03-15,0.0001810272794298
2018-03-16,0.0001806435643564
2018-03-19,0.0001806435643564
2018-03-20,0.0001805576116456
2018-03-21,0.000180266403552
2018-03-22,0.0001798763906056
2018-03-23,0.0001797424467558
2018-03-26,0.000180039623576
2018-03-27,0.0001798889329631
2018-03-28,0.0001800585637004
2018-04-03,0.0001795837462834
2018-04-04,0.0001793855302279
2018-04-05,0.0001794554455445
2018-04-06,0.0001796333002973
2018-04-09,0.0001805844477464
2018-04-10,0.0001803075396825
2018-04-11,0.0001798889329631
2018-04-12,0.0001800593765462
2018-04-13,0.0001805637982195
2018-04-16,0.0001806132542037
2018-04-17,0.0001807730426164
2018-04-18,0.0001806307424882
2018-04-19,0.0001804563492063
2018-04-20,0.000180039623576
2018-04-23,0.0001802566633761
2018-04-24,0.0001801579466929
2018-04-25,0.0001799328461386
2018-04-26,0.0001796593673965
2018-04-27,0.0001798442064264
2018-05-02,0.000179716981132
2018-05-03,0.000179304347826
2018-05-04,0.000178990825688
2018-05-07,0.0001789617486338
2018-05-08,0.0001784821428571
2018-05-09,0.0001781690140845
2018-05-10,0.0001781842221242
2018-05-11,0.0001784608770421
2018-05-14,0.000178631452581
2018-05-15,0.0001788773388773
2018-05-16,0.0001776039522437
2018-05-17,0.0001775904605263
2018-05-18,0.0001772820302906
2018-05-21,0.0001770880314896
2018-05-22,0.0001770593080724
2018-05-23,0.0001757303370786
2018-05-24,0.0001752845528455
2018-05-28,0.0001748280048563
2018-05-29,0.000174074074074
2018-05-30,0.0001737665463297
2018-05-31,0.0001744391025641
2018-06-01,0.0001746146146146
2018-06-04,0.0001756507809371
2018-06-05,0.0001758012820512
2018-06-06,0.0001762248995983
2018-06-07,0.0001766659995997
2018-06-08,0.0001762149348083
2018-06-11,0.0001761923076923
2018-06-12,0.0001761553398058
2018-06-13,0.0001766923076923
2018-06-14,0.0001764981949458
2018-06-15,0.000176225749559
2018-06-18,0.0001758158085569
2018-06-19,0.000175576368876
2018-06-21,0.0001752727272727
2018-06-22,0.0001754905590522
2018-06-25,0.000175968992248
2018-06-26,0.0001761254612546
2018-06-27,0.000175583090379
2018-06-28,0.0001752313167259
2018-06-29,0.0001753552859618
2018-07-02,0.0001755830388692
2018-07-03,0.0001751798561151
2018-07-04,0.0001752760954755
2018-07-05,0.0001748306595365
2018-07-06,0.000174982078853
2018-07-10,0.0001754475703324
2018-07-11,0.0001750273822562
2018-07-12,0.0001748806463459
2018-07-13,0.0001746784270488
2018-07-16,0.0001744517543859
2018-07-17,0.0001743738656987
2018-07-18,0.0001740705848249
2018-07-19,0.0001739255736878
2018-07-20,0.0001742929659173
2018-07-23,0.0001738595220854
2018-07-24,0.0001740538573508
2018-07-25,0.0001739320920043
2018-07-26,0.0001739146296971
2018-07-27,0.0001741262580054
2018-07-30,0.0001743900201797
2018-07-31,0.0001741335279095
2018-08-01,0.0001739146230699
2018-08-02,0.0001739526411657
2018-08-03,0.0001739465005496
2018-08-06,0.000173801683132
2018-08-07,0.0001740463588246
2018-08-08,0.0001737793851717
2018-08-09,0.0001738527214514
2018-08-10,0.0001738803418803
2018-08-13,0.0001735672514619
2018-08-14,0.0001736237757514
2018-08-15,0.0001738
2018-08-16,0.0001732573726541
2018-08-17,0.0001732998324958
2018-08-21,0.0001724333333333
2018-08-22,0.0001720991735537
2018-08-23,0.0001724827812397
2018-08-24,0.0001722006472491
2018-08-27,0.0001721989021633
2018-08-28,0.0001715151515151
2018-08-29,0.0001713823529411
2018-08-30,0.0001707978723404
2018-08-31,0.0001714789687924
2018-09-03,0.0001716042780748
2018-09-04,0.0001713477366255
2018-09-05,0.00017109375
2018-09-06,0.0001713788487282
2018-09-07,0.0001714787780481
2018-09-10,0.0001714553237025
2018-09-11,0.0001713186262881
2018-09-12,0.0001710849673202
2018-09-13,0.0001707458912768
2018-09-14,0.0001707727044656
2018-09-17,0.0001710346572223
2018-09-18,0.0001706476051445
2018-09-19,0.0001703391991838
2018-09-20,0.0001705235602094
2018-09-21,0.0001705518169582
2018-09-24,0.0001703217158176
2018-09-25,0.0001695538057742
2018-09-26,0.0001693586081537
2018-09-27,0.0001692695214105
2018-09-28,0.0001696484848484
2018-10-01,0.0001696464646464
2018-10-02,0.0001694488188976
2018-10-03,0.0001693552666489
2018-10-04,0.000168772845953
2018-10-05,0.0001692917547568
2018-10-08,0.000169374665954
2018-10-09,0.0001692349137931
2018-10-10,0.000168966442953
2018-10-11,0.0001685808039376
2018-10-12,0.0001678095238095
2018-10-16,0.0001683055555555
2018-10-17,0.0001679933665008
2018-10-18,0.0001672578444747
2018-10-19,0.0001671866447728
2018-10-22,0.000166730663741
2018-10-23,0.0001667122164525
2018-10-24,0.0001666486486486
2018-10-25,0.0001665398206034
2018-10-26,0.0001662052117263
2018-10-29,0.0001666395663956
2018-10-30,0.0001667937891582
2018-10-31,0.0001668428372739
2018-11-01,0.0001668068404821
2018-11-02,0.0001674274443505
2018-11-05,0.0001673211781206
2018-11-07,0.0001686291000841
2018-11-08,0.0001690985915492
2018-11-09,0.0001688700564971
2018-11-12,0.0001687464867903
2018-11-13,0.0001686269070735
2018-11-14,0.0001685793871866
2018-11-15,0.0001687933425797
2018-11-16,0.0001686334539382
2018-11-20,0.0001695964621337
2018-11-21,0.000168693973245
2018-11-22,0.0001686849315068
2018-11-23,0.0001685106382978
2018-11-26,0.0001683994878361
2018-11-27,0.000168093385214
2018-11-28,0.0001680967238689
2018-11-29,0.0001684252386002
2018-12-03,0.0001688493150684
2018-12-04,0.0001693048128342
2018-12-05,0.0001690520694259
2018-12-06,0.0001687002652519
2018-12-07,0.000169037433155
2018-12-10,0.0001688794476898
2018-12-11,0.000168315260513
2018-12-12,0.0001683160415003
2018-12-13,0.0001687549563838
2018-12-14,0.0001686402934241
2018-12-17,0.000169106116048
2018-12-18,0.0001688447464715
2018-12-19,0.0001682303883242
2018-12-20,0.0001687779237844
2018-12-21,0.0001688742593811
2018-12-26,0.0001683160621761
2018-12-27,0.0001673107049608
2018-12-28,0.0001677718832891
2018-12-31,0.0001677718832891
2019-01-02,0.0001672244355909
2019-01-03,0.0001670226969292
2019-01-04,0.0001661225582017
2019-01-07,0.0001666800696957
2019-01-08,0.0001667287234042
2019-01-09,0.0001665239496922
2019-01-10,0.0001661272923408
2019-01-11,0.0001661246612466
2019-01-14,0.000166
2019-01-15,0.0001654447439353
2019-01-16,0.0001653333333333
2019-01-17,0.0001649164677804
2019-01-18,0.000164475784992
2019-01-21,0.00016474801061
2019-01-22,0.000165041300293
2019-01-23,0.0001653887113951
2019-01-24,0.0001654278074866
2019-01-25,0.0001652714015662
2019-01-28,0.0001649259757738
2019-01-29,0.0001642705570291
2019-01-30,0.0001646760863769
2019-01-31,0.0001653012048192
2019-02-01,0.0001658326607479
2019-02-04,0.0001658510352245
2019-02-05,0.0001658870967741
2019-02-06,0.0001654850746268
2019-02-07,0.0001658381808566
2019-02-08,0.0001656538969616
2019-02-11,0.000165734634661
2019-02-12,0.0001653593050802
2019-02-13,0.0001655416012558
2019-02-14,0.0001651753008895
2019-02-15,0.0001653029518384
2019-02-18,0.0001649226804123
2019-02-19,0.0001645530939648
2019-02-20,0.0001652886312074
2019-02-21,0.0001646091576018
2019-02-22,0.0001640489546149
2019-02-25,0.0001642551665855
2019-02-26,0.0001640596861332
2019-02-27,0.0001635497166409
2019-02-28,0.0001642145593869
2019-03-01,0.0001646068826927
2019-03-06,0.0001641717791411
2019-03-07,0.0001643764705882
2019-03-08,0.0001640533980582
2019-03-11,0.0001639225181598
2019-03-12,0.0001641445783132
2019-03-13,0.0001638106796116
2019-03-14,0.0001633799362276
2019-03-15,0.000163175
2019-03-18,0.000163125
2019-03-19,0.0001627901234567
2019-03-20,0.0001628396572827
2019-03-21,0.000162825822168
2019-03-22,0.0001623205741626
2019-03-25,0.0001619296577946
2019-03-26,0.0001623592870544
2019-03-27,0.0001619101891953
2019-03-28,0.0001615860646344
2019-03-29,0.0001618454440599
2019-04-01,0.0001614844298759
2019-04-03,0.0001615348728714
2019-04-04,0.0001612992398064
2019-04-05,0.0001613248349647
2019-04-08,0.0001612128146453
2019-04-09,0.0001611764705882
2019-04-10,0.0001608928156242
2019-04-11,0.0001607953216374
2019-04-12,0.0001608345187292
2019-04-15,0.0001607640557424
2019-04-16,0.0001608870016513
2019-04-17,0.000160214797136
2019-04-22,0.0001601224105461
2019-04-23,0.0001598349056603
2019-04-24,0.0001594311717861
2019-04-25,0.000159710467706
2019-04-26,0.0001595170763541
2019-04-29,0.0001589396503102
2019-04-30,0.0001589354473386
2019-05-02,0.0001585044642857
2019-05-03,0.0001582358235823
2019-05-06,0.0001577603583426
2019-05-07,0.0001574674608427
2019-05-08,0.0001570509977827
2019-05-09,0.0001571933701657
2019-05-10,0.0001563616071428
2019-05-13,0.0001574722838137
2019-05-14,0.0001578385590393
2019-05-15,0.0001566222222222
2019-05-16,0.0001590087073007
2019-05-17,0.0001591333333333
2019-05-20,0.0001587961938481
2019-05-21,0.0001582086218449
2019-05-22,0.0001576837416481
2019-05-23,0.0001582834331337
2019-05-24,0.0001587014725568
2019-05-27,0.0001599331103678
2019-05-28,0.000157126874021
2019-05-29,0.0001584926884139
2019-05-30,0.0001583613916947
2019-05-31,0.000159383378016
2019-06-03,0.0001589703588143
2019-06-04,0.0001593603220755
2019-06-05,0.0001586191536748
2019-06-06,0.0001458045849098
2019-06-07,0.0001594871794871
2019-06-10,0.0001597327394209
2019-06-11,0.000159865771812
2019-06-12,0.0001595832379207
2019-06-13,0.0001601337329951
2019-06-14,0.0001614282465317
2019-06-18,0.0001615455381784
2019-06-19,0.0001609006928406
2019-06-21,0.0001612759990652
2019-06-24,0.0001612158341187
2019-06-25,0.0001609485606418
2019-06-26,0.0001608237772057
2019-06-27,0.0001613583138173
2019-06-28,0.0001615288604196
2019-07-01,0.0001614349775784
2019-07-02,0.0001611611374407
2019-07-03,0.0001615512729003
2019-07-04,0.0001621175908221
2019-07-05,0.0001627479091995
2019-07-10,0.0001651123864179
2019-07-11,0.0001655635491606
2019-07-12,0.0001663701923076
2019-07-15,0.0001669103773584
2019-07-16,0.0001672526957337
2019-07-17,0.0001659764705882
2019-07-18,0.0001673262661955
2019-07-19,0.0001671381423856
2019-07-22,0.0001672084805653
2019-07-23,0.0001670651664322
2019-07-24,0.0001662467926288
2019-07-25,0.0001661517177772
2019-07-26,0.0001665743944636
2019-07-29,0.0001660050193931
2019-07-30,0.0001662417482358
2019-07-31,0.0001666818596171
2019-08-01,0.0001652389540126
2019-08-02,0.0001658902575587
2019-08-05,0.0001656188173224
2019-08-06,0.0001647240618101
2019-08-07,0.0001635885062513
2019-08-08,0.0001639982308712
2019-08-09,0.000164906077348
2019-08-12,0.0001641886792452
2019-08-13,0.0001639068100358
2019-08-14,0.0001639238410596
2019-08-15,0.0001639126637554
2019-08-16,0.0001634363636363
2019-08-20,0.0001628310502283
2019-08-21,0.0001624863685932
2019-08-22,0.0001617353421673
2019-08-23,0.0001608522212148
2019-08-26,0.0001602821486706
2019-08-27,0.0001596092362344
2019-08-28,0.000159139414802
2019-08-29,0.0001589119170984
2019-08-30,0.0001599395059653
2019-09-02,0.0001598035714285
2019-09-03,0.0001588245802072
2019-09-04,0.0001598571428571
2019-09-05,0.000160149973219
2019-09-06,0.0001592619132927
2019-09-09,0.0001585683684398
2019-09-10,0.0001582217461167
2019-09-11,0.0001572801708793
2019-09-12,0.0001578966131907
2019-09-13,0.0001577080734271
2019-09-16,0.0001577292110874
2019-09-17,0.0001574159292035
2019-09-18,0.0001571125265392
2019-09-19,0.0001565140533851
2019-09-20,0.0001563084524439
2019-09-23,0.0001564827828531
2019-09-24,0.0001569896254615
2019-09-25,0.0001563540753724
2019-09-26,0.0001564411816116
2019-09-27,0.0001565596650383
2019-09-30,0.000156728598715
2019-10-01,0.0001562803608605
2019-10-02,0.0001561051539259
2019-10-03,0.0001562792309024
2019-10-04,0.0001560020786419
2019-10-07,0.0001561721991701
2019-10-08,0.0001562143474503
2019-10-09,0.0001559579237799
2019-10-10,0.0001558640910658
2019-10-11,0.0001557450473729
2019-10-15,0.0001551055431611
2019-10-16,0.0001542469321999
2019-10-17,0.0001543064867367
2019-10-18,0.0001545501285347
2019-10-21,0.0001548965988719
2019-10-22,0.0001544927536231
2019-10-23,0.0001542542372881
2019-10-24,0.0001542472666105
2019-10-25,0.0001541090181696
2019-10-28,0.0001544537815126
2019-10-29,0.0001549352614763
2019-10-30,0.0001549564634963
2019-10-31,0.0001550863080274
2019-11-01,0.0001549958158995
2019-11-04,0.0001555443886097
2019-11-05,0.0001554233025984
2019-11-07,0.0001547986577181
2019-11-08,0.0001548571428571
2019-11-11,0.0001545120934111
2019-11-12,0.0001547068676716
2019-11-13,0.0001549062290689
2019-11-14,0.0001549732083054
2019-11-15,0.0001551868610692
2019-11-19,0.0001543642151114
2019-11-20,0.0001544282605056
2019-11-21,0.0001546153846153
2019-11-22,0.0001547933746026
2019-11-25,0.0001550494054597
2019-11-26,0.0001546713380046
2019-11-27,0.0001544754893759
2019-11-28,0.0001548872180451
2019-11-29,0.0001546713380046
2019-12-02,0.0001546977907461
2019-12-03,0.0001554443053817
2019-12-04,0.0001553941215764
2019-12-05,0.0001552388097024
2019-12-06,0.0001553053053053
2019-12-09,0.000155509216782
2019-12-10,0.0001553216374269
2019-12-11,0.0001552286215832
2019-12-12,0.0001553790855136
2019-12-13,0.0001550922830012
2019-12-16,0.0001549109755078
2019-12-17,0.0001544595837164
2019-12-18,0.0001549276937223
2019-12-19,0.0001549778483657
2019-12-20,0.0001551115940817
2019-12-23,0.0001551925320886
2019-12-26,0.000154182668225
2019-12-27,0.0001543707170315
2019-12-30,0.0001549507430288
2019-12-31,0.000154666889297
2020-01-02,0.000154309119786
2020-01-03,0.0001541920922845
2020-01-06,0.0001537072640641
2020-01-07,0.0001534732090612
2020-01-08,0.0001535066454902
2020-01-09,0.0001537239822786
2020-01-10,0.0001538050020061
2020-01-13,0.0001537114261884
2020-01-14,0.0001534798534798
2020-01-15,0.0001533277731442
2020-01-16,0.0001533972488536
2020-01-17,0.0001530705774518
2020-01-20,0.0001532134532134
2020-01-21,0.0001532612312811
2020-01-22,0.0001532045946395
2020-01-23,0.0001533621837549
2020-01-24,0.0001535171656321
2020-01-27,0.0001533488449393
2020-01-28,0.0001531571950814
2020-01-29,0.0001531628756433
2020-01-30,0.000152846473029
2020-01-31,0.0001531234465617
2020-02-03,0.0001536464362493
2020-02-04,0.0001540112248266
2020-02-05,0.0001540683281069
2020-02-06,0.000153468446202
2020-02-07,0.0001536360644948
2020-02-10,0.0001530879989504
2020-02-11,0.0001531275053583
2020-02-12,0.0001531790491433
2020-02-13,0.0001531544739285
2020-02-14,0.0001533705397093
2020-02-17,0.0001534482479041
2020-02-18,0.0001530764490285
2020-02-19,0.0001526511040191
2020-02-20,0.0001528912913301
2020-02-21,0.0001528970390853
2020-02-26,0.0001534893459388
2020-02-27,0.0001532531904279
2020-02-28,0.0001533033274393
2020-03-02,0.0001532469201239
2020-03-03,0.0001535412219743
2020-03-04,0.0001531936047723
2020-03-05,0.0001530143065412
2020-03-06,0.0001529769526248
2020-03-09,0.0001517831440908
2020-03-10,0.0001519915640128
2020-03-11,0.0001521461624381
2020-03-12,0.0001518489628933
2020-03-13,0.0001522917693445
2020-03-16,0.0001521121845206
2020-03-17,0.000151775115149
2020-03-18,0.0001509395231327
2020-03-19,0.0001504980408818
2020-03-20,0.0001504625999686
2020-03-25,0.0001517720530835
2020-03-26,0.0001519251428482
2020-03-27,0.0001524010619633
2020-03-30,0.0001519800214056
2020-04-01,0.0001522261308868
2020-04-02,0.0001525494437577
2020-04-03,0.0001528423971653
2020-04-06,0.0001539467610401
2020-04-07,0.0001541747990594
2020-04-08,0.0001541896869244
2020-04-13,0.000154221474457
2020-04-14,0.0001543053435114
2020-04-15,0.000153949313461
2020-04-16,0.0001540918770915
2020-04-17,0.0001542818098997
2020-04-20,0.0001542437102152
2020-04-21,0.0001542896050839
2020-04-22,0.0001538275705873
2020-04-23,0.0001530910735826
2020-04-24,0.000152446183953
2020-04-27,0.0001526078460844
2020-04-28,0.0001531742458352
2020-04-29,0.0001536779026217
2020-04-30,0.0001534709754637
2020-05-04,0.0001532646048109
2020-05-05,0.0001534179104477
2020-05-06,0.0001527272727272
2020-05-07,0.0001520910849828
2020-05-08,0.0001526683514196
2020-05-11,0.0001523823660382
2020-05-12,0.0001524755410613
2020-05-13,0.0001523097423748
2020-05-14,0.0001523063276167
2020-05-15,0.0001523106452089
2020-05-18,0.0001516809200825
2020-05-19,0.00015176730486
2020-05-20,0.0001511176470588
2020-05-21,0.0001513878689969
2020-05-22,0.0001509533587562
2020-05-26,0.0001508129485864
2020-05-27,0.0001502194265652
2020-05-28,0.0001505332359386
2020-05-29,0.0001503647505106
2020-06-01,0.0001502112778668
2020-06-02,0.000150211031873
2020-06-03,0.0001502252579566
2020-06-04,0.0001501451378809
2020-06-05,0.0001500507319901
2020-06-08,0.000150260567458
2020-06-09,0.0001502385427208
2020-06-10,0.0001495668495524
2020-06-11,0.0001494733804645
2020-06-12,0.0001494738359521
2020-06-16,0.0001488435569602
2020-06-17,0.0001489450265537
2020-06-18,0.0001486808144536
2020-06-19,0.0001481948424068
2020-06-22,0.0001485350864656
2020-06-23,0.0001487362558903
2020-06-24,0.0001481455064194
2020-06-25,0.000147976054732
2020-06-26,0.0001474651096553
2020-06-29,0.0001470170454545
2020-06-30,0.0001468918535339
2020-07-01,0.0001467810550198
2020-07-02,0.0001467412864834
2020-07-03,0.0001467015855039
2020-07-06,0.0001462298785653
2020-07-07,0.0001462819246507
2020-07-08,0.000146377220186
2020-07-13,0.0001450028074115
2020-07-14,0.0001445582047685
2020-07-15,0.0001445207399103
2020-07-16,0.0001447353682441
2020-07-17,0.0001443620593172
2020-07-20,0.0001451018699413
2020-07-21,0.0001436698271054
2020-07-22,0.000143591529674
2020-07-23,0.000143346325167
2020-07-24,0.0001441029207232
2020-07-27,0.000144076026637
2020-07-28,0.0001438037149986
2020-07-29,0.0001437534626038
2020-07-30,0.0001441876556877
2020-07-31,0.0001444690265486
2020-08-03,0.0001441809156094
2020-08-04,0.0001440264572137
2020-08-05,0.000144340402093
2020-08-06,0.0001441953232462
2020-08-07,0.0001443177133434
2020-08-10,0.0001441809458533
2020-08-11,0.0001440821917808
2020-08-12,0.0001437782340862
2020-08-13,0.0001438106962111
2020-08-14,0.0001439584472389
2020-08-18,0.000143651226158
2020-08-19,0.0001435764833968
2020-08-20,0.0001435468516251
2020-08-21,0.0001435852133731
2020-08-24,0.0001437271124372
2020-08-25,0.0001435171385991
2020-08-26,0.0001431221229352
2020-08-27,0.0001431971869083
2020-08-28,0.0001433108108108
2020-08-31,0.0001435292531679
2020-09-01,0.0001432861952861
2020-09-02,0.0001431781485468
2020-09-03,0.0001427937617639
2020-09-04,0.0001429473401397
2020-09-07,0.0001431614199598
2020-09-08,0.0001430866015259
2020-09-09,0.0001430119031697
2020-09-10,0.0001431186531266
2020-09-11,0.0001434254438659
2020-09-14,0.0001433839190628
2020-09-15,0.0001429711397792
2020-09-16,0.0001430697674418
2020-09-17,0.0001431226765799
2020-09-18,0.0001431546829397
2020-09-21,0.000143034792962
2020-09-22,0.0001430667547918
2020-09-23,0.0001428684627575
2020-09-24,0.0001428345209817
2020-09-25,0.0001431377719182
2020-09-28,0.0001431501446226
2020-09-29,0.0001428928008407
2020-09-30,0.000143055920189
2020-10-01,0.0001429639344262
2020-10-02,0.0001429239766081
2020-10-05,0.0001427476951045
2020-10-06,0.0001427348209652
2020-10-07,0.0001428219426792
2020-10-08,0.000142614446894
2020-10-09,0.0001426960466623
2020-10-13,0.000142541650523
2020-10-14,0.000142243159525
2020-10-15,0.0001423389699238
2020-10-16,0.0001421955624355
2020-10-19,0.0001422144882701
2020-10-20,0.0001421858908341
2020-10-21,0.0001420450160771
2020-10-22,0.0001420466188524
2020-10-23,0.0001420453091002
2020-10-26,0.0001420138001533
2020-10-27,0.0001425670498084
2020-10-28,0.0001423572979185
2020-10-29,0.0001420945083014
2020-10-30,0.0001421348314606
2020-11-02,0.0001423433727284
2020-11-03,0.0001423793234511
2020-11-04,0.0001422877388333
2020-11-05,0.0001422503160556
2020-11-09,0.0001423188405797
2020-11-10,0.0001423769356666
2020-11-11,0.0001423072084538
2020-11-12,0.000142156862745
2020-11-13,0.0001421442006269
2020-11-16,0.0001422408403151
2020-11-17,0.0001419540229885
2020-11-18,0.0001419713038053
2020-11-19,0.000142202291978
2020-11-20,0.0001423771001866
2020-11-24,0.0001418587360594
2020-11-25,0.0001416883277633
2020-11-26,0.0001417480529113
2020-11-27,0.000141889724929
2020-11-30,0.0001422949206739
2020-12-01,0.0001425518850546
2020-12-02,0.0001423242115597
2020-12-03,0.0001422878862187
2020-12-04,0.0001422780159216
2020-12-09,0.0001421014139444
2020-12-10,0.0001420796298551
2020-12-11,0.0001423062887726
2020-12-14,0.0001426682838083
2020-12-15,0.0001430873621713
2020-12-16,0.00014322198015
2020-12-17,0.0001432595816708
2020-12-18,0.0001443384838242
2020-12-21,0.0001460493084786
2020-12-22,0.0001469549549549
2020-12-23,0.000145381477927
2020-12-28,0.0001478665077473
2020-12-29,0.0001463937157819
2020-12-30,0.0001449197860962
2020-12-31,0.0001446821152703
2021-01-04,0.0001446044864226
2021-01-05,0.0001452658884565
2021-01-06,0.0001463667412554
2021-01-07,0.0001457176470588
2021-01-08,0.0001451245300751
2021-01-11,0.000144746398032
2021-01-12,0.0001448227448227
2021-01-13,0.0001454587960257
2021-01-14,0.000145551144325
2021-01-15,0.0001459062281315
2021-01-18,0.0001454577137546
2021-01-19,0.000144774388122
2021-01-20,0.0001447133757961
2021-01-21,0.0001443248871919
2021-01-22,0.0001441261406953
2021-01-25,0.0001440506329113
2021-01-26,0.0001438060216042
2021-01-27,0.0001429801400528
2021-01-28,0.0001436009174311
2021-01-29,0.0001438795373869
2021-02-01,0.0001446461187214
2021-02-02,0.0001449372862029
2021-02-03,0.0001455239179954
2021-02-04,0.0001455010806506
2021-02-05,0.0001456931818181
2021-02-08,0.0001469434047862
2021-02-09,0.0001469975073646
2021-02-10,0.000147419646899
2021-02-11,0.0001483323911814
2021-02-12,0.0001490286875988
2021-02-17,0.0001511693276366
2021-02-18,0.0001504042218728
2021-02-19,0.000150886246354
2021-02-22,0.0001511126020351
2021-02-23,0.0001513570870099
2021-02-24,0.0001513046387154
2021-02-25,0.0001509526462395
2021-02-26,0.0001510354041416
2021-03-01,0.0001513375513375
2021-03-02,0.0001503826955074
2021-03-03,0.000149717388895
2021-03-04,0.00014993908517
2021-03-05,0.0001502047139537
2021-03-08,0.0001506459092414
2021-03-09,0.0001510147804985
2021-03-10,0.0001516093474426
2021-03-11,0.0001513218770654
2021-03-12,0.0001509851403412
2021-03-15,0.0001510981770261
2021-03-16,0.0001515307802041
2021-03-17,0.0001520504385964
2021-03-18,0.0001526067907995
2021-03-19,0.0001529553415061
2021-03-22,0.0001525062793491
2021-03-23,0.0001531427324312
2021-03-25,0.0001547346627438
2021-03-26,0.0001550522648083
2021-03-29,0.0001580676748993
2021-03-30,0.000162472814267
2021-03-31,0.0001584456521739
2021-04-05,0.0001563963573287
2021-04-06,0.0001568270481144
2021-04-07,0.0001591898624499
2021-04-08,0.0001598722667243
2021-04-09,0.0001599956728688
2021-04-12,0.0001600237632317
2021-04-13,0.0001592312675448
2021-04-14,0.0001561238804359
2021-04-15,0.0001555435720448
2021-04-16,0.0001559637970046
2021-04-19,0.0001559298321136
2021-04-20,0.000155394213187
2021-04-21,0.0001549930130065
2021-04-22,0.0001545181046524
2021-04-23,0.0001539948453608
2021-04-26,0.0001543368714484
2021-04-27,0.0001541733633344
2021-04-28,0.0001532748287671
2021-04-29,0.0001523422459893
2021-04-30,0.0001518490808037
2021-05-03,0.0001512971068645
2021-05-04,0.0001500266780493
2021-05-05,0.0001486506666666
2021-05-06,0.000147393112272
2021-05-07,0.0001474800213106
2021-05-10,0.0001477376769935
2021-05-11,0.0001493986162852
2021-05-12,0.0001514045541604
2021-05-13,0.0001493245399425
2021-05-14,0.0001496809868141
2021-05-17,0.000149144799745
2021-05-18,0.0001489804587935
2021-05-19,0.0001489596602972
2021-05-20,0.0001488539898132
2021-05-21,0.0001482231887132
2021-05-26,0.0001483911939034
2021-05-27,0.0001474135195176
2021-05-28,0.0001473984771573
2021-05-31,0.0001476406629367
2021-06-01,0.0001477990077061
2021-06-02,0.0001477893848264
2021-06-03,0.0001478325071195
2021-06-04,0.0001480497575374
2021-06-07,0.0001488313329121
2021-06-08,0.0001494790022102
2021-06-09,0.0001494687006838
2021-06-10,0.0001489012722111
2021-06-11,0.0001487122884473
2021-06-14,0.0001484409448818
2021-06-15,0.0001484679958027
2021-06-16,0.0001484314342671
2021-06-17,0.0001484009646639
2021-06-18,0.0001480968858131
2021-06-22,0.0001474709393653
2021-06-23,0.0001473254475034
2021-06-24,0.0001474306645735
2021-06-25,0.0001478138075313
2021-06-28,0.0001483227087469
2021-06-29,0.0001481767840351
2021-06-30,0.0001481090681153
2021-07-01,0.0001479010025062
2021-07-02,0.0001476250130493
2021-07-05,0.0001472465581977
2021-07-06,0.0001473777499739
2021-07-07,0.0001472795497185
2021-07-08,0.0001470882383581
2021-07-12,0.0001465709230929
2021-07-13,0.0001461298377028
2021-07-14,0.0001463498336106
2021-07-15,0.0001462362237471
2021-07-16,0.0001462066098524
2021-07-19,0.0001458623195929
2021-07-20,0.0001455989204899
2021-07-21,0.0001451432129514
2021-07-22,0.0001448501192822
2021-07-23,0.0001447210122381
2021-07-26,0.0001445929148539
2021-07-27,0.0001442994718856
2021-07-28,0.000144405341062
2021-07-29,0.0001445778145695
2021-07-30,0.0001446892129485
2021-08-02,0.0001445913834073
2021-08-03,0.000144551182729
2021-08-04,0.0001441598678095
2021-08-05,0.0001441944473113
2021-08-06,0.0001441589267285
2021-08-09,0.000144412371134
2021-08-10,0.0001446253735957
2021-08-11,0.0001446104699093
2021-08-12,0.0001443597403935
2021-08-13,0.0001444135516424
2021-08-17,0.0001445655526992
2021-08-18,0.0001443290488431
2021-08-19,0.0001441303453947
2021-08-20,0.0001441064638783
2021-08-23,0.0001441786447638
2021-08-24,0.000144135454079
2021-08-25,0.0001442449733278
2021-08-26,0.0001440889982569
2021-08-27,0.0001441369413694
2021-08-30,0.000144386449698
2021-08-31,0.0001444853693472
2021-09-01,0.000144375127838
2021-09-02,0.0001442195645507
2021-09-03,0.0001442979767014
2021-09-06,0.0001446043899948
2021-09-07,0.0001446882334932
2021-09-08,0.0001444036322824
2021-09-09,0.0001446608873023
2021-09-10,0.0001447446222856
2021-09-13,0.0001447601588756
2021-09-14,0.0001449750534568
2021-09-15,0.0001449669211195
2021-09-16,0.0001448118006103
2021-09-17,0.0001450894672631
2021-09-20,0.0001453686776355
2021-09-21,0.0001455367116888
2021-09-22,0.0001453853183064
2021-09-23,0.0001451796224883
2021-09-24,0.0001452617694805
2021-09-27,0.000145300618473
2021-09-28,0.0001451246705858
2021-09-29,0.0001451175040518
2021-09-30,0.0001447842819526
2021-10-01,0.000144741370584
2021-10-04,0.0001446591138984
2021-10-05,0.0001443624228941
2021-10-06,0.0001445814799838
2021-10-07,0.000144754396604
2021-10-12,0.0001449288525582
2021-10-13,0.0001448849878934
2021-10-14,0.0001448063735377
2021-10-15,0.000144787255495
2021-10-18,0.0001446761357912
2021-10-19,0.0001445775853388
2021-10-20,0.0001445898339204
2021-10-21,0.0001445305424172
2021-10-22,0.0001447228091357
2021-10-25,0.000144772818657
2021-10-26,0.0001446062675773
2021-10-27,0.0001446161565479
2021-10-28,0.0001445882234928
2021-10-29,0.0001448756518251
2021-11-01,0.0001449453962528
2021-11-02,0.0001452032845984
2021-11-03,0.000145250725653
2021-11-04,0.00014518807523
2021-11-05,0.0001451070642385
2021-11-08,0.0001453237410071
2021-11-09,0.0001455399061032
2021-11-10,0.0001455416874687
2021-11-11,0.0001454427473295
2021-11-12,0.0001455497904609
2021-11-15,0.0001456367806921
2021-11-16,0.000145817130322
2021-11-17,0.0001457498754359
2021-11-18,0.000145991435116
2021-11-19,0.0001462671710133
2021-11-23,0.0001464054887143
2021-11-24,0.000146541443053
2021-11-25,0.0001465435041716
2021-11-26,0.0001462003968253
2021-11-29,0.0001460471567267
2021-11-30,0.0001462262282091
2021-12-01,0.0001464554455445
2021-12-02,0.0001467457962413
2021-12-03,0.0001467674970344
2021-12-06,0.0001466429699842
2021-12-07,0.0001462137645434
2021-12-09,0.0001463068741382
2021-12-10,0.0001464992614475
2021-12-13,0.0001469321533923
2021-12-14,0.0001471605423462
2021-12-15,0.0001470241602828
2021-12-16,0.0001471736997055
2021-12-17,0.0001469307707393
2021-12-20,0.0001468912170762
2021-12-21,0.0001466744913928
2021-12-22,0.0001465773518482
2021-12-23,0.0001469208211143
2021-12-27,0.0001470548078798
2021-12-28,0.0001466380822451
2021-12-29,0.0001460070120763
2021-12-30,0.0001453271028037
2021-12-31,0.0001454147196261
2022-01-03,0.0001449126213592
2022-01-04,0.00014425259482
2022-01-05,0.0001437948419623
2022-01-06,0.0001435780705153
2022-01-07,0.000143764523625
2022-01-10,0.0001439860883006
2022-01-11,0.0001439648512939
2022-01-12,0.0001436824845679
2022-01-13,0.0001435867784523
2022-01-14,0.0001434033127889
2022-01-17,0.0001433621517771
2022-01-18,0.0001434962081213
2022-01-19,0.0001434094397544
2022-01-20,0.0001429489023104
2022-01-21,0.0001424669350201
2022-01-24,0.0001421888453075
2022-01-25,0.0001418849168419
2022-01-26,0.0001415472779369
2022-01-27,0.0001411759091342
2022-01-28,0.000141024418161
2022-01-31,0.0001416111216911
2022-02-01,0.0001419901065449
2022-02-02,0.0001420817490494
2022-02-03,0.0001425790523217
2022-02-04,0.0001431173512949
2022-02-07,0.0001434708554125
2022-02-08,0.0001440653940653
2022-02-09,0.0001436962886013
2022-02-10,0.0001436468257711
2022-02-11,0.0001438530381535
2022-02-14,0.0001438322677698
2022-02-15,0.000143843336151
2022-02-16,0.0001441077125164
2022-02-17,0.000144089247211
2022-02-18,0.0001438846225884
2022-02-21,0.000143899476831
2022-02-22,0.0001438193861367
2022-02-23,0.000144043624161
2022-02-24,0.0001430806481653
2022-02-25,0.0001427733829688
2022-03-02,0.0001433707032335
2022-03-03,0.0001431546792557
2022-03-04,0.000143290483677
2022-03-07,0.0001437200295094
2022-03-08,0.0001435980103168
2022-03-09,0.0001434118513065
2022-03-10,0.0001434678679783
2022-03-11,0.0001436260102865
2022-03-14,0.0001435439560439
2022-03-15,0.00014355104281
2022-03-16,0.0001435426377844
2022-03-17,0.0001435211396219
2022-03-18,0.0001433728350045
2022-03-21,0.0001434845867054
2022-03-22,0.0001436176978286
2022-03-23,0.0001437284443637
2022-03-25,0.0001436310925892
2022-03-28,0.0001434586194434
2022-03-29,0.0001435029778018
2022-03-30,0.0001437280187573
2022-03-31,0.0001440500855778
2022-04-01,0.0001442494600431
2022-04-04,0.000144546024917
2022-04-05,0.0001446105640107
2022-04-06,0.0001449074488062
2022-04-07,0.0001454139501652
2022-04-08,0.0001460948644793
2022-04-11,0.0001465357967667
2022-04-12,0.0001466122738559
2022-04-13,0.0001462689209524
2022-04-18,0.0001457977646748
2022-04-19,0.0001459483213218
2022-04-20,0.0001460249210249
2022-04-21,0.0001463055482513
2022-04-22,0.0001462312877527
2022-04-25,0.0001465207534007
2022-04-26,0.0001463996517196
2022-04-27,0.0001460709318497
2022-04-28,0.0001461538461538
2022-04-29,0.0001463706530222
2022-05-02,0.000146375183617
2022-05-03,0.0001463191507724
2022-05-04,0.0001464316497155
2022-05-05,0.0001463756887052
2022-05-06,0.0001462338779019
2022-05-09,0.000145704496788
2022-05-10,0.000145642692209
2022-05-11,0.000145293816194
2022-05-12,0.0001452963752665
2022-05-13,0.0001453035851145
2022-05-16,0.0001456982861021
2022-05-17,0.0001457525196917
2022-05-19,0.0001460790941355
2022-05-20,0.0001461850101282
2022-05-23,0.0001459391289725
2022-05-24,0.0001458987490554
2022-05-26,0.0001458253077631
2022-05-27,0.000145704726056
2022-05-30,0.0001453462211482
2022-05-31,0.0001457154742096
2022-06-01,0.0001456698803191
2022-06-02,0.0001458243400298
2022-06-03,0.0001460473980775
2022-06-06,0.0001460655602344
2022-06-07,0.0001463764531288
2022-06-08,0.0001462741869081
2022-06-09,0.0001457326097681
2022-06-10,0.0001459561540356
2022-06-13,0.0001454129190515
2022-06-14,0.0001455918367346
2022-06-15,0.0001454930725346
2022-06-16,0.0001455580865603
2022-06-21,0.0001454920352551
2022-06-22,0.0001453936213161
2022-06-23,0.0001453182917002
2022-06-24,0.00014551674179
2022-06-27,0.0001455857589607
2022-06-28,0.0001456955233442
2022-06-29,0.0001459293026231
2022-06-30,0.0001460033538289
2022-07-01,0.0001459465922678
2022-07-04,0.0001458912266772
2022-07-05,0.0001458478605388
2022-07-06,0.0001458580583906
2022-07-07,0.0001455594184576
2022-07-08,0.0001456151419558
2022-07-11,0.0001455987436199
2022-07-12,0.0001457245865663
2022-07-13,0.0001457205445157
2022-07-14,0.000145671875
2022-07-15,0.0001456140350877
2022-07-18,0.0001454891009231
2022-07-19,0.0001457178256156
2022-07-20,0.0001456948523728
2022-07-21,0.000145662910943
2022-07-22,0.0001454370279019
2022-07-25,0.0001452684049079
2022-07-26,0.0001452096724823
2022-07-27,0.0001449469100909
2022-07-28,0.0001449816961561
2022-07-29,0.0001453264264493
2022-08-01,0.000145591022822
2022-08-02,0.0001455900151285
2022-08-03,0.0001457634798368
2022-08-04,0.0001457629674306
2022-08-05,0.0001454511249905
2022-08-08,0.000145616530658
2022-08-09,0.0001454986925663
2022-08-10,0.0001451995524058
2022-08-11,0.000145170179489
2022-08-12,0.000145330262278
2022-08-16,0.0001453040715288
2022-08-17,0.0001454364347376
2022-08-18,0.00014529455081
2022-08-19,0.0001452449144451
2022-08-22,0.0001451405152224
2022-08-23,0.0001452208835341
2022-08-24,0.0001456799125045
2022-08-25,0.0001453784570596
2022-08-26,0.0001454030501089
2022-08-29,0.0001452935222672
2022-08-30,0.000145
2022-08-31,0.0001449650400057
2022-09-01,0.0001446666187153
2022-09-05,0.0001447177074422
2022-09-06,0.0001448776323278
2022-09-07,0.0001448224431818
2022-09-08,0.0001446121147715
2022-09-09,0.0001445607582402
2022-09-12,0.0001441734607815
2022-09-13,0.0001439753121054
2022-09-14,0.0001437779955207
2022-09-15,0.0001432053072625
2022-09-16,0.0001432343924191
2022-09-19,0.0001431668629216
2022-09-20,0.000143003318584
2022-09-21,0.0001428739043412
2022-09-22,0.0001427046018186
2022-09-23,0.0001427392739273
2022-09-26,0.0001425953780938
2022-09-27,0.0001421709763253
2022-09-28,0.0001418493803622
2022-09-29,0.0001413068606785
2022-09-30,0.0001413453706217
2022-10-03,0.0001411522633744
2022-10-04,0.0001413755972811
2022-10-05,0.0001412950026867
2022-10-06,0.0001409852546916
2022-10-11,0.0001404406397239
2022-10-12,0.0001401681673728
2022-10-13,0.0001398215465961
2022-10-14,0.0001397784225797
2022-10-17,0.0001395409836065
2022-10-18,0.0001391113728569
2022-10-19,0.0001386277581929
2022-10-20,0.0001382190085336
2022-10-21,0.0001380258794459
2022-10-24,0.0001381801731937
2022-10-25,0.0001379675006448
2022-10-26,0.0001377308707124
2022-10-27,0.0001372663626437
2022-10-28,0.0001375400589667
2022-10-31,0.0001377732458096
2022-11-01,0.0001376017293997
2022-11-02,0.0001377411167512
2022-11-03,0.0001380762411347
2022-11-04,0.0001383623957543
2022-11-07,0.0001392796636757
2022-11-08,0.0001400037568092
2022-11-09,0.0001401324834395
2022-11-10,0.0001415736641935
2022-11-11,0.0001419601742377
2022-11-14,0.0001411361107677
2022-11-15,0.0001401431038736
2022-11-16,0.0001397611866806
2022-11-17,0.0001394643076545
2022-11-18,0.0001388895698002
2022-11-22,0.0001391040058355
2022-11-23,0.0001387951953409
2022-11-24,0.0001382180255432
2022-11-25,0.0001382812971797
2022-11-28,0.0001387935174069
2022-11-29,0.0001382846190704
2022-11-30,0.0001385999521759
2022-12-01,0.0001386835201526
2022-12-02,0.0001388303884823
2022-12-05,0.0001390340506029
2022-12-06,0.0001396660569945
2022-12-07,0.0001408475573866
2022-12-12,0.0001385481706249
2022-12-13,0.0001390896921017
2022-12-14,0.0001388549840162
2022-12-15,0.0001383664945762
2022-12-16,0.0001383729009843
2022-12-19,0.0001385829493087
2022-12-20,0.0001384809981026
2022-12-21,0.0001372159742942
2022-12-22,0.0001368991004411
2022-12-23,0.0001367364447494
2022-12-26,0.0001366243669265
2022-12-27,0.0001363476285146
2022-12-28,0.0001359467120181
2022-12-29,0.0001360448014481
2022-12-30,0.0001362497177692
2023-01-02,0.0001369071007577
2023-01-03,0.0001366001345593
2023-01-04,0.0001365162879211
2023-01-05,0.0001364870906449
2023-01-06,0.0001363570432357
2023-01-09,0.0001360208784496
2023-01-10,0.0001354196695864
2023-01-11,0.0001352355122599
2023-01-12,0.0001350555340664
2023-01-13,0.0001350582004744
2023-01-16,0.0001349341383095
2023-01-17,0.0001348183462107
2023-01-18,0.0001346808161479
2023-01-19,0.0001344219321719
2023-01-20,0.0001343581357318
2023-01-23,0.0001349026414275
2023-01-24,0.0001351453787427
2023-01-25,0.0001354645192671
2023-01-26,0.0001353820418735
2023-01-27,0.0001352944345671
2023-01-30,0.0001358168953687
2023-01-31,0.0001366096256684
2023-02-01,0.0001367024400662
2023-02-02,0.0001366476515434
2023-02-03,0.0001367620465907
2023-02-06,0.0001369626143514
2023-02-07,0.000137315322921
2023-02-08,0.0001373031340531
2023-02-09,0.0001373902528783
2023-02-10,0.0001373366227494
2023-02-13,0.0001373180276545
2023-02-14,0.0001373509036929
2023-02-15,0.0001372180060297
2023-02-16,0.0001369392729347
2023-02-17,0.0001363993995548
2023-02-22,0.0001365632213388
2023-02-23,0.0001368900721929
2023-02-24,0.0001371422730989
2023-02-27,0.0001371424216249
2023-02-28,0.0001382957139234
2023-03-01,0.0001386698385382
2023-03-02,0.0001387527164299
2023-03-03,0.0001390558805729
2023-03-06,0.0001390689274606
2023-03-07,0.0001390825320512
2023-03-08,0.000138784696174
2023-03-09,0.0001387502495508
2023-03-10,0.0001388581676879
2023-03-13,0.0001389131080947
2023-03-14,0.0001390607215321
2023-03-15,0.0001387983807266
2023-03-16,0.0001386419631418
2023-03-17,0.0001389839677387
2023-03-20,0.0001392167408204
2023-03-21,0.0001391474002536
2023-03-22,0.0001393757912162
2023-03-23,0.000139454757508
2023-03-27,0.0001393983222447
2023-03-28,0.000139376443418
2023-03-29,0.0001393326932309
2023-03-30,0.0001396903015484
2023-03-31,0.0001392421415243
2023-04-03,0.0001392213718686
2023-04-04,0.0001393443400702
2023-04-05,0.00013937600606
2023-04-10,0.0001394348376212
2023-04-11,0.0001395490269461
2023-04-12,0.0001396797983569
2023-04-13,0.0001398034283584
2023-04-14,0.0001399860529986
2023-04-17,0.000140211664664
2023-04-18,0.0001402369318705
2023-04-19,0.0001402059959536
2023-04-20,0.0001402587274645
2023-04-21,0.000139683338672
2023-04-24,0.0001391262885427
2023-04-25,0.0001386471680173
2023-04-26,0.0001377487927065
2023-04-27,0.0001378018018018
2023-04-28,0.0001381264594934
2023-05-02,0.0001386957489427
2023-05-03,0.0001393206039076
2023-05-04,0.0001394195835179
2023-05-05,0.0001396552486187
2023-05-08,0.0001397188666813
2023-05-09,0.000139438719579
2023-05-10,0.0001391291028446
2023-05-11,0.0001385021834061
2023-05-12,0.0001386038394415
2023-05-15,0.0001385782401387
2023-05-16,0.0001388576373864
2023-05-17,0.0001387653788042
2023-05-18,0.0001383498492029
2023-05-19,0.0001381396348012
2023-05-22,0.0001382163430765
2023-05-23,0.0001382719727601
2023-05-24,0.0001381081654294
2023-05-29,0.000138572927597
2023-05-30,0.0001376428720954
2023-05-31,0.0001374572025052
2023-06-01,0.0001378397502601
2023-06-02,0.0001383392152792
2023-06-05,0.0001380989690721
2023-06-06,0.0001380390544707
2023-06-07,0.0001381519507186
2023-06-08,0.000138024135815
2023-06-09,0.0001379506021637
2023-06-12,0.0001379497568881
2023-06-13,0.0001379967624443
2023-06-14,0.0001380524193548
2023-06-15,0.0001380752969599
2023-06-16,0.0001379835638404
2023-06-21,0.0001375382171927
2023-06-22,0.0001373594615993
2023-06-23,0.0001375375494071
2023-06-26,0.0001375805184603
2023-06-27,0.0001373202742409
2023-06-28,0.0001373851866327
2023-06-29,0.0001374590163934
2023-06-30,0.0001376197896377
2023-07-03,0.0001377006591702
2023-07-04,0.0001377520724889
2023-07-05,0.0001375067437379
2023-07-06,0.0001372311827956
2023-07-07,0.000137233716475
2023-07-10,0.00013728
2023-07-11,0.0001373822188449
2023-07-12,0.0001374966862336
2023-07-13,0.0001376735388689
2023-07-14,0.0001376004527447
2023-07-17,0.0001375670103092
2023-07-18,0.0001376125537082
2023-07-19,0.0001375144616532
2023-07-20,0.0001374097506512
2023-07-21,0.0001374392280571
2023-07-24,0.0001375055350553
2023-07-25,0.0001374558173784
2023-07-26,0.0001374128440366
2023-07-27,0.0001372830465031
2023-07-28,0.0001373730361709
2023-07-31,0.0001373006357856
2023-08-01,0.0001373565091435
2023-08-02,0.0001373287671232
2023-08-03,0.0001371736785329
2023-08-04,0.000137333094684
2023-08-07,0.0001375529661016
2023-08-08,0.0001376600985221
2023-08-09,0.0001374890408556
2023-08-10,0.0001375262054507
2023-08-11,0.0001375987471724
2023-08-14,0.0001376939562794
2023-08-15,0.0001376942857142
2023-08-16,0.0001376168024003
2023-08-17,0.0001376253750535
2023-08-18,0.0001374796399485
2023-08-22,0.000137459637091
2023-08-23,0.0001374367766823
2023-08-24,0.0001372028571428
2023-08-25,0.0001372864895744
2023-08-28,0.0001374224889269
2023-08-29,0.0001373428571428
2023-08-30,0.0001372057142857
2023-08-31,0.0001372657142857
2023-09-01,0.0001374578691802
2023-09-04,0.0001374857142857
2023-09-05,0.0001375628571428
2023-09-06,0.0001375057142857
2023-09-07,0.0001375653664809
2023-09-08,0.0001375939419917
2023-09-11,0.0001374939277039
2023-09-12,0.0001373796256608
2023-09-13,0.0001373203828024
2023-09-14,0.0001373542857142
2023-09-15,0.0001374314285714
2023-09-18,0.0001376314285714
2023-09-19,0.0001372681811687
2023-09-20,0.000137315052842
2023-09-21,0.0001372857142857
2023-09-22,0.0001371318383088
2023-09-25,0.0001371604056563
2023-09-26,0.00013722
2023-09-27,0.00013722
2023-09-28,0.0001372203970861
2023-09-29,0.0001372224603514
2023-10-02,0.000137128981574
2023-10-03,0.00013717468933
2023-10-04,0.0001368971428571
2023-10-05,0.0001367457142857
2023-10-06,0.0001367495001428
2023-10-09,0.0001367552127963
2023-10-10,0.0001365638389031
2023-10-11,0.0001364124535846
2023-10-12,0.0001362851835976
2023-10-17,0.0001344273064838
2023-10-18,0.0001345529848614
2023-10-19,0.0001347221031575
2023-10-20,0.0001346335190741
2023-10-23,0.0001344592084583
2023-10-24,0.0001346506643806
2023-10-25,0.0001346043987432
2023-10-26,0.0001343620517216
2023-10-27,0.0001339562794684
2023-10-30,0.0001339562794684
2023-10-31,0.0001340114285714
2023-11-01,0.0001339077011001
2023-11-02,0.0001337903456155
2023-11-03,0.0001339474435875
2023-11-07,0.0001343657142857
2023-11-08,0.0001342906129447
2023-11-09,0.0001344563509072
2023-11-10,0.0001343906272324
2023-11-13,0.0001343477639662
2023-11-14,0.0001342873464724
2023-11-15,0.0001344128063465
2023-11-16,0.0001344772952327
2023-11-17,0.0001343862127419
2023-11-21,0.0001343643770192
2023-11-22,0.0001343835039977
2023-11-23,0.0001342849138534
2023-11-24,0.000134351230425
2023-11-27,0.0001344317548746
2023-11-28,0.0001345396383866
2023-11-29,0.0001344361111111
2023-11-30,0.0001346629680998
2023-12-01,0.0001349681528662
2023-12-04,0.0001353041798868
2023-12-05,0.0001355659597906
2023-12-06,0.0001360131976904
2023-12-07,0.0001358233766233
2023-12-11,0.0001360950949583
2023-12-12,0.0001363050893709
2023-12-13,0.0001365372835802
2023-12-14,0.0001368007495315
2023-12-15,0.0001366046685807
2023-12-18,0.0001361911288312
2023-12-19,0.000135973354915
2023-12-20,0.0001357123304715
2023-12-21,0.0001359935339467
2023-12-22,0.0001367095371233
2023-12-26,0.0001374481006382
2023-12-27,0.0001373680951201
2023-12-28,0.0001373835014542
2023-12-29,0.0001374568618962
2024-01-02,0.0001374688540767
2024-01-03,0.0001376192824559
2024-01-04,0.0001377787359862
2024-01-05,0.000137627431667
2024-01-08,0.0001372659130007
2024-01-09,0.0001371439096267
2024-01-10,0.0001371382991778
2024-01-11,0.0001374478783419
2024-01-12,0.0001375661764705
2024-01-15,0.0001374547455968
2024-01-16,0.0001372436132502
2024-01-17,0.0001373063767407
2024-01-18,0.0001371032714843
2024-01-19,0.0001368549469318
2024-01-22,0.0001368444119795
2024-01-23,0.000137042219248
2024-01-24,0.0001369528210116
2024-01-25,0.0001370619684082
2024-01-26,0.0001374972677595
2024-01-29,0.0001373836645661
2024-01-30,0.0001373755601307
2024-01-31,0.00013739714424
2024-02-01,0.0001375740718345
2024-02-02,0.0001376380998428
2024-02-05,0.0001374764776839
2024-02-06,0.0001372670283303
2024-02-07,0.0001372103107684
2024-02-08,0.000137385022875
2024-02-09,0.0001372837724046
2024-02-14,0.0001371615301594
2024-02-15,0.0001370760934691
2024-02-16,0.0001369556886227
2024-02-19,0.0001369487271423
2024-02-20,0.0001372838031533
2024-02-21,0.0001373648406731
2024-02-22,0.0001374054634379
2024-02-23,0.0001373739420669
2024-02-26,0.0001371520342612
2024-02-27,0.000137014623707
2024-02-28,0.0001372234762979
2024-02-29,0.0001369864640227
2024-03-01,0.0001369163204747
2024-03-04,0.000136990521327
2024-03-05,0.0001372272189349
2024-03-06,0.0001372927261975
2024-03-07,0.0001372907801418
2024-03-08,0.0001372025989367
2024-03-11,0.0001372040094339
2024-03-12,0.000137021803182
2024-03-13,0.0001369735138316
2024-03-14,0.0001370552941176
2024-03-15,0.0001369735449735
2024-03-18,0.0001369782991202
2024-03-19,0.0001367561547479
2024-03-20,0.0001364958968347
2024-03-21,0.0001362529274004
2024-03-22,0.000136081919251
2024-03-25,0.0001360105140186
2024-03-26,0.0001358435493286
2024-03-27,0.0001353216783216
2024-04-03,0.00013568757259
2024-04-04,0.0001356192687173
2024-04-05,0.0001356707246376
2024-04-08,0.0001356817129629
2024-04-09,0.0001355268941584
2024-04-10,0.0001354277456647
2024-04-11,0.0001352593876372
2024-04-12,0.0001351044431621
2024-04-15,0.0001350875576036
2024-04-16,0.0001351629245826
2024-04-17,0.0001351420356526
2024-04-18,0.0001351275862068
2024-04-19,0.0001349925415949
2024-04-22,0.0001347832568807
2024-04-23,0.0001346510028653
2024-04-24,0.0001345967926689
2024-04-25,0.000134423340961
2024-04-26,0.0001342822857142
2024-04-29,0.0001338379920136
2024-04-30,0.0001334831717056
2024-05-02,0.0001334612756264
2024-05-03,0.0001338406374501
2024-05-06,0.0001339261363636
2024-05-07,0.0001338614423622
2024-05-08,0.0001336596710153
2024-05-09,0.0001334648526077
2024-05-10,0.0001332271954674
2024-05-13,0.0001332307692307
2024-05-14,0.0001333276836158
2024-05-15,0.0001333506493506
2024-05-16,0.0001333916478555
2024-05-17,0.000133456288776
2024-05-20,0.0001332492965672
2024-05-21,0.0001330371203599
2024-05-22,0.0001330500281056
2024-05-23,0.0001330404494382
2024-05-24,0.0001329500280741
2024-05-27,0.0001328237269166
2024-05-28,0.0001327442641298
2024-05-29,0.0001325875769445
2024-05-30,0.0001326431767337
2024-05-31,0.0001328129536571
2024-06-03,0.0001328305462653
2024-06-04,0.0001327469342251
2024-06-05,0.0001328336115748
2024-06-06,0.0001327505567928
2024-06-07,0.0001328353726362
2024-06-10,0.0001328337028824
2024-06-11,0.0001329523281596
2024-06-12,0.0001329739323349
2024-06-13,0.0001329678492239
2024-06-14,0.0001328599889319
2024-06-18,0.0001329182320441
2024-06-19,0.0001328573002754
2024-06-24,0.0001326241056686
2024-06-25,0.0001326204620462
2024-06-26,0.000132647639956
2024-06-27,0.0001326878771256
2024-06-28,0.0001326502192982
2024-07-01,0.0001327013129102
2024-07-02,0.0001326703116457
2024-07-03,0.0001326983606557
2024-07-04,0.0001326855895196
2024-07-05,0.0001326677559912
2024-07-08,0.0001326913445835
2024-07-10,0.0001326721044045
2024-07-11,0.000132677173913
2024-07-12,0.0001326435160065
2024-07-15,0.0001324366197183
2024-07-16,0.0001324255549539
2024-07-17,0.0001324383116883
2024-07-18,0.0001323349540788
2024-07-19,0.0001321843665768
2024-07-22,0.0001321985968699
2024-07-23,0.0001320388349514
2024-07-24,0.0001318620689655
2024-07-25,0.0001319892473118
2024-07-26,0.0001320826623725
2024-07-29,0.0001322349785407
2024-07-30,0.000132110455764
2024-07-31,0.0001319753218884
2024-08-01,0.0001320096463022
2024-08-02,0.0001319465240641
2024-08-05,0.0001320459647247
2024-08-06,0.0001321612386545
2024-08-07,0.0001321505605979
2024-08-08,0.0001321024546424
2024-08-09,0.0001321246006389
2024-08-12,0.0001321873336881
2024-08-13,0.0001321775651249
2024-08-14,0.0001321647183846
2024-08-15,0.0001321699415825
2024-08-16,0.0001319639830508
2024-08-19,0.0001318167372881
2024-08-20,0.000131877183695
2024-08-21,0.0001318095238095
2024-08-22,0.0001316797040169
2024-08-23,0.0001316014760147
2024-08-26,0.0001313561283534
2024-08-27,0.0001310768421052
2024-08-28,0.0001308604528699
2024-08-29,0.0001304563617245
2024-08-30,0.0001302800209753
2024-09-02,0.000130091290661
2024-09-03,0.0001298416360776
2024-09-04,0.0001294667365112
2024-09-05,0.0001293933996856
2024-09-06,0.0001293830897703
2024-09-09,0.0001294115805946
2024-09-10,0.0001293893528183
2024-09-11,0.0001292321335419
2024-09-12,0.0001289245184799
2024-09-13,0.0001287411642411
2024-09-16,0.0001286226611226
2024-09-17,0.0001284178794178
2024-09-18,0.0001280851063829
2024-09-19,0.0001280913336792
2024-09-20,0.0001284122216468
2024-09-23,0.0001284855072463
2024-09-24,0.00012843248836
2024-09-25,0.0001281424148606
2024-09-26,0.0001281011874032
2024-09-27,0.0001282134020618
2024-09-30,0.0001283070582174
2024-10-01,0.0001283151390319
2024-10-02,0.0001282810087493
2024-10-03,0.0001282713257965
2024-10-04,0.0001282811698306
2024-10-07,0.0001282286007175
2024-10-08,0.0001282593541773
2024-10-09,0.0001282100409836
2024-10-10,0.0001280949948927
2024-10-14,0.0001277530612244
2024-10-15,0.0001276715961244
2024-10-16,0.0001272721712538
2024-10-17,0.0001263871625063
2024-10-18,0.0001261848654139
2024-10-21,0.0001261859756097
2024-10-22,0.0001260985271711
2024-10-23,0.0001257179096905
2024-10-24,0.0001251125760649
2024-10-25,0.0001254504048582
2024-10-28,0.0001262589782498
2024-10-29,0.0001264863498483
2024-10-30,0.0001265161616161
2024-10-31,0.0001269758064516
2024-11-01,0.0001276717019133
2024-11-04,0.0001283796576032
2024-11-05,0.0001285077928607
2024-11-07,0.000127888442211
2024-11-08,0.0001279217652958
2024-11-11,0.0001280561122244
2024-11-12,0.000128020030045
2024-11-13,0.000128052052052
2024-11-14,0.0001281970985492
2024-11-15,0.0001282523690773
2024-11-19,0.0001276849451645
2024-11-20,0.0001280717488789
2024-11-21,0.0001282169154228
2024-11-22,0.0001281539225422
2024-11-25,0.0001280069513406
2024-11-26,0.0001281031746031
2024-11-27,0.0001280783341596
2024-11-28,0.0001280921704658
2024-11-29,0.0001282392486406
2024-12-02,0.0001281511111111
2024-12-03,0.0001279348148148
2024-12-04,0.0001277690029615
2024-12-05,0.0001278707449432
2024-12-06,0.0001280709010339
2024-12-09,0.0001279262174126
2024-12-10,0.000127831858407
2024-12-11,0.0001277208845208
2024-12-12,0.0001277821393523
2024-12-13,0.0001278882900538
2024-12-16,0.000127973594132
2024-12-17,0.0001280078316201
2024-12-18,0.0001281036674816
2024-12-19,0.000128055718475
2024-12-20,0.0001281160975609
2024-12-23,0.0001283403014098
2024-12-26,0.0001280524526469
2024-12-27,0.0001281211827435
2024-12-30,0.0001278546511627
2024-12-31,0.0001278740310077
2025-01-02,0.0001271176755447
2025-01-03,0.0001263998068565
2025-01-06,0.0001263804925156
2025-01-07,0.0001267316602316
2025-01-08,0.0001271654606849
2025-01-09,0.000127106506024
2025-01-10,0.0001269341029341
2025-01-13,0.0001268307692307
2025-01-14,0.0001268491834774
2025-01-15,0.0001268925143953
2025-01-16,0.0001268502879078
2025-01-17,0.0001265134099616
2025-01-20,0.0001264443382704
2025-01-21,0.0001265090735434
2025-01-22,0.0001263826335877
2025-01-23,0.000126368144969
2025-01-24,0.0001264413727359
2025-01-27,0.0001265644930985
2025-01-28,0.0001267040913415
2025-01-29,0.0001267960057061
2025-01-30,0.0001267747148288
2025-01-31,0.0001268970099667
2025-02-03,0.0001269290965141
2025-02-04,0.0001269452217216
2025-02-05,0.0001268250355618
2025-02-06,0.0001268243659634
2025-02-07,0.0001268179019654
2025-02-10,0.0001269645054424
2025-02-11,0.000127050638902
2025-02-12,0.0001268341613437
2025-02-13,0.000126579059324
2025-02-14,0.0001266175289392
2025-02-17,0.0001265055463771
2025-02-18,0.0001265618508026
2025-02-19,0.0001266367713004
2025-02-20,0.0001265902335456
2025-02-21,0.0001264331840678
2025-02-24,0.0001262893496701
2025-02-25,0.0001261149317004
2025-02-26,0.0001261445726395
2025-02-27,0.000126233937397
2025-02-28,0.0001262690772481
2025-03-05,0.0001262973925299
2025-03-06,0.0001262564584311
2025-03-07,0.0001261284575714
2025-03-10,0.0001261078799249
2025-03-11,0.0001261340834505
2025-03-12,0.000125977970471
2025-03-13,0.0001258528584817
2025-03-14,0.0001255095928872
2025-03-17,0.0001253954141319
2025-03-18,0.0001252235734331
2025-03-19,0.0001250684739425
2025-03-20,0.0001253772791023
2025-03-21,0.0001251880541297
2025-03-25,0.0001248733379986
2025-03-26,0.0001248126895264
2025-03-27,0.0001251797621823
2025-03-28,0.0001252268281322
2025-03-31,0.0001251769087523
2025-04-01,0.0001249016050244
2025-04-03,0.000124736744186
2025-04-04,0.0001248671003717
2025-04-07,0.000124875464684
2025-04-08,0.000124962601626
2025-04-09,0.0001248577396147
2025-04-10,0.0001249377901578
2025-04-11,0.0001249452690166
2025-04-14,0.0001250676126878
2025-04-15,0.0001250091666666
2025-04-16,0.0001248863436123
2025-04-21,0.0001248720292504
2025-04-22,0.0001249356884057
2025-04-23,0.000124973275862
2025-04-24,0.0001249889267461
2025-04-25,0.0001248926891834
2025-04-28,0.0001248786078098
2025-04-29,0.0001248763948497
2025-04-30,0.000124947008547
2025-05-05,0.0001249533333333
2025-05-06,0.0001250309882747
2025-05-07,0.0001251236654804
2025-05-08,0.0001250278276481
2025-05-09,0.0001250721830985
2025-05-12,0.0001251802120141
2025-05-13,0.0001252110173256
2025-05-14,0.0001252835689045
2025-05-15,0.0001252838312829
2025-05-16,0.0001252302977232
2025-05-19,0.0001251814198071
2025-05-20,0.0001251457330415
2025-05-21,0.0001253446771378
2025-05-22,0.0001253289299867
2025-05-23,0.0001252853992059
2025-05-26,0.000125195975503
2025-05-27,0.0001251314878892
2025-05-28,0.0001250887931034
2025-05-29,0.0001252349957734
2025-05-30,0.0001253198653198
2025-06-02,0.0001251986446421
2025-06-03,0.0001251706081081
2025-06-04,0.0001252349219738
2025-06-05,0.0001253811922753
2025-06-06,0.0001254829185997
2025-06-09,0.0001254708860759
2025-06-10,0.000125470761464
2025-06-11,0.0001253071065989
2025-06-12,0.0001254675105485
2025-06-13,0.000125475465313
2025-06-17,0.0001253793103448
2025-06-18,0.0001253619256017
2025-06-19,0.000125300344234
2025-06-23,0.000125388556789
2025-06-24,0.0001253231162196
2025-06-25,0.0001254720939991
2025-06-26,0.0001255889029003
2025-06-27,0.0001261269974768
2025-06-30,0.0001261269709543
2025-07-01,0.0001284656301145
2025-07-02,0.0001274548413344
2025-07-03,0.0001280406173842
2025-07-04,0.000127475
2025-07-07,0.0001294746835443
2025-07-08,0.0001295083665338
2025-07-10,0.0001311282868525
2025-07-11,0.0001301355529131
2025-07-14,0.00013114375
2025-07-15,0.0001313373015873
2025-07-16,0.0001318636003172
2025-07-17,0.0001320431711145
2025-07-18,0.0001331508553654
2025-07-21,0.0001355929411764
2025-07-22,0.000134082769598
2025-07-23,0.0001336662693682
2025-07-24,0.0001340479559748
2025-07-25,0.0001346109375
2025-07-28,0.0001355235521235
2025-07-29,0.00013550116189
2025-07-30,0.000135203041825
2025-07-31,0.0001340036390101
2025-08-01,0.0001350659824046
2025-08-04,0.0001357073529411
2025-08-05,0.0001361008591707
2025-08-06,0.0001363551051051
2025-08-07,0.0001371029023746
2025-08-08,0.0001374570135746
2025-08-11,0.0001375272314674
2025-08-12,0.0001376212523719
2025-08-13,0.0001383830921553
2025-08-14,0.0001392992307692
2025-08-18,0.000138479505027
2025-08-19,0.0001366870406189
2025-08-20,0.0001359838585703
2025-08-21,0.0001351589353612
2025-08-22,0.0001353308099924
2025-08-25,0.0001366813509544
2025-08-26,0.0001368212311094
2025-08-27,0.0001370841052241
2025-08-28,0.0001362153038259
2025-08-29,0.0001366140089418
2025-09-01,0.0001375517492711
2025-09-02,0.0001372645113886
2025-09-03,0.0001373441057656
2025-09-04,0.0001392851376146
2025-09-05,0.0001393918819188
2025-09-08,0.0001402271114265
2025-09-09,0.0001392876809036
2025-09-10,0.0001393958552862
2025-09-11,0.0001396138268156
2025-09-12,0.0001385230557467
2025-09-15,0.0001391983640081
2025-09-16,0.0001393417290673
2025-09-17,0.0001397314343845
2025-09-18,0.0001396629365886
2025-09-19,0.0001400325423728
2025-09-22,0.0001412904829545
2025-09-23,0.0001414667640613
2025-09-24,0.0001412807476635
2025-09-25,0.0001406095736724
2025-09-26,0.000142552036199
2025-09-29,0.0001431639705882
2025-09-30,0.000143318115942
2025-10-01,0.0001430801124385
2025-10-02,0.0001423671463671
2025-10-03,0.0001423404703404
2025-10-06,0.0001427797202797
2025-10-07,0.0001434802378454
2025-10-08,0.0001430615384615
2025-10-09,0.0001425964788732
2025-10-13,0.000142261675315
2025-10-14,0.0001410852941176
2025-10-15,0.0001416347826086
2025-10-16,0.0001407061340941
2025-10-17,0.0001413924137931
2025-10-20,0.0001415030508474
2025-10-21,0.0001411553170077
2025-10-22,0.0001412928139691
2025-10-23,0.0001411629479377
2025-10-24,0.0001412868632707
2025-10-27,0.0001411554006968
2025-10-28,0.0001408809523809
2025-10-29,0.0001411573816155
2025-10-30,0.0001413428372739
2025-10-31,0.0001409543252595
2025-11-03,0.0001412928475033
2025-11-04,0.0001412847317744
2025-11-05,0.0001414166666666
2025-11-07,0.0001411215547703
2025-11-10,0.0001415811334037
2025-11-11,0.0001418039631988
2025-11-12,0.0001420148725212
2025-11-13,0.0001417937411095
2025-11-14,0.0001418781183178
2025-11-17,0.0001419307858687
2025-11-18,0.0001422214285714
2025-11-19,0.0001424301457518
2025-11-20,0.0001427550877192
2025-11-25,0.0001430618307426
2025-11-26,0.0001433216374269
2025-11-27,0.0001431103448275
2025-11-28,0.0001433179469514
2025-12-01,0.0001444044092318
2025-12-02,0.0001450323024054
2025-12-03,0.0001453062629043
2025-12-04,0.0001455879501385
2025-12-05,0.0001463595818815
2025-12-09,0.0001469833564493
2025-12-10,0.0001478699130434
2025-12-11,0.0001492360724233
2025-12-12,0.0001564330326162
2025-12-15,0.0001543496697949
2025-12-16,0.0001503756030323
2025-12-17,0.0001493583735354
2025-12-18,0.0001487339765678
2025-12-19,0.0001475124137931
2025-12-22,0.0001468216253443
2025-12-23,0.0001483459682977
2025-12-26,0.000151400344234
2025-12-29,0.0001513431708991
2025-12-30,0.0001516096219931
2025-12-31,0.0001515450171821
2026-01-02,0.00014892
2026-01-05,0.0001484095238095
2026-01-06,0.0001522650766609
2026-01-07,0.0001543808219178
2026-01-08,0.0001526133879781
2026-01-09,0.0001502334470989
2026-01-12,0.000147345144804
2026-01-13,0.0001474516129032
2026-01-14,0.0001479724707501
2026-01-15,0.000148440666204
2026-01-16,0.0001495664335664
2026-01-19,0.0001493830602997
2026-01-20,0.0001490756361101
2026-01-21,0.000148533379937
2026-01-22,0.0001490465197621
2026-01-23,0.0001487522679692
2026-01-26,0.0001491422608695
2026-01-27,0.0001484492201039
2026-01-28,0.0001493921772239
2026-01-29,0.0001496559363101
2026-01-30,0.0001504367657221
2026-02-02,0.0001504893177119
2026-02-03,0.0001510006915629
2026-02-04,0.0001515426597582
2026-02-05,0.0001510894590846
2026-02-06,0.000151687849162
2026-02-09,0.0001516299435028
2026-02-10,0.0001514004267425
2026-02-11,0.0001518878571428
2026-02-12,0.0001525555555555
2026-02-13,0.0001534919614147
2026-02-18,0.0001545164756446
2026-02-19,0.0001547962562994
2026-02-20,0.0001545523255813
2026-02-23,0.0001550696825975
2026-02-24,0.0001552915610286
2026-02-25,0.0001548949249463
2026-02-26,0.0001548828125
2026-02-27,0.0001550651395848
2026-03-02,0.0001550652329749
2026-03-03,0.0001529519434628
2026-03-04,0.0001525483755801
2026-03-05,0.0001536851457
2026-03-06,0.0001544117231638
2026-03-09,0.000153461158192
2026-03-10,0.0001539335714285
2026-03-11,0.000154511461318
2026-03-12,0.0001550268913589
2026-03-13,0.0001541114285714
2026-03-16,0.0001544684813753
2026-03-17,0.0001546189111747
2026-03-18,0.0001539928263988
2026-03-19,0.0001534801003944
2026-03-20,0.000153139158576
2026-03-25,0.000152958983666
2026-03-26,0.0001530950292397
2026-03-27,0.0001538198915009
2026-03-30,0.0001542374821173
2026-03-31,0.0001541353111432
2026-04-01,0.0001545595408895
2026-04-06,0.00015444005743
2026-04-07,0.0001543210053859
2026-04-08,0.000154916036036
2026-04-09,0.0001546480811006
2026-04-10,0.0001564262773722
2026-04-13,0.0001559453471196
2026-04-14,0.0001567397360703
2026-04-15,0.0001567299484915
2026-04-16,0.0001569094256259
2026-04-17,0.0001569688530597
2026-04-20,0.0001572200435729
2026-04-21,0.000158729916394
2026-04-22,0.0001576661828737
2026-04-23,0.0001575596264367
2026-04-24,0.0001587931404072
2026-04-27,0.000159299223712
2026-04-28,0.0001607070131719
2026-04-29,0.0001633639956881
2026-04-30,0.0001665557153127
2026-05-04,0.0001637333333333
2026-05-05,0.000160608758076
2026-05-06,0.0001609012968299
2026-05-07,0.0001621404011461
2026-05-08,0.0001625357653791
2026-05-11,0.000163185052102
2026-05-12,0.0001632709537572
2026-05-13,0.0001638239942528
2026-05-14,0.0001640201294033
2026-05-15,0.0001640207959842
2026-05-18,0.0001631853972798
2026-05-19,0.0001624692417739
2026-05-20,0.000162192555476
2026-05-21,0.0001636660669305
2026-05-22,0.0001623378474697
2026-05-26,0.000163313253012
2026-05-27,0.0001650166371681
2026-05-28,0.0001659751773049
2026-05-29,0.0001663203125
2026-06-01,0.0001652945301542
2026-06-02,0.0001630658724597
2026-06-03,0.0001638672228015
2026-06-04,0.0001637598329272
2026-06-05,0.0001628927455744
2026-06-08,0.000162469408918
2026-06-09,0.0001622505204718
2026-06-10,0.0001625354275741
2026-06-11,0.0001635322862129
2026-06-12,0.0001633319327731
2026-06-16,0.0001634493560737
2026-06-17,0.0001638674991328
2026-06-18,0.0001629937973811
2026-06-19,0.0001637145790554
2026-06-22,0.0001637064659596
2026-06-23,0.0001637465171593
2026-06-24,0.0001633989181879
2026-06-25,0.0001636364251861
2026-06-26,0.000163894380501
2026-06-29,0.0001643415457306
2026-06-30,0.0001643090418353
2026-07-01,0.0001643955674949
2026-07-02,0.0001643924731182
2026-07-03,0.0001645737319449
2026-07-06,0.0001642038345105
2026-07-07,0.0001644383378016
2026-07-08,0.0001642305107526
2026-07-13,0.0001646767881241
2026-07-14,0.0001648127760788
2026-07-15,0.0001650464564259
2026-07-16,0.000164867208672
2026-07-17,0.0001649621109607
2026-07-20,0.0001647717758271
2026-07-21,0.0001648859560067
2026-07-22,0.0001649919082939
2026-07-23,0.000165171927468
2026-07-24,0.0001653299933199
2026-07-27,0.0001659752839011
2026-07-28,0.0001669445927903
2026-07-29,0.0001670367647058
2026-07-30,0.0001674872311827
2026-07-31,0.000167701010101
2026-08-03,0.0001675886287625
2026-08-04,0.0001677486631016
2026-08-05,0.0001679826261276
2026-08-06,0.0001680813604534
2026-08-07,0.00016808675342
2026-08-10,0.000168086927449
2026-08-11,0.0001676645420999
2026-08-12,0.0001674649681528
2026-08-13,0.0001664222520107
2026-08-14,0.0001659670588235
2026-08-18,0.0001663424749163
2026-08-19,0.0001661983967935
2026-08-20,0.0001660354041416
2026-08-21,0.0001665276851234
2026-08-24,0.0001667529801324
2026-08-25,0.0001672940787297
2026-08-26,0.0001682793923381
2026-08-27,0.000168705026455
2026-08-28,0.00016879034391534392
2026-08-31,0.00016922770964534307
2026-09-01,0.00016879048248512888
