,SEK
1997-11-21,0.1327
1997-11-24,0.1328
1997-11-25,0.1317
1997-11-26,0.1299
1997-11-27,0.1301
1997-11-28,0.13
1997-12-01,0.1287
1997-12-02,0.1294
1997-12-03,0.1297
1997-12-04,0.1295
1997-12-05,0.1285
1997-12-09,0.1285
1997-12-10,0.1287
1997-12-11,0.1296
1997-12-12,0.1295
1997-12-15,0.1297
1997-12-16,0.1293
1997-12-17,0.1301
1997-12-18,0.1292
1997-12-19,0.1298
1997-12-22,0.1295
1997-12-23,0.1296
1997-12-24,0.1296
1997-12-26,0.1294
1997-12-29,0.1282
1997-12-30,0.1272
1998-01-02,0.1261
1998-01-05,0.1253
1998-01-06,0.1243
1998-01-07,0.125
1998-01-08,0.1252
1998-01-09,0.1259
1998-01-12,0.1251
1998-01-13,0.1254
1998-01-14,0.1254
1998-01-15,0.1255
1998-01-16,0.1251
1998-01-19,0.1251
1998-01-27,0.1304
1998-02-02,0.1247
1998-02-03,0.1246
1998-02-04,0.1251
1998-02-05,0.1258
1998-02-06,0.1249
1998-02-09,0.1238
1998-02-10,0.1238
1998-02-11,0.1239
1998-02-12,0.1248
1998-02-13,0.1242
1998-02-16,0.1241
1998-02-17,0.1236
1998-02-18,0.1241
1998-02-19,0.1243
1998-02-20,0.1243
1998-02-23,0.126
1998-02-24,0.1254
1998-02-25,0.1247
1998-02-26,0.1253
1998-02-27,0.1257
1998-03-02,0.1261
1998-03-03,0.1261
1998-03-04,0.1259
1998-03-05,0.1251
1998-03-06,0.1247
1998-03-09,0.1259
1998-03-10,0.1255
1998-03-11,0.1257
1998-03-12,0.126
1998-03-13,0.1273
1998-03-16,0.1267
1998-03-17,0.1265
1998-03-18,0.1265
1998-03-19,0.126
1998-03-20,0.1263
1998-03-23,0.1269
1998-03-24,0.127
1998-03-25,0.1267
1998-03-26,0.1276
1998-03-27,0.128
1998-03-30,0.1266
1998-03-31,0.1257
1998-04-01,0.1251
1998-04-02,0.1254
1998-04-03,0.1255
1998-04-06,0.1258
1998-04-07,0.1257
1998-04-08,0.1279
1998-04-13,0.128
1998-04-14,0.1295
1998-04-15,0.1295
1998-04-16,0.13
1998-04-17,0.1296
1998-04-20,0.1304
1998-04-21,0.1312
1998-04-22,0.1313
1998-04-23,0.1302
1998-04-24,0.1309
1998-04-27,0.1307
1998-04-28,0.1297
1998-04-29,0.1294
1998-04-30,0.1299
1998-05-04,0.1311
1998-05-05,0.1321
1998-05-06,0.1328
1998-05-07,0.1318
1998-05-08,0.132
1998-05-11,0.1318
1998-05-12,0.132
1998-05-13,0.1308
1998-05-14,0.1305
1998-05-15,0.1299
1998-05-18,0.1291
1998-05-19,0.1294
1998-05-20,0.1303
1998-05-21,0.1314
1998-05-22,0.1309
1998-05-26,0.1299
1998-05-27,0.1285
1998-05-28,0.1285
1998-05-29,0.1283
1998-06-01,0.1287
1998-06-02,0.129
1998-06-03,0.1297
1998-06-04,0.1301
1998-06-05,0.1285
1998-06-09,0.1276
1998-06-10,0.1261
1998-06-11,0.1256
1998-06-12,0.1257
1998-06-16,0.1252
1998-06-17,0.1268
1998-06-18,0.1265
1998-06-19,0.127
1998-06-22,0.1267
1998-06-23,0.1268
1998-06-24,0.1272
1998-06-25,0.1277
1998-06-26,0.1259
1998-06-29,0.1257
1998-06-30,0.1261
1998-07-01,0.125
1998-07-02,0.1245
1998-07-03,0.1242
1998-07-07,0.1245
1998-07-08,0.1247
1998-07-10,0.1246
1998-07-13,0.1253
1998-07-14,0.1249
1998-07-15,0.1253
1998-07-16,0.1266
1998-07-17,0.1271
1998-07-20,0.1275
1998-07-21,0.1263
1998-07-22,0.1264
1998-07-23,0.1265
1998-07-24,0.1277
1998-07-27,0.1276
1998-07-28,0.1282
1998-07-29,0.1271
1998-07-30,0.1266
1998-07-31,0.1265
1998-08-03,0.1258
1998-08-04,0.1266
1998-08-05,0.1269
1998-08-06,0.126
1998-08-07,0.1249
1998-08-10,0.1244
1998-08-11,0.1236
1998-08-12,0.1245
1998-08-13,0.1239
1998-08-14,0.1228
1998-08-18,0.1229
1998-08-19,0.1232
1998-08-20,0.1235
1998-08-21,0.1232
1998-08-24,0.1222
1998-08-25,0.1216
1998-08-26,0.121
1998-08-27,0.1208
1998-08-28,0.1245
1998-08-31,0.1248
1998-09-01,0.1266
1998-09-02,0.1264
1998-09-03,0.1274
1998-09-04,0.1272
1998-09-07,0.127
1998-09-08,0.1263
1998-09-09,0.1263
1998-09-10,0.1269
1998-09-11,0.1277
1998-09-14,0.128
1998-09-15,0.128
1998-09-16,0.1288
1998-09-17,0.1282
1998-09-18,0.1288
1998-09-21,0.127
1998-09-22,0.1276
1998-09-23,0.1272
1998-09-24,0.1282
1998-09-25,0.127
1998-09-28,0.1283
1998-09-29,0.1286
1998-09-30,0.1279
1998-10-01,0.128
1998-10-02,0.1263
1998-10-05,0.1251
1998-10-06,0.1256
1998-10-07,0.1296
1998-10-08,0.1283
1998-10-09,0.1265
1998-10-13,0.1278
1998-10-14,0.1264
1998-10-15,0.1263
1998-10-16,0.1296
1998-10-19,0.1294
1998-10-20,0.1286
1998-10-21,0.1295
1998-10-22,0.1303
1998-10-23,0.1314
1998-10-26,0.1311
1998-10-27,0.1291
1998-10-28,0.1289
1998-10-29,0.1289
1998-10-30,0.1289
1998-11-02,0.1293
1998-11-03,0.1289
1998-11-04,0.1282
1998-11-05,0.1294
1998-11-06,0.1282
1998-11-09,0.1272
1998-11-10,0.1259
1998-11-11,0.1262
1998-11-12,0.1236
1998-11-13,0.1239
1998-11-16,0.1247
1998-11-17,0.1252
1998-11-18,0.1253
1998-11-19,0.1243
1998-11-20,0.1248
1998-11-23,0.1241
1998-11-24,0.1244
1998-11-25,0.1226
1998-11-26,0.1222
1998-11-27,0.1232
1998-11-30,0.1237
1998-12-01,0.1237
1998-12-02,0.1248
1998-12-03,0.1252
1998-12-04,0.1243
1998-12-09,0.1253
1998-12-10,0.1252
1998-12-11,0.1255
1998-12-14,0.1254
1998-12-15,0.1251
1998-12-16,0.125
1998-12-17,0.1241
1998-12-18,0.1251
1998-12-21,0.125
1998-12-22,0.1253
1998-12-23,0.1252
1998-12-24,0.1249
1998-12-28,0.1239
1998-12-29,0.1245
1998-12-30,0.1241
1999-01-04,0.1256
1999-01-05,0.1261
1999-01-06,0.1261
1999-01-07,0.1273
1999-01-08,0.1273
1999-01-11,0.1282
1999-01-12,0.1294
1999-01-13,0.1291
1999-01-14,0.129
1999-01-15,0.1281
1999-01-18,0.1282
1999-01-19,0.1295
1999-01-20,0.1304
1999-01-21,0.1301
1999-01-22,0.1301
1999-01-28,0.1296
1999-02-01,0.1283
1999-02-02,0.1287
1999-02-03,0.1277
1999-02-04,0.1282
1999-02-05,0.128
1999-02-08,0.128
1999-02-09,0.1278
1999-02-12,0.1277
1999-02-16,0.1268
1999-02-17,0.1268
1999-02-18,0.1263
1999-02-19,0.1255
1999-02-22,0.1247
1999-02-23,0.1242
1999-02-26,0.1228
1999-03-01,0.1219
1999-03-02,0.1221
1999-03-03,0.1219
1999-03-04,0.1217
1999-03-05,0.1221
1999-03-08,0.1227
1999-03-09,0.1228
1999-03-10,0.1242
1999-03-11,0.1246
1999-03-12,0.1241
1999-03-15,0.1234
1999-03-16,0.1225
1999-03-17,0.1235
1999-03-18,0.1241
1999-03-22,0.1228
1999-03-23,0.123
1999-03-24,0.122
1999-03-25,0.1218
1999-03-26,0.1208
1999-03-29,0.1207
1999-03-30,0.1207
1999-03-31,0.1225
1999-04-05,0.1216
1999-04-06,0.1227
1999-04-07,0.1213
1999-04-08,0.1213
1999-04-09,0.1215
1999-04-12,0.1217
1999-04-13,0.1214
1999-04-14,0.1217
1999-04-15,0.1214
1999-04-16,0.121
1999-04-19,0.1206
1999-04-20,0.1197
1999-04-21,0.1199
1999-04-23,0.12
1999-04-26,0.1197
1999-04-27,0.1205
1999-04-30,0.1196
1999-05-03,0.1187
1999-05-04,0.119
1999-05-05,0.1202
1999-05-06,0.121
1999-05-07,0.1214
1999-05-10,0.1213
1999-05-11,0.1204
1999-05-12,0.1213
1999-05-14,0.1213
1999-05-17,0.1195
1999-05-18,0.1213
1999-05-20,0.1193
1999-05-28,0.1213
1999-05-31,0.1213
1999-06-01,0.1172
1999-06-02,0.1164
1999-06-03,0.1213
1999-06-04,0.1213
1999-06-07,0.1213
1999-06-10,0.1185
1999-06-11,0.1196
1999-06-15,0.1184
1999-06-17,0.1198
1999-06-18,0.1195
1999-06-22,0.1194
1999-06-23,0.1194
1999-06-24,0.1196
1999-06-25,0.1203
1999-06-28,0.1192
1999-06-29,0.1191
1999-06-30,0.1186
1999-07-01,0.1182
1999-07-02,0.1186
1999-07-05,0.1181
1999-07-06,0.1185
1999-07-07,0.1182
1999-07-12,0.1169
1999-07-13,0.1171
1999-07-19,0.1192
1999-07-20,0.1198
1999-07-21,0.1206
1999-07-22,0.1208
1999-07-23,0.1203
1999-07-26,0.1217
1999-07-27,0.1213
1999-07-28,0.122
1999-07-29,0.1228
1999-07-30,0.1226
1999-08-02,0.1228
1999-08-03,0.1232
1999-08-04,0.1235
1999-08-05,0.1235
1999-08-06,0.1229
1999-08-09,0.1224
1999-08-10,0.1225
1999-08-11,0.1219
1999-08-12,0.1218
1999-08-13,0.121
1999-08-17,0.1211
1999-08-18,0.121
1999-08-19,0.1221
1999-08-20,0.1223
1999-08-23,0.1208
1999-08-24,0.1215
1999-08-25,0.1202
1999-08-26,0.1206
1999-08-27,0.1209
1999-08-30,0.1208
1999-08-31,0.1222
1999-09-02,0.1233
1999-09-03,0.1228
1999-09-06,0.1231
1999-09-07,0.1234
1999-09-08,0.1235
1999-09-09,0.1234
1999-09-10,0.1217
1999-09-13,0.1223
1999-09-14,0.1209
1999-09-15,0.1215
1999-09-16,0.1209
1999-09-17,0.1215
1999-09-20,0.122
1999-09-21,0.1224
1999-09-22,0.1217
1999-09-24,0.1219
1999-09-28,0.1229
1999-09-29,0.1231
1999-09-30,0.1236
1999-10-01,0.1235
1999-10-04,0.124
1999-10-05,0.1241
1999-10-06,0.1235
1999-10-07,0.1237
1999-10-08,0.1229
1999-10-12,0.1245
1999-10-13,0.1242
1999-10-14,0.1238
1999-10-19,0.1235
1999-10-20,0.1229
1999-10-21,0.1238
1999-10-22,0.1235
1999-10-25,0.1239
1999-10-26,0.1235
1999-10-27,0.1229
1999-10-28,0.1222
1999-11-01,0.1218
1999-11-02,0.1222
1999-11-03,0.1216
1999-11-04,0.1196
1999-11-05,0.1206
1999-11-08,0.1205
1999-11-09,0.1209
1999-11-10,0.1213
1999-11-11,0.1211
1999-11-12,0.1203
1999-11-15,0.1203
1999-11-16,0.12
1999-11-17,0.1213
1999-11-18,0.1202
1999-11-19,0.1208
1999-11-22,0.1207
1999-11-23,0.1203
1999-11-24,0.1193
1999-11-25,0.1198
1999-11-26,0.1191
1999-11-29,0.1186
1999-11-30,0.1182
1999-12-01,0.1175
1999-12-02,0.117
1999-12-03,0.1176
1999-12-06,0.1197
1999-12-07,0.1197
1999-12-09,0.1198
1999-12-10,0.1198
1999-12-13,0.1185
1999-12-14,0.1179
1999-12-15,0.1181
1999-12-16,0.1187
1999-12-17,0.1183
1999-12-20,0.118
1999-12-21,0.1183
1999-12-22,0.1184
1999-12-23,0.1194
2000-01-03,0.1197
2000-01-04,0.1202
2000-01-05,0.1204
2000-01-06,0.1202
2000-01-07,0.1195
2000-01-12,0.1196
2000-01-13,0.1194
2000-01-14,0.1189
2000-01-17,0.1188
2000-01-18,0.1189
2000-01-20,0.1189
2000-01-21,0.1183
2000-01-24,0.1181
2000-01-25,0.1183
2000-01-26,0.1181
2000-01-27,0.1168
2000-01-28,0.1139
2000-01-29,0.1141
2000-02-01,0.1145
2000-02-02,0.1154
2000-02-03,0.1174
2000-02-04,0.1165
2000-02-07,0.1161
2000-02-08,0.1173
2000-02-09,0.1141
2000-02-10,0.1175
2000-02-11,0.1171
2000-02-14,0.1162
2000-02-15,0.1162
2000-02-16,0.1161
2000-02-17,0.1161
2000-02-18,0.1161
2000-02-21,0.1161
2000-02-22,0.1179
2000-02-23,0.1174
2000-02-24,0.1168
2000-02-25,0.1155
2000-02-28,0.1159
2000-02-29,0.1153
2000-03-01,0.1153
2000-03-02,0.1147
2000-03-03,0.1146
2000-03-06,0.1146
2000-03-07,0.114
2000-03-08,0.1138
2000-03-09,0.1154
2000-03-10,0.1155
2000-03-13,0.1153
2000-03-14,0.1158
2000-03-15,0.116
2000-03-16,0.1158
2000-03-17,0.1164
2000-03-20,0.1165
2000-03-21,0.1164
2000-03-22,0.1155
2000-03-23,0.1164
2000-03-24,0.1174
2000-03-27,0.1163
2000-03-28,0.1176
2000-03-29,0.1161
2000-03-30,0.1166
2000-03-31,0.1166
2000-04-03,0.1162
2000-04-04,0.1169
2000-04-05,0.1165
2000-04-06,0.1163
2000-04-07,0.1161
2000-04-10,0.1172
2000-04-11,0.1165
2000-04-12,0.1157
2000-04-13,0.1155
2000-04-14,0.1157
2000-04-17,0.1154
2000-04-18,0.1155
2000-04-19,0.1148
2000-04-24,0.1147
2000-04-25,0.1135
2000-04-26,0.1134
2000-04-27,0.1123
2000-04-28,0.1126
2000-05-02,0.1125
2000-05-03,0.1117
2000-05-04,0.1108
2000-05-05,0.1108
2000-05-08,0.111
2000-05-16,0.1106
2000-05-17,0.1095
2000-05-18,0.1102
2000-05-19,0.1101
2000-05-22,0.1095
2000-05-23,0.1094
2000-05-24,0.1101
2000-05-26,0.1119
2000-05-29,0.111
2000-05-30,0.1118
2000-05-31,0.1121
2000-06-01,0.1125
2000-06-02,0.114
2000-06-05,0.1141
2000-06-06,0.1152
2000-06-07,0.1163
2000-06-08,0.1148
2000-06-09,0.1146
2000-06-12,0.1158
2000-06-13,0.1171
2000-06-14,0.1179
2000-06-15,0.1167
2000-06-16,0.1166
2000-06-20,0.1165
2000-06-21,0.1156
2000-06-22,0.1141
2000-06-23,0.1139
2000-06-26,0.1132
2000-06-27,0.1135
2000-06-28,0.1134
2000-06-29,0.1138
2000-06-30,0.1146
2000-07-03,0.1142
2000-07-04,0.1141
2000-07-05,0.114
2000-07-06,0.1133
2000-07-07,0.113
2000-07-10,0.1137
2000-07-11,0.1135
2000-07-12,0.1134
2000-07-17,0.1125
2000-07-18,0.1117
2000-07-19,0.1108
2000-07-20,0.1119
2000-07-21,0.1123
2000-07-24,0.1124
2000-07-27,0.1106
2000-07-28,0.11
2000-07-31,0.1098
2000-08-01,0.109
2000-08-02,0.1089
2000-08-03,0.1083
2000-08-04,0.1089
2000-08-07,0.1095
2000-08-09,0.109
2000-08-10,0.1096
2000-08-11,0.1092
2000-08-14,0.1096
2000-08-15,0.1099
2000-08-16,0.1096
2000-08-17,0.1095
2000-08-18,0.1088
2000-08-22,0.1079
2000-08-23,0.1082
2000-08-24,0.1084
2000-08-25,0.1082
2000-08-29,0.1066
2000-08-30,0.1067
2000-08-31,0.1069
2000-09-01,0.1079
2000-09-04,0.1081
2000-09-05,0.1064
2000-09-06,0.1043
2000-09-07,0.1053
2000-09-08,0.1044
2000-09-11,0.1033
2000-09-12,0.1031
2000-09-13,0.1036
2000-09-14,0.1036
2000-09-15,0.1032
2000-09-18,0.1026
2000-09-19,0.1022
2000-09-20,0.102
2000-09-21,0.1032
2000-09-22,0.1048
2000-09-25,0.1041
2000-09-26,0.1045
2000-09-27,0.1037
2000-09-28,0.1039
2000-09-29,0.1047
2000-10-02,0.1038
2000-10-03,0.1029
2000-10-04,0.1029
2000-10-05,0.1026
2000-10-06,0.1024
2000-10-09,0.102
2000-10-10,0.1018
2000-10-11,0.1021
2000-10-12,0.1018
2000-10-13,0.1012
2000-10-17,0.1007
2000-10-18,0.0996
2000-10-19,0.1001
2000-10-20,0.1
2000-10-23,0.0995
2000-10-24,0.0997
2000-10-25,0.0981
2000-10-26,0.0982
2000-10-31,0.1009
2000-11-01,0.102
2000-11-02,0.1017
2000-11-03,0.1018
2000-11-07,0.1008
2000-11-08,0.1006
2000-11-09,0.1005
2000-11-10,0.1009
2000-11-13,0.1002
2000-11-14,0.0998
2000-11-15,0.0999
2000-11-16,0.0994
2000-11-17,0.0992
2000-11-20,0.0986
2000-11-21,0.0977
2000-11-22,0.0978
2000-11-23,0.0974
2000-11-27,0.0985
2000-11-28,0.0993
2000-11-29,0.0994
2000-11-30,0.1005
2000-12-01,0.1015
2000-12-04,0.1037
2000-12-05,0.1035
2000-12-06,0.105
2000-12-07,0.1036
2000-12-11,0.1035
2000-12-12,0.1038
2000-12-13,0.1029
2000-12-19,0.103
2000-12-20,0.1049
2000-12-21,0.1052
2000-12-22,0.1055
2000-12-26,0.1059
2000-12-27,0.1055
2000-12-28,0.1054
2001-01-02,0.1058
2001-01-04,0.1069
2001-01-05,0.1082
2001-01-08,0.1069
2001-01-09,0.1063
2001-01-10,0.1069
2001-01-11,0.108
2001-01-12,0.1079
2001-01-15,0.108
2001-01-17,0.108
2001-01-24,0.108
2001-01-26,0.108
2001-01-29,0.1045
2001-01-30,0.1054
2001-01-31,0.1057
2001-02-01,0.1063
2001-02-05,0.1058
2001-02-06,0.1053
2001-02-07,0.1058
2001-02-08,0.1041
2001-02-09,0.1046
2001-02-12,0.1044
2001-02-13,0.1025
2001-02-15,0.1021
2001-02-16,0.1028
2001-02-23,0.1015
2001-02-26,0.1016
2001-02-27,0.1017
2001-02-28,0.1028
2001-03-01,0.1036
2001-03-02,0.1041
2001-03-05,0.1034
2001-03-06,0.1042
2001-03-07,0.1032
2001-03-08,0.1034
2001-03-09,0.1034
2001-03-12,0.1024
2001-03-13,0.1005
2001-03-14,0.1004
2001-03-15,0.0998
2001-03-16,0.0985
2001-03-19,0.0987
2001-03-20,0.0995
2001-03-22,0.0966
2001-03-23,0.0981
2001-03-26,0.0986
2001-03-27,0.0984
2001-03-28,0.0975
2001-03-30,0.0969
2001-04-03,0.0982
2001-04-04,0.0987
2001-04-05,0.0988
2001-04-06,0.1001
2001-04-09,0.0994
2001-04-10,0.0989
2001-04-11,0.099
2001-04-16,0.099
2001-04-17,0.0979
2001-04-18,0.0986
2001-04-19,0.0995
2001-04-20,0.1001
2001-04-23,0.099
2001-04-24,0.0984
2001-04-25,0.0986
2001-04-26,0.0992
2001-04-30,0.0981
2001-05-02,0.0985
2001-05-03,0.0983
2001-05-04,0.0989
2001-05-07,0.0984
2001-05-08,0.0979
2001-05-09,0.0981
2001-05-10,0.0981
2001-05-11,0.0985
2001-05-16,0.0983
2001-05-17,0.0985
2001-05-18,0.0985
2001-05-21,0.0986
2001-05-22,0.097
2001-05-24,0.0959
2001-05-28,0.0958
2001-05-29,0.0955
2001-05-30,0.0952
2001-06-01,0.0927
2001-06-06,0.0926
2001-06-07,0.0918
2001-06-08,0.0921
2001-06-12,0.0916
2001-06-13,0.0933
2001-06-14,0.0941
2001-06-15,0.095
2001-06-19,0.0943
2001-06-20,0.0942
2001-06-21,0.0937
2001-06-22,0.0941
2001-06-25,0.0947
2001-06-26,0.0942
2001-06-27,0.0939
2001-06-28,0.0926
2001-06-29,0.0926
2001-07-02,0.092
2001-07-03,0.0928
2001-07-04,0.0925
2001-07-05,0.0915
2001-07-06,0.0921
2001-07-10,0.0927
2001-07-11,0.0929
2001-07-12,0.0927
2001-07-13,0.0931
2001-07-16,0.0935
2001-07-17,0.0939
2001-07-18,0.0951
2001-07-19,0.0946
2001-07-20,0.0946
2001-07-23,0.0943
2001-07-24,0.0946
2001-07-25,0.0949
2001-07-26,0.095
2001-07-27,0.0952
2001-07-30,0.095
2001-07-31,0.0948
2001-08-01,0.0955
2001-08-02,0.0964
2001-08-03,0.0971
2001-08-06,0.0968
2001-08-07,0.0967
2001-08-08,0.0967
2001-08-09,0.0982
2001-08-10,0.0982
2001-08-13,0.098
2001-08-14,0.0984
2001-08-15,0.0991
2001-08-16,0.0992
2001-08-17,0.0989
2001-08-21,0.0973
2001-08-22,0.0978
2001-08-23,0.0976
2001-08-24,0.098
2001-08-27,0.0981
2001-08-28,0.0976
2001-08-29,0.0971
2001-08-30,0.0974
2001-08-31,0.0966
2001-09-03,0.0959
2001-09-04,0.0943
2001-09-05,0.0946
2001-09-06,0.0953
2001-09-07,0.0958
2001-09-10,0.0949
2001-09-12,0.0953
2001-09-13,0.0955
2001-09-14,0.096
2001-09-17,0.0963
2001-09-18,0.0955
2001-09-19,0.0962
2001-09-21,0.0922
2001-09-24,0.0933
2001-09-25,0.0942
2001-09-26,0.0936
2001-09-27,0.0941
2001-09-28,0.0946
2001-10-02,0.0946
2001-10-03,0.0947
2001-10-09,0.0956
2001-10-10,0.0948
2001-10-11,0.0956
2001-10-12,0.0965
2001-10-15,0.0963
2001-10-16,0.0964
2001-10-17,0.0966
2001-10-18,0.0962
2001-10-19,0.0957
2001-10-24,0.0951
2001-10-25,0.0954
2001-10-26,0.0951
2001-10-29,0.0958
2001-10-30,0.095
2001-10-31,0.0944
2001-11-01,0.0952
2001-11-02,0.0952
2001-11-05,0.0952
2001-11-07,0.0961
2001-11-08,0.0957
2001-11-09,0.0955
2001-11-12,0.0958
2001-11-13,0.0949
2001-11-15,0.0953
2001-11-19,0.0947
2001-11-20,0.0945
2001-11-22,0.0944
2001-11-23,0.0945
2001-11-26,0.0949
2001-11-27,0.0948
2001-11-28,0.0946
2001-11-29,0.0943
2001-12-04,0.0946
2001-12-05,0.095
2001-12-06,0.0961
2001-12-07,0.0963
2001-12-10,0.0959
2001-12-11,0.0959
2001-12-12,0.0961
2001-12-14,0.0959
2001-12-18,0.096
2001-12-19,0.0959
2001-12-20,0.0952
2002-01-11,0.0979999999999999
2002-01-14,0.0974999999999999
2002-01-15,0.1355
2002-01-16,0.0962
2002-01-17,0.0961
2002-01-18,0.0966
2002-01-21,0.0965
2002-01-22,0.0963
2002-01-23,0.0956
2002-01-24,0.0957
2002-01-25,0.0944
2002-01-28,0.094
2002-01-29,0.0944
2002-01-30,0.0944
2002-01-31,0.0944
2002-02-01,0.0943
2002-02-11,0.0955
2002-02-12,0.0954
2002-02-13,0.0952
2002-02-14,0.0956
2002-02-15,0.0958
2002-02-18,0.0954
2002-02-19,0.096
2002-02-20,0.0953999999999999
2002-02-21,0.0958
2002-02-22,0.0958
2002-02-25,0.0963
2002-02-26,0.0959
2002-02-27,0.0961
2002-02-28,0.0965
2002-03-01,0.0958
2002-03-04,0.0969
2002-03-06,0.0976
2002-03-07,0.0980999999999999
2002-03-08,0.0968
2002-03-11,0.0973
2002-03-12,0.097
2002-03-13,0.0969
2002-03-14,0.0975
2002-03-15,0.0974
2002-03-18,0.0979
2002-03-19,0.0983
2002-03-20,0.0989
2002-03-21,0.0987
2002-03-22,0.0980999999999999
2002-03-25,0.0980999999999999
2002-03-26,0.0979
2002-03-27,0.0974
2002-04-02,0.0980999999999999
2002-04-03,0.0978999999999999
2002-04-04,0.0977
2002-04-05,0.0982
2002-04-08,0.0971
2002-04-09,0.0974
2002-04-10,0.0975
2002-04-11,0.0977999999999999
2002-04-12,0.0976
2002-04-15,0.0972999999999999
2002-04-16,0.097
2002-04-19,0.0980999999999999
2002-04-29,0.0987
2002-04-30,0.0983
2002-05-02,0.0983
2002-05-03,0.0997
2002-05-06,0.0993999999999999
2002-05-07,0.0982
2002-05-08,0.0980999999999999
2002-05-09,0.0983
2002-05-10,0.0985
2002-05-13,0.0983
2002-05-14,0.0982
2002-05-15,0.0991
2002-05-16,0.0994
2002-05-17,0.1007
2002-05-20,0.1009
2002-05-22,0.102
2002-05-23,0.1019
2002-05-28,0.1022
2002-05-29,0.1031
2002-05-31,0.1032
2002-06-03,0.1038999999999999
2002-06-04,0.1038999999999999
2002-06-05,0.1036
2002-06-06,0.1039
2002-06-10,0.1034
2002-06-11,0.1041
2002-06-12,0.1038
2002-06-13,0.1037
2002-06-14,0.1044
2002-06-18,0.1054
2002-06-19,0.1062
2002-06-20,0.1072
2002-06-21,0.1073
2002-06-24,0.1080999999999999
2002-06-25,0.1082
2002-06-26,0.1093
2002-06-27,0.1092
2002-06-28,0.1099
2002-07-01,0.1094
2002-07-02,0.109
2002-07-03,0.1084
2002-07-11,0.1074
2002-07-12,0.1079999999999999
2002-07-15,0.1094
2002-07-16,0.1088
2002-07-17,0.1091
2002-07-18,0.1089
2002-07-19,0.1088
2002-07-22,0.107
2002-07-23,0.1055
2002-07-24,0.1053
2002-07-25,0.1067
2002-07-26,0.1069
2002-07-29,0.1061
2002-07-30,0.1072
2002-07-31,0.1057999999999999
2002-08-01,0.1052
2002-08-02,0.105
2002-08-05,0.1051999999999999
2002-08-06,0.1042
2002-08-07,0.1051999999999999
2002-08-08,0.1047
2002-08-09,0.1051
2002-08-12,0.106
2002-08-13,0.1069
2002-08-14,0.1071999999999999
2002-08-15,0.107
2002-08-16,0.1071
2002-08-20,0.1071
2002-08-21,0.1075
2002-08-22,0.106
2002-08-23,0.1064
2002-08-26,0.1072
2002-08-27,0.1084
2002-08-28,0.108
2002-08-29,0.1081
2002-08-30,0.1072
2002-09-02,0.1071
2002-09-03,0.1074999999999999
2002-09-04,0.1077
2002-09-05,0.108
2002-09-06,0.1078
2002-09-09,0.1072999999999999
2002-09-10,0.1067999999999999
2002-09-11,0.107496132596685
2002-09-12,0.107496132596685
2002-09-13,0.1072
2002-09-16,0.1069109589041096
2002-09-17,0.1071
2002-09-18,0.1075076712328767
2002-09-19,0.1078119891008174
2002-09-20,0.1081065573770491
2002-09-23,0.1084
2002-09-24,0.1086
2002-09-25,0.1081
2002-09-26,0.1067999999999999
2002-09-27,0.1085
2002-09-30,0.1085
2002-10-01,0.109
2002-10-02,0.1094
2002-10-03,0.1093
2002-10-04,0.1093
2002-10-07,0.1087
2002-10-08,0.1073999999999999
2002-10-09,0.1084999999999999
2002-10-10,0.1086
2002-10-11,0.1089999999999999
2002-10-15,0.1089
2002-10-16,0.1089
2002-10-17,0.1071
2002-10-18,0.1086
2002-10-21,0.108
2002-10-22,0.1078
2002-10-23,0.1077
2002-10-24,0.1077
2002-10-25,0.1079
2002-10-28,0.1089
2002-10-29,0.1089
2002-10-30,0.1092
2002-10-31,0.1096999999999999
2002-11-01,0.1103
2002-11-04,0.1099
2002-11-05,0.1102
2002-11-07,0.1112
2002-11-08,0.1120999999999999
2002-11-11,0.1119
2002-11-12,0.1121
2002-11-13,0.1119
2002-11-14,0.1113
2002-11-15,0.1119
2002-11-18,0.1119
2002-11-19,0.1114
2002-11-20,0.1113
2002-11-21,0.1116
2002-11-22,0.1116
2002-11-25,0.1107
2002-11-26,0.1104
2002-11-27,0.11
2002-11-29,0.1110999999999999
2002-12-02,0.1110999999999999
2002-12-03,0.1110999999999999
2002-12-04,0.111
2002-12-05,0.111
2002-12-06,0.112
2002-12-09,0.1118
2002-12-10,0.1118
2002-12-11,0.1117
2002-12-12,0.1129
2002-12-13,0.1123
2002-12-16,0.1131
2002-12-17,0.1134999999999999
2002-12-18,0.1135
2002-12-19,0.113
2002-12-20,0.1134999999999999
2002-12-23,0.113
2002-12-24,0.113
2002-12-26,0.1142
2002-12-27,0.1142
2002-12-30,0.1151
2002-12-31,0.1157999999999999
2003-01-02,0.1143
2003-01-03,0.1152
2003-01-06,0.116
2003-01-07,0.1157
2003-01-08,0.1159999999999999
2003-01-09,0.1156
2003-01-10,0.1161
2003-01-13,0.1158999999999999
2003-01-14,0.116
2003-01-15,0.1161
2003-01-16,0.1162
2003-01-17,0.1167
2003-01-20,0.1169
2003-01-21,0.1165
2003-01-22,0.1166999999999999
2003-01-23,0.1169999999999999
2003-01-24,0.1181999999999999
2003-01-27,0.1182
2003-01-28,0.1179
2003-01-29,0.1186
2003-01-30,0.1186
2003-01-31,0.1168
2003-02-03,0.1175
2003-02-04,0.1186
2003-02-05,0.1172999999999999
2003-02-06,0.1172999999999999
2003-02-07,0.1188
2003-02-10,0.1179
2003-02-11,0.1181
2003-02-12,0.1182
2003-02-13,0.1197
2003-02-14,0.1189999999999999
2003-02-17,0.1186999999999999
2003-02-18,0.1178
2003-02-19,0.1187
2003-02-20,0.1195
2003-02-21,0.1191
2003-02-24,0.119
2003-02-25,0.1192
2003-02-26,0.1195
2003-02-27,0.1180081504702194
2003-02-28,0.1177163009404388
2003-03-03,0.1181753894080996
2003-03-04,0.1189625786163521
2003-03-05,0.1195315457413249
2003-03-06,0.1196745283018867
2003-03-07,0.1196316455696202
2003-03-10,0.1193888535031847
2003-03-11,0.1186661341853035
2003-03-12,0.1185254019292604
2003-03-13,0.116876923076923
2003-03-14,0.1166724358974359
2003-03-17,0.1154067741935483
2003-03-18,0.114968954248366
2003-03-19,0.1151279069767441
2003-03-20,0.1156471947194719
2003-03-21,0.1149162251655629
2003-03-24,0.1156605351170568
2003-03-25,0.1151278911564625
2003-03-26,0.1156468965517241
2003-03-27,0.1157274305555555
2003-03-28,0.1171647651006711
2003-04-01,0.1176746621621621
2003-04-02,0.1163603448275862
2003-04-03,0.116713448275862
2003-04-04,0.1166044827586206
2003-04-07,0.1158882758620689
2003-04-08,0.1169044520547945
2003-04-09,0.1177578767123287
2003-04-10,0.1178688581314879
2003-04-11,0.1176610344827586
2003-04-14,0.1181054607508532
2003-04-15,0.118077627118644
2003-04-16,0.1192464163822525
2003-04-21,0.1188494809688581
2003-04-22,0.120019298245614
2003-04-23,0.1202355633802817
2003-04-24,0.1211534965034965
2003-04-25,0.1210213286713286
2003-04-28,0.1200479020979021
2003-04-29,0.1211533333333333
2003-04-30,0.1225191489361702
2003-05-02,0.1236551971326165
2003-05-05,0.1242853571428571
2003-05-06,0.125565
2003-05-07,0.1248594982078853
2003-05-08,0.1258019551049964
2003-05-09,0.1253604316546762
2003-05-12,0.1259602888086642
2003-05-13,0.1256754512635379
2003-05-14,0.1254864285714285
2003-05-15,0.124331690140845
2003-05-16,0.126071768707483
2003-05-19,0.1272428082191781
2003-05-20,0.1273236111111111
2003-05-21,0.1275835973248855
2003-05-22,0.1278935652173913
2003-05-23,0.1288493103448276
2003-05-26,0.1288494773519163
2003-05-27,0.1291989547038327
2003-05-28,0.1287996527777778
2003-05-29,0.1297520833333333
2003-05-30,0.128998947368421
2003-06-02,0.1290322807017543
2003-06-03,0.1288660777385158
2003-06-04,0.1281722182849043
2003-06-05,0.1301067137809187
2003-06-06,0.1287166666666666
2003-06-09,0.1288163410301953
2003-06-10,0.1283697508896797
2003-06-11,0.1292824238128986
2003-06-12,0.1297521156558533
2003-06-13,0.1307187943262411
2003-06-17,0.1305653571428571
2003-06-18,0.1290322003577817
2003-06-19,0.1296510714285714
2003-06-20,0.1274698752228164
2003-06-23,0.1268713261648745
2003-06-24,0.1253602888086642
2003-06-25,0.1264862815884476
2003-06-26,0.124610752688172
2003-06-27,0.1245640752573659
2003-06-30,0.1250625
2003-07-01,0.1257071428571428
2003-07-02,0.1257546428571428
2003-07-03,0.1253602862254025
2003-07-04,0.1253602862254025
2003-07-07,0.1228502692998204
2003-07-08,0.1236093693693693
2003-07-10,0.1245486789721317
2003-07-11,0.1235634057971014
2003-07-14,0.1232588447653429
2003-07-15,0.1222494584837545
2003-07-16,0.1221895683453237
2003-07-17,0.121373835125448
2003-07-18,0.1219810714285714
2003-07-21,0.1222342857142857
2003-07-22,0.1220701438848921
2003-07-23,0.1243935251798561
2003-07-24,0.124408896797153
2003-07-25,0.1254234042553191
2003-07-28,0.1254232804232804
2003-07-29,0.124750439367311
2003-07-30,0.1239924268502581
2003-07-31,0.1217284246575342
2003-08-01,0.1216397959183673
2003-08-04,0.1230768189509306
2003-08-05,0.1230013628620102
2003-08-06,0.1231073504273504
2003-08-07,0.1234262798634812
2003-08-08,0.122910519125683
2003-08-11,0.1226843910806175
2003-08-12,0.1225341379310345
2003-08-13,0.122865164644714
2003-08-14,0.122040414507772
2003-08-15,0.122040414507772
2003-08-19,0.1199039059799516
2003-08-20,0.1202644939965694
2003-08-21,0.1187084745762711
2003-08-22,0.1179383050847457
2003-08-25,0.1176331623931624
2003-08-26,0.1174122448979591
2003-08-27,0.1176469594594594
2003-08-28,0.1181196610169491
2003-08-29,0.1195598782138024
2003-09-01,0.1195601351351351
2003-09-02,0.1182174496644295
2003-09-03,0.1190335570469798
2003-09-04,0.1196745602165088
2003-09-05,0.1218027303754266
2003-09-08,0.1217285714285714
2003-09-09,0.1227897959183673
2003-09-10,0.1226992840095465
2003-09-11,0.1231982758620689
2003-09-12,0.1244865517241379
2003-09-15,0.1235484429065744
2003-09-16,0.1228047684865238
2003-09-17,0.1250467353951889
2003-09-18,0.1245951890034364
2003-09-19,0.1257388316151202
2003-09-22,0.1270003442340792
2003-09-23,0.128221724137931
2003-09-24,0.1291487889273356
2003-09-25,0.1289989637305699
2003-09-26,0.1283039586919105
2003-09-29,0.1298701030927835
2003-09-30,0.1290490566037735
2003-10-01,0.1294499139414802
2003-10-02,0.1301404958677686
2003-10-03,0.1286835355285962
2003-10-06,0.1306164862032832
2003-10-07,0.1314232509571876
2003-10-08,0.1316482324116205
2003-10-09,0.1304122621564482
2003-10-10,0.1313368569415081
2003-10-14,0.1308043708142403
2003-10-15,0.130106690140845
2003-10-16,0.1296849700809574
2003-10-17,0.1292826010544815
2003-10-20,0.1288991243432574
2003-10-21,0.1294498245614035
2003-10-22,0.1312508771929824
2003-10-23,0.1299374560787069
2003-10-24,0.1304292253521126
2003-10-27,0.1296345070422535
2003-10-28,0.128998947368421
2003-10-29,0.1296343257443082
2003-10-30,0.1287167247386759
2003-10-31,0.127779057591623
2003-11-03,0.1265022767075306
2003-11-04,0.1274697022767075
2003-11-05,0.1268714535901926
2003-11-07,0.1284355461889708
2003-11-10,0.1283203508771929
2003-11-11,0.1283202797202797
2003-11-12,0.1298700525394045
2003-11-13,0.1307532286212914
2003-11-14,0.1312334494773519
2003-11-17,0.1309242582897033
2003-11-18,0.1326258289703315
2003-11-19,0.1325029565217391
2003-11-20,0.1322052083333333
2003-11-21,0.1330494809688581
2003-11-24,0.1312509492578529
2003-11-25,0.1314924657534246
2003-11-26,0.1321352348993288
2003-11-27,0.1321352445193929
2003-11-28,0.1325030100334448
2003-12-01,0.132731543624161
2003-12-02,0.1341381512605041
2003-12-03,0.1345171717171717
2003-12-04,0.1352629629629629
2003-12-05,0.135666779089376
2003-12-09,0.1367241496598639
2003-12-10,0.1362768707482993
2003-12-11,0.1354277966101695
2003-12-12,0.1371176868447751
2003-12-15,0.1367055048969942
2003-12-16,0.1365935288169868
2003-12-17,0.1375894665766374
2003-12-18,0.1369488043112159
2003-12-19,0.1365559676331759
2003-12-22,0.1364442567567567
2003-12-23,0.136873858640514
2003-12-24,0.1369861486486486
2003-12-26,0.1366494915254237
2003-12-29,0.1376461590754588
2003-12-30,0.1378930153321976
2003-12-31,0.1385040955631399
2004-01-02,0.139256506849315
2004-01-05,0.1397427083333333
2004-01-06,0.1402523560209423
2004-01-07,0.1394118462071354
2004-01-08,0.1403509681881051
2004-01-09,0.1409442906574394
2004-01-12,0.1404298769771529
2004-01-13,0.1394893542757417
2004-01-14,0.1385426086956522
2004-01-15,0.137362652705061
2004-01-16,0.1349163484901076
2004-01-19,0.1349164644714038
2004-01-20,0.1373059108192188
2004-01-21,0.1389274914089347
2004-01-22,0.1395671848013817
2004-01-23,0.1377030927835051
2004-01-26,0.1368175257731958
2004-01-27,0.1378739697802198
2004-01-28,0.1383126712328767
2004-01-29,0.1350257452574526
2004-01-30,0.1352629781420765
2004-02-02,0.1349890598290598
2004-02-03,0.1362767552828902
2004-02-04,0.1366306489976214
2004-02-05,0.1371742808798646
2004-02-06,0.1393147208121827
2004-02-09,0.1390626916524701
2004-02-10,0.1393339011925042
2004-02-11,0.1401935374149659
2004-02-12,0.1402721065209969
2004-02-13,0.1394116438356164
2004-02-16,0.1394115832762165
2004-02-17,0.1398209771096686
2004-02-18,0.1392952997275204
2004-02-19,0.1386
2004-02-20,0.1363699658703071
2004-02-23,0.1369113924050632
2004-02-24,0.1378549880013712
2004-02-25,0.1354278385772913
2004-02-26,0.1350621584699453
2004-02-27,0.1350437906260691
2004-03-01,0.1345712328767123
2004-03-02,0.1319260273972602
2004-03-03,0.1311474226804123
2004-03-04,0.1323977428180574
2004-03-05,0.1349528849436667
2004-03-08,0.1352264665757162
2004-03-09,0.1357957359009628
2004-03-10,0.1335469178082191
2004-03-11,0.1335647099210436
2004-03-12,0.1318740994854202
2004-03-15,0.1323275980729525
2004-03-16,0.1326787439613526
2004-03-17,0.1324151074151074
2004-03-18,0.1341382057499134
2004-03-19,0.133191304347826
2004-03-22,0.1342822749476622
2004-03-23,0.133851026801253
2004-03-24,0.1314233576642336
2004-03-25,0.1313198887343532
2004-03-26,0.1309930555555555
2004-03-29,0.1311476837338906
2004-03-30,0.1315615384615384
2004-03-31,0.1326611888111888
2004-04-01,0.1340840365682137
2004-04-02,0.1313887719298245
2004-04-06,0.1314407079646017
2004-04-07,0.1330670709953621
2004-04-12,0.1316483985765124
2004-04-13,0.1302760213143872
2004-04-14,0.1299715504978663
2004-04-15,0.1300897799858055
2004-04-16,0.130804609929078
2004-04-19,0.1305995755217545
2004-04-20,0.1299037715897074
2004-04-21,0.1294164037854889
2004-04-22,0.1299713986745727
2004-04-23,0.1292322241681261
2004-04-26,0.1301405367231638
2004-04-27,0.1307190694395488
2004-04-28,0.130038920056101
2004-04-29,0.1306508047585724
2004-04-30,0.1311130281690141
2004-05-03,0.1304119298245614
2004-05-04,0.1320653846153846
2004-05-05,0.1335826936496859
2004-05-06,0.1328198478561549
2004-05-07,0.1307873287671233
2004-05-10,0.1292659355723097
2004-05-11,0.1288826969384245
2004-05-12,0.1300389743589743
2004-05-13,0.1291823469038658
2004-05-14,0.1297352839931153
2004-05-17,0.1311817869415807
2004-05-18,0.1309415204678362
2004-05-19,0.1318390092879257
2004-05-20,0.1312508474576271
2004-05-21,0.1324151710125296
2004-05-24,0.1317696458684654
2004-05-26,0.1331026333558406
2004-05-27,0.1346801346801346
2004-05-28,0.1343003033367037
2004-05-31,0.1343003378378378
2004-06-01,0.1346439189189189
2004-06-02,0.1339224753485209
2004-06-03,0.1334898921832884
2004-06-04,0.1344629380053908
2004-06-07,0.1351258835408953
2004-06-08,0.1348616267296658
2004-06-09,0.1325733108108108
2004-06-10,0.1323853674983142
2004-06-11,0.1311647019198383
2004-06-14,0.1314579817752278
2004-06-15,0.1327669376693767
2004-06-16,0.1311130287648054
2004-06-17,0.1318564189189189
2004-06-18,0.1326364555256064
2004-06-22,0.1319054054054054
2004-06-23,0.131729867482161
2004-06-24,0.132634882931795
2004-06-25,0.1325028764805414
2004-06-28,0.1331629005059022
2004-06-29,0.1328637896156439
2004-06-30,0.1328637592968221
2004-07-01,0.1326663279132791
2004-07-02,0.1326664406779661
2004-07-05,0.1326665533650577
2004-07-06,0.1338867346938775
2004-07-07,0.1348707159823549
2004-07-08,0.1349800540906017
2004-07-12,0.1349708869329722
2004-07-13,0.1337791723202171
2004-07-14,0.1347435461956521
2004-07-15,0.134383152173913
2004-07-16,0.1353802242609582
2004-07-19,0.1351387381275441
2004-07-20,0.1344916920990166
2004-07-21,0.1331662715882153
2004-07-22,0.1335987153482082
2004-07-23,0.1319400067408156
2004-07-26,0.1320584481021162
2004-07-27,0.1309825151311365
2004-07-28,0.1307889075630252
2004-07-29,0.1304818548387096
2004-07-30,0.1302100671140939
2004-08-02,0.130633411449615
2004-08-03,0.1310083416750083
2004-08-04,0.1311923331130205
2004-08-05,0.1313300653594771
2004-08-06,0.133604248366013
2004-08-09,0.1335541254125412
2004-08-10,0.1339224395094465
2004-08-11,0.1329451239669421
2004-08-12,0.1329877158034528
2004-08-13,0.1341004975124378
2004-08-17,0.1338061088977423
2004-08-18,0.133589973439575
2004-08-19,0.1341293218085106
2004-08-20,0.1337863077434363
2004-08-23,0.1328481222997673
2004-08-24,0.13182185828877
2004-08-25,0.1319852892009361
2004-08-26,0.1324047856430708
2004-08-27,0.1317470079787234
2004-08-30,0.1322437645493847
2004-08-31,0.1335201868535201
2004-09-01,0.1336630036630036
2004-09-02,0.1333920719520319
2004-09-03,0.1322612612612612
2004-09-06,0.1322610294117647
2004-09-07,0.1327120908483633
2004-09-08,0.1337096666666666
2004-09-09,0.1339636908727515
2004-09-10,0.1351149119893722
2004-09-13,0.1348525191858525
2004-09-14,0.1347928380187416
2004-09-15,0.1330708529214237
2004-09-16,0.1334384615384615
2004-09-17,0.1339565217391304
2004-09-20,0.1343110814419225
2004-09-21,0.1356501331557922
2004-09-22,0.1352120200333889
2004-09-23,0.1364425517702071
2004-09-24,0.1355841121495327
2004-09-27,0.1359802939211757
2004-09-28,0.1359434404283802
2004-09-29,0.136048927613941
2004-09-30,0.1374324052331432
2004-10-01,0.1374154362416107
2004-10-04,0.1355731132075471
2004-10-05,0.1363214525891055
2004-10-06,0.136156176371592
2004-10-07,0.1359841963685272
2004-10-08,0.1371647574123989
2004-10-12,0.1371647019198383
2004-10-13,0.1357331763122476
2004-10-14,0.136232268907563
2004-10-15,0.1368344013490725
2004-10-18,0.1375912013536379
2004-10-19,0.1378416610398379
2004-10-20,0.1390297297297297
2004-10-21,0.1389408384043272
2004-10-22,0.1390415259959486
2004-10-25,0.1412328167115903
2004-10-26,0.1411392532795156
2004-10-27,0.1410538358008075
2004-10-28,0.141143288590604
2004-10-29,0.1411033670033669
2004-11-01,0.1408868305826877
2004-11-02,0.1401088941494758
2004-11-03,0.1411213247718823
2004-11-04,0.1415687267814927
2004-11-05,0.1423710330857528
2004-11-08,0.1422575655682582
2004-11-09,0.1420575951498821
2004-11-10,0.1424154882154882
2004-11-11,0.1424155712841253
2004-11-12,0.1445858108108108
2004-11-15,0.1445607856417202
2004-11-16,0.1449634146341463
2004-11-17,0.1451042944785276
2004-11-18,0.1445462585034013
2004-11-19,0.1457575551782682
2004-11-22,0.1455159322033898
2004-11-23,0.1460622448979592
2004-11-24,0.1474558123725357
2004-11-25,0.1474556574923547
2004-11-26,0.1491601496089765
2004-11-29,0.1494144357844798
2004-11-30,0.1485663837011884
2004-12-01,0.1489004755434782
2004-12-02,0.1478087837837838
2004-12-03,0.1504685925428283
2004-12-06,0.1505775544388609
2004-12-07,0.1506319677635997
2004-12-09,0.1477584005376344
2004-12-10,0.1472407656145063
2004-12-13,0.1489425016812373
2004-12-14,0.1481590604026845
2004-12-15,0.1495661962365591
2004-12-16,0.1478829039812646
2004-12-17,0.1480778784827123
2004-12-20,0.1496848852901484
2004-12-21,0.1489737108190091
2004-12-22,0.1483481781376518
2004-12-23,0.1495216655382532
2004-12-24,0.1499431087030139
2004-12-27,0.1514302600472813
2004-12-28,0.1517357983193277
2004-12-29,0.151091641490433
2004-12-30,0.1510484033613445
2004-12-31,0.1509751594494797
2005-01-03,0.1494033018867924
2005-01-04,0.1469659014179608
2005-01-05,0.1472797979797979
2005-01-06,0.1453890761968981
2005-01-07,0.1440713804713804
2005-01-10,0.1449400269541779
2005-01-11,0.1454059439378588
2005-01-12,0.1467867572156197
2005-01-13,0.1461134582623509
2005-01-14,0.1446633764465622
2005-01-17,0.1446634812286689
2005-01-18,0.1442856656452162
2005-01-19,0.1440900441726129
2005-01-20,0.1434512733446519
2005-01-21,0.144177370030581
2005-01-24,0.1440051142175247
2005-01-25,0.1428285420944558
2005-01-26,0.1441629021218343
2005-01-27,0.1433732057416268
2005-01-28,0.1432500854116843
2005-01-31,0.1433320793433652
2005-02-01,0.1433548717948718
2005-02-02,0.1435357264957265
2005-02-03,0.1428062970568104
2005-02-04,0.1420695205479452
2005-02-07,0.1405282631038026
2005-02-08,0.1408946465339739
2005-02-09,0.1409979374355448
2005-02-10,0.1418520933424845
2005-02-11,0.1415286843009275
2005-02-14,0.143
2005-02-15,0.1436349862258953
2005-02-16,0.1430739460953697
2005-02-17,0.1438268502581755
2005-02-18,0.143507027768255
2005-02-21,0.1435070374184689
2005-02-22,0.1455795415668833
2005-02-23,0.1454187393526405
2005-02-24,0.14570878746594
2005-02-25,0.145929884275017
2005-02-28,0.1464707283866576
2005-03-01,0.1455793758480325
2005-03-02,0.144755495434562
2005-03-03,0.145260162601626
2005-03-04,0.1466986721144024
2005-03-07,0.1462631399317406
2005-03-08,0.1475926305015353
2005-03-09,0.1481964529331514
2005-03-10,0.1479618138424821
2005-03-11,0.1484957147754542
2005-03-14,0.1467719178082192
2005-03-15,0.1465310037684138
2005-03-16,0.1475188356164383
2005-03-17,0.1470154215215901
2005-03-18,0.1460428522454576
2005-03-21,0.1441858073363044
2005-03-22,0.1446801786327722
2005-03-23,0.1422577213452299
2005-03-28,0.141376796714579
2005-03-29,0.1414327285176309
2005-03-30,0.1418479452054794
2005-03-31,0.1416592389441206
2005-04-01,0.1406666666666666
2005-04-04,0.1398739294278862
2005-04-05,0.1399835221421215
2005-04-06,0.1406706854977609
2005-04-07,0.1404868603042877
2005-04-08,0.1409661602209944
2005-04-11,0.1419346020761245
2005-04-12,0.1409840830449827
2005-04-13,0.1411114970475859
2005-04-14,0.1395847750865052
2005-04-15,0.1407796551724137
2005-04-18,0.1416430048242591
2005-04-19,0.1419648518263266
2005-04-20,0.1427020689655172
2005-04-21,0.1422028935583878
2005-04-22,0.1425251724137931
2005-04-25,0.1419083074801792
2005-04-26,0.1418639972385226
2005-04-27,0.1415727586206896
2005-04-28,0.1408628394637332
2005-04-29,0.1400051546391752
2005-05-02,0.139701724137931
2005-05-03,0.1401874352778736
2005-05-04,0.1411115331491712
2005-05-05,0.1412688988608905
2005-05-06,0.139914798206278
2005-05-09,0.139854231433506
2005-05-10,0.1398717594192879
2005-05-11,0.13875
2005-05-12,0.1378607463718037
2005-05-13,0.137234542314335
2005-05-16,0.1369788488210818
2005-05-17,0.1373437283437283
2005-05-18,0.1379594594594594
2005-05-19,0.1374097053726169
2005-05-20,0.1368268098372012
2005-05-23,0.1371649341649341
2005-05-24,0.1371573111573111
2005-05-26,0.1359712305025996
2005-05-27,0.1367521663778163
2005-05-30,0.136752080443828
2005-05-31,0.1345133541449878
2005-06-01,0.1337397782397782
2005-06-02,0.1344700173310225
2005-06-03,0.1337470628887353
2005-06-06,0.1342804835924007
2005-06-07,0.1344664823773324
2005-06-08,0.1332230662983425
2005-06-09,0.1329557858376511
2005-06-10,0.131378284923928
2005-06-13,0.130359375
2005-06-14,0.1297890706578489
2005-06-15,0.1308352450469239
2005-06-16,0.130500695894224
2005-06-17,0.1329592618384401
2005-06-21,0.1315772046009062
2005-06-22,0.1300390788555478
2005-06-23,0.1281361420612813
2005-06-24,0.1287513888888889
2005-06-27,0.1294046382831429
2005-06-28,0.1284671734623358
2005-06-29,0.1278117443868739
2005-06-30,0.1280574991340491
2005-07-01,0.12604158004158
2005-07-04,0.1260412478336222
2005-07-05,0.1264476784476784
2005-07-06,0.1271246095105866
2005-07-07,0.1270194579569145
2005-07-08,0.1265182990589055
2005-07-11,0.127510460251046
2005-07-12,0.1297775844065436
2005-07-13,0.1290174276751481
2005-07-14,0.1287067039106145
2005-07-15,0.1286056584002794
2005-07-18,0.1282164804469273
2005-07-19,0.127767645003494
2005-07-20,0.1282051013277428
2005-07-21,0.1290657112897588
2005-07-22,0.127820118756549
2005-07-25,0.1280293501048218
2005-07-26,0.1273204053109713
2005-07-27,0.1276537521815008
2005-07-28,0.1289989521480964
2005-07-29,0.1288476057322614
2005-08-01,0.1298381118881119
2005-08-02,0.1302542847149352
2005-08-03,0.1314940559440559
2005-08-04,0.1325522179531959
2005-08-05,0.1321075043630017
2005-08-08,0.1323607528755664
2005-08-09,0.1321823877479986
2005-08-10,0.1324118260869565
2005-08-11,0.1337486965589155
2005-08-12,0.1338831078737426
2005-08-16,0.1324677977839335
2005-08-17,0.1316135499481507
2005-08-18,0.1305277873662409
2005-08-19,0.1299088407292741
2005-08-22,0.1306522187822497
2005-08-23,0.1309071526822558
2005-08-24,0.1314767801857585
2005-08-25,0.1320619195046439
2005-08-26,0.1317679614987968
2005-08-29,0.1309193271541366
2005-08-30,0.1305123626373626
2005-08-31,0.1323102026794916
2005-09-01,0.1338508591065292
2005-09-02,0.135286941580756
2005-09-05,0.1352868937048503
2005-09-06,0.1340464396284829
2005-09-07,0.1335025817555938
2005-09-08,0.1328991046831956
2005-09-09,0.1333084850566815
2005-09-12,0.1323119643469318
2005-09-13,0.1315529290853031
2005-09-14,0.1315460774237752
2005-09-15,0.1308541523678792
2005-09-16,0.1307615939539677
2005-09-19,0.1302150463758158
2005-09-20,0.1303713109128346
2005-09-21,0.1308987645847631
2005-09-22,0.1298667582417582
2005-09-23,0.12853470790378
2005-09-26,0.1285082474226804
2005-09-27,0.1279147766323024
2005-09-28,0.1283286449399657
2005-09-29,0.1291190394511149
2005-09-30,0.1289340206185567
2005-10-03,0.1280457201787556
2005-10-04,0.128063829787234
2005-10-05,0.1285925419089976
2005-10-06,0.1307308347529812
2005-10-07,0.1299325842696629
2005-10-11,0.1285412999322951
2005-10-12,0.128548060708263
2005-10-13,0.1273414879356568
2005-10-14,0.1279542241669471
2005-10-17,0.1272020882452004
2005-10-18,0.1266577972381273
2005-10-19,0.1268150016818029
2005-10-20,0.1265181086519114
2005-10-21,0.1252270288397048
2005-10-24,0.1257464741437206
2005-10-25,0.1275445113788487
2005-10-26,0.1271440480160053
2005-10-27,0.1274536116633532
2005-10-28,0.1266112769485903
2005-10-31,0.1257388407728181
2005-11-01,0.1251691176470588
2005-11-02,0.1253683858004018
2005-11-03,0.1244091213950368
2005-11-04,0.1233303152246814
2005-11-07,0.122770265724857
2005-11-08,0.1235467431657104
2005-11-09,0.1226497137083193
2005-11-10,0.1221552188552188
2005-11-11,0.1221553758004718
2005-11-14,0.1219318718381113
2005-11-15,0.1215243902439024
2005-11-16,0.1215627118644067
2005-11-17,0.1218664627930683
2005-11-18,0.1225144410465511
2005-11-21,0.1227642055120789
2005-11-22,0.1231239388794567
2005-11-23,0.124162033898305
2005-11-24,0.1241620433017591
2005-11-25,0.1239619656681252
2005-11-28,0.1247458193979933
2005-11-29,0.1237301747311828
2005-11-30,0.1238391773432231
2005-12-01,0.1233334452652786
2005-12-02,0.1242422006038242
2005-12-05,0.1250545757071547
2005-12-06,0.1256169502836169
2005-12-07,0.1245982620320855
2005-12-09,0.1254925224327019
2005-12-12,0.1270275381552754
2005-12-13,0.1265326231691078
2005-12-14,0.1275493662441627
2005-12-15,0.126392039800995
2005-12-16,0.126922899505766
2005-12-19,0.1276195041322314
2005-12-20,0.1257923533289387
2005-12-21,0.1253227827233761
2005-12-22,0.1255160436652332
2005-12-23,0.125308633807476
2005-12-26,0.1253084824387011
2005-12-27,0.1253604612850082
2005-12-28,0.1258194078947368
2005-12-29,0.1258257425742574
2005-12-30,0.1260333113456464
2006-01-02,0.1260333333333333
2006-01-03,0.1280164581961817
2006-01-04,0.1298262586377097
2006-01-05,0.1296714754098361
2006-01-06,0.1306575163398692
2006-01-09,0.1298701044386423
2006-01-10,0.1290340202813215
2006-01-11,0.1299629629629629
2006-01-12,0.1292823297137216
2006-01-13,0.1301591433278418
2006-01-16,0.1301591433278418
2006-01-17,0.1297455679579776
2006-01-18,0.1295352574614627
2006-01-19,0.1296999343401182
2006-01-20,0.1301981566820276
2006-01-23,0.1329009216589861
2006-01-24,0.1327191307211063
2006-01-25,0.1324609836065573
2006-01-26,0.1323487078835459
2006-01-27,0.1313179587831207
2006-01-30,0.1308967657628226
2006-01-31,0.1318894324853229
2006-02-01,0.1304990221642764
2006-02-02,0.1303339850114043
2006-02-03,0.1295774372350831
2006-02-06,0.1285728250244379
2006-02-07,0.1286919323357189
2006-02-08,0.1289026692708333
2006-02-09,0.1291223091976516
2006-02-10,0.1284587544832083
2006-02-13,0.1274356467904855
2006-02-14,0.1275965483555844
2006-02-15,0.1274744382937153
2006-02-16,0.126588849038148
2006-02-17,0.1268327900912646
2006-02-20,0.1268326810176125
2006-02-21,0.1268456026058632
2006-02-22,0.1270891636836967
2006-02-23,0.1266802212101496
2006-02-24,0.1260396747967479
2006-02-27,0.1255144715447154
2006-02-28,0.1263662979830839
2006-03-01,0.1260906127770534
2006-03-02,0.1269761982393218
2006-03-03,0.1269873088187439
2006-03-06,0.1271650958726032
2006-03-07,0.1257733766233766
2006-03-08,0.1261543950697372
2006-03-09,0.126614336685047
2006-03-10,0.1268471771576898
2006-03-13,0.1272782467532467
2006-03-14,0.1283533810143043
2006-03-15,0.1284934895833333
2006-03-16,0.1303355027660266
2006-03-17,0.1307207940123657
2006-03-20,0.1300930383864671
2006-03-21,0.1291021470396877
2006-03-22,0.1289125203252032
2006-03-23,0.1281705099058135
2006-03-27,0.1285131365553032
2006-03-28,0.1288724853990915
2006-03-29,0.1277431818181818
2006-03-30,0.1290856864654333
2006-03-31,0.1286703439325113
2006-04-03,0.1288528363047001
2006-04-04,0.1307479727538112
2006-04-05,0.1313542207792208
2006-04-06,0.131104579408899
2006-04-07,0.1296848425835767
2006-04-10,0.1290704316780266
2006-04-11,0.1301576210594735
2006-04-12,0.1296176088369071
2006-04-17,0.1322574772431729
2006-04-18,0.1322368078175896
2006-04-19,0.1334827249022164
2006-04-20,0.1327737822817914
2006-04-21,0.1323363844393592
2006-04-24,0.1328198227765014
2006-04-25,0.1331292338046695
2006-04-26,0.1333886146758802
2006-04-27,0.1347473718791064
2006-04-28,0.1359452099737532
2006-05-02,0.1352045977011494
2006-05-03,0.1358346482577251
2006-05-04,0.1361210128247287
2006-05-05,0.1367221308780006
2006-05-08,0.1363865131578947
2006-05-09,0.1369151594870108
2006-05-10,0.1371572368421052
2006-05-11,0.1373117996044825
2006-05-12,0.1378662714097496
2006-05-15,0.1365485037816508
2006-05-16,0.1365969756738987
2006-05-17,0.135373031496063
2006-05-18,0.137003274394237
2006-05-19,0.136595222513089
2006-05-22,0.1378017578125
2006-05-23,0.1378701171875
2006-05-24,0.1369561972744971
2006-05-26,0.1360229922279792
2006-05-29,0.1368813779655508
2006-05-30,0.1390068005181347
2006-05-31,0.1387578606158833
2006-06-01,0.1384678571428571
2006-06-02,0.140297823968821
2006-06-05,0.1412568181818181
2006-06-06,0.1392293220888744
2006-06-07,0.1390801427644386
2006-06-08,0.1367632176451508
2006-06-09,0.1369714471122647
2006-06-12,0.136544952937358
2006-06-13,0.1352374310736295
2006-06-14,0.1360246833387463
2006-06-15,0.1361191558441558
2006-06-16,0.1360915881779798
2006-06-20,0.1365448343079922
2006-06-21,0.1376539837398374
2006-06-22,0.1363476283300844
2006-06-23,0.1356374553716326
2006-06-26,0.136898250162022
2006-06-27,0.1359174757281553
2006-06-28,0.1360229922279792
2006-06-29,0.1358733808290155
2006-06-30,0.1388425145819831
2006-07-03,0.1394583468395462
2006-07-04,0.1394583468395462
2006-07-05,0.1386310333657272
2006-07-06,0.1394115359688917
2006-07-07,0.1403626053143227
2006-07-10,0.1387673363577446
2006-07-11,0.1392331387808041
2006-07-12,0.1383259811871553
2006-07-13,0.1380528534370946
2006-07-14,0.1374949724294518
2006-07-17,0.1357553536664503
2006-07-18,0.1348945489941596
2006-07-19,0.1365261448522247
2006-07-20,0.13705029201817
2006-07-21,0.1372005191434133
2006-07-24,0.1364012987012987
2006-07-25,0.1359249512670565
2006-07-26,0.1371554977228367
2006-07-27,0.1377390315242119
2006-07-28,0.1381959701007475
2006-07-31,0.1387962239583333
2006-08-01,0.1392233800065125
2006-08-02,0.1393904265711494
2006-08-03,0.1390954397394136
2006-08-04,0.1401169762137504
2006-08-07,0.1398268229166666
2006-08-08,0.1398170572916666
2006-08-09,0.1405125448028673
2006-08-10,0.1388559791463017
2006-08-11,0.1385099316183653
2006-08-14,0.138069918699187
2006-08-15,0.1389256493506493
2006-08-16,0.1397957059206246
2006-08-17,0.1396844155844155
2006-08-18,0.1392855288773523
2006-08-22,0.1372005191434133
2006-08-23,0.1391130913804277
2006-08-24,0.1388713961775186
2006-08-25,0.1381254851228978
2006-08-28,0.1382360348724572
2006-08-29,0.1386539579967689
2006-08-30,0.1388501775912173
2006-08-31,0.1378931223764934
2006-09-01,0.1377428940568475
2006-09-04,0.1377430510665804
2006-09-05,0.1377788896061975
2006-09-06,0.1374041250402836
2006-09-07,0.1363959341723136
2006-09-08,0.1359693647210577
2006-09-11,0.1369113760876571
2006-09-12,0.1370463469584808
2006-09-13,0.1373022881082823
2006-09-14,0.1380909677419355
2006-09-15,0.1375041962556488
2006-09-18,0.1379596513879922
2006-09-19,0.1378094930577978
2006-09-20,0.137703034215623
2006-09-21,0.1383488222007099
2006-09-22,0.1381271377863827
2006-09-25,0.136958064516129
2006-09-26,0.1363010960670535
2006-09-27,0.1366737588652482
2006-09-28,0.1372815721649484
2006-09-29,0.1365692654639175
2006-10-02,0.1366268127618433
2006-10-03,0.1365747422680412
2006-10-04,0.136165539452496
2006-10-05,0.1369207729468599
2006-10-06,0.1357073406310367
2006-10-09,0.1357073406310367
2006-10-10,0.1352703572578049
2006-10-11,0.1354938828074694
2006-10-12,0.1355547680412371
2006-10-13,0.1350164357073799
2006-10-17,0.1355012903225806
2006-10-18,0.1354205758654157
2006-10-19,0.1367147944318549
2006-10-20,0.1367744336569579
2006-10-23,0.1363644012944984
2006-10-24,0.1367634304207119
2006-10-25,0.136537342386033
2006-10-26,0.1376273875040466
2006-10-27,0.1382378797672915
2006-10-30,0.1380319974143503
2006-10-31,0.1386154095176432
2006-11-01,0.138788791707159
2006-11-02,0.1389565358417126
2006-11-03,0.1386847226727213
2006-11-07,0.1401738706532336
2006-11-08,0.1399657869012708
2006-11-09,0.1412428292046936
2006-11-10,0.1414846805736636
2006-11-13,0.1408013654096229
2006-11-14,0.141390625
2006-11-15,0.1412509778357236
2006-11-16,0.1414226132290648
2006-11-17,0.1412869225764476
2006-11-20,0.1409164499349804
2006-11-21,0.1407321428571428
2006-11-22,0.1424419134396355
2006-11-23,0.1424418756105503
2006-11-24,0.1446780487804878
2006-11-27,0.1451526965562053
2006-11-28,0.1448814165042235
2006-11-29,0.1447364996746909
2006-11-30,0.1463230117340286
2006-12-01,0.1478305029392554
2006-12-04,0.1476754901960784
2006-12-05,0.1473685761047463
2006-12-06,0.1467998037291462
2006-12-07,0.146985284499673
2006-12-11,0.146087908496732
2006-12-12,0.1468644400785854
2006-12-13,0.1460196335078534
2006-12-14,0.1454483322432962
2006-12-15,0.1445544651619234
2006-12-18,0.14450441609421
2006-12-19,0.14648790058862
2006-12-20,0.1462631061598951
2006-12-21,0.1467673884514435
2006-12-22,0.1457578431372549
2006-12-26,0.1453954397394136
2006-12-27,0.1451970091027308
2006-12-28,0.1455751953125
2006-12-29,0.1460983017635532
2007-01-02,0.1473427076520601
2007-01-03,0.1457724746649231
2007-01-04,0.1441793619791666
2007-01-05,0.1434535412605588
2007-01-08,0.1431270305393112
2007-01-09,0.1424664288031138
2007-01-10,0.1416812723141837
2007-01-11,0.1410516233766234
2007-01-12,0.1425069782538137
2007-01-15,0.142506982786619
2007-01-16,0.1426107142857142
2007-01-17,0.142506982786619
2007-01-18,0.1420837118754055
2007-01-19,0.1425456902138691
2007-01-22,0.1421182170542635
2007-01-23,0.143453518398967
2007-01-24,0.1428246124031007
2007-01-25,0.1429470626210458
2007-01-26,0.1419104958145524
2007-01-29,0.1431045688545688
2007-01-30,0.1435111039588026
2007-01-31,0.1436781461216607
2007-02-01,0.1440070899129874
2007-02-02,0.1431026137463698
2007-02-05,0.1417031904608443
2007-02-06,0.1420373952288846
2007-02-07,0.1427878787878788
2007-02-08,0.1435607085346215
2007-02-09,0.1429040566645202
2007-02-12,0.1418843427835051
2007-02-13,0.1423001289490651
2007-02-14,0.1437482246610716
2007-02-15,0.1420574193548387
2007-02-16,0.1421768115942029
2007-02-19,0.1421766032871414
2007-02-20,0.1417255154639175
2007-02-21,0.1411770766258853
2007-02-22,0.1410815077319587
2007-02-23,0.1418057345360824
2007-02-26,0.1420132130196583
2007-02-27,0.1434595291841341
2007-02-28,0.1427532258064516
2007-03-01,0.1418440426218921
2007-03-02,0.1490667747163695
2007-03-05,0.1406331399097356
2007-03-06,0.1416812761843377
2007-03-07,0.1420090206185567
2007-03-08,0.1413768115942029
2007-03-09,0.141033805537669
2007-03-12,0.1419465033838221
2007-03-13,0.1423711705901322
2007-03-14,0.1425109748224661
2007-03-15,0.1429470626210458
2007-03-16,0.1436762334730732
2007-03-19,0.1430145161290322
2007-03-20,0.1432194256211681
2007-03-21,0.1431045161290322
2007-03-22,0.1433320425943852
2007-03-23,0.1430225660863958
2007-03-26,0.1434226804123711
2007-03-27,0.1432192530585962
2007-03-28,0.1427164948453608
2007-03-29,0.1431250805931657
2007-03-30,0.1431822580645161
2007-04-03,0.1426817155756207
2007-04-04,0.1438351612903225
2007-04-09,0.1439118501775912
2007-04-10,0.1448707175177763
2007-04-11,0.1447136848916208
2007-04-12,0.1455286871961102
2007-04-13,0.145893851132686
2007-04-16,0.1470025915127956
2007-04-17,0.1474622121310412
2007-04-18,0.1474492706645056
2007-04-19,0.1477759067357513
2007-04-20,0.1480165155440414
2007-04-23,0.147736620175154
2007-04-24,0.1481897502432695
2007-04-25,0.1486636422553467
2007-04-26,0.1487075777202072
2007-04-27,0.1493294498381877
2007-04-30,0.1495216828478964
2007-05-02,0.1490667747163695
2007-05-03,0.1480888456549935
2007-05-04,0.1483480376256892
2007-05-07,0.1484363636363636
2007-05-08,0.1474730519480519
2007-05-09,0.1471604417018512
2007-05-10,0.1460791950665368
2007-05-11,0.1466126623376623
2007-05-14,0.1470113710201429
2007-05-15,0.1480471391417425
2007-05-16,0.1467998050048748
2007-05-17,0.1463593495934959
2007-05-18,0.1465932423651722
2007-05-21,0.1458214634146341
2007-05-22,0.1466081871345029
2007-05-23,0.1462072656503405
2007-05-24,0.1462545395590142
2007-05-28,0.1462542977619202
2007-05-29,0.1453677377474845
2007-05-30,0.1441295454545454
2007-05-31,0.1446132596685083
2007-06-01,0.1441317501626545
2007-06-04,0.1446800130208333
2007-06-05,0.1449736756581085
2007-06-06,0.1447493498049414
2007-06-07,0.1440568735781605
2007-06-08,0.1430513654096228
2007-06-11,0.1429082926829268
2007-06-12,0.1418057905009759
2007-06-13,0.1414407937540663
2007-06-14,0.1412630208333333
2007-06-15,0.1422131946701332
2007-06-19,0.1425842550422902
2007-06-20,0.1450367002273465
2007-06-21,0.1451904607397793
2007-06-22,0.1457300454250486
2007-06-25,0.1455518806744487
2007-06-26,0.145139896373057
2007-06-27,0.1453701067615658
2007-06-28,0.1457640776699029
2007-06-29,0.1462544455221467
2007-07-02,0.147208346813329
2007-07-03,0.147920090585571
2007-07-04,0.1479201164294954
2007-07-05,0.1485639703512729
2007-07-06,0.148561996779388
2007-07-10,0.1494321624234611
2007-07-11,0.1494321186713963
2007-07-12,0.1506274193548387
2007-07-13,0.1503870967741935
2007-07-16,0.1505569171235085
2007-07-17,0.1504801676878426
2007-07-18,0.1504461984536082
2007-07-19,0.1506024484536082
2007-07-20,0.1507089743589743
2007-07-23,0.1503624440179142
2007-07-24,0.1501860759493671
2007-07-25,0.1487364779874213
2007-07-26,0.1486303377947737
2007-07-27,0.148348300192431
2007-07-30,0.1488249039692701
2007-07-31,0.1486702979814162
2007-08-01,0.1478282796042132
2007-08-02,0.1486370299553855
2007-08-03,0.1492917197452229
2007-08-06,0.1495662420382165
2007-08-07,0.1487055078000636
2007-08-08,0.1492001276731567
2007-08-09,0.1478285077951002
2007-08-10,0.1477912960609911
2007-08-13,0.1462865776081424
2007-08-14,0.1454480457578646
2007-08-15,0.1438889593908629
2007-08-16,0.1426715189873417
2007-08-17,0.1449274397972116
2007-08-21,0.1434639240506329
2007-08-22,0.1443645833333333
2007-08-23,0.1447806796727501
2007-08-24,0.1462031545741325
2007-08-27,0.1456580441640378
2007-08-28,0.1454102402022755
2007-08-29,0.1457216429699842
2007-08-30,0.1454629512349588
2007-08-31,0.1452053231939163
2007-09-03,0.1452052498418722
2007-09-04,0.1448078988941548
2007-09-05,0.1455094816687737
2007-09-06,0.1465224399494311
2007-09-07,0.1472103099304237
2007-09-10,0.1476581196581196
2007-09-11,0.1481877979027645
2007-09-12,0.1500015938795027
2007-09-13,0.1501434046630469
2007-09-14,0.1496110934013388
2007-09-17,0.1493674641148325
2007-09-18,0.1497656249999999
2007-09-19,0.151450974129671
2007-09-20,0.1529987253027405
2007-09-21,0.1532403815580286
2007-09-24,0.153720826709062
2007-09-25,0.1536949475691134
2007-09-26,0.1529520330368488
2007-09-27,0.1534473015873015
2007-09-28,0.1552698412698412
2007-10-01,0.1552168942521435
2007-10-02,0.1536569250317661
2007-10-03,0.1537965725166614
2007-10-04,0.1535695721077654
2007-10-05,0.1546501901140684
2007-10-08,0.1546502057613168
2007-10-09,0.1536642428074613
2007-10-10,0.1546527249683143
2007-10-11,0.1558773764258555
2007-10-12,0.1557994931897371
2007-10-16,0.154825
2007-10-17,0.1549547611515343
2007-10-18,0.1558289057558507
2007-10-19,0.1555719253872905
2007-10-22,0.1538554749132218
2007-10-23,0.1549041916167664
2007-10-24,0.1543519974834853
2007-10-25,0.1555451399811261
2007-10-26,0.1564358246609902
2007-10-29,0.1565901171998732
2007-10-30,0.1569488564167725
2007-10-31,0.1572056015276893
2007-11-01,0.156147509578544
2007-11-02,0.1568798338127197
2007-11-05,0.1561327800829875
2007-11-07,0.1586545105566218
2007-11-08,0.158735143769968
2007-11-09,0.158080217321828
2007-11-12,0.1580801404853129
2007-11-13,0.1577585326953748
2007-11-14,0.1591445012787724
2007-11-15,0.1582602432778489
2007-11-16,0.1583505747126437
2007-11-19,0.1581453674121405
2007-11-20,0.1591749680715198
2007-11-21,0.1593294042688754
2007-11-22,0.1593295128939827
2007-11-23,0.1597979637289214
2007-11-26,0.1604056633789373
2007-11-27,0.1590457142857143
2007-11-28,0.1581076532232455
2007-11-29,0.1571858322744599
2007-11-30,0.1573068362480127
2007-12-03,0.1561035361580121
2007-12-04,0.1572203443877551
2007-12-05,0.1561574074074074
2007-12-06,0.1560280791320995
2007-12-07,0.1560793499043977
2007-12-10,0.1564429572976418
2007-12-11,0.1562720611659764
2007-12-12,0.155857916533928
2007-12-13,0.1548227243793762
2007-12-14,0.1540238701464035
2007-12-17,0.1522184713375796
2007-12-18,0.1524644564870896
2007-12-19,0.1517656449553001
2007-12-20,0.1518740433673469
2007-12-21,0.1515657433938236
2007-12-26,0.1536380407124682
2007-12-27,0.1547078437599238
2007-12-28,0.1558796443315338
2007-12-31,0.1545500158780565
2008-01-02,0.1561669316375198
2008-01-03,0.1574680038204393
2008-01-04,0.1576815286624203
2008-01-07,0.1565286989795918
2008-01-08,0.1569415335463259
2008-01-09,0.1556637903483541
2008-01-10,0.1574010866091403
2008-01-11,0.1576592071611253
2008-01-14,0.1585113165444692
2008-01-15,0.1579678446354664
2008-01-16,0.1552457088366179
2008-01-17,0.1558577777777778
2008-01-18,0.1550098350253807
2008-01-21,0.1550098163394553
2008-01-22,0.1550098194488438
2008-01-23,0.1531462951234959
2008-01-24,0.1557656200444021
2008-01-25,0.1550244444444444
2008-01-28,0.1562840368137099
2008-01-29,0.1563575507614213
2008-01-30,0.1570795310519645
2008-01-31,0.1568847371754274
2008-02-01,0.1573291058972733
2008-02-04,0.1581877770740975
2008-02-05,0.155289190897598
2008-02-06,0.1557970968759861
2008-02-07,0.1534449353108236
2008-02-08,0.1541091827074787
2008-02-11,0.1538699494949494
2008-02-12,0.1555041113219481
2008-02-13,0.1559356780735107
2008-02-14,0.1567667934093789
2008-02-15,0.157673961306692
2008-02-18,0.157673961306692
2008-02-19,0.1585440710209258
2008-02-20,0.1574306569343065
2008-02-21,0.1590609330371311
2008-02-22,0.1590582831802344
2008-02-25,0.159205193160228
2008-02-26,0.1601177587844254
2008-02-27,0.1620772640911969
2008-02-28,0.1620297751029458
2008-02-29,0.1618962353685542
2008-03-03,0.1623773345995568
2008-03-04,0.1623507770377418
2008-03-05,0.1633401015228426
2008-03-06,0.1640206087507926
2008-03-07,0.1631029784537389
2008-03-10,0.1633799873337555
2008-03-11,0.1633480329949238
2008-03-12,0.1644927030456852
2008-03-13,0.1652264930114358
2008-03-14,0.1653083280356007
2008-03-17,0.1662674714104193
2008-03-18,0.1672437241817604
2008-03-19,0.1667418435223313
2008-03-25,0.1658099304237824
2008-03-26,0.1680530135689492
2008-03-27,0.1682056872037914
2008-03-28,0.1679259962049335
2008-03-31,0.1684750631313131
2008-04-01,0.1660744479495268
2008-04-03,0.1674873577749684
2008-04-04,0.167714827695226
2008-04-07,0.1677682811016144
2008-04-08,0.1677094017094017
2008-04-09,0.1690645773979107
2008-04-10,0.1676333967046895
2008-04-11,0.1678528385664446
2008-04-14,0.1682057704502219
2008-04-15,0.1675912685858905
2008-04-16,0.1699523057485786
2008-04-17,0.1687708070617906
2008-04-18,0.167805047318612
2008-04-21,0.1696525157232704
2008-04-22,0.1711712759270899
2008-04-23,0.1702244577176988
2008-04-24,0.1680530778894472
2008-04-25,0.1668780718336484
2008-04-28,0.1671374527112231
2008-04-29,0.1665500473634354
2008-04-30,0.1666251580278128
2008-05-02,0.164609079445145
2008-05-05,0.1657466918714555
2008-05-06,0.166298079949638
2008-05-07,0.1654013819095477
2008-05-08,0.1657771482530689
2008-05-09,0.1667557444129682
2008-05-12,0.1675716084356311
2008-05-13,0.1667194312796208
2008-05-14,0.1660110654441985
2008-05-15,0.165540968048086
2008-05-16,0.1673639542275906
2008-05-19,0.1669422038742457
2008-05-20,0.1685799363057324
2008-05-21,0.1692505585700606
2008-05-22,0.1688446075303127
2008-05-23,0.1695778557753669
2008-05-26,0.1695776575429662
2008-05-27,0.1692621483375959
2008-05-28,0.1672323491655969
2008-05-29,0.1663008678881388
2008-05-30,0.1668780251694095
2008-06-02,0.1668030450275348
2008-06-03,0.1658099739243806
2008-06-04,0.1655959661678594
2008-06-05,0.1671541979745181
2008-06-06,0.1690674706649283
2008-06-09,0.1678472584856396
2008-06-10,0.1652182707993474
2008-06-11,0.1658706305129043
2008-06-12,0.1644005895840157
2008-06-13,0.1640177631578947
2008-06-17,0.1656013179571664
2008-06-18,0.1654533772652388
2008-06-19,0.1650681818181818
2008-06-20,0.1661404087013843
2008-06-23,0.1651146074859225
2008-06-24,0.1657330901856764
2008-06-25,0.165727634194831
2008-06-26,0.1673247439709283
2008-06-27,0.167305353602115
2008-06-30,0.166179173553719
2008-07-01,0.1671403044341496
2008-07-02,0.1674678807947019
2008-07-03,0.1667083883751651
2008-07-04,0.1667081956378057
2008-07-07,0.1674143188597945
2008-07-08,0.1660275381552754
2008-07-10,0.1667445328031809
2008-07-11,0.1679880873593646
2008-07-14,0.1678303571428571
2008-07-15,0.1677374338624338
2008-07-16,0.1664725891677675
2008-07-17,0.1671822692689381
2008-07-18,0.1677823354283824
2008-07-21,0.1682367724867725
2008-07-22,0.1667724115117432
2008-07-23,0.1659476474486415
2008-07-24,0.1654888962545575
2008-07-25,0.16579887342611
2008-07-28,0.1664559602649006
2008-07-29,0.1644330578512396
2008-07-30,0.1651338400528751
2008-07-31,0.1652864651773981
2008-08-01,0.1644763313609467
2008-08-04,0.1647853851217906
2008-08-05,0.1635992767915844
2008-08-06,0.1636793692509855
2008-08-07,0.1632973416475221
2008-08-08,0.1599973787680209
2008-08-11,0.1587375535773162
2008-08-12,0.1590658761528326
2008-08-13,0.1594514851485148
2008-08-14,0.1581304060746121
2008-08-15,0.1568112211221122
2008-08-19,0.15725
2008-08-20,0.1568946499339498
2008-08-21,0.1587804958677686
2008-08-22,0.1580403305785124
2008-08-25,0.1576067415730337
2008-08-26,0.1559818241903503
2008-08-27,0.1563257350512058
2008-08-28,0.1559772051536174
2008-08-29,0.1551686468646864
2008-09-01,0.1551687582562747
2008-09-02,0.1537847267939434
2008-09-03,0.1527323016134343
2008-09-04,0.1517564186965108
2008-09-05,0.1506092105263158
2008-09-08,0.1487763934426229
2008-09-09,0.1489646712463199
2008-09-10,0.14781522446324
2008-09-11,0.1464428571428571
2008-09-12,0.1489802076573653
2008-09-15,0.147686426951733
2008-09-16,0.1472145395799677
2008-09-17,0.1485265700483092
2008-09-18,0.1498980442449503
2008-09-19,0.1509252006420545
2008-09-22,0.1544996774193548
2008-09-23,0.1521861890932558
2008-09-24,0.1518950418544752
2008-09-25,0.1516071313845165
2008-09-26,0.1508568677792041
2008-09-29,0.1480384862091084
2008-09-30,0.144112918660287
2008-10-01,0.1444294830887045
2008-10-02,0.1426186386768447
2008-10-03,0.1425721062618596
2008-10-06,0.1383797309978104
2008-10-07,0.1406115085536547
2008-10-08,0.141819733167856
2008-10-09,0.1419789538842463
2008-10-10,0.1383067617866004
2008-10-14,0.1402406015037594
2008-10-15,0.135248592870544
2008-10-16,0.1342174726989079
2008-10-17,0.1260714716525935
2008-10-20,0.1334562383612663
2008-10-21,0.1298919339769542
2008-10-22,0.1279016444306547
2008-10-23,0.1289972350230414
2008-10-24,0.1274517998779744
2008-10-27,0.1253493939393939
2008-10-28,0.1245020783847981
2008-10-29,0.1313991097922848
2008-10-30,0.130893353028065
2008-10-31,0.1290489964580873
2008-11-03,0.1292105107764984
2008-11-04,0.1314423135464231
2008-11-05,0.1299900302114803
2008-11-07,0.1273123677048684
2008-11-10,0.1279639393939394
2008-11-11,0.1279639393939394
2008-11-12,0.1242390317700453
2008-11-13,0.1241619335347432
2008-11-14,0.1270567290283645
2008-11-17,0.1260714716525935
2008-11-18,0.1249376693766937
2008-11-19,0.1233288247670574
2008-11-20,0.1210814058275758
2008-11-21,0.1185115511551155
2008-11-24,0.1243255395683453
2008-11-25,0.1269793413173652
2008-11-26,0.124008064516129
2008-11-27,0.1240080357142857
2008-11-28,0.1231814408538393
2008-12-01,0.1207044043748152
2008-12-02,0.1224979387514723
2008-12-03,0.1220434144910531
2008-12-04,0.1219735695614289
2008-12-05,0.117803633217993
2008-12-09,0.12255807860262
2008-12-10,0.1233622254758418
2008-12-11,0.1255759530791788
2008-12-12,0.1238296815658778
2008-12-15,0.1246043859649122
2008-12-16,0.1236490299823633
2008-12-17,0.1300373309817754
2008-12-18,0.1302930983847283
2008-12-19,0.1274698477751756
2008-12-22,0.1274096350364963
2008-12-23,0.1251281304601048
2008-12-24,0.1253461426491994
2008-12-26,0.1251988372093023
2008-12-29,0.1287300435413643
2008-12-30,0.128877462340672
2008-12-31,0.1270324355632783
2009-01-02,0.1284505494505494
2009-01-05,0.1263535207186322
2009-01-06,0.126961482768607
2009-01-07,0.1287696092619392
2009-01-08,0.1274779710144927
2009-01-09,0.1263041461293128
2009-01-12,0.1240649463612641
2009-01-13,0.1215922920892495
2009-01-14,0.1188948130976528
2009-01-15,0.1195829713292788
2009-01-16,0.1219809027777777
2009-01-19,0.1219809027777777
2009-01-20,0.1191979768786127
2009-01-21,0.1203512968299711
2009-01-22,0.1214535251798561
2009-01-23,0.1212517964932451
2009-01-26,0.1253950014363688
2009-01-27,0.123707233065442
2009-01-28,0.1258067660550458
2009-01-29,0.1229710186513629
2009-01-30,0.1194286123853211
2009-02-02,0.1193973073617874
2009-02-03,0.1211342857142857
2009-02-04,0.1206550043016919
2009-02-05,0.1209847963281698
2009-02-06,0.1224394721744119
2009-02-09,0.1252348723831373
2009-02-10,0.1221030424799081
2009-02-11,0.1194684813753581
2009-02-12,0.1188805499856774
2009-02-13,0.1198006292906178
2009-02-16,0.119800686302545
2009-02-17,0.1134674657534246
2009-02-18,0.1142686609686609
2009-02-19,0.1145265987549519
2009-02-20,0.1134686263425664
2009-02-23,0.1140574971815107
2009-02-24,0.1122259425998874
2009-02-25,0.1122736990154711
2009-02-26,0.1121051152332771
2009-02-27,0.1109077656293804
2009-03-02,0.1087903360177728
2009-03-03,0.1080299086125726
2009-03-04,0.1101771697070204
2009-03-05,0.1076311430149088
2009-03-06,0.1087664555218947
2009-03-09,0.1096648336541105
2009-03-10,0.1126620841352763
2009-03-11,0.1136724327292696
2009-03-12,0.1148634119583104
2009-03-13,0.1155947945205479
2009-03-16,0.1184792753225363
2009-03-17,0.1178495065789473
2009-03-18,0.1218621444201312
2009-03-19,0.1252222526719649
2009-03-20,0.122711512168444
2009-03-23,0.124890756302521
2009-03-25,0.1238712039045553
2009-03-26,0.1247303735787764
2009-03-27,0.1224558665231431
2009-03-30,0.1198853914447134
2009-03-31,0.1214225806451612
2009-04-01,0.1216810344827586
2009-04-03,0.1253305360043313
2009-04-06,0.1248315187806205
2009-04-07,0.122065868263473
2009-04-08,0.1214182757682893
2009-04-13,0.1226016304347826
2009-04-14,0.1225565524741707
2009-04-15,0.1207525156377481
2009-04-16,0.1199703723837999
2009-04-17,0.1184497828447339
2009-04-20,0.1150761724044456
2009-04-21,0.1170961538461538
2009-04-22,0.1188043831168831
2009-04-23,0.1200898025426021
2009-04-24,0.1234476602650797
2009-04-27,0.1220240280777537
2009-04-28,0.122361679224973
2009-04-29,0.1248970706799247
2009-04-30,0.1245035002692514
2009-05-04,0.1266849797023004
2009-05-05,0.1257845363611787
2009-05-06,0.1264271085960657
2009-05-07,0.1268954582101585
2009-05-08,0.130210158559527
2009-05-11,0.1281706989247311
2009-05-12,0.1279575382961569
2009-05-13,0.1267860402684563
2009-05-14,0.1274453984437885
2009-05-15,0.12637580472103
2009-05-18,0.1289525087201502
2009-05-19,0.1303645386266094
2009-05-20,0.1318218113612004
2009-05-21,0.1328725910064239
2009-05-22,0.1343382392293283
2009-05-26,0.132415351698315
2009-05-27,0.1304597270537864
2009-05-28,0.1299073183760683
2009-05-29,0.1317940784209122
2009-06-01,0.135958344459279
2009-06-02,0.1337237510018701
2009-06-03,0.12949172008547
2009-06-04,0.1313248730964467
2009-06-05,0.1285033271227043
2009-06-08,0.1275331205107741
2009-06-09,0.1299460106382979
2009-06-10,0.1290321808510638
2009-06-11,0.131338829787234
2009-06-12,0.1308148246546227
2009-06-16,0.1276290493892724
2009-06-17,0.1271972391823732
2009-06-18,0.1266417197452229
2009-06-19,0.1269872847682119
2009-06-22,0.1251235122983337
2009-06-23,0.1269680991299762
2009-06-24,0.1269229957805907
2009-06-25,0.1265246376811594
2009-06-26,0.1286421800947867
2009-06-29,0.1299174142480211
2009-06-30,0.1296041611798788
2009-07-01,0.1322226901816267
2009-07-02,0.1289158116285188
2009-07-03,0.1286205627136471
2009-07-06,0.1275869050749408
2009-07-07,0.1265902759526938
2009-07-08,0.1248563550420168
2009-07-13,0.1265950630252101
2009-07-14,0.1261177088807146
2009-07-15,0.1290522721302863
2009-07-16,0.1280328342526924
2009-07-17,0.1281754201680672
2009-07-20,0.1288960084033613
2009-07-21,0.1305057773109244
2009-07-22,0.1319992121848739
2009-07-23,0.1339314600840336
2009-07-24,0.1342769755841428
2009-07-27,0.1351425196850393
2009-07-28,0.1336862385321101
2009-07-29,0.1329981694560669
2009-07-30,0.134945416557848
2009-07-31,0.1384467362924282
2009-08-03,0.1412548353371667
2009-08-04,0.1399168192518964
2009-08-05,0.1398836601307189
2009-08-06,0.1394971249346576
2009-08-07,0.1395868826757251
2009-08-10,0.1375327761817706
2009-08-11,0.1367726442182197
2009-08-12,0.1388849765258216
2009-08-13,0.1395420901746155
2009-08-14,0.1388174479166666
2009-08-18,0.1382628705148205
2009-08-19,0.1393087318087318
2009-08-20,0.1398365809301117
2009-08-21,0.1423689269940244
2009-08-24,0.1418761038961039
2009-08-25,0.1417735064935064
2009-08-26,0.1401798336798337
2009-08-27,0.1398640852390852
2009-08-28,0.1412488311688311
2009-08-31,0.1404829914307972
2009-09-01,0.1376520156046813
2009-09-02,0.1385637025481019
2009-09-03,0.1383086323452938
2009-09-04,0.1396823498830257
2009-09-07,0.1396822551312029
2009-09-08,0.1421747598026486
2009-09-09,0.1426798131811105
2009-09-10,0.1430350376330132
2009-09-11,0.1428897249610794
2009-09-14,0.1428776678813118
2009-09-15,0.1439843382928739
2009-09-16,0.1456091954022988
2009-09-17,0.1453024530271399
2009-09-18,0.1455944256316749
2009-09-21,0.1448141293013555
2009-09-22,0.1469854052645295
2009-09-23,0.1467070628094866
2009-09-24,0.1442585353140474
2009-09-25,0.1437381448671183
2009-09-28,0.1432275449101796
2009-09-29,0.1427470725995316
2009-09-30,0.1436801977621649
2009-10-01,0.1422819979188345
2009-10-02,0.1423506763787721
2009-10-05,0.1428203125
2009-10-06,0.1439885237350026
2009-10-07,0.1423283776734481
2009-10-08,0.1436039655622228
2009-10-09,0.1427774875946722
2009-10-13,0.1426797385620914
2009-10-14,0.1447912087912088
2009-10-15,0.1442189054726368
2009-10-16,0.1436678879874378
2009-10-19,0.1443710099424385
2009-10-20,0.1435935618947919
2009-10-21,0.146689871761319
2009-10-22,0.1464515960230245
2009-10-23,0.1474447643979057
2009-10-26,0.1457937172774869
2009-10-27,0.1432337696335078
2009-10-28,0.1415989528795811
2009-10-29,0.1434225130890052
2009-10-30,0.1415970149253731
2009-11-02,0.1421283058392249
2009-11-03,0.1404434258774227
2009-11-04,0.1423203247773703
2009-11-05,0.1430206968823683
2009-11-09,0.1462374213836478
2009-11-10,0.145921625163827
2009-11-11,0.1459215840545502
2009-11-12,0.1452136864184583
2009-11-13,0.1465566334556895
2009-11-16,0.147089121887287
2009-11-17,0.1451927110644991
2009-11-18,0.146515748031496
2009-11-19,0.1449400473310544
2009-11-20,0.1439365789473684
2009-11-23,0.1455011845222427
2009-11-24,0.144506575486586
2009-11-25,0.1455264265053904
2009-11-26,0.1455265370467682
2009-11-27,0.1434576004200577
2009-11-30,0.1426268695880346
2009-12-01,0.1447093389296957
2009-12-02,0.1454841249016006
2009-12-03,0.1462116040955631
2009-12-04,0.1437607039663777
2009-12-07,0.1422171398527865
2009-12-09,0.1403371939984206
2009-12-10,0.1409005524861878
2009-12-11,0.1403134367604522
2009-12-14,0.1409265284702177
2009-12-15,0.1391033849383364
2009-12-16,0.1392002624671915
2009-12-17,0.1369937172774869
2009-12-18,0.1377067925517964
2009-12-21,0.1378264180672269
2009-12-22,0.1367128947368421
2009-12-23,0.1375420289855072
2009-12-24,0.1371007383966244
2009-12-28,0.1385540931824164
2009-12-29,0.1387846877449699
2009-12-30,0.139578947368421
2009-12-31,0.1397252631578947
2010-01-04,0.141496840442338
2010-01-05,0.1408489076072651
2010-01-06,0.1413648293963254
2010-01-07,0.1403212121212121
2010-01-08,0.1408609794628751
2010-01-11,0.1421950448075909
2010-01-12,0.1417917764891934
2010-01-13,0.1421161443244666
2010-01-14,0.1423650250197524
2010-01-15,0.141422702133263
2010-01-18,0.1414227428270597
2010-01-19,0.1413988424098921
2010-01-20,0.1391382754994742
2010-01-21,0.1382838760504201
2010-01-22,0.138444707118466
2010-01-25,0.1381311087756174
2010-01-26,0.1377220765600419
2010-01-27,0.1367802831672784
2010-01-28,0.1361673212882953
2010-01-29,0.1356135593220339
2010-02-01,0.137502346193952
2010-02-02,0.1379595511482255
2010-02-03,0.1376366718831507
2010-02-04,0.1351918771153345
2010-02-05,0.1338973958333333
2010-02-08,0.1350039052330122
2010-02-09,0.1364368982565703
2010-02-10,0.1369617884065505
2010-02-11,0.1378815584415584
2010-02-12,0.1379024390243902
2010-02-15,0.1381367875647668
2010-02-16,0.1392504537205081
2010-02-17,0.1388137966804979
2010-02-18,0.1387078797304302
2010-02-19,0.1381005702436495
2010-02-22,0.1388444214341185
2010-02-23,0.137740932642487
2010-02-24,0.1383816062176165
2010-02-25,0.1385234516714174
2010-02-26,0.140228815755377
2010-03-01,0.1389525537982888
2010-03-02,0.1394640726329442
2010-03-03,0.1403193255512322
2010-03-04,0.1396882780082987
2010-03-05,0.1404514122829748
2010-03-08,0.1407460481990153
2010-03-09,0.1400284826514759
2010-03-10,0.1403154484188698
2010-03-11,0.1404415651723244
2010-03-12,0.1417113989637305
2010-03-15,0.1405855552679264
2010-03-16,0.1409047125841533
2010-03-17,0.1418239254272397
2010-03-18,0.1405225271879855
2010-03-19,0.1395556418219461
2010-03-22,0.1388869047619047
2010-03-23,0.1390473479948253
2010-03-25,0.1378435479700026
2010-03-26,0.1376141711921386
2010-03-29,0.1376671830622256
2010-03-30,0.1373664516129032
2010-03-31,0.1389216090768437
2010-04-05,0.1394039700953854
2010-04-06,0.1385023195876288
2010-04-07,0.1383642930856553
2010-04-08,0.1381081011351909
2010-04-09,0.1386519607843137
2010-04-12,0.1393184631253223
2010-04-13,0.1395109564320701
2010-04-14,0.1404022187822497
2010-04-15,0.1399424070247934
2010-04-16,0.1390124063065391
2010-04-19,0.1391555555555555
2010-04-20,0.1397566520278997
2010-04-21,0.1392717644019633
2010-04-22,0.1384618961508654
2010-04-23,0.1395555268595041
2010-04-26,0.1393865220759101
2010-04-27,0.1377581227436823
2010-04-28,0.1366735377480031
2010-04-29,0.1379920164821015
2010-04-30,0.1379158950617284
2010-05-03,0.1374305555555555
2010-05-04,0.1352374839537869
2010-05-05,0.1326454428754813
2010-05-06,0.1294734274711168
2010-05-07,0.1304477535301668
2010-05-10,0.1325889602053915
2010-05-11,0.1322769507186858
2010-05-12,0.13220513478819
2010-05-13,0.1315322207958922
2010-05-14,0.1292825250192456
2010-05-17,0.1288726620548296
2010-05-18,0.1282166794576618
2010-05-19,0.1279787506400409
2010-05-20,0.1259810499359795
2010-05-21,0.1283730158730158
2010-05-26,0.1258621835847609
2010-05-27,0.1270825664621677
2010-05-28,0.1272313775510204
2010-05-31,0.1278462713158564
2010-06-01,0.1283465648854961
2010-06-02,0.1277709554140127
2010-06-03,0.1273252551020408
2010-06-04,0.1247925586136595
2010-06-07,0.1236537480877103
2010-06-08,0.1233746169560776
2010-06-09,0.124995404646413
2010-06-10,0.1264878795611125
2010-06-11,0.1257529951567677
2010-06-14,0.1270180845644421
2010-06-15,0.128990575649516
2010-06-16,0.1284373408048904
2010-06-17,0.1294314824248599
2010-06-18,0.1292238920020377
2010-06-22,0.128814456604734
2010-06-23,0.1287183600713012
2010-06-24,0.128884223918575
2010-06-25,0.1296848931841302
2010-06-28,0.1288278667683702
2010-06-29,0.1280508646998983
2010-06-30,0.1288343932841516
2010-07-01,0.1298937198067632
2010-07-02,0.1309827147941027
2010-07-05,0.1300932655654383
2010-07-06,0.1313905972045743
2010-07-07,0.1321074695121951
2010-07-08,0.1327228854457709
2010-07-12,0.1332657520325203
2010-07-13,0.1347582613116421
2010-07-14,0.1357292831723436
2010-07-15,0.136692249047014
2010-07-16,0.1365691408235892
2010-07-19,0.1357682337992376
2010-07-20,0.1361044738179969
2010-07-21,0.135716573462125
2010-07-22,0.1367988301119023
2010-07-23,0.1367501907911472
2010-07-26,0.1372100712105798
2010-07-27,0.1368494787693872
2010-07-28,0.1369357052096569
2010-07-29,0.138500381000762
2010-07-30,0.1387540609137056
2010-08-02,0.1408113255459624
2010-08-03,0.1410139806812404
2010-08-04,0.1399168573607933
2010-08-05,0.1402445969997457
2010-08-06,0.1412309257375381
2010-08-09,0.1407616988809766
2010-08-10,0.1389679633867276
2010-08-11,0.1357257244534824
2010-08-12,0.1351187388761759
2010-08-13,0.1345369946605644
2010-08-17,0.1366942043721403
2010-08-18,0.1364293699186991
2010-08-19,0.1352466344932689
2010-08-20,0.1347818689690198
2010-08-23,0.1350822543792841
2010-08-24,0.1341344495180111
2010-08-25,0.1339351077313054
2010-08-26,0.13511130831643
2010-08-27,0.1359508113590264
2010-08-30,0.1349911392405063
2010-08-31,0.1356301265822784
2010-09-01,0.1374741772151898
2010-09-02,0.1376708892829997
2010-09-03,0.1384179974651457
2010-09-06,0.1384467545638945
2010-09-07,0.1366194578160628
2010-09-08,0.1375098834262544
2010-09-09,0.1373908745247148
2010-09-10,0.138165525982256
2010-09-13,0.1400207700101317
2010-09-14,0.1419042795644467
2010-09-15,0.141292911392405
2010-09-16,0.141956697898202
2010-09-17,0.1415889648190331
2010-09-20,0.1429673417721519
2010-09-21,0.1433773728170083
2010-09-22,0.1458256578947368
2010-09-23,0.1452370351631672
2010-09-24,0.1466921717171717
2010-09-27,0.1463550742885923
2010-09-28,0.1477782532091618
2010-09-29,0.1488471241170535
2010-09-30,0.1480714646464646
2010-10-01,0.1488560969452158
2010-10-04,0.1477345959595959
2010-10-05,0.1493206164729661
2010-10-06,0.149204797979798
2010-10-07,0.1498352703385548
2010-10-08,0.1496713852376137
2010-10-12,0.1492025284450063
2010-10-13,0.1508385627530364
2010-10-14,0.1524343971631205
2010-10-15,0.1507886219974715
2010-10-18,0.1506522508851795
2010-10-19,0.147671215567349
2010-10-20,0.1506568974229409
2010-10-21,0.1495528044466902
2010-10-22,0.1508114256825075
2010-10-25,0.1522394437420986
2010-10-26,0.1485464881253158
2010-10-28,0.1487675006317917
2010-10-29,0.1494099064948193
2010-11-01,0.1493829249810558
2010-11-02,0.1508294593228903
2010-11-03,0.1506613596158706
2010-11-04,0.1530901742864359
2010-11-05,0.1519502273875694
2010-11-08,0.1495326772646984
2010-11-09,0.1490757193336698
2010-11-10,0.1480823024488765
2010-11-11,0.1462180716809692
2010-11-12,0.1455137452711223
2010-11-15,0.1454821158690176
2010-11-16,0.1433012836647369
2010-11-17,0.1441628492323181
2010-11-18,0.1453574125346086
2010-11-19,0.1453868613138686
2010-11-23,0.1435069217216209
2010-11-24,0.1440818021646111
2010-11-25,0.144034213836478
2010-11-26,0.1428896984924623
2010-11-29,0.1427490589711418
2010-11-30,0.1425985456369107
2010-12-01,0.1432603565151895
2010-12-02,0.1447492462311558
2010-12-03,0.1465502765208647
2010-12-06,0.1460706385118149
2010-12-07,0.145410005027652
2010-12-09,0.1451757606235856
2010-12-10,0.1448266666666666
2010-12-13,0.1462864334256229
2010-12-14,0.1472863613487669
2010-12-15,0.1463892803220936
2010-12-16,0.146851572327044
2010-12-17,0.1459129340714645
2010-12-20,0.1459854051333668
2010-12-21,0.1461902844198339
2010-12-22,0.1456281470292044
2010-12-23,0.1459130216189039
2010-12-27,0.1462201305220883
2010-12-28,0.1457535795026375
2010-12-29,0.1465437405731523
2010-12-30,0.1479157444668008
2010-12-31,0.1486302816901408
2011-01-03,0.1494432418827082
2011-01-04,0.1487120563805688
2011-01-05,0.1481548338368579
2011-01-06,0.1457917925478348
2011-01-07,0.1448099547511312
2011-01-10,0.145201106083459
2011-01-11,0.1461199095022624
2011-01-12,0.1481370724346076
2011-01-13,0.1493161468812877
2011-01-14,0.1497476118652589
2011-01-17,0.1489004775069112
2011-01-18,0.1499497865930203
2011-01-19,0.1512425307557117
2011-01-20,0.1503984433843836
2011-01-21,0.1514049711272909
2011-01-24,0.1520057716436637
2011-01-25,0.1525786967418546
2011-01-26,0.1544807017543859
2011-01-27,0.1551326658322903
2011-01-28,0.1532331917020744
2011-01-31,0.1553590319361277
2011-02-01,0.1568653030680967
2011-02-02,0.1554025392083644
2011-02-03,0.1546839352428393
2011-02-04,0.1540617376151356
2011-02-07,0.1542970888280666
2011-02-08,0.1559380134428678
2011-02-09,0.1554050286283295
2011-02-10,0.154786815920398
2011-02-11,0.1540213823968174
2011-02-14,0.1539883171762366
2011-02-15,0.1546168944099379
2011-02-16,0.1554581158339547
2011-02-17,0.1561279821073558
2011-02-18,0.1563085714285714
2011-02-21,0.1556541708043694
2011-02-22,0.1554242800397219
2011-02-23,0.156198808637379
2011-02-24,0.1563478152929494
2011-02-25,0.1555475304045668
2011-02-28,0.1577985111662531
2011-03-01,0.1582604812701563
2011-03-02,0.1583379652605459
2011-03-03,0.1578381732439811
2011-03-04,0.1573687344913151
2011-03-09,0.1577460947185718
2011-03-10,0.1565606549243364
2011-03-11,0.1574381827209533
2011-03-14,0.1575224621494167
2011-03-15,0.1566365889935548
2011-03-16,0.1537563150074294
2011-03-17,0.1558774449121069
2011-03-18,0.1592027729636048
2011-03-21,0.159403118040089
2011-03-22,0.1587276100940128
2011-03-23,0.1577684314695695
2011-03-28,0.1567151335311573
2011-03-29,0.1573916481344205
2011-03-30,0.1582029629629629
2011-03-31,0.1587920572274296
2011-04-01,0.1590236803157375
2011-04-04,0.1579943237907206
2011-04-05,0.1579329057720769
2011-04-06,0.1587619634928465
2011-04-07,0.1580619294349864
2011-04-08,0.1607471604938271
2011-04-11,0.1601281481481481
2011-04-12,0.1591368680641184
2011-04-13,0.1597062592410054
2011-04-14,0.1609373002212933
2011-04-15,0.161563882063882
2011-04-18,0.1585463917525773
2011-04-19,0.1606734543670265
2011-04-20,0.1631880362834028
2011-04-25,0.1642170504654581
2011-04-26,0.1637116609505144
2011-04-27,0.1650682986536107
2011-04-28,0.1662953431372549
2011-04-29,0.1660522058823529
2011-05-02,0.1665805344447168
2011-05-03,0.1654534085335949
2011-05-04,0.1643763177249325
2011-05-05,0.1612669117647059
2011-05-06,0.1598975741239892
2011-05-09,0.1595913767760901
2011-05-10,0.1602616364527192
2011-05-11,0.1580678422728386
2011-05-12,0.1590203331700146
2011-05-13,0.1564797942689199
2011-05-16,0.1579054848188051
2011-05-17,0.1580178702570379
2011-05-18,0.1588839941262848
2011-05-19,0.1598898947883533
2011-05-20,0.1594285364659814
2011-05-23,0.1619914362613163
2011-05-24,0.1578308859520313
2011-05-26,0.1587679882525697
2011-05-27,0.1604003915810083
2011-05-30,0.160670988258317
2011-05-31,0.1618726161369193
2011-06-01,0.1610073367571533
2011-06-02,0.1615352078239608
2011-06-03,0.1630044009779951
2011-06-06,0.1617651515151515
2011-06-07,0.1627815249266862
2011-06-08,0.1618829423264907
2011-06-09,0.160400439775226
2011-06-10,0.1574902248289345
2011-06-13,0.1581353861192571
2011-06-14,0.158395797703396
2011-06-15,0.1543114313629701
2011-06-16,0.1539052271617
2011-06-17,0.1560087912087912
2011-06-21,0.1570326988775012
2011-06-22,0.1576889485240302
2011-06-23,0.1541639424249817
2011-06-24,0.154330487804878
2011-06-27,0.1550363237445148
2011-06-28,0.1551349902534113
2011-06-29,0.1574902676399026
2011-06-30,0.1582328467153284
2011-07-01,0.1594413625304136
2011-07-04,0.15966780072904
2011-07-05,0.1598773080660835
2011-07-06,0.1572326372025254
2011-07-07,0.1580827469060907
2011-07-08,0.1563965057024993
2011-07-11,0.152709121785541
2011-07-12,0.1525157690441533
2011-07-13,0.1540310528869481
2011-07-14,0.1537561863173216
2011-07-15,0.1538178068898593
2011-07-18,0.1520334302325581
2011-07-19,0.1537632978723404
2011-07-20,0.1550268375241779
2011-07-21,0.1584158009180961
2011-07-22,0.1578605943464605
2011-07-25,0.1581477629987908
2011-07-26,0.1600640560792845
2011-07-27,0.1575695988400193
2011-07-28,0.1580753259295026
2011-07-29,0.1589674306393245
2011-08-01,0.1579305522064142
2011-08-02,0.1559551591128254
2011-08-03,0.1575596241869429
2011-08-04,0.1533811702383819
2011-08-05,0.1544879692011549
2011-08-08,0.1543543572460279
2011-08-09,0.1526624969930238
2011-08-10,0.1524784700505172
2011-08-11,0.1536475114210146
2011-08-12,0.1534754689754689
2011-08-15,0.156113434270608
2011-08-16,0.1563281287533029
2011-08-17,0.1578557715382769
2011-08-18,0.1549618979151689
2011-08-19,0.156739827668741
2011-08-23,0.1575944072657744
2011-08-24,0.1580926899187769
2011-08-25,0.1582303464755077
2011-08-26,0.1590760038240917
2011-08-29,0.1586494746895893
2011-08-30,0.1573737783075089
2011-08-31,0.1576566666666666
2011-09-01,0.156318418560606
2011-09-02,0.1564162303664921
2011-09-05,0.1546981939163498
2011-09-06,0.1546886882129277
2011-09-07,0.1569465177085809
2011-09-08,0.1553181818181818
2011-09-09,0.1531089697834879
2011-09-12,0.1483986679352997
2011-09-13,0.1503962892483349
2011-09-14,0.1488670313986679
2011-09-15,0.1519155766944114
2011-09-16,0.1505457788347205
2011-09-19,0.1488273483947681
2011-09-20,0.1508226730310262
2011-09-21,0.1499541656719981
2011-09-22,0.1447911904761904
2011-09-23,0.1448730083234245
2011-09-26,0.1455010701545779
2011-09-27,0.1489957193816884
2011-09-28,0.1470565992865636
2011-09-29,0.1468299643281807
2011-09-30,0.1467717003567182
2011-10-03,0.1450789536266349
2011-10-04,0.1439885850178359
2011-10-05,0.1460109341573568
2011-10-06,0.1468192399049881
2011-10-07,0.1472494061757719
2011-10-11,0.1501816670624554
2011-10-12,0.1514141534077416
2011-10-13,0.1502088772845953
2011-10-14,0.1517772770398482
2011-10-17,0.1468192399049881
2011-10-18,0.1504572781065088
2011-10-19,0.1511145218417945
2011-10-20,0.1505978748524203
2011-10-21,0.1514278630460448
2011-10-24,0.1529589235127479
2011-10-25,0.1527346553352219
2011-10-26,0.1530878186968838
2011-10-27,0.1582403210576015
2011-10-28,0.157045089707271
2011-10-31,0.1545691690273843
2011-11-01,0.1514439990568262
2011-11-02,0.1511738823529411
2011-11-03,0.1522047058823529
2011-11-04,0.1520103383458646
2011-11-07,0.1520542253521127
2011-11-08,0.1524598591549296
2011-11-09,0.1499295774647887
2011-11-10,0.149716396903589
2011-11-11,0.1511715823970037
2011-11-14,0.1491001169590643
2011-11-15,0.1484846352334037
2011-11-16,0.1478327460653042
2011-11-17,0.1470046992481203
2011-11-18,0.1474599483204134
2011-11-21,0.1467524659464537
2011-11-22,0.1468600610471941
2011-11-23,0.144736557877436
2011-11-24,0.1439284541402768
2011-11-25,0.1427246070842129
2011-11-29,0.1450138011695906
2011-11-30,0.1479004905395935
2011-12-01,0.1475992526856609
2011-12-02,0.1478283913144991
2011-12-05,0.1487076528231451
2011-12-06,0.1482293127629733
2011-12-07,0.148911407199626
2011-12-12,0.1455900911427903
2011-12-13,0.1437277401261977
2011-12-14,0.1427612707311376
2011-12-15,0.1431741363211951
2011-12-16,0.1440051282051282
2011-12-19,0.144707226107226
2011-12-20,0.1459002795899347
2011-12-21,0.1451442218080149
2011-12-22,0.1456493476234855
2011-12-23,0.1451442218080149
2011-12-27,0.145955560725919
2011-12-28,0.1446507677989762
2011-12-29,0.1448982105507785
2011-12-30,0.1452876394052044
2012-01-03,0.1466726301115241
2012-01-04,0.1463165350673478
2012-01-05,0.1443729993041057
2012-01-06,0.1443168867268936
2012-01-09,0.1445567918405192
2012-01-10,0.1452221191745884
2012-01-11,0.1438144712430426
2012-01-12,0.1445505565862708
2012-01-13,0.1424886363636363
2012-01-16,0.1433465369469539
2012-01-17,0.1445127373784159
2012-01-18,0.1459469907407407
2012-01-19,0.1477454292987734
2012-01-20,0.1472796668979875
2012-01-23,0.1483283271719038
2012-01-24,0.1479706968158745
2012-01-25,0.1477083909635776
2012-01-26,0.1478699261992619
2012-01-27,0.1477912341407151
2012-01-30,0.1479880046136101
2012-01-31,0.1467717316117131
2012-02-01,0.1487496538994001
2012-02-02,0.1483240249249942
2012-02-03,0.1492270943918762
2012-02-06,0.1490290791599353
2012-02-07,0.1501230982019363
2012-02-08,0.1505842929525564
2012-02-09,0.1507931431201104
2012-02-10,0.1499857307249712
2012-02-13,0.1503670041417395
2012-02-14,0.1492848930788687
2012-02-15,0.1486414617329349
2012-02-16,0.148187686652883
2012-02-17,0.1487496554892053
2012-02-22,0.1500036747818098
2012-02-23,0.1505186035829122
2012-02-24,0.1526553386911595
2012-02-28,0.1525413223140496
2012-02-29,0.1518186825797567
2012-03-01,0.1509797514956281
2012-03-02,0.1497365628604383
2012-03-05,0.1493808535178777
2012-03-06,0.1471540590405904
2012-03-07,0.1471431865344708
2012-03-08,0.1490668356764231
2012-03-09,0.1471107529357586
2012-03-12,0.1469615915363385
2012-03-13,0.1477911784975878
2012-03-14,0.1459065871012164
2012-03-15,0.1474230238970588
2012-03-16,0.148240366972477
2012-03-19,0.1489736419894567
2012-03-20,0.1483415807560137
2012-03-21,0.1486324708037554
2012-03-22,0.1474209803023362
2012-03-23,0.1484229800869764
2012-03-26,0.149687099725526
2012-03-27,0.1498374113880631
2012-03-28,0.1499430727023319
2012-03-29,0.1496780900159927
2012-03-30,0.1512425211235442
2012-04-03,0.1514395253308991
2012-04-04,0.1491802643573382
2012-04-09,0.1480757299270072
2012-04-10,0.1470805200729927
2012-04-11,0.1470523917995444
2012-04-12,0.1484648464163822
2012-04-13,0.1473557123350022
2012-04-16,0.1479421939007738
2012-04-17,0.1478808278371617
2012-04-18,0.1482051340299863
2012-04-19,0.1484339237057221
2012-04-20,0.1493808443032228
2012-04-23,0.1477782569223786
2012-04-24,0.1482536839718884
2012-04-25,0.1482931581332125
2012-04-26,0.1489290892614408
2012-04-27,0.1488028073352954
2012-05-02,0.1482844554902846
2012-05-03,0.1479290876242096
2012-05-04,0.1465910117434507
2012-05-07,0.1467565922920892
2012-05-08,0.1461261829652997
2012-05-09,0.1458322072072072
2012-05-10,0.1441088082901554
2012-05-11,0.1437999999999999
2012-05-14,0.1421726311051092
2012-05-15,0.1398210265646105
2012-05-16,0.1396687654598605
2012-05-17,0.1390647045607728
2012-05-18,0.1393727293115048
2012-05-21,0.1403135498320268
2012-05-22,0.1400461056401074
2012-05-23,0.1393125978966211
2012-05-24,0.1390046979865772
2012-05-28,0.1395945462673223
2012-05-29,0.1385809843400447
2012-05-30,0.1378892865130843
2012-05-31,0.1375855513307985
2012-06-01,0.1376461641690896
2012-06-04,0.1391014751899865
2012-06-05,0.138421721677074
2012-06-06,0.1394544039145907
2012-06-07,0.140272078501338
2012-06-08,0.1401620597414177
2012-06-11,0.1404454342984409
2012-06-12,0.1412249443207127
2012-06-13,0.1425373998219056
2012-06-14,0.1423223581757508
2012-06-15,0.1431270017793594
2012-06-16,0.1493741054001301
2012-06-18,0.1422535555555555
2012-06-19,0.1439677992449478
2012-06-21,0.1426940993788819
2012-06-22,0.1426289893617021
2012-06-25,0.1414346477625166
2012-06-26,0.1413187956608368
2012-06-27,0.1418601150951748
2012-06-28,0.1414687154543444
2012-06-29,0.1445838303512259
2012-07-02,0.1443292817679557
2012-07-03,0.1441982320441988
2012-07-04,0.1447199028053898
2012-07-05,0.1434741721854304
2012-07-06,0.1422132304299889
2012-07-10,0.1435008814455707
2012-07-11,0.1431475445937018
2012-07-12,0.1422151341838979
2012-07-13,0.1422049703100945
2012-07-16,0.1420312293820101
2012-07-17,0.1433690685413005
2012-07-18,0.1440111915734035
2012-07-19,0.1443313596491228
2012-07-20,0.1441711218229623
2012-07-23,0.1439490264712316
2012-07-24,0.1431556964793352
2012-07-25,0.1433713347921225
2012-07-26,0.1455476606908614
2012-07-27,0.145600655021834
2012-07-30,0.1472124454148471
2012-07-31,0.1470135223555071
2012-08-01,0.1477584477872247
2012-08-02,0.146702791103358
2012-08-03,0.1489115275659185
2012-08-06,0.1489181184668989
2012-08-07,0.1491601741022851
2012-08-08,0.1494588951718138
2012-08-09,0.1490934782608695
2012-08-10,0.1500960660725929
2012-08-13,0.1491114006514657
2012-08-14,0.1494433347807208
2012-08-15,0.1494791666666666
2012-08-16,0.1493741054001301
2012-08-17,0.1496759098786828
2012-08-21,0.1502312689475963
2012-08-22,0.1502833622183708
2012-08-23,0.1515403941953649
2012-08-24,0.1518142702702702
2012-08-27,0.1515817671203283
2012-08-28,0.1513134586303737
2012-08-29,0.1500779866061784
2012-08-30,0.1493764299589898
2012-08-31,0.1509959034066408
2012-09-03,0.1494432479000646
2012-09-04,0.1487851150785115
2012-09-05,0.1485795356835769
2012-09-06,0.1483965628356605
2012-09-07,0.1510892512336408
2012-09-10,0.1508045483801759
2012-09-11,0.1513615879828326
2012-09-12,0.1521675606093113
2012-09-13,0.151890246516613
2012-09-14,0.1523044315992292
2012-09-17,0.15179567821994
2012-09-18,0.1521306392986957
2012-09-19,0.1535674001281777
2012-09-20,0.1530339671010467
2012-09-21,0.1523137003841229
2012-09-25,0.1526717850287907
2012-09-26,0.1515496801705756
2012-09-27,0.1532685421994885
2012-09-28,0.1524575260804768
2012-10-01,0.1518395403277293
2012-10-02,0.1514210638297872
2012-10-03,0.1495528386136508
2012-10-04,0.1513087547811304
2012-10-05,0.1512172435761308
2012-10-09,0.1490823254827074
2012-10-10,0.1493652173913043
2012-10-11,0.1492180084745762
2012-10-12,0.1493095490154562
2012-10-15,0.1501861645864184
2012-10-16,0.1512515324455717
2012-10-17,0.1517842349957734
2012-10-18,0.1524599788806758
2012-10-19,0.1520934993668214
2012-10-22,0.1513958245466048
2012-10-23,0.1503329116592873
2012-10-24,0.1495147430497051
2012-10-25,0.1490422979797979
2012-10-26,0.148984638047138
2012-10-29,0.149561698549506
2012-10-30,0.1506363636363636
2012-10-31,0.1509274024339068
2012-11-01,0.1502224318658281
2012-11-02,0.1492916754036485
2012-11-05,0.1493383647798742
2012-11-07,0.1494813417190776
2012-11-08,0.149414327607876
2012-11-09,0.1486678526580159
2012-11-12,0.1480647857889237
2012-11-13,0.1474817060422328
2012-11-14,0.1474969709630248
2012-11-15,0.1477955778055903
2012-11-16,0.1471691666666666
2012-11-19,0.1483789802289282
2012-11-20,0.1476363636363636
2012-11-21,0.1487076411960133
2012-11-22,0.1494746008708272
2012-11-23,0.1509593192195932
2012-11-27,0.1495551409618574
2012-11-28,0.1502652173913043
2012-11-29,0.1499385220451252
2012-11-30,0.1501072757337742
2012-12-03,0.1508159851301115
2012-12-04,0.1516690736538064
2012-12-05,0.1517957122242836
2012-12-06,0.1504936187731577
2012-12-07,0.1498622249640139
2012-12-10,0.1494410857495373
2012-12-11,0.1506138044371404
2012-12-12,0.1506545566502463
2012-12-13,0.1499160853508412
2012-12-14,0.1500848708487085
2012-12-17,0.150308149058149
2012-12-18,0.1515864184904888
2012-12-19,0.1526717728758169
2012-12-20,0.1535248979591836
2012-12-21,0.1530175331294597
2012-12-26,0.1536169042769857
2012-12-27,0.1534235701200895
2012-12-28,0.153506105006105
2012-12-31,0.1537893452623017
2013-01-02,0.1538580710659898
2013-01-03,0.1538059671199513
2013-01-04,0.1525994721883881
2013-01-07,0.1536663962685053
2013-01-08,0.1525855636658556
2013-01-09,0.1524343598055105
2013-01-10,0.1540666126746304
2013-01-11,0.1546552003237555
2013-01-14,0.1549258735608968
2013-01-15,0.1539385734491816
2013-01-16,0.1535272837510105
2013-01-17,0.1539125252525252
2013-01-18,0.1532754998990103
2013-01-21,0.1532002823719241
2013-01-22,0.1535485172483357
2013-01-23,0.153097099113618
2013-01-24,0.1540310296191819
2013-01-25,0.1546360523665659
2013-01-28,0.1558481190907262
2013-01-29,0.15701788585209
2013-01-30,0.1574009642426677
2013-02-01,0.158664593781344
2013-02-04,0.1580752558699578
2013-02-05,0.1582253210272873
2013-02-06,0.1572129536795668
2013-02-07,0.1558602602602602
2013-02-08,0.1550100080064051
2013-02-13,0.159093725019984
2013-02-14,0.1579728217426059
2013-02-15,0.1581903811614448
2013-02-18,0.1576142970927917
2013-02-19,0.158521306252489
2013-02-21,0.1561304434281169
2013-02-22,0.1557099403578528
2013-02-25,0.1557777115613826
2013-02-26,0.1545714569273521
2013-02-27,0.1550003968253968
2013-02-28,0.1548874355925485
2013-03-01,0.1553953258070905
2013-03-04,0.1556032845271072
2013-03-05,0.1563598971722364
2013-03-06,0.1559502074688796
2013-03-07,0.1579130950029626
2013-03-08,0.1561938795656466
2013-03-11,0.156423448275862
2013-03-12,0.1572796376526191
2013-03-13,0.1558021653543307
2013-03-14,0.1551614552605703
2013-03-15,0.15616948153967
2013-03-18,0.1553567503924647
2013-03-19,0.1546287284144427
2013-03-20,0.1548659470068694
2013-03-21,0.1541354105428179
2013-03-22,0.1538391389432485
2013-03-25,0.1536358483189992
2013-03-26,0.153834375
2013-03-27,0.1533953533775869
2013-04-03,0.1537421052631579
2013-04-04,0.1533013245033112
2013-04-05,0.1553157382158161
2013-04-08,0.1557899863627508
2013-04-09,0.1563868016351956
2013-04-10,0.1563673151750972
2013-04-11,0.1576888975306241
2013-04-12,0.1569415420469994
2013-04-15,0.1563526785714285
2013-04-16,0.157490203685742
2013-04-17,0.1535508145849495
2013-04-18,0.1529614266330684
2013-04-19,0.1531322618125484
2013-04-22,0.1527861428294948
2013-04-23,0.1503781902552204
2013-04-24,0.150959420289855
2013-04-25,0.1515863135511308
2013-04-26,0.1521514098107377
2013-04-29,0.1527393822393822
2013-04-30,0.1542257566994409
2013-05-02,0.1530362025803967
2013-05-03,0.1537255241392575
2013-05-06,0.1529356758832565
2013-05-07,0.1531980806142034
2013-05-08,0.1537965093977752
2013-05-09,0.1533413139245355
2013-05-10,0.151324918722509
2013-05-13,0.1513432065736671
2013-05-14,0.1500712511938872
2013-05-15,0.1497834893942289
2013-05-16,0.1504823237148863
2013-05-17,0.149374140565317
2013-05-20,0.1502448045757864
2013-05-21,0.1512263719512195
2013-05-22,0.1504574690770694
2013-05-23,0.1505253657609728
2013-05-24,0.1504529054310672
2013-05-27,0.1504641366223909
2013-05-28,0.1490402277039848
2013-05-29,0.1502155041698256
2013-05-30,0.1525087121212121
2013-05-31,0.150640991672975
2013-06-03,0.152954227350104
2013-06-04,0.1521537152580828
2013-06-05,0.1515817425817426
2013-06-06,0.1528094699113374
2013-06-07,0.1521630188679245
2013-06-10,0.1520612629594722
2013-06-11,0.1523531073446327
2013-06-12,0.1537279052275291
2013-06-13,0.1540949877980101
2013-06-14,0.1553373358348968
2013-06-17,0.1543447629754543
2013-06-18,0.1553905635648755
2013-06-19,0.1564284913067863
2013-06-24,0.1479377098097724
2013-06-25,0.1488804550540843
2013-06-26,0.1480188081936685
2013-06-27,0.1484208666542681
2013-06-28,0.1492938010393467
2013-07-01,0.1500330241187384
2013-07-02,0.148884872080089
2013-07-03,0.1497701000370507
2013-07-04,0.1498891356653711
2013-07-05,0.1470458919319023
2013-07-08,0.1472906804733727
2013-07-10,0.1476451136153704
2013-07-11,0.1494321830596051
2013-07-12,0.1499227792112053
2013-07-15,0.1497297844906981
2013-07-16,0.1516115915363385
2013-07-17,0.1522998161764705
2013-07-18,0.1521121100917431
2013-07-19,0.1529800439399487
2013-07-22,0.1541662699139351
2013-07-23,0.1549979860856829
2013-07-24,0.1532825768667642
2013-07-25,0.1539669708029197
2013-07-26,0.1548970990695128
2013-07-29,0.1543162875341219
2013-07-30,0.1527371387020541
2013-07-31,0.1533600363306085
2013-08-01,0.1513797858827799
2013-08-02,0.151512783318223
2013-08-05,0.1518279297228763
2013-08-06,0.1526671490593343
2013-08-07,0.1535555153707052
2013-08-08,0.1540001805054151
2013-08-09,0.1538247924936845
2013-08-12,0.1531932636887608
2013-08-13,0.1529847177274361
2013-08-14,0.1535037715517241
2013-08-15,0.1535060046603334
2013-08-16,0.1534707565730638
2013-08-20,0.1541805183199285
2013-08-21,0.1526321613421381
2013-08-22,0.1533931243320271
2013-08-23,0.1541378022759601
2013-08-26,0.1533366477272727
2013-08-27,0.1541472620946305
2013-08-28,0.1535084955752212
2013-08-29,0.151867161278926
2013-08-30,0.150875
2013-09-03,0.1510483304042179
2013-09-04,0.151593300596282
2013-09-05,0.1494856992454816
2013-09-06,0.1506795299070338
2013-09-09,0.1526625175315568
2013-09-10,0.152984768907563
2013-09-11,0.1533578045796189
2013-09-12,0.1535673076923077
2013-09-13,0.152648384279476
2013-09-16,0.1536475924633635
2013-09-17,0.1547699407871821
2013-09-18,0.1561890106068509
2013-09-19,0.1575224036123654
2013-09-20,0.1572772088179135
2013-09-23,0.1567766418298388
2013-09-24,0.1564162190261653
2013-09-25,0.1557851325593484
2013-09-26,0.1554121715076072
2013-09-27,0.1556687392055267
2013-09-30,0.1553711375798377
2013-10-01,0.1570696551724138
2013-10-02,0.1566930897811476
2013-10-03,0.1574778045423262
2013-10-04,0.1555427490108377
2013-10-07,0.1558337055488747
2013-10-08,0.1553735829611817
2013-10-09,0.1544449596427958
2013-10-10,0.1538414822439526
2013-10-11,0.1542853223593964
2013-10-15,0.1534895512161699
2013-10-16,0.154302003081664
2013-10-17,0.1561182703811314
2013-10-18,0.1558749572941578
2013-10-21,0.1564309109518935
2013-10-22,0.1573291830121098
2013-10-23,0.1569907912687585
2013-10-24,0.1574332197614991
2013-10-25,0.1582528032619775
2013-10-28,0.1578233197556008
2013-10-29,0.1566269087207329
2013-10-30,0.1566268833587269
2013-10-31,0.1546718538565629
2013-11-01,0.1529659416624515
2013-11-04,0.1536309944472488
2013-11-05,0.1530690176322418
2013-11-07,0.1531980148048452
2013-11-08,0.1517359154929577
2013-11-11,0.1522208270550812
2013-11-12,0.1505435073627844
2013-11-13,0.1501840388154592
2013-11-14,0.1504369677742528
2013-11-15,0.1505729774812343
2013-11-18,0.1513042971352431
2013-11-19,0.1511349561185626
2013-11-20,0.1506046973205425
2013-11-21,0.1502946030698135
2013-11-22,0.1519041433738901
2013-11-26,0.151904183757178
2013-11-27,0.1520173486088379
2013-11-28,0.1526554031994776
2013-11-29,0.1524437388047549
2013-12-02,0.1526065280935368
2013-12-03,0.1536381291471111
2013-12-04,0.1540475959987092
2013-12-05,0.154140218438805
2013-12-06,0.1536853572572893
2013-12-09,0.1528819011041766
2013-12-10,0.1531933269476373
2013-12-11,0.1530503425203122
2013-12-12,0.1512791401273885
2013-12-13,0.1518832882811257
2013-12-16,0.1520519398258115
2013-12-17,0.1524390397978521
2013-12-18,0.1529216055189714
2013-12-19,0.1519571674222291
2013-12-20,0.1518925902864259
2013-12-23,0.1524436335403726
2013-12-26,0.1527883516143982
2013-12-27,0.1535390540748729
2013-12-30,0.1557607728875939
2013-12-31,0.1555195522159178
2014-01-02,0.1538675324675325
2014-01-03,0.1533202135774218
2014-01-06,0.1537420773313116
2014-01-07,0.1534707487117308
2014-01-08,0.1519965177895533
2014-01-09,0.1523391186236039
2014-01-10,0.1541116446578631
2014-01-13,0.1536688573562359
2014-01-14,0.1554484351713859
2014-01-15,0.1543256846780163
2014-01-16,0.154602450546206
2014-01-17,0.1543400029424746
2014-01-20,0.1541734798534798
2014-01-21,0.1541497458242556
2014-01-22,0.1545141456582633
2014-01-23,0.1556710967741935
2014-01-24,0.155289125
2014-01-27,0.1555330836454432
2014-01-28,0.1555694132334582
2014-01-29,0.1548059962523423
2014-01-30,0.1534024953212726
2014-01-31,0.152767415730337
2014-02-03,0.1527440349781386
2014-02-04,0.1532707969023232
2014-02-05,0.1533013924050633
2014-02-06,0.1538106598984771
2014-02-07,0.1539479591836735
2014-02-10,0.1541616368286444
2014-02-11,0.1552626120358514
2014-02-12,0.1551109545163357
2014-02-13,0.1548322638603696
2014-02-14,0.1551132586006958
2014-02-17,0.1549907216494845
2014-02-18,0.1541830351396576
2014-02-19,0.1537680246754915
2014-02-20,0.1527160951893551
2014-02-21,0.1530760994263862
2014-02-24,0.1538295353278166
2014-02-25,0.1540476553564621
2014-02-26,0.1533859916254282
2014-02-27,0.1533601624984131
2014-02-28,0.156013589027178
2014-03-05,0.1556177664974619
2014-03-06,0.1565165798500825
2014-03-07,0.1566588220328202
2014-03-10,0.156776618750795
2014-03-11,0.156951334180432
2014-03-12,0.1570252634251618
2014-03-13,0.1564455571048295
2014-03-14,0.1562939240506329
2014-03-17,0.1574753787878788
2014-03-18,0.1578407491201608
2014-03-19,0.1570450144599522
2014-03-20,0.1557584431889516
2014-03-21,0.1555573112616002
2014-03-25,0.1561670206121174
2014-03-26,0.1548155230596175
2014-03-27,0.15440675
2014-03-28,0.1539030363613645
2014-03-31,0.1544758810297425
2014-04-01,0.1550436140964758
2014-04-03,0.152949625
2014-04-04,0.152550625
2014-04-07,0.1531252343457068
2014-04-08,0.1540048743907011
2014-04-09,0.153749125
2014-04-10,0.15307375
2014-04-11,0.153158125
2014-04-14,0.1525390576177977
2014-04-15,0.152121375
2014-04-16,0.1516300462442195
2014-04-21,0.151155625
2014-04-22,0.1518441444819397
2014-04-23,0.1519965
2014-04-24,0.1520542432195975
2014-04-25,0.151768125
2014-04-28,0.1527674040744907
2014-04-29,0.1523646588352911
2014-04-30,0.1538295426143464
2014-05-05,0.1526531683539558
2014-05-06,0.1538485
2014-05-07,0.1538508936382952
2014-05-08,0.1533154211447138
2014-05-09,0.1523113054341036
2014-05-12,0.1522440394457621
2014-05-13,0.1525576611395087
2014-05-14,0.1524901692384271
2014-05-15,0.1521930717655823
2014-05-16,0.1523461633970697
2014-05-19,0.1517542509618965
2014-05-20,0.151786476426799
2014-05-21,0.1520218308112131
2014-05-22,0.1516392161726404
2014-05-23,0.1504868551587301
2014-05-26,0.1510733944954128
2014-05-27,0.1508000247800768
2014-05-28,0.1505457022541491
2014-05-29,0.1503736222910217
2014-05-30,0.1496267326732673
2014-06-02,0.1495393939393939
2014-06-03,0.1497140210006176
2014-06-04,0.1502788058228472
2014-06-05,0.1499857318573185
2014-06-06,0.1508455104551045
2014-06-09,0.1494455104551045
2014-06-10,0.1491936039360393
2014-06-11,0.1493227949317259
2014-06-12,0.1494701685324148
2014-06-13,0.1504166051660516
2014-06-16,0.1508409398449993
2014-06-17,0.1506182802312707
2014-06-18,0.150351045510455
2014-06-19,0.1492070110701106
2014-06-23,0.1493563345633456
2014-06-24,0.1488583025830258
2014-06-25,0.1485619773733399
2014-06-26,0.1482733644859813
2014-06-27,0.1484450319724545
2014-06-30,0.1494857985983032
2014-07-01,0.1494746158574062
2014-07-02,0.1491157532563283
2014-07-03,0.1466404521995576
2014-07-04,0.14608355861391
2014-07-07,0.1463743243243243
2014-07-08,0.1464321503131523
2014-07-10,0.1473600540142401
2014-07-11,0.1471821862348178
2014-07-14,0.1471150920245398
2014-07-15,0.1466576687116564
2014-07-16,0.146438557763061
2014-07-17,0.146535188818048
2014-07-18,0.1461966911764706
2014-07-21,0.1459875
2014-07-22,0.1459235855988243
2014-07-23,0.1462565797527237
2014-07-24,0.146434373088685
2014-07-25,0.1466620200538028
2014-07-28,0.1463143939393939
2014-07-29,0.1458768310546875
2014-07-30,0.1450284111693696
2014-07-31,0.1449695604529405
2014-08-01,0.1457620203982515
2014-08-04,0.1452474576271186
2014-08-05,0.1450915578132559
2014-08-06,0.1449253839642036
2014-08-07,0.1447115733462329
2014-08-08,0.1452137589166968
2014-08-11,0.1455483675937122
2014-08-12,0.1453805609284332
2014-08-13,0.145437567992264
2014-08-14,0.1457407273166606
2014-08-15,0.1461005917159763
2014-08-19,0.1454587255611875
2014-08-20,0.1449590291962033
2014-08-21,0.1451231685527099
2014-08-22,0.1445901249256395
2014-08-25,0.1442293872694824
2014-08-26,0.1437111586961694
2014-08-27,0.1439573860254731
2014-08-28,0.1433753718024985
2014-08-29,0.1431783121057017
2014-09-01,0.1428754609254193
2014-09-02,0.1425780525502318
2014-09-03,0.142663535845916
2014-09-04,0.1416008808475181
2014-09-05,0.141037789661319
2014-09-08,0.1406865849303654
2014-09-09,0.1404652380952381
2014-09-10,0.1407261904761904
2014-09-11,0.1402937745506487
2014-09-12,0.1401718638419424
2014-09-15,0.1404021661509164
2014-09-16,0.140561942163513
2014-09-17,0.14003053344422
2014-09-18,0.1410039206368064
2014-09-19,0.1398464735217288
2014-09-22,0.139752580989676
2014-09-23,0.139901187648456
2014-09-24,0.1392971496437054
2014-09-25,0.1386328347578347
2014-09-26,0.1375988874423008
2014-09-29,0.1380509975209538
2014-09-30,0.1385444839857651
2014-10-01,0.1383872189349112
2014-10-02,0.1391458851391356
2014-10-03,0.1374966863905325
2014-10-06,0.1386078060319337
2014-10-07,0.1388657599053814
2014-10-08,0.1386519787359716
2014-10-09,0.1384850059031877
2014-10-10,0.1381998582565556
2014-10-14,0.137883512333294
2014-10-15,0.1390704591053936
2014-10-16,0.1397682322397923
2014-10-17,0.1394058518168947
2014-10-20,0.1391634071630537
2014-10-21,0.1383221017907634
2014-10-22,0.1376291671574979
2014-10-23,0.1377790081281658
2014-10-24,0.1379957607159679
2014-10-27,0.1370069411764705
2014-10-28,0.1364870618677958
2014-10-29,0.1364647688507234
2014-10-30,0.136245294117647
2014-10-31,0.1353930588235294
2014-11-03,0.1348690644099671
2014-11-04,0.1354169017395392
2014-11-05,0.1357220263281617
2014-11-07,0.1347564042303172
2014-11-10,0.1345333176636502
2014-11-11,0.1351351351351351
2014-11-12,0.1346674500587544
2014-11-13,0.1346293772032902
2014-11-14,0.1352246504523558
2014-11-17,0.1345424107142857
2014-11-18,0.1358197838345864
2014-11-19,0.1353583509513742
2014-11-20,0.1351241484613577
2014-11-21,0.13379532644434
2014-11-25,0.1343616097618209
2014-11-26,0.1352594156986976
2014-11-27,0.1341741731175229
2014-11-28,0.1341093383388081
2014-12-01,0.1347526957337084
2014-12-02,0.1330087822014052
2014-12-03,0.132952236010302
2014-12-04,0.1334400514680079
2014-12-05,0.132423980366951
2014-12-09,0.1329717025257249
2014-12-10,0.1327562858145246
2014-12-11,0.1324081871345029
2014-12-12,0.1325029821073558
2014-12-15,0.1308763887264647
2014-12-16,0.1313991346041398
2014-12-17,0.1311596304525786
2014-12-18,0.1300830409356725
2014-12-19,0.1292440650216349
2014-12-22,0.1285545029239765
2014-12-23,0.1283499415204678
2014-12-24,0.1279934525897345
2014-12-29,0.1276959775491113
2014-12-30,0.129118933458075
2014-12-31,0.128261022102678
2015-01-02,0.1265582700175336
2015-01-05,0.1261495152435463
2015-01-06,0.1266511899206719
2015-01-07,0.1255209085614443
2015-01-08,0.1248829143389199
2015-01-09,0.1241604004190432
2015-01-12,0.1238758002560819
2015-01-13,0.1240002327475852
2015-01-14,0.1239049447353112
2015-01-15,0.1228290101198092
2015-01-16,0.1231814905243576
2015-01-19,0.1230693782684485
2015-01-20,0.12222691905702
2015-01-21,0.1222135561745589
2015-01-22,0.121712214360283
2015-01-23,0.1206039420289855
2015-01-26,0.1208970434782608
2015-01-27,0.1219929308146946
2015-01-28,0.1215687637585447
2015-01-29,0.1207875839703497
2015-01-30,0.1207320684868116
2015-02-02,0.1206345887245841
2015-02-03,0.1217166608936612
2015-02-04,0.1210506928406466
2015-02-05,0.1211299076212471
2015-02-06,0.1189626977711052
2015-02-09,0.1196773597969074
2015-02-10,0.1201288053505535
2015-02-11,0.119146923254206
2015-02-12,0.1185944015666397
2015-02-13,0.1188721934369602
2015-02-18,0.118818411967779
2015-02-19,0.1188438542025986
2015-02-20,0.1196257612317591
2015-02-23,0.1186633754305395
2015-02-24,0.1190618261069052
2015-02-25,0.1203007337766567
2015-02-26,0.1190334823988074
2015-02-27,0.1197016960806784
2015-03-02,0.1197633115767777
2015-03-03,0.1210624785444558
2015-03-04,0.1199357273559012
2015-03-05,0.1197532571428571
2015-03-06,0.1179454213290705
2015-03-09,0.1180178000912825
2015-03-10,0.1169440136830102
2015-03-11,0.115742053093312
2015-03-12,0.1161750569476082
2015-03-13,0.1148065581236479
2015-03-16,0.1157340316520551
2015-03-17,0.1151861841356549
2015-03-18,0.115011261517461
2015-03-19,0.1148487605185353
2015-03-20,0.1161899079440845
2015-03-25,0.1178188842177025
2015-03-26,0.116404951169657
2015-03-27,0.1166698070374574
2015-03-30,0.1162709845735027
2015-03-31,0.1159648605758331
2015-04-01,0.1156750877987991
2015-04-06,0.1171384894122976
2015-04-07,0.1155121095518334
2015-04-08,0.115577536477774
2015-04-09,0.1139510457885811
2015-04-10,0.1132464406779661
2015-04-13,0.1133747741644083
2015-04-14,0.114217882140438
2015-04-15,0.1144361606135799
2015-04-16,0.1167515226708775
2015-04-17,0.1156510657494079
2015-04-20,0.1149082403336715
2015-04-21,0.1156938246562993
2015-04-22,0.1146276607726095
2015-04-23,0.115829262802476
2015-04-24,0.1156764904386951
2015-04-27,0.1161548060708263
2015-04-28,0.1171330785658087
2015-04-29,0.1199543922713996
2015-04-30,0.1196172673178399
2015-05-04,0.1195314183123877
2015-05-05,0.119651564427498
2015-05-06,0.1216396547859224
2015-05-07,0.1208006499327655
2015-05-08,0.1216279121863799
2015-05-11,0.1205851337736482
2015-05-12,0.1202168755595344
2015-05-13,0.1215170022371364
2015-05-14,0.1211474731663685
2015-05-15,0.1219110316307142
2015-05-18,0.1213798726683793
2015-05-19,0.1198566644340254
2015-05-20,0.1197604329390761
2015-05-21,0.1200898751115076
2015-05-22,0.1190844944822204
2015-05-26,0.1180497883715749
2015-05-27,0.1176525659579205
2015-05-28,0.1179620520810149
2015-05-29,0.117233318505338
2015-06-01,0.1165894842152067
2015-06-02,0.1186929230085546
2015-06-03,0.1202559120683912
2015-06-04,0.1207612652608213
2015-06-05,0.1193460173064122
2015-06-08,0.1201677755599911
2015-06-09,0.1205807381137094
2015-06-10,0.1210594750249197
2015-06-11,0.1215746235606731
2015-06-12,0.1222643576408099
2015-06-15,0.1223450945691848
2015-06-16,0.1220151481645289
2015-06-17,0.1226602209944751
2015-06-18,0.1229362571807335
2015-06-19,0.1231587897526502
2015-06-22,0.1228621564948681
2015-06-23,0.1209526751241037
2015-06-24,0.1213488808027346
2015-06-25,0.1214019618648738
2015-06-26,0.1203471028860982
2015-06-29,0.121835296708136
2015-06-30,0.1206650528169014
2015-07-01,0.1194286814032772
2015-07-02,0.1182466747279323
2015-07-03,0.1181292838312829
2015-07-06,0.118234079929732
2015-07-07,0.1172621242045205
2015-07-08,0.1179091906119763
2015-07-10,0.1182858395440596
2015-07-13,0.117814745836985
2015-07-14,0.1176678712220762
2015-07-15,0.1174425960380868
2015-07-16,0.1169987967621964
2015-07-17,0.1157541001530723
2015-07-20,0.1162345098896295
2015-07-21,0.1171810834425513
2015-07-22,0.1160698613688462
2015-07-23,0.116694271685761
2015-07-24,0.1164415357766143
2015-07-27,0.1176816744794505
2015-07-28,0.1168196774896491
2015-07-29,0.116597691134829
2015-07-30,0.1157715249809513
2015-07-31,0.1163060935799782
2015-08-03,0.1156309951060358
2015-08-04,0.1152086956521739
2015-08-05,0.1148
2015-08-06,0.1143995004886524
2015-08-07,0.1140341871065769
2015-08-10,0.1151
2015-08-11,0.1152724612550124
2015-08-12,0.1164565052540353
2015-08-13,0.1178869762910035
2015-08-14,0.1177273809523809
2015-08-18,0.1169754461871281
2015-08-19,0.1173488271538212
2015-08-20,0.1170042139384116
2015-08-21,0.1193103671706263
2015-08-24,0.1207350814718895
2015-08-25,0.1185943701466781
2015-08-26,0.117852247009376
2015-08-27,0.1180149719948298
2015-08-28,0.1184301399354144
2015-08-31,0.1184764414802065
2015-09-01,0.1183907996560619
2015-09-02,0.1188325456498388
2015-09-03,0.1188806482773424
2015-09-04,0.118555031109204
2015-09-07,0.1183207708779443
2015-09-08,0.1188919353111277
2015-09-09,0.1188452482876712
2015-09-10,0.1196416042780748
2015-09-11,0.1215022450288646
2015-09-14,0.1211430708409018
2015-09-15,0.1203412706887346
2015-09-16,0.1212444776437946
2015-09-17,0.1213902100885144
2015-09-18,0.1217566616926028
2015-09-21,0.1210917225950782
2015-09-22,0.1190264082632307
2015-09-23,0.1187605873590125
2015-09-24,0.1191823692045938
2015-09-25,0.118843839693845
2015-09-28,0.1180679064824654
2015-09-29,0.1192492565845369
2015-09-30,0.1192933559753767
2015-10-01,0.1194928950159067
2015-10-02,0.1197232464505191
2015-10-05,0.1196501482422702
2015-10-06,0.1212635699925933
2015-10-07,0.1213209602368866
2015-10-08,0.1214328752642706
2015-10-09,0.1222210248283148
2015-10-13,0.122872809795229
2015-10-14,0.1230875619791117
2015-10-15,0.1215287853226486
2015-10-16,0.1216248682824025
2015-10-19,0.1201605601179195
2015-10-20,0.1204021464646464
2015-10-21,0.1200235516770055
2015-10-22,0.1183389741433676
2015-10-23,0.1174701680672269
2015-10-26,0.1174784297260417
2015-10-27,0.1175972936116647
2015-10-28,0.1181321031662822
2015-10-29,0.1171234542024732
2015-10-30,0.117409490886235
2015-11-02,0.1173474620617477
2015-11-03,0.1170165237398033
2015-11-04,0.1158171750940242
2015-11-05,0.1157099164926931
2015-11-09,0.115268488578283
2015-11-10,0.1147974155898291
2015-11-11,0.1149927106112673
2015-11-12,0.115644409776391
2015-11-13,0.1147289068994181
2015-11-16,0.1149094966268811
2015-11-17,0.1141669778054345
2015-11-18,0.1144806177446102
2015-11-19,0.1153229781505643
2015-11-20,0.1148210591642532
2015-11-23,0.1145606906534325
2015-11-24,0.1148567293777134
2015-11-25,0.1145239718950196
2015-11-26,0.114535751188262
2015-11-30,0.1145331337737406
2015-12-01,0.1150377397401526
2015-12-02,0.1150351220517046
2015-12-03,0.1176705761316872
2015-12-04,0.117746762589928
2015-12-09,0.1187282251437962
2015-12-10,0.1176235257922264
2015-12-11,0.1177592346260104
2015-12-14,0.1179064990803188
2015-12-15,0.1175958596777483
2015-12-16,0.1174632607368206
2015-12-17,0.1166289552238806
2015-12-18,0.1166194716981132
2015-12-21,0.1174798600311042
2015-12-22,0.1188976117103235
2015-12-23,0.1181293394777265
2015-12-24,0.1190008409785932
2015-12-28,0.119393
2015-12-29,0.1194471958651546
2015-12-30,0.1187211182994454
2015-12-31,0.1182172546012269
2016-01-04,0.1175129545454545
2016-01-05,0.1163575091575091
2016-01-06,0.1161899208063354
2016-01-07,0.1175530215827338
2016-01-08,0.1173034582132564
2016-01-11,0.1173832967032967
2016-01-12,0.1169535793357933
2016-01-13,0.1172869276218611
2016-01-14,0.1170590188679245
2016-01-15,0.1167923880597014
2016-01-18,0.1165637168141592
2016-01-19,0.1172319434102755
2016-01-20,0.1164402222222222
2016-01-21,0.11654875
2016-01-22,0.1164930808448652
2016-01-25,0.1167501086169442
2016-01-26,0.1169235379061371
2016-01-27,0.1174329250720461
2016-01-28,0.1175544075144508
2016-01-29,0.1166833810888252
2016-02-01,0.1170288747346072
2016-02-02,0.1165731871241598
2016-02-03,0.118102824858757
2016-02-04,0.1189470836261419
2016-02-05,0.1179370517373441
2016-02-10,0.1185213103448275
2016-02-11,0.1195786202185792
2016-02-12,0.1185410047522063
2016-02-15,0.1177787162162162
2016-02-16,0.1177079795120636
2016-02-17,0.1176456971314209
2016-02-18,0.1183908366533864
2016-02-19,0.1183837981407702
2016-02-22,0.1176706229508196
2016-02-23,0.1178911764705882
2016-02-24,0.1179231270358306
2016-02-25,0.1177093567251462
2016-02-26,0.116834712346477
2016-02-29,0.1167746835443037
2016-03-01,0.1158882911392405
2016-03-02,0.1159151340996168
2016-03-03,0.1171028947368421
2016-03-04,0.1178855921052631
2016-03-07,0.1180540084388185
2016-03-08,0.1177717651627937
2016-03-09,0.1186464541314248
2016-03-10,0.1196472620599739
2016-03-11,0.1198480134680134
2016-03-14,0.1197604729729729
2016-03-15,0.120169214876033
2016-03-16,0.120864887063655
2016-03-17,0.122180668896321
2016-03-18,0.1215362466124661
2016-03-21,0.1215628196268141
2016-03-22,0.1215835302293259
2016-03-23,0.1209906896551724
2016-03-28,0.1206796358732299
2016-03-29,0.1218561175666438
2016-03-30,0.1225204794520548
2016-03-31,0.1232513605442177
2016-04-01,0.1230511832319134
2016-04-04,0.1232164290563475
2016-04-05,0.1229286784741144
2016-04-06,0.1226752739726027
2016-04-07,0.1224154803040774
2016-04-08,0.1226241712707182
2016-04-11,0.1232711432506887
2016-04-12,0.123620062262193
2016-04-13,0.1227972907259465
2016-04-14,0.1231436147941381
2016-04-15,0.123072384341637
2016-04-18,0.1232589816124469
2016-04-19,0.1238298097251585
2016-04-20,0.1232543933054393
2016-04-21,0.122989138051857
2016-04-22,0.1226512587412587
2016-04-25,0.122981577110956
2016-04-26,0.1230284416491963
2016-04-27,0.1232270613107822
2016-04-28,0.1239633566433566
2016-04-29,0.1244013333333333
2016-05-02,0.1254453136011275
2016-05-03,0.1246914084507042
2016-05-04,0.1238666432584269
2016-05-05,0.1232558988764045
2016-05-06,0.1229452498240675
2016-05-09,0.1225129610115911
2016-05-10,0.1225820570465083
2016-05-11,0.1230693173821252
2016-05-12,0.1221687367678193
2016-05-13,0.1211166784452296
2016-05-16,0.1210771026384664
2016-05-17,0.1212547383309759
2016-05-18,0.1204195259992925
2016-05-19,0.1197461702127659
2016-05-20,0.1202125400783755
2016-05-23,0.1199644746247319
2016-05-24,0.1202111032028469
2016-05-26,0.1206447302608074
2016-05-27,0.1199012212643678
2016-05-30,0.1199313795568263
2016-05-31,0.1199846329783432
2016-06-01,0.1204703225806451
2016-06-02,0.1201677697841726
2016-06-03,0.1225745433542704
2016-06-06,0.1230920842411038
2016-06-07,0.1230466040462427
2016-06-08,0.1232741726618705
2016-06-09,0.1223346599131693
2016-06-10,0.1204659420289855
2016-06-13,0.1213165217391304
2016-06-14,0.1203137454545454
2016-06-15,0.1204804656238632
2016-06-16,0.119625790229885
2016-06-21,0.1210594846098783
2016-06-22,0.1209672352523098
2016-06-23,0.1221538408304498
2016-06-24,0.1186000669792364
2016-06-27,0.1164510457516339
2016-06-28,0.1170891946308724
2016-06-29,0.1179954606141522
2016-06-30,0.117548869680851
2016-07-01,0.1183824
2016-07-04,0.1186830677290836
2016-07-05,0.1172827702702702
2016-07-06,0.1172168084382443
2016-07-07,0.1164442784380305
2016-07-11,0.1166738387978142
2016-07-12,0.1172717719780219
2016-07-13,0.117974605353466
2016-07-14,0.1178411804613297
2016-07-15,0.1167869565217391
2016-07-18,0.1169672607260726
2016-07-19,0.1160456
2016-07-20,0.1162912408759124
2016-07-21,0.1163034
2016-07-22,0.1153602280348759
2016-07-25,0.1156804682274247
2016-07-26,0.1155761872909699
2016-07-27,0.1151172
2016-07-28,0.1157541223404255
2016-07-29,0.1168087941372418
2016-08-01,0.1165202277294038
2016-08-02,0.1175461279461279
2016-08-03,0.1170193006052454
2016-08-04,0.1173391919191919
2016-08-05,0.1168483434753211
2016-08-08,0.1165433537832311
2016-08-09,0.1171042654028436
2016-08-10,0.1183306066802999
2016-08-11,0.1181739427012278
2016-08-12,0.1182508520790729
2016-08-16,0.1188905248807089
2016-08-17,0.1183263870094722
2016-08-18,0.1197690763052208
2016-08-19,0.1192406488805469
2016-08-22,0.1194172180958811
2016-08-23,0.1193673854447439
2016-08-24,0.11912133243607
2016-08-25,0.1189145735392881
2016-08-26,0.1178258666666666
2016-08-29,0.1181809271523178
2016-08-30,0.1169399067288474
2016-08-31,0.116762424648359
2016-09-01,0.1167855704697986
2016-09-02,0.116495797198132
2016-09-05,0.1167910785619174
2016-09-06,0.1181753661784287
2016-09-07,0.1184651827242525
2016-09-08,0.1182368281353682
2016-09-09,0.1175530040053404
2016-09-12,0.1179509698996655
2016-09-13,0.1172731333333333
2016-09-14,0.1177426480372588
2016-09-15,0.1179843397478433
2016-09-16,0.1167079312623926
2016-09-19,0.1167583498349835
2016-09-20,0.1164157859973579
2016-09-21,0.1163562087186261
2016-09-22,0.1170261144816671
2016-09-23,0.1171824475801134
2016-09-26,0.1172759186351706
2016-09-27,0.1164347513089005
2016-09-28,0.1166384665367121
2016-09-29,0.1164117073170731
2016-09-30,0.1164890267798824
2016-10-03,0.1167528792365909
2016-10-04,0.1162750164798945
2016-10-05,0.1164971691902567
2016-10-06,0.1159487179487179
2016-10-07,0.1155147843266381
2016-10-11,0.1133208965062623
2016-10-12,0.1131490378234903
2016-10-13,0.1137436558287073
2016-10-14,0.1133696869851729
2016-10-17,0.1134584155809975
2016-10-18,0.1132541425565491
2016-10-19,0.112977755840737
2016-10-20,0.1127815242494226
2016-10-21,0.1118843739676247
2016-10-24,0.1119821074871253
2016-10-25,0.1120875246224556
2016-10-26,0.1122208484051298
2016-10-27,0.1101455120601028
2016-10-28,0.1110087557603686
2016-10-31,0.1108376897689769
2016-11-01,0.1117006301824212
2016-11-02,0.1123040370615486
2016-11-03,0.1115386754966887
2016-11-04,0.1116009296148738
2016-11-07,0.1107885714285714
2016-11-08,0.1111308774279973
2016-11-09,0.1107481233243967
2016-11-10,0.1103715901530272
2016-11-11,0.11020253741054
2016-11-14,0.1091750798722044
2016-11-15,0.1089573548387096
2016-11-16,0.1088577419354838
2016-11-17,0.1082485142118862
2016-11-18,0.1078992889463477
2016-11-21,0.1082590835229119
2016-11-22,0.1084434304207119
2016-11-23,0.1078399613899614
2016-11-24,0.1080602316602316
2016-11-25,0.1082333226117722
2016-11-29,0.1088506369426751
2016-11-30,0.1083987269977312
2016-12-01,0.1080309974747474
2016-12-02,0.1088044542032622
2016-12-05,0.1096647344212714
2016-12-06,0.109501444723618
2016-12-07,0.110042464040025
2016-12-12,0.1091560199625701
2016-12-13,0.1090512338719779
2016-12-14,0.1091810269254852
2016-12-15,0.1064917293233082
2016-12-16,0.1069655974842767
2016-12-19,0.1070927398989899
2016-12-20,0.1069244010088272
2016-12-21,0.1083682077264091
2016-12-22,0.1087689764780673
2016-12-23,0.1086378008646834
2016-12-26,0.1085434362934363
2016-12-27,0.1084104823151125
2016-12-28,0.1086200634920634
2016-12-29,0.1094882596685082
2016-12-30,0.110002517306482
2017-01-02,0.109497864321608
2017-01-03,0.1092931953590467
2017-01-04,0.1097562189054726
2017-01-05,0.1111568295739348
2017-01-06,0.1104557242251739
2017-01-09,0.1105534151715454
2017-01-10,0.1102426498422713
2017-01-11,0.1103655520504731
2017-01-12,0.1120297280202403
2017-01-13,0.1122460732984293
2017-01-16,0.1117443324937027
2017-01-17,0.112208246904268
2017-01-18,0.1121767762128325
2017-01-19,0.1113647798742138
2017-01-20,0.1122309142318567
2017-01-23,0.1129815558343789
2017-01-24,0.1131375392341494
2017-01-25,0.1132451269194609
2017-01-26,0.1131272613065326
2017-01-27,0.1129484276729559
2017-01-30,0.113240012562814
2017-01-31,0.1141617915329936
2017-02-01,0.1141448101265822
2017-02-02,0.1146118622448979
2017-02-03,0.1140380921895006
2017-02-06,0.1130556400506971
2017-02-07,0.1127866028708134
2017-02-08,0.1130876555023923
2017-02-09,0.1122775784753363
2017-02-10,0.1120925353925354
2017-02-13,0.1118405553761704
2017-02-14,0.1117568196509372
2017-02-15,0.1119921223958333
2017-02-16,0.1127471979267897
2017-02-17,0.1121767857142857
2017-02-20,0.1119043672298374
2017-02-21,0.1114305573350416
2017-02-22,0.1113201413427562
2017-02-23,0.1110790322580645
2017-02-24,0.1109656330749354
2017-03-01,0.1106868352788586
2017-03-02,0.1101964935064934
2017-03-03,0.1106108737864077
2017-03-06,0.1108229974160206
2017-03-07,0.1111073954983922
2017-03-08,0.1104228187919463
2017-03-09,0.1107309079201545
2017-03-10,0.1110407622739018
2017-03-13,0.1117955598455598
2017-03-14,0.111604634695848
2017-03-15,0.1117405908798972
2017-03-16,0.1129624597553123
2017-03-17,0.1133516709511568
2017-03-20,0.1132361484325016
2017-03-21,0.1137319871794871
2017-03-22,0.1137320115126319
2017-03-23,0.1132528543938422
2017-03-27,0.1140068743976871
2017-03-28,0.1133221778864718
2017-03-29,0.1126037589112119
2017-03-30,0.1120084360804672
2017-03-31,0.1116956465237166
2017-04-03,0.111569795388113
2017-04-04,0.1109607166123778
2017-04-05,0.1112198281473766
2017-04-06,0.110891812865497
2017-04-07,0.110017073965461
2017-04-10,0.1101952662721893
2017-04-11,0.1104655093350802
2017-04-12,0.1106182356813693
2017-04-17,0.1112273026315789
2017-04-18,0.1114243414602261
2017-04-19,0.1113920779220779
2017-04-20,0.1112396516992657
2017-04-21,0.1108462879276952
2017-04-24,0.1126380116959064
2017-04-25,0.1140302853437094
2017-04-26,0.1139692059393156
2017-04-27,0.1132413099870298
2017-04-28,0.1129012337662337
2017-05-02,0.1134095424836601
2017-05-03,0.1134301504251144
2017-05-04,0.1131221423905943
2017-05-05,0.1135718282368249
2017-05-08,0.1131426632191338
2017-05-09,0.1124834138486312
2017-05-10,0.1120611218568665
2017-05-11,0.1125390994493035
2017-05-12,0.1131068005181347
2017-05-15,0.1132182227945911
2017-05-16,0.1138148267008985
2017-05-17,0.1144347853939782
2017-05-18,0.11341725
2017-05-19,0.1147459813084112
2017-05-22,0.1150112449799196
2017-05-23,0.1149451833436917
2017-05-24,0.1150642013673088
2017-05-26,0.1151768269831355
2017-05-29,0.1149517779164067
2017-05-30,0.1146144891640867
2017-05-31,0.115109254658385
2017-06-01,0.114996699875467
2017-06-02,0.115900375
2017-06-05,0.1155441700531416
2017-06-06,0.115405496564647
2017-06-07,0.1151556597873671
2017-06-08,0.1147908176100628
2017-06-09,0.1146907663316582
2017-06-12,0.1144190894819466
2017-06-13,0.1150099433606041
2017-06-14,0.1155335054792795
2017-06-15,0.1142035043804755
2017-06-16,0.1148488154613466
2017-06-19,0.1143092260061919
2017-06-21,0.1140966091245376
2017-06-22,0.1141135955404149
2017-06-23,0.1147038639876352
2017-06-26,0.1146907475490196
2017-06-27,0.1160362195121951
2017-06-28,0.1169755015197568
2017-06-29,0.1180623636363636
2017-06-30,0.1184834034876728
2017-07-03,0.11772875
2017-07-04,0.1172883047844063
2017-07-05,0.1177121353558926
2017-07-06,0.1184862412177986
2017-07-07,0.1186718492343934
2017-07-10,0.1186450720800235
2017-07-11,0.1190320588235294
2017-07-12,0.1188749778748008
2017-07-13,0.1196272566371681
2017-07-14,0.1202370919881305
2017-07-17,0.1205414648552865
2017-07-18,0.1207423255813953
2017-07-19,0.1205618075801749
2017-07-20,0.121585
2017-07-21,0.121368082663605
2017-07-24,0.1216959265633964
2017-07-25,0.121991361556064
2017-07-26,0.1215746285714285
2017-07-27,0.1216781746031746
2017-07-28,0.1230224283305227
2017-07-31,0.1236659297052154
2017-08-01,0.1233623748862602
2017-08-02,0.123696534090909
2017-08-03,0.1234156762874929
2017-08-04,0.1226001131861912
2017-08-07,0.1226301694915254
2017-08-08,0.1223675449980251
2017-08-09,0.1221911299435028
2017-08-10,0.1226978543195934
2017-08-11,0.1232452851496329
2017-08-14,0.1231042031523642
2017-08-15,0.1237853544229642
2017-08-16,0.1235864613596746
2017-08-17,0.1232194700460829
2017-08-18,0.1232787492762015
2017-08-22,0.1233486926205694
2017-08-23,0.1239356935577481
2017-08-24,0.124089482858803
2017-08-25,0.1251674216027874
2017-08-28,0.1256755078351712
2017-08-29,0.1262419085944237
2017-08-30,0.1253714203565267
2017-08-31,0.1256597342576545
2017-09-01,0.1250562790697674
2017-09-04,0.1256107951247823
2017-09-05,0.1251861948955916
2017-09-06,0.1097960107095046
2017-09-07,0.1259620348837209
2017-09-08,0.1259985465116279
2017-09-11,0.1249062973760933
2017-09-12,0.1253792618629174
2017-09-13,0.1243008201523139
2017-09-14,0.1250797527957622
2017-09-15,0.1253965832106038
2017-09-18,0.1254154250657318
2017-09-19,0.1257481913652275
2017-09-20,0.1258716695753344
2017-09-21,0.1253682686740011
2017-09-22,0.1253997111496245
2017-09-25,0.1242328383780696
2017-09-26,0.1231678612059158
2017-09-27,0.1227807517084282
2017-09-28,0.1230647798742138
2017-09-29,0.1226166377816291
2017-10-02,0.1224949755957507
2017-10-03,0.1228984209015216
2017-10-04,0.123542201993432
2017-10-05,0.1227476012640046
2017-10-06,0.1231026655202063
2017-10-09,0.1232999999999999
2017-10-10,0.1238144619799139
2017-10-11,0.1241695946721782
2017-10-12,0.1231679012345679
2017-10-13,0.1231405673431734
2017-10-17,0.1226692817998269
2017-10-18,0.1227265129682997
2017-10-19,0.1228818338108882
2017-10-20,0.1225370264064293
2017-10-23,0.1218190066035027
2017-10-24,0.1216219428571428
2017-10-25,0.12155837621498
2017-10-26,0.11975906002265
2017-10-27,0.1193289078014184
2017-10-30,0.1195614689265536
2017-10-31,0.1194372132540356
2017-11-01,0.1191951731970471
2017-11-02,0.1191071917808219
2017-11-03,0.118482029478458
2017-11-07,0.1190206798866855
2017-11-08,0.1192463470319634
2017-11-09,0.1193958321438766
2017-11-10,0.1196515575878822
2017-11-13,0.1191610857142857
2017-11-14,0.1190660571428571
2017-11-15,0.1186619428571428
2017-11-16,0.1189810684053992
2017-11-17,0.1185648841864455
2017-11-21,0.1185283590623213
2017-11-22,0.1196072289156626
2017-11-23,0.1205487370838117
2017-11-24,0.120705878962536
2017-11-27,0.1204892032332563
2017-11-28,0.1199458105384394
2017-11-29,0.1196329411764706
2017-11-30,0.119457208899162
2017-12-01,0.119655890887986
2017-12-04,0.1185761452031114
2017-12-05,0.119136957779063
2017-12-06,0.1185044914517531
2017-12-07,0.1181446759259259
2017-12-11,0.117629060324826
2017-12-12,0.1183642074927953
2017-12-13,0.1184511265164644
2017-12-14,0.1187803438395415
2017-12-15,0.1175585498144447
2017-12-18,0.1188170745589072
2017-12-19,0.1188170745589072
2017-12-20,0.1192079954954954
2017-12-21,0.1192591478696741
2017-12-22,0.1199270614277808
2017-12-26,0.119912680665394
2017-12-27,0.1209146235625949
2017-12-28,0.1212738541666666
2017-12-29,0.122249396750496
2018-01-02,0.1223690385659967
2018-01-03,0.1223825426944971
2018-01-04,0.1229498121309715
2018-01-05,0.12293769883351
2018-01-08,0.121899211770888
2018-01-09,0.1213135763338616
2018-01-10,0.1221657357679913
2018-01-11,0.1229770176376269
2018-01-12,0.1235315141787051
2018-01-15,0.1248345764517847
2018-01-16,0.1242343915343915
2018-01-17,0.1247909814323607
2018-01-18,0.1246105988341282
2018-01-19,0.1244059489339299
2018-01-22,0.124498903165152
2018-01-23,0.124641634341867
2018-01-24,0.1259097201017811
2018-01-25,0.127328527607362
2018-01-26,0.1271585079202861
2018-01-29,0.1266865168539326
2018-01-30,0.1268295390883626
2018-01-31,0.1269083969465649
2018-02-01,0.1272313209494324
2018-02-02,0.1266544242113362
2018-02-05,0.12617818275154
2018-02-06,0.1257276584867075
2018-02-07,0.1242791571464838
2018-02-08,0.1232149223835753
2018-02-09,0.1230118118118118
2018-02-14,0.1251877889447236
2018-02-15,0.1256660223804679
2018-02-16,0.1258367914979757
2018-02-19,0.1252787437185929
2018-02-20,0.1236261964735516
2018-02-21,0.1236445671267252
2018-02-22,0.1232528822055138
2018-02-23,0.1225595095095095
2018-02-26,0.1227023762376237
2018-02-27,0.1216915346534653
2018-02-28,0.1209058180009945
2018-03-01,0.1208094387375316
2018-03-02,0.12096872224963
2018-03-05,0.1212106382978723
2018-03-06,0.1216204523107178
2018-03-07,0.1212459088682018
2018-03-08,0.1210243614931237
2018-03-09,0.1213901728395061
2018-03-12,0.1213003465346534
2018-03-13,0.1217982195845697
2018-03-14,0.1224155215027187
2018-03-15,0.1224334725976898
2018-03-16,0.1221031188118812
2018-03-19,0.122634702970297
2018-03-20,0.1217804095731556
2018-03-21,0.1218724716329551
2018-03-22,0.1211901112484548
2018-03-23,0.1214034175334323
2018-03-26,0.1221388806339772
2018-03-27,0.1216145378817929
2018-03-28,0.1199242146012209
2018-04-03,0.118930128840436
2018-04-04,0.1189442517343904
2018-04-05,0.1187141089108911
2018-04-06,0.1192108027750247
2018-04-09,0.1197103021297672
2018-04-10,0.1202993055555555
2018-04-11,0.1200955969853233
2018-04-12,0.1188975754576942
2018-04-13,0.118407665677547
2018-04-16,0.1187436696340257
2018-04-17,0.1189187809712586
2018-04-18,0.1190773777005214
2018-04-19,0.1188862599206349
2018-04-20,0.1183964338781574
2018-04-23,0.1174329220138203
2018-04-24,0.1175447186574531
2018-04-25,0.1168715682401738
2018-04-26,0.1154414598540145
2018-04-27,0.1150893865628042
2018-05-02,0.1122246226415094
2018-05-03,0.1133979565217391
2018-05-04,0.1136596330275229
2018-05-07,0.1133092896174863
2018-05-08,0.1133555357142857
2018-05-09,0.1149967429577464
2018-05-10,0.1156778316438959
2018-05-11,0.1161912295786758
2018-05-14,0.1159312925170068
2018-05-15,0.1152034095634095
2018-05-16,0.1150006998764923
2018-05-17,0.1144060032894736
2018-05-18,0.1142830945558739
2018-05-21,0.1149821640903686
2018-05-22,0.1151516474464579
2018-05-23,0.1138161389172625
2018-05-24,0.1143026829268292
2018-05-28,0.1133966815054633
2018-05-29,0.1116071256038647
2018-05-30,0.1133311271560369
2018-05-31,0.1133953926282051
2018-06-01,0.1132194994994994
2018-06-04,0.1141643572286744
2018-06-05,0.1143458333333333
2018-06-06,0.1145186746987951
2018-06-07,0.1150112867720632
2018-06-08,0.1148224417226392
2018-06-11,0.1153495769230769
2018-06-12,0.1157112621359223
2018-06-13,0.1159191923076923
2018-06-14,0.1146092418772563
2018-06-15,0.1137824691358024
2018-06-18,0.1134236765772298
2018-06-19,0.1122762968299711
2018-06-21,0.1125758545454545
2018-06-22,0.1130594964827841
2018-06-25,0.112787892211148
2018-06-26,0.1125619188191881
2018-06-27,0.1115473760932944
2018-06-28,0.1109951957295373
2018-06-29,0.1116519930675909
2018-07-02,0.1112235689045936
2018-07-03,0.1133414028776978
2018-07-04,0.1138096544353402
2018-07-05,0.1139588235294117
2018-07-06,0.1146171326164874
2018-07-10,0.1144898428936792
2018-07-11,0.1134533041255932
2018-07-12,0.112857914065369
2018-07-13,0.1123734288864388
2018-07-16,0.113376096491228
2018-07-17,0.1132156805807622
2018-07-18,0.1128171606638162
2018-07-19,0.112421448899456
2018-07-20,0.1129126903553299
2018-07-23,0.1128146270818247
2018-07-24,0.1131977074235807
2018-07-25,0.113795436290617
2018-07-26,0.1136221452024808
2018-07-27,0.1131644281793229
2018-07-30,0.1143340671436433
2018-07-31,0.1138044874133527
2018-08-01,0.1135847411444141
2018-08-02,0.1127141712204007
2018-08-03,0.1122573836570172
2018-08-06,0.1118155506769118
2018-08-07,0.1120799780981931
2018-08-08,0.1116968896925859
2018-08-09,0.1112198505869797
2018-08-10,0.1093194871794871
2018-08-13,0.1095806182121971
2018-08-14,0.1094762580209388
2018-08-15,0.1085352
2018-08-16,0.1084810321715817
2018-08-17,0.1089087437185929
2018-08-21,0.1100521666666666
2018-08-22,0.1104228099173553
2018-08-23,0.1094403082978025
2018-08-24,0.1095710355987055
2018-08-27,0.1098538908621246
2018-08-28,0.1095914513556618
2018-08-29,0.1092800588235294
2018-08-30,0.1096647606382978
2018-08-31,0.1093147082767978
2018-09-03,0.1099190909090909
2018-09-04,0.1099033950617283
2018-09-05,0.1103058854166666
2018-09-06,0.1097960107095046
2018-09-07,0.1101539875642065
2018-09-10,0.1103606474050294
2018-09-11,0.1103253472496771
2018-09-12,0.1113548496732026
2018-09-13,0.1116744374209861
2018-09-14,0.110531435022579
2018-09-17,0.1122447761194029
2018-09-18,0.1122409956960559
2018-09-19,0.1126735271614384
2018-09-20,0.1138459424083769
2018-09-21,0.1137410497981157
2018-09-24,0.1137281233243968
2018-09-25,0.1135615223097112
2018-09-26,0.1136686574915606
2018-09-27,0.1131708312342569
2018-09-28,0.1125340363636363
2018-10-01,0.111718106060606
2018-10-02,0.1110975328083989
2018-10-03,0.1107677368002122
2018-10-04,0.1103606527415143
2018-10-05,0.1101891913319238
2018-10-08,0.1099348209513629
2018-10-09,0.1097863685344827
2018-10-10,0.1097574228187919
2018-10-11,0.1112990702761826
2018-10-12,0.1114789931972789
2018-10-16,0.1123166388888888
2018-10-17,0.1116582365948037
2018-10-18,0.1105290040927694
2018-10-19,0.1112099616858237
2018-10-22,0.1111444596818431
2018-10-23,0.1106476086362393
2018-10-24,0.1097911891891892
2018-10-25,0.1095590377820059
2018-10-26,0.1095578175895765
2018-10-29,0.1095110298102981
2018-10-30,0.109051266684827
2018-10-31,0.1090833657858136
2018-11-01,0.1105717689935519
2018-11-02,0.1102876303183995
2018-11-05,0.1102766900420757
2018-11-07,0.1111567984300532
2018-11-08,0.1110642253521126
2018-11-09,0.1101515819209039
2018-11-12,0.1095254356379988
2018-11-13,0.1102596671289875
2018-11-14,0.1098744011142061
2018-11-15,0.1102645214979195
2018-11-16,0.1111160590036181
2018-11-20,0.1100982034273079
2018-11-21,0.1107248103709833
2018-11-22,0.1106476164383561
2018-11-23,0.1100243085106383
2018-11-26,0.1100315749039692
2018-11-27,0.1097634500648508
2018-11-28,0.1104398855954238
2018-11-29,0.1103290031813361
2018-12-03,0.1108008767123287
2018-12-04,0.1109053208556149
2018-12-05,0.1113833911882509
2018-12-06,0.1111951193633952
2018-12-07,0.1106978342245989
2018-12-10,0.1100013276686139
2018-12-11,0.1100667019307061
2018-12-12,0.1101697791965948
2018-12-13,0.1103424002114723
2018-12-14,0.1102949174744563
2018-12-17,0.1105143230527966
2018-12-18,0.1102462885520125
2018-12-19,0.1103679697680479
2018-12-20,0.1114131668856767
2018-12-21,0.1106170111915734
2018-12-26,0.1099009844559585
2018-12-27,0.1110481723237598
2018-12-28,0.111493899204244
2018-12-31,0.1126227586206896
2019-01-02,0.111154342629482
2019-01-03,0.1111185313751668
2019-01-04,0.1115312014985282
2019-01-07,0.1123570298887548
2019-01-08,0.1120749468085106
2019-01-09,0.112667166176077
2019-01-10,0.1123898597626753
2019-01-11,0.1121881300813008
2019-01-14,0.1117705675675675
2019-01-15,0.1112124258760107
2019-01-16,0.1112198666666666
2019-01-17,0.1107775391142932
2019-01-18,0.1107677221926556
2019-01-21,0.1108770291777188
2019-01-22,0.1108377031707966
2019-01-23,0.1109656283280085
2019-01-24,0.1099263368983957
2019-01-25,0.1104374561166621
2019-01-28,0.1103484791386272
2019-01-29,0.1102292838196286
2019-01-30,0.1099166888829645
2019-01-31,0.1104960107095046
2019-02-01,0.1105363196125907
2019-02-04,0.1097682710406023
2019-02-05,0.1097767204301075
2019-02-06,0.1088790778251599
2019-02-07,0.10810692755156
2019-02-08,0.107903963011889
2019-02-11,0.1074898971247692
2019-02-12,0.1079692024216899
2019-02-13,0.1080356881214024
2019-02-14,0.1077063840920983
2019-02-15,0.1076739254272397
2019-02-18,0.1080917525773196
2019-02-19,0.1074633307868602
2019-02-20,0.1075315099571464
2019-02-21,0.1068045282064255
2019-02-22,0.1070801376848546
2019-02-25,0.1072823119670158
2019-02-26,0.1075766143555441
2019-02-27,0.1078783616692426
2019-02-28,0.1083576245210728
2019-03-01,0.1078748555639286
2019-03-06,0.1075442208588957
2019-03-07,0.1060917882352941
2019-03-08,0.1059771116504854
2019-03-11,0.1064509200968523
2019-03-12,0.1068627228915662
2019-03-13,0.1073456553398058
2019-03-14,0.1073595045376502
2019-03-15,0.1082005249999999
2019-03-18,0.1081782749999999
2019-03-19,0.1086602222222222
2019-03-20,0.1092132190942472
2019-03-21,0.1088447259439707
2019-03-22,0.1077110287081339
2019-03-25,0.1082450332699619
2019-03-26,0.1083224202626641
2019-03-27,0.107843446546615
2019-03-28,0.1077203071281228
2019-03-29,0.1077098731257208
2019-04-01,0.1076658159681573
2019-04-03,0.1079575460695125
2019-04-04,0.1077737157337019
2019-04-05,0.1075361256544502
2019-04-08,0.1080041876430205
2019-04-09,0.1080882352941176
2019-04-10,0.1078911648453848
2019-04-11,0.1076553684210526
2019-04-12,0.1078853485064011
2019-04-15,0.10790862566074
2019-04-16,0.1081502005189903
2019-04-17,0.1081279713603818
2019-04-22,0.1075442325800376
2019-04-23,0.1067794339622641
2019-04-24,0.1061368373151308
2019-04-25,0.1049097772828507
2019-04-26,0.1053052860561235
2019-04-29,0.1051270389170896
2019-04-30,0.1054074065685164
2019-05-02,0.1044964732142857
2019-05-03,0.1046846309630963
2019-05-06,0.1046539529675252
2019-05-07,0.1041254577542466
2019-05-08,0.1040615299334811
2019-05-09,0.1037925745856353
2019-05-10,0.1039663169642857
2019-05-13,0.1038130598669622
2019-05-14,0.1042198576828997
2019-05-15,0.1042165999999999
2019-05-16,0.1038044206296048
2019-05-17,0.1037322666666666
2019-05-20,0.1034693073688869
2019-05-21,0.1036086888541434
2019-05-22,0.1038734298440979
2019-05-23,0.1039209359059658
2019-05-24,0.1048635653726015
2019-05-27,0.1043318394648829
2019-05-28,0.1043928619377937
2019-05-29,0.1046561529808773
2019-05-30,0.1049439057239057
2019-05-31,0.1054129356568364
2019-06-03,0.1058425005571651
2019-06-04,0.1060895325430552
2019-06-05,0.1059467928730512
2019-06-06,0.106260872468284
2019-06-07,0.1065439241917502
2019-06-10,0.1062224944320712
2019-06-11,0.1059613870246085
2019-06-12,0.1055876803297458
2019-06-13,0.1055074706017984
2019-06-14,0.1053674095974528
2019-06-18,0.1049593146274149
2019-06-19,0.105206674364896
2019-06-21,0.1068204720729142
2019-06-24,0.1076924599434495
2019-06-25,0.1079097687588485
2019-06-26,0.1079645214135268
2019-06-27,0.1077829976580796
2019-06-28,0.1077191437251254
2019-07-01,0.1068193297144205
2019-07-02,0.1072167535545023
2019-07-03,0.1074044492029502
2019-07-04,0.1072075525812619
2019-07-05,0.1059389247311828
2019-07-10,0.1062326637972262
2019-07-11,0.1065076019184652
2019-07-12,0.1067007932692307
2019-07-15,0.1069026886792453
2019-07-16,0.1065098687294889
2019-07-17,0.1068307529411764
2019-07-18,0.1070022143698468
2019-07-19,0.1066029702970297
2019-07-22,0.1063411071849234
2019-07-23,0.1056289498359118
2019-07-24,0.1060636575693958
2019-07-25,0.1058593036661286
2019-07-26,0.1051889504036908
2019-07-29,0.1053673967602099
2019-07-30,0.1046200091053949
2019-07-31,0.1041074977210574
2019-08-01,0.1036058385933273
2019-08-02,0.1037176707726763
2019-08-05,0.1040557924818641
2019-08-06,0.1042375055187638
2019-08-07,0.1037469620530818
2019-08-08,0.1043991154356479
2019-08-09,0.1047610165745856
2019-08-12,0.1044840754716981
2019-08-13,0.1047531720430107
2019-08-14,0.1038847019867549
2019-08-15,0.103646270742358
2019-08-16,0.1035882909090909
2019-08-20,0.1032300639269406
2019-08-21,0.1038917848055252
2019-08-22,0.1033709203122163
2019-08-23,0.1039511695376246
2019-08-26,0.1033837402785313
2019-08-27,0.1034393428063943
2019-08-28,0.102863717728055
2019-08-29,0.1023007426597582
2019-08-30,0.1017107712989413
2019-09-02,0.1017552678571428
2019-09-03,0.1017376741693461
2019-09-04,0.1026968035714285
2019-09-05,0.1031725406177468
2019-09-06,0.1039155320673593
2019-09-09,0.10364948232774
2019-09-10,0.1032194072487055
2019-09-11,0.1033185831256675
2019-09-12,0.1038917825311943
2019-09-13,0.1040290322580645
2019-09-16,0.1034329246624022
2019-09-17,0.1033805309734513
2019-09-18,0.1031757430997876
2019-09-19,0.1033762595015025
2019-09-20,0.1028457384859714
2019-09-23,0.1028795853829936
2019-09-24,0.1034168806048883
2019-09-25,0.102556722173532
2019-09-26,0.1025619821709491
2019-09-27,0.1020491451500349
2019-09-30,0.101565115471436
2019-10-01,0.1012473629424011
2019-10-02,0.1013818228986509
2019-10-03,0.1016342629482071
2019-10-04,0.1016301403083319
2019-10-07,0.1009815352697095
2019-10-08,0.1005580812445981
2019-10-09,0.1004681669253319
2019-10-10,0.10162497412901
2019-10-11,0.102055383290267
2019-10-15,0.1019835764544362
2019-10-16,0.1021878384863234
2019-10-17,0.1029569094120269
2019-10-18,0.1035368123393316
2019-10-21,0.1037204409502649
2019-10-22,0.1038389087809036
2019-10-23,0.1036365932203389
2019-10-24,0.1035346677880571
2019-10-25,0.1031917152858809
2019-10-28,0.1030662184873949
2019-10-29,0.1028922986379687
2019-10-30,0.1029590421969189
2019-10-31,0.103619423495894
2019-11-01,0.1045303430962343
2019-11-04,0.1041644891122278
2019-11-05,0.1034746689019279
2019-11-07,0.1037904194630872
2019-11-08,0.1029357142857142
2019-11-11,0.1030906422018348
2019-11-12,0.1029855443886097
2019-11-13,0.1027231915606162
2019-11-14,0.1031427494976557
2019-11-15,0.1037925758337523
2019-11-19,0.103835684369241
2019-11-20,0.1037107651096601
2019-11-21,0.1037290468227424
2019-11-22,0.1038896269031286
2019-11-25,0.1036129794004354
2019-11-26,0.1042328828828828
2019-11-27,0.1043939267190898
2019-11-28,0.1045773433583959
2019-11-29,0.1044375375375375
2019-12-02,0.1047778574406002
2019-12-03,0.1049736503963287
2019-12-04,0.1051027221108884
2019-12-05,0.1054151704592814
2019-12-06,0.105384067400734
2019-12-09,0.1048668612895153
2019-12-10,0.105264260651629
2019-12-11,0.1059277104405249
2019-12-12,0.1063264064197943
2019-12-13,0.1063184933796977
2019-12-16,0.1068079244336704
2019-12-17,0.1067509153222435
2019-12-18,0.1062416952269497
2019-12-19,0.106121056591156
2019-12-20,0.1062089609629691
2019-12-23,0.1059321886981163
2019-12-26,0.1063060611120387
2019-12-27,0.1071707838876817
2019-12-30,0.107236299883119
2019-12-31,0.1069266989480714
2020-01-02,0.1067520521608292
2020-01-03,0.1065246175708434
2020-01-06,0.1062913817604279
2020-01-07,0.105854819025328
2020-01-08,0.1058436178216166
2020-01-09,0.1053529716626264
2020-01-10,0.1052819814096562
2020-01-13,0.1056658048373644
2020-01-14,0.1058167332667332
2020-01-15,0.1057965804837364
2020-01-16,0.105382959566486
2020-01-17,0.1050629780851595
2020-01-20,0.105030969030969
2020-01-21,0.1050464226289517
2020-01-22,0.105131463292825
2020-01-23,0.1048745672436751
2020-01-24,0.1044779085054334
2020-01-27,0.1038734252949975
2020-01-28,0.1039014955134596
2020-01-29,0.1039263323924954
2020-01-30,0.103736580912863
2020-01-31,0.1037828831814415
2020-02-03,0.103579708946585
2020-02-04,0.1041948827996038
2020-02-05,0.104388479947186
2020-02-06,0.1038001153402537
2020-02-07,0.1035260941099045
2020-02-10,0.1034489815999212
2020-02-11,0.1038475433171354
2020-02-12,0.1037430465955674
2020-02-13,0.1032822981315871
2020-02-14,0.1029314827771359
2020-02-17,0.1031055311420649
2020-02-18,0.1022641172845512
2020-02-19,0.1019596623953085
2020-02-20,0.1018402466458431
2020-02-21,0.1028150681608693
2020-02-26,0.1027041988113836
2020-02-27,0.1035679042147443
2020-02-28,0.1032695065102073
2020-03-02,0.1051878603896625
2020-03-03,0.1058794877144553
2020-03-04,0.1053152552157667
2020-03-05,0.1058301799131674
2020-03-06,0.1067680217669654
2020-03-09,0.1064951383335998
2020-03-10,0.1049505024844621
2020-03-11,0.1050828466570927
2020-03-12,0.1031204094302679
2020-03-13,0.1026209319703016
2020-03-16,0.1026019765541966
2020-03-17,0.1011408537647002
2020-03-18,0.0972403126480341
2020-03-19,0.0964589844057341
2020-03-20,0.0960845538654539
2020-03-25,0.0988171584699453
2020-03-26,0.1007343411854458
2020-03-27,0.1009519632349516
2020-03-30,0.0992831748592346
2020-04-01,0.0995678687101923
2020-04-02,0.0985260352286773
2020-04-03,0.0981017254660299
2020-04-06,0.0987371441760271
2020-04-07,0.0997834606340961
2020-04-08,0.0992949969306323
2020-04-13,0.1001031049250535
2020-04-14,0.1004540458015267
2020-04-15,0.0996800164586476
2020-04-16,0.0993778825676909
2020-04-17,0.1001883540844214
2020-04-20,0.0999530160654743
2020-04-21,0.0988767589650476
2020-04-22,0.0989158689415672
2020-04-23,0.0991276688781664
2020-04-24,0.0992654222489838
2020-04-27,0.0998322711558695
2020-04-28,0.1013099354645055
2020-04-29,0.1014744119850187
2020-04-30,0.1023593806104129
2020-05-04,0.1014414761691319
2020-05-05,0.1018589253731343
2020-05-06,0.1016776751117734
2020-05-07,0.1019846108051793
2020-05-08,0.1023939646201873
2020-05-11,0.101321226065014
2020-05-12,0.1026588645123035
2020-05-13,0.1018869410719573
2020-05-14,0.1015331460674157
2020-05-15,0.1014517643584822
2020-05-18,0.1029399587142435
2020-05-19,0.1035196612665684
2020-05-20,0.1043057352941176
2020-05-21,0.1039047290351006
2020-05-22,0.1033506160164271
2020-05-26,0.1039641423758605
2020-05-27,0.104008484493856
2020-05-28,0.1052731190650109
2020-05-29,0.1059490370586518
2020-06-01,0.1066518723590266
2020-06-02,0.1070870179013244
2020-06-03,0.1078993024269728
2020-06-04,0.1090381712626995
2020-06-05,0.1088257573561385
2020-06-08,0.1086649392009264
2020-06-09,0.1088968628017926
2020-06-10,0.108483395899509
2020-06-11,0.1074633241956427
2020-06-12,0.1065609485368314
2020-06-16,0.1067942393334291
2020-06-17,0.1071719391416678
2020-06-18,0.1061593633495841
2020-06-19,0.1056948280802292
2020-06-22,0.1067634557667571
2020-06-23,0.1077052263315721
2020-06-24,0.1069701711840228
2020-06-25,0.1072075541619156
2020-06-26,0.1071742381088009
2020-06-29,0.1071616051136363
2020-06-30,0.1072673573658813
2020-07-01,0.107543065796937
2020-07-02,0.1072431992065741
2020-07-03,0.1073998442808607
2020-07-06,0.1080835639649816
2020-07-07,0.1083177225906589
2020-07-08,0.1089372004510854
2020-07-13,0.1093732874789444
2020-07-14,0.1097899579242636
2020-07-15,0.1100897141255605
2020-07-16,0.110155208625035
2020-07-17,0.1107076385002798
2020-07-20,0.1113188947809098
2020-07-21,0.1128413413273842
2020-07-22,0.112698913346336
2020-07-23,0.1129139615812917
2020-07-24,0.1130352155771905
2020-07-27,0.1144924528301886
2020-07-28,0.114180011089548
2020-07-29,0.1144740997229916
2020-07-30,0.1147302103515084
2020-07-31,0.1139951880530973
2020-08-03,0.1141917402095973
2020-08-04,0.1144623122502411
2020-08-05,0.115275103277334
2020-08-06,0.1151423658872077
2020-08-07,0.1142191287618524
2020-08-10,0.1143549691569568
2020-08-11,0.1144308767123287
2020-08-12,0.115077440109514
2020-08-13,0.1151755163452332
2020-08-14,0.115049630945872
2020-08-18,0.115688514986376
2020-08-19,0.115272441480675
2020-08-20,0.1145895280837753
2020-08-21,0.1136660641478662
2020-08-24,0.1138213210362132
2020-08-25,0.1139938897168405
2020-08-26,0.1144714730571351
2020-08-27,0.1146118609683527
2020-08-28,0.1156978783783783
2020-08-31,0.1157849555136155
2020-09-01,0.1151264646464646
2020-09-02,0.1144243272335845
2020-09-03,0.1144282468405485
2020-09-04,0.1144243283181085
2020-09-07,0.1139640053583389
2020-09-08,0.1135976308392451
2020-09-09,0.1141122509027685
2020-09-10,0.1143209780865847
2020-09-11,0.1136957949539447
2020-09-14,0.1139523162939297
2020-09-15,0.1137876446335948
2020-09-16,0.1137552823920265
2020-09-17,0.1136621879978757
2020-09-18,0.1141917484743963
2020-09-21,0.1128184283635401
2020-09-22,0.1121528750826173
2020-09-23,0.1112730718436344
2020-09-24,0.1100182501979414
2020-09-25,0.1096190639419907
2020-09-28,0.1105485406258217
2020-09-29,0.1114392275354703
2020-09-30,0.1116557364137568
2020-10-01,0.1120084196721311
2020-10-02,0.1119469785575048
2020-10-05,0.1123103233346318
2020-10-06,0.1122649325376232
2020-10-07,0.1125277006873298
2020-10-08,0.1127878874335365
2020-10-09,0.1137216461438755
2020-10-13,0.1132643807309828
2020-10-14,0.1133773877129581
2020-10-15,0.1126722473215438
2020-10-16,0.1129930727554179
2020-10-19,0.1133208558906934
2020-10-20,0.1143824407826982
2020-10-21,0.1146749453376205
2020-10-22,0.113941931352459
2020-10-23,0.1142100089594266
2020-10-26,0.1143000766675185
2020-10-27,0.1149821711366539
2020-10-28,0.1130083897331119
2020-10-29,0.1120347637292465
2020-10-30,0.1122334397344228
2020-11-02,0.1119670352014233
2020-11-03,0.1130007221588749
2020-11-04,0.1136738200683284
2020-11-05,0.1148474715549936
2020-11-09,0.1160052425960932
2020-11-10,0.1161858491753745
2020-11-11,0.1156029186061139
2020-11-12,0.1156764705882352
2020-11-13,0.115021843260188
2020-11-16,0.1157648493184944
2020-11-17,0.1159904422788605
2020-11-18,0.116436119775421
2020-11-19,0.1160294593921275
2020-11-20,0.1160564032358432
2020-11-24,0.1166779429987608
2020-11-25,0.1174908528283203
2020-11-26,0.117260786252936
2020-11-27,0.1176872085851733
2020-11-30,0.1170151764850571
2020-12-01,0.1176941422080314
2020-12-02,0.1178647564118296
2020-12-03,0.1184637567435017
2020-12-04,0.1184792039191671
2020-12-09,0.117684446611409
2020-12-10,0.1183446000243516
2020-12-11,0.1180567814134533
2020-12-14,0.119056118859915
2020-12-15,0.1194757421543681
2020-12-16,0.1194001331396756
2020-12-17,0.1209029017047515
2020-12-18,0.1207437831965234
2020-12-21,0.1211166927239927
2020-12-22,0.1200307267267267
2020-12-23,0.1206694697696737
2020-12-28,0.1206243504171632
2020-12-29,0.1219229707212568
2020-12-30,0.1219720499108734
2020-12-31,0.1216693048128342
2021-01-04,0.1212797402597402
2021-01-05,0.1222837754981723
2021-01-06,0.122176198327641
2021-01-07,0.1219839411764705
2021-01-08,0.1215568961466165
2021-01-11,0.1207204638631837
2021-01-12,0.1208006669006669
2021-01-13,0.1200955932203389
2021-01-14,0.1204209948622139
2021-01-15,0.1193573827851644
2021-01-18,0.1191199465613383
2021-01-19,0.1197848625449484
2021-01-20,0.1197475738274464
2021-01-21,0.1205472868217054
2021-01-22,0.1205967078664664
2021-01-25,0.1205037054085155
2021-01-26,0.1204732245460813
2021-01-27,0.1199918379060957
2021-01-28,0.1200264105504587
2021-01-29,0.1196157906790335
2021-02-01,0.1187112671232876
2021-02-02,0.1187987115165336
2021-02-03,0.1189697266514806
2021-02-04,0.1180219542714139
2021-02-05,0.1193645
2021-02-08,0.1191355563116706
2021-02-09,0.1200019147971901
2021-02-10,0.1203499773653236
2021-02-11,0.1201042509892594
2021-02-12,0.1203847526541675
2021-02-17,0.1201273330335057
2021-02-18,0.1202096451830226
2021-02-19,0.1207948283598833
2021-02-22,0.1209994520854299
2021-02-23,0.1204775717636546
2021-02-24,0.1205559991079393
2021-02-25,0.1209804233983287
2021-02-26,0.1185916054330884
2021-03-01,0.1183936396936397
2021-03-02,0.1192548973932334
2021-03-03,0.1188763825778566
2021-03-04,0.1179565178868091
2021-03-05,0.1171865884696248
2021-03-08,0.1166643369769239
2021-03-09,0.1174494705493051
2021-03-10,0.1176387566137566
2021-03-11,0.1181865499008592
2021-03-12,0.117811997798569
2021-03-15,0.1173653854601361
2021-03-16,0.1175806649840886
2021-03-17,0.1178203289473684
2021-03-18,0.1175405805038335
2021-03-19,0.1172154334500875
2021-03-22,0.1176152342470241
2021-03-23,0.1164768114360541
2021-03-25,0.1154547782499727
2021-03-26,0.1155855618466898
2021-03-29,0.1150681753889674
2021-03-30,0.1145003153545019
2021-03-31,0.114661804347826
2021-04-05,0.1149649934952298
2021-04-06,0.1157916666666666
2021-04-07,0.1160981696090111
2021-04-08,0.1170590062784152
2021-04-09,0.1171755949805279
2021-04-12,0.1166411968027651
2021-04-13,0.1173998272511336
2021-04-14,0.1181809539225207
2021-04-15,0.1183558024158757
2021-04-16,0.1184286930287684
2021-04-19,0.118964065863108
2021-04-20,0.1184876196622566
2021-04-21,0.1188255293991185
2021-04-22,0.1184862254217256
2021-04-23,0.1191568513745704
2021-04-26,0.1193132304063471
2021-04-27,0.1193331618986392
2021-04-28,0.1192492080479452
2021-04-29,0.1192790802139037
2021-04-30,0.1181725844377939
2021-05-03,0.1187747197608626
2021-05-04,0.1178925514886351
2021-05-05,0.117727392
2021-05-06,0.1185606781106727
2021-05-07,0.1201316675546084
2021-05-10,0.1201735334823805
2021-05-11,0.1203326024481107
2021-05-12,0.1187422855926792
2021-05-13,0.1187338261887033
2021-05-14,0.1198566567418119
2021-05-17,0.1200754063529161
2021-05-18,0.120793372982158
2021-05-19,0.1200235244161358
2021-05-20,0.1203427313242784
2021-05-21,0.1200927124217672
2021-05-26,0.1202154212531752
2021-05-27,0.1209145985401459
2021-05-28,0.1205153236040609
2021-05-31,0.1206345402723529
2021-06-01,0.1210624406207114
2021-06-02,0.1209862825788751
2021-06-03,0.1199328340892311
2021-06-04,0.1208985135989879
2021-06-07,0.1210961676142345
2021-06-08,0.1210155667824439
2021-06-09,0.1211034928984745
2021-06-10,0.1212253495952055
2021-06-11,0.1200451382318932
2021-06-14,0.1201460997375328
2021-06-15,0.1199515424973767
2021-06-16,0.119041947329766
2021-06-17,0.117090531613715
2021-06-18,0.1162642025794274
2021-06-22,0.117813383600377
2021-06-23,0.1179314770229247
2021-06-24,0.1181027943485086
2021-06-25,0.1177578870292887
2021-06-28,0.1174743024349461
2021-06-29,0.1172525336955386
2021-06-30,0.1168661199331383
2021-07-01,0.1166248746867168
2021-07-02,0.1171454013988934
2021-07-05,0.1170151752190237
2021-07-06,0.1162750182462725
2021-07-07,0.1160200437773608
2021-07-08,0.1163007084071257
2021-07-12,0.1165460401706733
2021-07-13,0.1155641801914273
2021-07-14,0.1159191763727121
2021-07-15,0.1151781763360366
2021-07-16,0.1152684577011016
2021-07-19,0.1150006852870937
2021-07-20,0.1148237492215071
2021-07-21,0.1151171855541718
2021-07-22,0.1151954257857068
2021-07-23,0.1151264675378552
2021-07-26,0.1159689247980111
2021-07-27,0.1160995236615926
2021-07-28,0.1155535037780768
2021-07-29,0.1169932740066225
2021-07-30,0.1162980039300858
2021-08-02,0.1163304680235561
2021-08-03,0.1162614915814481
2021-08-04,0.1162061034803263
2021-08-05,0.1161035607389823
2021-08-06,0.1154068111455108
2021-08-09,0.1148989484536082
2021-08-10,0.1147433783365969
2021-08-11,0.1151410449299258
2021-08-12,0.1151410528484599
2021-08-13,0.1158560601379878
2021-08-17,0.1143236092544987
2021-08-18,0.1145750951156812
2021-08-19,0.1136015111019736
2021-08-20,0.1135357311684307
2021-08-23,0.1148712320328542
2021-08-24,0.1149610261672652
2021-08-25,0.1150747948297086
2021-08-26,0.1148408899825694
2021-08-27,0.1156978884788847
2021-08-30,0.1160133149114727
2021-08-31,0.1158963372211991
2021-09-01,0.1161966557578236
2021-09-02,0.1165677808443217
2021-09-03,0.1171714796648273
2021-09-06,0.116784226646248
2021-09-07,0.116470027553832
2021-09-08,0.1159823691460055
2021-09-09,0.1162993574706782
2021-09-10,0.115978336221837
2021-09-13,0.1160604440370709
2021-09-14,0.116399531615925
2021-09-15,0.1165053027989821
2021-09-16,0.1158023906408952
2021-09-17,0.1152418971126474
2021-09-20,0.1150337599024984
2021-09-21,0.1151715446328831
2021-09-22,0.1154494466443293
2021-09-23,0.1160375482037751
2021-09-24,0.1155027800324675
2021-09-27,0.1150681739835749
2021-09-28,0.1144636225420636
2021-09-29,0.1135447528363046
2021-09-30,0.1141370062791168
2021-10-01,0.1143575969227654
2021-10-04,0.1146223750758648
2021-10-05,0.114560663363333
2021-10-06,0.1135705418520016
2021-10-07,0.1138913280776228
2021-10-12,0.1138135533353516
2021-10-13,0.1149517756255044
2021-10-14,0.1157260084711577
2021-10-15,0.1161197418834442
2021-10-18,0.1154707766696887
2021-10-19,0.1160712214278521
2021-10-20,0.1164795269250126
2021-10-21,0.1161642548052732
2021-10-22,0.1164876647550055
2021-10-25,0.1161588560514676
2021-10-26,0.1160577541181197
2021-10-27,0.1168647566482689
2021-10-28,0.1173405958471261
2021-10-29,0.1163521259526674
2021-11-01,0.1172621581003907
2021-11-02,0.1166970058081313
2021-11-03,0.1169440196176559
2021-11-04,0.1163291216486594
2021-11-05,0.1166085551330798
2021-11-08,0.1165311051159072
2021-11-09,0.1167324243332334
2021-11-10,0.1152724513230154
2021-11-11,0.1147947489268243
2021-11-12,0.1141617641189383
2021-11-15,0.1137747082876234
2021-11-16,0.1125555788214178
2021-11-17,0.1128757349277528
2021-11-18,0.112601205059257
2021-11-19,0.1119394584909416
2021-11-23,0.110511892214378
2021-11-24,0.1095242297753925
2021-11-25,0.1101746225665474
2021-11-26,0.1097309424603174
2021-11-29,0.1100969982167624
2021-11-30,0.110574207606973
2021-12-01,0.1103752772277227
2021-12-02,0.1104984569732937
2021-12-03,0.1094990411229735
2021-12-06,0.1099239336492891
2021-12-07,0.1095506211792545
2021-12-09,0.110243854638566
2021-12-10,0.1106084588872476
2021-12-13,0.1099843854473942
2021-12-14,0.1093900373354293
2021-12-15,0.1096334904733844
2021-12-16,0.1104569578017664
2021-12-17,0.1098237301431653
2021-12-20,0.1092299324390482
2021-12-21,0.1093744913928012
2021-12-22,0.1100982104439663
2021-12-23,0.1101442913000977
2021-12-27,0.1098237370782133
2021-12-28,0.110385022412785
2021-12-29,0.1106488410596026
2021-12-30,0.1104203660436137
2021-12-31,0.110656191588785
2022-01-03,0.1096226796116504
2022-01-04,0.1100630614026578
2022-01-05,0.1103472658522396
2022-01-06,0.1093996125532739
2022-01-07,0.1103570003872966
2022-01-10,0.1097779151772775
2022-01-11,0.110443539976825
2022-01-12,0.1118380594135802
2022-01-13,0.1119946227233304
2022-01-14,0.1106929410631741
2022-01-17,0.1109570028818443
2022-01-18,0.1094008159738888
2022-01-19,0.1099058135072908
2022-01-20,0.109319489981785
2022-01-21,0.1087949875407322
2022-01-24,0.107489897637042
2022-01-25,0.1078632288281399
2022-01-26,0.108103428844317
2022-01-27,0.1064679297508829
2022-01-28,0.1058940671499427
2022-01-31,0.1071524281089316
2022-02-01,0.1077504946727549
2022-02-02,0.1087843346007604
2022-02-03,0.1097960022789858
2022-02-04,0.1093840622331847
2022-02-07,0.1092860333080999
2022-02-08,0.1093457852957853
2022-02-09,0.1099190952875625
2022-02-10,0.1084010848033204
2022-02-11,0.1079365803108808
2022-02-14,0.1066473298232418
2022-02-15,0.107795792241946
2022-02-16,0.1077597860761869
2022-02-17,0.1070686697290709
2022-02-18,0.1063558250608728
2022-02-21,0.1063252896113602
2022-02-22,0.1071007836551917
2022-02-23,0.1066268549589858
2022-02-24,0.104839383497858
2022-02-25,0.1059658818054909
2022-03-02,0.1032002408968776
2022-03-03,0.1024569193742479
2022-03-04,0.1017625265883658
2022-03-07,0.0999040944300996
2022-03-08,0.1011459837877671
2022-03-09,0.1034853882959146
2022-03-10,0.1032737795347982
2022-03-11,0.1027559147685525
2022-03-14,0.1041742582417582
2022-03-15,0.1038033571167215
2022-03-16,0.1054952472351704
2022-03-17,0.1066109487718016
2022-03-18,0.1061841659070191
2022-03-21,0.1055876966445394
2022-03-22,0.105859316798401
2022-03-23,0.1058974314757669
2022-03-25,0.1062146131545569
2022-03-28,0.1052576165522226
2022-03-29,0.1071983667208085
2022-03-30,0.1080894129317341
2022-03-31,0.1067008107377713
2022-04-01,0.1067053635709143
2022-04-04,0.1059962086582414
2022-04-05,0.1061244404655326
2022-04-06,0.1055019225610301
2022-04-07,0.1056870143788514
2022-04-08,0.1058413873038516
2022-04-11,0.1053685290460117
2022-04-12,0.1050398102163887
2022-04-13,0.1053285739576878
2022-04-18,0.1042404998679926
2022-04-19,0.1046484883107751
2022-04-20,0.1059277114777114
2022-04-21,0.105211105267771
2022-04-22,0.1046703930666199
2022-04-25,0.1027158092082315
2022-04-26,0.1016983630822812
2022-04-27,0.1017097444367176
2022-04-28,0.1015310904670949
2022-04-29,0.102337386176394
2022-05-02,0.1006481724704052
2022-05-03,0.1013181496504703
2022-05-04,0.1015022323737286
2022-05-05,0.1001883522727272
2022-05-06,0.100555064488392
2022-05-09,0.0990471691648822
2022-05-10,0.0995064483024031
2022-05-11,0.099274308165357
2022-05-12,0.0983709765458422
2022-05-13,0.0991522524056884
2022-05-16,0.0993206431359239
2022-05-17,0.100670466672313
2022-05-19,0.1010162244380598
2022-05-20,0.1002807900067521
2022-05-23,0.1018755254750294
2022-05-24,0.1023185374863571
2022-05-26,0.1013150657398877
2022-05-27,0.101613626097867
2022-05-30,0.102600933255562
2022-05-31,0.1024485191347753
2022-06-01,0.1015929770611702
2022-06-02,0.1030555952183297
2022-06-03,0.1023510026516407
2022-06-06,0.1022243993064156
2022-06-07,0.1019991837744249
2022-06-08,0.1018994071634417
2022-06-09,0.1011009866798224
2022-06-10,0.0997506199195336
2022-06-13,0.0983545298446443
2022-06-14,0.0979345632653061
2022-06-15,0.0976305052974735
2022-06-16,0.0987176537585421
2022-06-21,0.0989756044311474
2022-06-22,0.0992585385547032
2022-06-23,0.0979921434327155
2022-06-24,0.098656302318094
2022-06-27,0.0991915884852858
2022-06-28,0.0986329462641146
2022-06-29,0.0977278310940499
2022-06-30,0.0978799169528068
2022-07-01,0.0968682502989238
2022-07-04,0.0966239618896387
2022-07-05,0.0949911172741679
2022-07-06,0.0948775615159427
2022-07-07,0.0948047013274336
2022-07-08,0.0950172949526813
2022-07-11,0.094320047114252
2022-07-12,0.0948127909710792
2022-07-13,0.09476247848537
2022-07-14,0.09442246875
2022-07-15,0.0952925458089668
2022-07-18,0.0963307578931037
2022-07-19,0.097814813380827
2022-07-20,0.0973141289225537
2022-07-21,0.0976543448062972
2022-07-22,0.0978684291660243
2022-07-25,0.0981180981595092
2022-07-26,0.0969151897765534
2022-07-27,0.0968326025513711
2022-07-28,0.0976143075045759
2022-07-29,0.0983042507808334
2022-08-01,0.0988484191371597
2022-08-02,0.097768910741301
2022-08-03,0.0979182600815586
2022-08-04,0.0988308278045838
2022-08-05,0.0981460230265633
2022-08-08,0.0984765665942951
2022-08-09,0.098340986178558
2022-08-10,0.0995787840358075
2022-08-11,0.0993808594622775
2022-08-12,0.0979710231072144
2022-08-16,0.0967239562550801
2022-08-17,0.0962473179369881
2022-08-18,0.0950877687776141
2022-08-19,0.0944224645663509
2022-08-22,0.0931810158079625
2022-08-23,0.0940547937203359
2022-08-24,0.0942142982136347
2022-08-25,0.0944634934497816
2022-08-26,0.0938773202614379
2022-08-29,0.0938429655870445
2022-08-30,0.0936180591630591
2022-08-31,0.0938394435233907
2022-09-01,0.0926380565345608
2022-09-05,0.0925788779583689
2022-09-06,0.0924804140580534
2022-09-07,0.0934160369318181
2022-09-08,0.0933332058094226
2022-09-09,0.0941442283208374
2022-09-12,0.0954489949395558
2022-09-13,0.0937391639781175
2022-09-14,0.0934579437290033
2022-09-15,0.0932114106145251
2022-09-16,0.0926792642140468
2022-09-19,0.0925077924776615
2022-09-20,0.0916304756637168
2022-09-21,0.0902722617157844
2022-09-22,0.0903963006337834
2022-09-23,0.0885598391089109
2022-09-26,0.0878510734308765
2022-09-27,0.0878109572218052
2022-09-28,0.0893263924826365
2022-09-29,0.0892012919018154
2022-09-30,0.0900689926690198
2022-10-03,0.090628145449639
2022-10-04,0.0919523319200484
2022-10-05,0.0910887829124127
2022-10-06,0.0899612265415549
2022-10-11,0.0885951489813524
2022-10-12,0.0880746888241525
2022-10-13,0.0890884467944481
2022-10-14,0.0882939857557372
2022-10-17,0.0897247213114754
2022-10-18,0.0901640099463421
2022-10-19,0.0890368912390651
2022-10-20,0.0887453195231581
2022-10-21,0.0888288770401196
2022-10-24,0.0893543233811554
2022-10-25,0.0910912754707247
2022-10-26,0.0920750949224532
2022-10-27,0.0913233669471385
2022-10-28,0.0911062107422125
2022-10-31,0.0905739659677522
2022-11-01,0.0908141467446592
2022-11-02,0.0911834708121827
2022-11-03,0.0893742907801418
2022-11-04,0.091424393479909
2022-11-07,0.0923113823178766
2022-11-08,0.0932192348631895
2022-11-09,0.0921395700537432
2022-11-10,0.0937848743687262
2022-11-11,0.0965139203484754
2022-11-14,0.0954918284089504
2022-11-15,0.0959159018011349
2022-11-16,0.0953125315442851
2022-11-17,0.0940601056640865
2022-11-18,0.0940680659394533
2022-11-22,0.0938235912710473
2022-11-23,0.0952689456442611
2022-11-24,0.0961566188487379
2022-11-25,0.0959941663143909
2022-11-28,0.0951049459783913
2022-11-29,0.0945537074748442
2022-11-30,0.0940955045432807
2022-12-01,0.0968354161698068
2022-12-02,0.0967005770718067
2022-12-05,0.0961529203121305
2022-12-06,0.0960015340138061
2022-12-07,0.0964515479693937
2022-12-12,0.0968091672988271
2022-12-13,0.0976886851754845
2022-12-14,0.0980613251961639
2022-12-15,0.0963391147978421
2022-12-16,0.0961815923566879
2022-12-19,0.0963957603686636
2022-12-20,0.095998769619962
2022-12-21,0.0958984220794124
2022-12-22,0.0953652495273018
2022-12-23,0.0950624571036376
2022-12-26,0.095199106583964
2022-12-27,0.0955602726498153
2022-12-28,0.095694693877551
2022-12-29,0.0958552211788663
2022-12-30,0.0959877116730638
2023-01-02,0.0955630087005332
2023-01-03,0.0946342397398519
2023-01-04,0.0952380947050263
2023-01-05,0.0934623113892925
2023-01-06,0.0948739581589958
2023-01-09,0.0963976234105169
2023-01-10,0.0958056270096463
2023-01-11,0.0954234903415066
2023-01-12,0.0960513289495496
2023-01-13,0.0962047222375461
2023-01-16,0.0958552195389681
2023-01-17,0.0960098306756534
2023-01-18,0.0967529730321098
2023-01-19,0.096766075036863
2023-01-20,0.0971383047151812
2023-01-23,0.0975743016759776
2023-01-24,0.0980632519356759
2023-01-25,0.097706820515592
2023-01-26,0.0970713576516296
2023-01-27,0.0969866278756532
2023-01-30,0.0962028730703258
2023-01-31,0.0956013796791444
2023-02-01,0.0958386833253243
2023-02-02,0.0964952924241616
2023-02-03,0.0950200031911498
2023-02-06,0.093888779017503
2023-02-07,0.0948937684677078
2023-02-08,0.0945170661048196
2023-02-09,0.0967848062667578
2023-02-10,0.095501863419243
2023-02-13,0.0962797495434385
2023-02-14,0.0965306890983905
2023-02-15,0.0955821914959975
2023-02-16,0.095890146761396
2023-02-17,0.0954535483203064
2023-02-22,0.0961233444472941
2023-02-23,0.0957084327479391
2023-02-24,0.0951701144726083
2023-02-27,0.0960660942025303
2023-02-28,0.0959131422774537
2023-03-01,0.0958102191628283
2023-03-02,0.0949829989386971
2023-03-03,0.0954344159774056
2023-03-06,0.0956727249924751
2023-03-07,0.0933898637820512
2023-03-08,0.0933393048262065
2023-03-09,0.0933567328808145
2023-03-10,0.093772565137249
2023-03-13,0.0943600961062122
2023-03-14,0.0954754194091156
2023-03-15,0.0940017476303317
2023-03-16,0.0949559426431457
2023-03-17,0.0953679797383692
2023-03-20,0.0963437539725223
2023-03-21,0.0965968929860501
2023-03-22,0.0971279287174992
2023-03-23,0.0972289726892798
2023-03-27,0.0962343505929997
2023-03-28,0.0964571304849884
2023-03-29,0.0961122611617858
2023-03-30,0.0963613931636224
2023-03-31,0.0964050571742978
2023-04-03,0.0963131340019964
2023-04-04,0.0972346474997627
2023-04-05,0.0960301155193636
2023-04-10,0.0948919677585641
2023-04-11,0.0956214913922155
2023-04-12,0.096809171956684
2023-04-13,0.0974487888950996
2023-04-14,0.0967613947001394
2023-04-17,0.0964776042148072
2023-04-18,0.0969555960173319
2023-04-19,0.0967164750781681
2023-04-20,0.096967815037387
2023-04-21,0.0970421543952775
2023-04-24,0.0975172108441941
2023-04-25,0.096863557748902
2023-04-26,0.0967585864512343
2023-04-27,0.0970506306306306
2023-04-28,0.0975276719956888
2023-05-02,0.0970562831070554
2023-05-03,0.0977966429840142
2023-05-04,0.0976724634470536
2023-05-05,0.098336150276243
2023-05-08,0.0985231363935866
2023-05-09,0.0981546897610173
2023-05-10,0.0976867789934354
2023-05-11,0.0966687947598253
2023-05-12,0.0962408333333333
2023-05-15,0.0966893584742089
2023-05-16,0.0961048680225011
2023-05-17,0.0958276624217569
2023-05-18,0.0943983972425678
2023-05-19,0.0951040429645542
2023-05-22,0.0947597823767868
2023-05-23,0.0941725984251968
2023-05-24,0.0933175312831389
2023-05-29,0.0924094858342077
2023-05-30,0.0918416998115972
2023-05-31,0.0919624801670146
2023-06-01,0.0924829843912591
2023-06-02,0.0925763047539962
2023-06-05,0.0921395711340206
2023-06-06,0.0915792846865364
2023-06-07,0.0917481683778234
2023-06-08,0.0925600245448967
2023-06-09,0.0923992406613594
2023-06-12,0.0924675891410048
2023-06-13,0.0933131768514771
2023-06-14,0.0933811451612903
2023-06-15,0.0943805798268572
2023-06-16,0.0940733774303467
2023-06-21,0.0937681675600555
2023-06-22,0.093544493269992
2023-06-23,0.0933018577075098
2023-06-26,0.0931619167321288
2023-06-27,0.093327110675808
2023-06-28,0.0927996716826265
2023-06-29,0.0920437392661982
2023-06-30,0.0927170744059213
2023-07-03,0.0923216130283055
2023-07-04,0.0924701561596298
2023-07-05,0.0917044200385356
2023-07-06,0.0913358794162826
2023-07-07,0.0923190536398467
2023-07-10,0.0928401676190476
2023-07-11,0.0937338905775076
2023-07-12,0.0962862412421889
2023-07-13,0.0978914204652922
2023-07-14,0.0976562497641954
2023-07-17,0.0976743730084348
2023-07-18,0.0978148178591444
2023-07-19,0.0974468930770666
2023-07-20,0.096587562337179
2023-07-21,0.0962825310818333
2023-07-24,0.0960301143911439
2023-07-25,0.0962334241531664
2023-07-26,0.0958644110091743
2023-07-27,0.0953916294397656
2023-07-28,0.0949198867373036
2023-07-31,0.0951683051771117
2023-08-01,0.0941309360854608
2023-08-02,0.0933445349675558
2023-08-03,0.0934396044588277
2023-08-04,0.0946897977447646
2023-08-07,0.0945152789548022
2023-08-08,0.0934230190007037
2023-08-09,0.0935856391372961
2023-08-10,0.0935103808525506
2023-08-11,0.0922322046285018
2023-08-14,0.092636336619517
2023-08-15,0.0921913885714285
2023-08-16,0.0915960622946135
2023-08-17,0.0914369309901414
2023-08-18,0.0913016888126875
2023-08-22,0.0914035005000714
2023-08-23,0.0916178796970996
2023-08-24,0.0910017485714285
2023-08-25,0.0904895487003713
2023-08-28,0.090885955136448
2023-08-29,0.0918298942857142
2023-08-30,0.0922577314285714
2023-08-31,0.0914386028571428
2023-09-01,0.0905305084261639
2023-09-04,0.0908133228571428
2023-09-05,0.0900641257142857
2023-09-06,0.0899280571428571
2023-09-07,0.0897424403486212
2023-09-08,0.0900138619802829
2023-09-11,0.0903097613944849
2023-09-12,0.0899984712101728
2023-09-13,0.0899936094843593
2023-09-14,0.0892928885714285
2023-09-15,0.0895255142857142
2023-09-18,0.0896354514285714
2023-09-19,0.0896917302471781
2023-09-20,0.0902087432162239
2023-09-21,0.0896234028571428
2023-09-22,0.089922396800457
2023-09-25,0.0905173975146407
2023-09-26,0.0906914314285714
2023-09-27,0.0903554571428571
2023-09-28,0.091332541065562
2023-09-29,0.0915407229604229
2023-10-02,0.0904854535066419
2023-10-03,0.0900114326524782
2023-10-04,0.0903309714285714
2023-10-05,0.0907795228571428
2023-10-06,0.0913751042559268
2023-10-09,0.0911734932876321
2023-10-10,0.0918838960297057
2023-10-11,0.0915340188517566
2023-10-12,0.0909553964852121
2023-10-17,0.0914737332190802
2023-10-18,0.0908578806055412
2023-10-19,0.0913584083440491
2023-10-20,0.0911593656236605
2023-10-23,0.0911926160880125
2023-10-24,0.0899636548078297
2023-10-25,0.0897577435018566
2023-10-26,0.0895191027289612
2023-10-27,0.0896442920417202
2023-10-30,0.0897078211173024
2023-10-31,0.0895415485714285
2023-11-01,0.0892522446063723
2023-11-02,0.0899927992002285
2023-11-03,0.0918290516995144
2023-11-07,0.0913367114285714
2023-11-08,0.0918265209315616
2023-11-09,0.0921115645092156
2023-11-10,0.0916313130447206
2023-11-13,0.0922347563937705
2023-11-14,0.0943681119680091
2023-11-15,0.0950317410398073
2023-11-16,0.0944331645211486
2023-11-17,0.0948874643311202
2023-11-21,0.0956370389099592
2023-11-22,0.0952281189507644
2023-11-23,0.0953425185600224
2023-11-24,0.0956864541387024
2023-11-27,0.095719426183844
2023-11-28,0.0966912267037552
2023-11-29,0.0965838305555555
2023-11-30,0.0955146324549237
2023-12-01,0.0964199279977845
2023-12-04,0.0957148461856807
2023-12-05,0.0954253098320022
2023-12-06,0.0956480148474017
2023-12-07,0.0962473168831168
2023-12-11,0.0951411422325454
2023-12-12,0.0955630099604311
2023-12-13,0.0956406975435964
2023-12-14,0.0980315265459088
2023-12-15,0.0975362351766321
2023-12-18,0.0978990854722153
2023-12-19,0.0983197161177862
2023-12-20,0.0985814134627348
2023-12-21,0.0989266463566277
2023-12-22,0.0998332786579683
2023-12-26,0.0996770465390097
2023-12-27,0.1006420968540996
2023-12-28,0.1001773141902345
2023-12-29,0.0995599455748654
2024-01-02,0.0979825397804366
2024-01-03,0.0971741745777339
2024-01-04,0.0978464001478378
2024-01-05,0.0975467003201182
2024-01-08,0.0976839149668223
2024-01-09,0.0975067522102161
2024-01-10,0.0977507546938274
2024-01-11,0.0971175508952661
2024-01-12,0.0972044019607843
2024-01-15,0.0968072957436399
2024-01-16,0.0957487556533431
2024-01-17,0.0955201075006108
2024-01-18,0.0951800805664062
2024-01-19,0.0955146334024643
2024-01-22,0.0957992050158266
2024-01-23,0.0951583440807884
2024-01-24,0.0960688618677042
2024-01-25,0.0956763839611178
2024-01-26,0.09581756284153
2024-01-29,0.0954307743577314
2024-01-30,0.0960043005934358
2024-01-31,0.0965773003388189
2024-02-01,0.0962538021526182
2024-02-02,0.0952172380031427
2024-02-05,0.0943013679131483
2024-02-06,0.0950344496684749
2024-02-07,0.0954043712358467
2024-02-08,0.0954298639537683
2024-02-09,0.0956288066883195
2024-02-14,0.0950507099172562
2024-02-15,0.0955484002396644
2024-02-16,0.0958607329341317
2024-02-19,0.0960522528982908
2024-02-20,0.096508328953655
2024-02-21,0.0962945840792457
2024-02-22,0.0967436096862698
2024-02-23,0.0969123721540112
2024-02-26,0.0971581251487033
2024-02-27,0.0970543990013078
2024-02-28,0.0967604597837709
2024-02-29,0.0963122061268107
2024-03-01,0.096904859347181
2024-03-04,0.0965717049763033
2024-03-05,0.0963548946745562
2024-03-06,0.097146798344175
2024-03-07,0.0976667411347517
2024-03-08,0.0978435286473715
2024-03-11,0.0975676391509434
2024-03-12,0.0976390866234531
2024-03-13,0.0979105885815185
2024-03-14,0.0967061870588235
2024-03-15,0.096317771898883
2024-03-18,0.095711182404692
2024-03-19,0.0958680855803048
2024-03-20,0.0956901172332942
2024-03-21,0.0955310573770491
2024-03-22,0.0945939555295494
2024-03-25,0.0945894813084112
2024-03-26,0.0944420828955049
2024-03-27,0.0940972773892773
2024-04-03,0.0940026318234611
2024-04-04,0.0944295983749274
2024-04-05,0.0939655339130434
2024-04-08,0.09466559375
2024-04-09,0.0946234933487565
2024-04-10,0.093372425433526
2024-04-11,0.0932096753321779
2024-04-12,0.0917970178880553
2024-04-15,0.0918130322580645
2024-04-16,0.0912134116292458
2024-04-17,0.0913166958021851
2024-04-18,0.0912550298850574
2024-04-19,0.0914762432587492
2024-04-22,0.0918298944954128
2024-04-23,0.0925095048710601
2024-04-24,0.0918653253150057
2024-04-25,0.0917919622425629
2024-04-26,0.0913851245714285
2024-04-29,0.0915348568168853
2024-04-30,0.0909363719338277
2024-05-02,0.091966708428246
2024-05-03,0.0925120728514513
2024-05-06,0.0925506022727272
2024-05-07,0.0919903963657013
2024-05-08,0.0916775155984118
2024-05-09,0.0920547539682539
2024-05-10,0.0922722028328611
2024-05-13,0.0922373076923076
2024-05-14,0.092370220338983
2024-05-15,0.0938482473178994
2024-05-16,0.0934658058690744
2024-05-17,0.0933715532994923
2024-05-20,0.093537494653911
2024-05-21,0.0935173757030371
2024-05-22,0.0931810129286115
2024-05-23,0.0930128730337078
2024-05-24,0.093850008983717
2024-05-27,0.0942231773922775
2024-05-28,0.0946763491885842
2024-05-29,0.0937637716843872
2024-05-30,0.0944099843400447
2024-05-31,0.0950091680625349
2024-06-03,0.0959122207357859
2024-06-04,0.0958377658862876
2024-06-05,0.0960651708402893
2024-06-06,0.0961778908685968
2024-06-07,0.0948424671857619
2024-06-10,0.0953989101995565
2024-06-11,0.0953543370288248
2024-06-12,0.0968194797559622
2024-06-13,0.0954717738359201
2024-06-14,0.0949559402324294
2024-06-18,0.095724008839779
2024-06-19,0.0957432550964187
2024-06-24,0.0953961805173362
2024-06-25,0.0951818921892189
2024-06-26,0.0946575290889132
2024-06-27,0.0941132177729018
2024-06-28,0.0943992905701754
2024-07-01,0.0940477199124726
2024-07-02,0.0943511940951339
2024-07-03,0.0952698513661202
2024-07-04,0.0951818930131004
2024-07-05,0.0953552461873638
2024-07-08,0.0946799346761023
2024-07-10,0.0947831364872213
2024-07-11,0.0951728336956521
2024-07-12,0.0949902159522517
2024-07-15,0.0943262741061755
2024-07-16,0.0942560368164591
2024-07-17,0.094714908008658
2024-07-18,0.0944661717990275
2024-07-19,0.0936057886792452
2024-07-22,0.093247917970858
2024-07-23,0.0929471693635382
2024-07-24,0.0928263771551724
2024-07-25,0.0925411806451613
2024-07-26,0.0924513472893183
2024-07-29,0.0923199066523605
2024-07-30,0.0927721233243967
2024-07-31,0.0931480311158798
2024-08-01,0.0932374855305466
2024-08-02,0.0945456609625668
2024-08-05,0.0946790379476215
2024-08-06,0.0950172931126535
2024-08-07,0.0954508136679124
2024-08-08,0.0949658601921024
2024-08-09,0.0950597454739084
2024-08-12,0.0949757807344332
2024-08-13,0.0954635715045188
2024-08-14,0.0955429224229543
2024-08-15,0.0948838619224641
2024-08-16,0.0955584438559322
2024-08-19,0.0969396165254237
2024-08-20,0.0979105876124933
2024-08-21,0.0981845671957672
2024-08-22,0.0974943942917547
2024-08-23,0.0982559567738534
2024-08-26,0.0979882998421883
2024-08-27,0.098522167368421
2024-08-28,0.097877046866772
2024-08-29,0.0978205583596214
2024-08-30,0.0972696413214472
2024-09-02,0.0975343315844701
2024-09-03,0.0968569910854745
2024-09-04,0.0971109491880565
2024-09-05,0.0975590717653221
2024-09-06,0.0971439676409185
2024-09-09,0.0964785331246739
2024-09-10,0.0962945845511482
2024-09-11,0.0964115618153364
2024-09-12,0.0970195596043727
2024-09-13,0.0978703409563409
2024-09-16,0.0980930706860706
2024-09-17,0.0981190571725571
2024-09-18,0.0985309039958484
2024-09-19,0.0984445760249091
2024-09-20,0.0982598187467633
2024-09-23,0.0981113561076604
2024-09-24,0.0988650294878427
2024-09-25,0.0982067450980392
2024-09-26,0.0989178389261745
2024-09-27,0.0989765824742268
2024-09-30,0.0986027985574446
2024-10-01,0.0972866745623069
2024-10-02,0.0974753875450334
2024-10-03,0.0970468643371017
2024-10-04,0.0963418984094407
2024-10-07,0.0965661086622245
2024-10-08,0.0965884941055868
2024-10-09,0.0961973196721311
2024-10-10,0.0960771695607763
2024-10-14,0.095891987755102
2024-10-15,0.0959849495155532
2024-10-16,0.0951492895005096
2024-10-17,0.0949198879266429
2024-10-18,0.0949361076688674
2024-10-21,0.0947220853658536
2024-10-22,0.0948892646013204
2024-10-23,0.0942089741248097
2024-10-24,0.0946512576064908
2024-10-25,0.0942196255060728
2024-10-28,0.0939531734951947
2024-10-29,0.093827114256825
2024-10-30,0.0937883949494949
2024-10-31,0.0935987792338709
2024-11-01,0.0930474914400805
2024-11-04,0.0933994602215508
2024-11-05,0.0933959708396179
2024-11-07,0.0935156261306532
2024-11-08,0.0922271003009027
2024-11-11,0.0921557064128256
2024-11-12,0.0915264787180771
2024-11-13,0.0910348848848848
2024-11-14,0.0912850195097548
2024-11-15,0.0911626892768079
2024-11-19,0.0914645304087736
2024-11-20,0.090627322371699
2024-11-21,0.0904625353233831
2024-11-22,0.0905944806355511
2024-11-25,0.0909553952333664
2024-11-26,0.0908421984126984
2024-11-27,0.091723764997521
2024-11-28,0.0915373696729435
2024-11-29,0.0917894354918438
2024-12-02,0.0908810004938271
2024-12-03,0.0910423437037037
2024-12-04,0.0916791964461994
2024-12-05,0.0919455678342377
2024-12-06,0.0913200315115706
2024-12-09,0.0916825587801278
2024-12-10,0.0909752546705998
2024-12-11,0.091027427027027
2024-12-12,0.0910456594700687
2024-12-13,0.0910481460068593
2024-12-16,0.0918518249388753
2024-12-17,0.0914151982378854
2024-12-18,0.0912317193154034
2024-12-19,0.09062403714565
2024-12-20,0.0908512760975609
2024-12-23,0.0904559883325231
2024-12-26,0.0904191830985915
2024-12-27,0.0907811720794958
2024-12-30,0.0907045930232558
2024-12-31,0.0902958992248062
2025-01-02,0.0897118460048426
2025-01-03,0.0899571801062288
2025-01-06,0.0904879111540318
2025-01-07,0.0901705125482625
2025-01-08,0.0895784438012542
2025-01-09,0.0896442910843373
2025-01-10,0.0892092496392496
2025-01-13,0.0886737076923077
2025-01-14,0.0893247934678194
2025-01-15,0.089612961612284
2025-01-16,0.0896659942418426
2025-01-17,0.0894710469348659
2025-01-20,0.0904862732919254
2025-01-21,0.0909380257879656
2025-01-22,0.0908958692748091
2025-01-23,0.0910199694802098
2025-01-24,0.0916254356530028
2025-01-27,0.0913442217991432
2025-01-28,0.0909041322549952
2025-01-29,0.0909520865430337
2025-01-30,0.0907531606463878
2025-01-31,0.0906199307071665
2025-02-03,0.089670014702395
2025-02-04,0.0911028911548494
2025-02-05,0.0918872726410621
2025-02-06,0.0917187172315714
2025-02-07,0.0912983537769358
2025-02-10,0.0916237557974443
2025-02-11,0.0920005518220539
2025-02-12,0.0923122365744026
2025-02-13,0.0926955878043016
2025-02-14,0.0936224398771556
2025-02-17,0.0934797847533632
2025-02-18,0.0932513966005665
2025-02-19,0.0930509549209346
2025-02-20,0.093914350554376
2025-02-21,0.0940052830544426
2025-02-24,0.0938702714420358
2025-02-25,0.094329833254828
2025-02-26,0.0939946795384977
2025-02-27,0.0931428251353259
2025-02-28,0.093161047194177
2025-03-05,0.0978186441155743
2025-03-06,0.0983380864255519
2025-03-07,0.0990883872480074
2025-03-10,0.0986747973733583
2025-03-11,0.099836268166901
2025-03-12,0.0993196606515116
2025-03-13,0.0979575848172446
2025-03-14,0.0986358661675245
2025-03-17,0.0990893682732803
2025-03-18,0.0997625650140318
2025-03-19,0.0988591652255199
2025-03-20,0.0986134941561477
2025-03-21,0.0988689388707419
2025-03-25,0.0998173342663867
2025-03-26,0.0995163508280849
2025-03-27,0.099996
2025-03-28,0.1000700493712156
2025-03-31,0.0995203119180633
2025-04-01,0.0998611928355431
2025-04-03,0.1022014186046511
2025-04-04,0.0996482416356877
2025-04-07,0.0991080278810409
2025-04-08,0.0995787818815331
2025-04-09,0.1001983931306567
2025-04-10,0.1015537725162488
2025-04-11,0.1016993970315398
2025-04-14,0.1021982854757929
2025-04-15,0.1008044191666666
2025-04-16,0.1022191779735682
2025-04-21,0.1047866544789762
2025-04-22,0.1048229012681159
2025-04-23,0.1030885327586206
2025-04-24,0.1040636873935264
2025-04-25,0.1033719948696023
2025-04-28,0.1041026867572156
2025-04-29,0.1039317373390558
2025-04-30,0.1034190333333333
2025-05-05,0.1032940475
2025-05-06,0.1044964840871021
2025-05-07,0.1039015017793594
2025-05-08,0.1028721912028725
2025-05-09,0.1030555985915493
2025-05-12,0.1017087058303886
2025-05-13,0.1027844300310972
2025-05-14,0.1026219920494699
2025-05-15,0.1026715131810193
2025-05-16,0.1021429597197898
2025-05-19,0.1031172340052585
2025-05-20,0.1036151317286652
2025-05-21,0.1046605331588132
2025-05-22,0.1037430488771466
2025-05-23,0.105032087340097
2025-05-26,0.1050596736657917
2025-05-27,0.1039782058823529
2025-05-28,0.1036591689655172
2025-05-29,0.1047745773457311
2025-05-30,0.1043514553872053
2025-06-02,0.1047482371876323
2025-06-03,0.1039673961148648
2025-06-04,0.1045172349219738
2025-06-05,0.1045522031905961
2025-06-06,0.1036763635596794
2025-06-09,0.1042361578059071
2025-06-10,0.1041146091712242
2025-06-11,0.1047306852791878
2025-06-12,0.1058324253164556
2025-06-13,0.1053463257191201
2025-06-17,0.1048009310344827
2025-06-18,0.1040517759299781
2025-06-19,0.1035464664371772
2025-06-23,0.104040950469684
2025-06-24,0.1050144393358876
2025-06-25,0.105225498111624
2025-06-26,0.105447413198823
2025-06-27,0.1053185887300252
2025-06-30,0.1055230780082987
2025-07-01,0.1053219165302782
2025-07-02,0.1049714475183075
2025-07-03,0.104372149471974
2025-07-04,0.1045861008064516
2025-07-07,0.1049846724683544
2025-07-08,0.1049747537848605
2025-07-10,0.1049890812749004
2025-07-11,0.1047262980578676
2025-07-14,0.1039965890625
2025-07-15,0.1027559134920634
2025-07-16,0.102881716891356
2025-07-17,0.1024695156985871
2025-07-18,0.103391232503888
2025-07-21,0.1043329474509803
2025-07-22,0.1050674007162753
2025-07-23,0.1051193102900278
2025-07-24,0.1051093663522012
2025-07-25,0.105027675
2025-07-28,0.1040799335907335
2025-07-29,0.1036065437645236
2025-07-30,0.1028298783269962
2025-07-31,0.1021972409024745
2025-08-01,0.1029537426686216
2025-08-04,0.1034543404411764
2025-08-05,0.1034939559208068
2025-08-06,0.103972801051051
2025-08-07,0.1042339841688654
2025-08-08,0.1045194200603318
2025-08-11,0.1037484311649016
2025-08-12,0.1047570163187855
2025-08-13,0.1047284912414318
2025-08-14,0.1041992292307692
2025-08-18,0.1046025104408352
2025-08-19,0.1043100928433268
2025-08-20,0.1044135611068408
2025-08-21,0.1039317376425855
2025-08-22,0.1054318485995458
2025-08-25,0.1045117731277533
2025-08-26,0.1045336232952451
2025-08-27,0.1049064757317525
2025-08-28,0.1056055423855964
2025-08-29,0.1055921609538003
2025-09-01,0.1064418615160349
2025-09-02,0.1057742145481263
2025-09-03,0.1060265493940506
2025-09-04,0.1054707684403669
2025-09-05,0.1066291335793357
2025-09-08,0.1066973953158268
2025-09-09,0.106545063183904
2025-09-10,0.1069381468212153
2025-09-11,0.1073698680167597
2025-09-12,0.1071765409497591
2025-09-15,0.1078702106339468
2025-09-16,0.1083834608577263
2025-09-17,0.1082087127839945
2025-09-18,0.1068718609698202
2025-09-19,0.1062541172881355
2025-09-22,0.1068455973011363
2025-09-23,0.1071352045288531
2025-09-24,0.1063038160747663
2025-09-25,0.1055977359760658
2025-09-26,0.1062902571644042
2025-09-29,0.1061233154411764
2025-09-30,0.1064214717391304
2025-10-01,0.1066041257905832
2025-10-02,0.1062450859950859
2025-10-03,0.1067235858195858
2025-10-06,0.1066302699300699
2025-10-07,0.1063863742567331
2025-10-08,0.1057753328671328
2025-10-09,0.1047998323943662
2025-10-13,0.1052576182357301
2025-10-14,0.1048492794117647
2025-10-15,0.1054229572463768
2025-10-16,0.1061774008559201
2025-10-17,0.1060096889655172
2025-10-20,0.106159366779661
2025-10-21,0.1062450862126803
2025-10-22,0.106353561450638
2025-10-23,0.1064010892494929
2025-10-24,0.1063897694369973
2025-10-27,0.1065496041811846
2025-10-28,0.1068490224489795
2025-10-29,0.1067737249303621
2025-10-30,0.1059479158553546
2025-10-31,0.105247647750865
2025-11-03,0.1054974730094466
2025-11-04,0.1043732386519945
2025-11-05,0.1045303450413223
2025-11-07,0.1050486374558303
2025-11-10,0.1051768025343189
2025-11-11,0.1058301847133758
2025-11-12,0.1058514695467422
2025-11-13,0.1065870817923186
2025-11-14,0.1057227740555951
2025-11-17,0.1056747332372026
2025-11-18,0.1054985864285714
2025-11-19,0.1046123590472804
2025-11-20,0.1046945017543859
2025-11-25,0.1049846721934369
2025-11-26,0.1052620495356037
2025-11-27,0.1054585337931034
2025-11-28,0.1059097650706166
2025-12-01,0.1058750037891836
2025-12-02,0.1058806089347079
2025-12-03,0.1066780454232622
2025-12-04,0.1062326710526315
2025-12-05,0.1063128571428571
2025-12-09,0.1067691650485437
2025-12-10,0.107482964173913
2025-12-11,0.1082497103064066
2025-12-12,0.1078806842470506
2025-12-15,0.107560421967327
2025-12-16,0.1076623280496209
2025-12-17,0.1075812508614748
2025-12-18,0.1076240902825637
2025-12-19,0.1079470627586207
2025-12-22,0.1083458836088154
2025-12-23,0.1088743480358373
2025-12-26,0.1091119380378657
2025-12-29,0.1087062862045298
2025-12-30,0.1087630378006872
2025-12-31,0.1084610460481099
2026-01-02,0.1084928176271186
2026-01-05,0.1088743482993197
2026-01-06,0.1087523925042589
2026-01-07,0.108894502739726
2026-01-08,0.1083858101092896
2026-01-09,0.1085740962457337
2026-01-12,0.1089704470187393
2026-01-13,0.1084645751544269
2026-01-14,0.1086802952512044
2026-01-15,0.1083153712699514
2026-01-16,0.1083212377622377
2026-01-19,0.1086342502614151
2026-01-20,0.1096611467410247
2026-01-21,0.1098309702901083
2026-01-22,0.1109853277369709
2026-01-23,0.1113114717376134
2026-01-26,0.1119971332173913
2026-01-27,0.113502224610052
2026-01-28,0.1127929795777085
2026-01-29,0.113386398061613
2026-01-30,0.1125809177608845
2026-02-02,0.1115847263955892
2026-02-03,0.1122183319502074
2026-02-04,0.111111110880829
2026-02-05,0.1108782669902912
2026-02-06,0.1110272241620111
2026-02-09,0.1120724435028248
2026-02-10,0.1123923840682788
2026-02-11,0.1125239114285714
2026-02-12,0.1119294394265233
2026-02-13,0.1120498399428367
2026-02-18,0.111080255730659
2026-02-19,0.1101928372930165
2026-02-20,0.110441101744186
2026-02-23,0.1104118358263407
2026-02-24,0.1106206925027164
2026-02-25,0.1108819549678341
2026-02-26,0.1101770546875
2026-02-27,0.1108106907659269
2026-03-02,0.109436729032258
2026-03-03,0.1076182996466431
2026-03-04,0.1091024141378079
2026-03-05,0.1081186275764037
2026-03-06,0.1087405670903954
2026-03-09,0.1085517033898305
2026-03-10,0.1095026392857142
2026-03-11,0.1083822858166189
2026-03-12,0.10704002223019
2026-03-13,0.1058772457142857
2026-03-16,0.1068867106017192
2026-03-17,0.1078341511461318
2026-03-18,0.1071719469153515
2026-03-19,0.1072823241305127
2026-03-20,0.1068570147428982
2026-03-25,0.1071409437386569
2026-03-26,0.105877245614035
2026-03-27,0.1055754386980108
2026-03-30,0.1046375357653791
2026-03-31,0.1053918465991317
2026-04-01,0.106295906743185
2026-04-06,0.1059187394113424
2026-04-07,0.1051712710951526
2026-04-08,0.1075638926126126
2026-04-09,0.1080135235336712
2026-04-10,0.1077516540145985
2026-04-13,0.1087133774002954
2026-04-14,0.1089431422287389
2026-04-15,0.1090738535688005
2026-04-16,0.1086708468335787
2026-04-17,0.1094463114694027
2026-04-20,0.1095914429920116
2026-04-21,0.1090060828789531
2026-04-22,0.1086401509433962
2026-04-23,0.1081466903735632
2026-04-24,0.1083271046802429
2026-04-27,0.1084469315455187
2026-04-28,0.1078620662157351
2026-04-29,0.1075060740208408
2026-04-30,0.1082766685837526
2026-05-04,0.1076634873440285
2026-05-05,0.107972704235463
2026-05-06,0.1082907391930835
2026-05-07,0.1081572170487105
2026-05-08,0.1083259313304721
2026-05-11,0.1085210750988142
2026-05-12,0.1075407579479768
2026-05-13,0.107251257183908
2026-05-14,0.1069736096333573
2026-05-15,0.105946793832915
2026-05-18,0.1064226041517537
2026-05-19,0.1064452603719599
2026-05-20,0.1069644559770937
2026-05-21,0.1073088024469233
2026-05-22,0.1070617961511047
2026-05-26,0.1072777207654146
2026-05-27,0.1075731497345132
2026-05-28,0.108137334751773
2026-05-29,0.1082438515625
2026-06-01,0.1075396016830294
2026-06-02,0.1072535578135949
2026-06-03,0.1062710552659019
2026-06-04,0.1067794256874347
2026-06-05,0.1055709809094064
2026-06-08,0.1060456633252678
2026-06-09,0.1056546363636363
2026-06-10,0.105405177661431
2026-06-11,0.1054930212914485
2026-06-12,0.1061548585434173
2026-06-16,0.1068490226244343
2026-06-17,0.1059299590704127
2026-06-18,0.1043144452101998
2026-06-19,0.104427735797399
2026-06-22,0.1039944255901471
2026-06-23,0.1026325239551478
2026-06-24,0.1022965578093306
2026-06-25,0.102735855788761
2026-06-26,0.1026746750169262
2026-06-29,0.1030141950725616
2026-06-30,0.1031108542510121
2026-07-01,0.1028267058428475
2026-07-02,0.1033933702956989
2026-07-03,0.1037322875377897
2026-07-06,0.1038205980491086
2026-07-07,0.1034618331099195
2026-07-08,0.1030555987903225
2026-07-13,0.1030152564102564
2026-07-14,0.1035421780496092
2026-07-15,0.1042546314004747
2026-07-16,0.1036129850948509
2026-07-17,0.1035850798376184
2026-07-20,0.1032332660364618
2026-07-21,0.103064095431472
2026-07-22,0.1030609089683074
2026-07-23,0.1023426225654801
2026-07-24,0.1029230133600534
2026-07-27,0.1027854869739479
2026-07-28,0.1031757496662216
2026-07-29,0.103221544117647
2026-07-30,0.1049978998655914
2026-07-31,0.1050420168350168
2026-08-03,0.1044375518394648
2026-08-04,0.1049428061497326
2026-08-05,0.1054551974607417
2026-08-06,0.1051956112037345
2026-08-07,0.1055464671338004
2026-08-10,0.1052376790371113
2026-08-11,0.1050111311640389
2026-08-12,0.1043187985249748
2026-08-13,0.1044975757372654
2026-08-14,0.1049604302521008
2026-08-18,0.104810816722408
2026-08-19,0.1057876419505678
2026-08-20,0.1053540948563794
2026-08-21,0.105657985323549
2026-08-24,0.1052576178807947
2026-08-25,0.1056044267284154
2026-08-26,0.1049042747688243
2026-08-27,0.1050287777777777
2026-08-28,0.10399442592592593
2026-08-31,0.1044615531985416
2026-09-01,0.1039673959021811
