,usd_por_unidad
2012-10-03,0.5579111205613437
2012-10-04,0.5562972800679983
2012-10-05,0.5548466765767679
2012-10-09,0.548335879482283
2012-10-10,0.5504485683987275
2012-10-11,0.5530362288135593
2012-10-12,0.5527304679229303
2012-10-15,0.5521201607785065
2012-10-16,0.5545389980976538
2012-10-17,0.5554321639898563
2012-10-18,0.5563900739176346
2012-10-19,0.5568239763613338
2012-10-22,0.5569479122733024
2012-10-23,0.5543851992409867
2012-10-24,0.5547234625105307
2012-10-25,0.5552779882154882
2012-10-26,0.5553703703703704
2012-10-29,0.5544160184990541
2012-10-30,0.5565450346420323
2012-10-31,0.557506924045321
2012-11-01,0.5591591194968554
2012-11-02,0.557693436779199
2012-11-05,0.5613247379454928
2012-11-07,0.5603496855345912
2012-11-08,0.56003581901969
2012-11-09,0.5549081205525325
2012-11-12,0.5554012539184953
2012-11-13,0.5536792807861175
2012-11-14,0.5538938792563192
2012-11-15,0.5552163120567376
2012-11-16,0.555555625
2012-11-19,0.555524661810614
2012-11-20,0.5569479925109215
2012-11-21,0.5547234219269104
2012-11-22,0.5562664316815259
2012-11-23,0.5575379825653799
2012-11-27,0.5581915422885572
2012-11-28,0.5586904761904762
2012-11-29,0.5594404885116953
2012-11-30,0.5595345183960314
2012-12-03,0.5601612969847171
2012-12-04,0.5602554157210645
2012-12-05,0.5597536590393732
2012-12-06,0.5580979827089337
2012-12-07,0.5587840838988278
2012-12-10,0.5588778531770512
2012-12-11,0.5610412900575185
2012-12-12,0.5631264367816092
2012-12-13,0.5611358227328683
2012-12-14,0.5625246002460025
2012-12-17,0.5603497133497133
2012-12-18,0.561829412967887
2012-12-19,0.5611041666666666
2012-12-20,0.5595657142857142
2012-12-21,0.5565139653414882
2012-12-26,0.5577244399185336
2012-12-27,0.5583783838795033
2012-12-28,0.5589090354090355
2012-12-31,0.5605380235868239
2013-01-02,0.5619240609137056
2013-01-03,0.5619872133143902
2013-01-04,0.5608209500609014
2013-01-07,0.5616083958629081
2013-01-08,0.5622084347120843
2013-01-09,0.5627461507293355
2013-01-10,0.5652911520550719
2013-01-11,0.5648759611493323
2013-01-14,0.5651634013330641
2013-01-15,0.5655469791877147
2013-01-16,0.5663797493936944
2013-01-17,0.570060404040404
2013-01-18,0.5680203999192083
2013-01-21,0.5669899152884227
2013-01-22,0.5648759330240065
2013-01-23,0.565195205479452
2013-01-24,0.5647803747733227
2013-01-25,0.5655788519637462
2013-01-28,0.5637614162140414
2013-01-29,0.5655787781350482
2013-01-30,0.5655468059461631
2013-02-01,0.5726720160481443
2013-02-04,0.5675368252056994
2013-02-05,0.5676336276083468
2013-02-06,0.5658349709244035
2013-02-07,0.5634754754754755
2013-02-08,0.5646208967173738
2013-02-13,0.5671506794564349
2013-02-14,0.5651312949640288
2013-02-15,0.5656108561165436
2013-02-18,0.5659309040223018
2013-02-19,0.5632216248506571
2013-02-21,0.5573203420163054
2013-02-22,0.5559570576540754
2013-02-25,0.5543851807707588
2013-02-26,0.5534646685192537
2013-02-27,0.5554321428571428
2013-02-28,0.5562972651605231
2013-03-01,0.5559879183996831
2013-03-04,0.5551545310645033
2013-03-05,0.5575068222266165
2013-03-06,0.556080814068366
2013-03-07,0.5564521034959511
2013-03-08,0.5538631786771964
2013-03-11,0.5558025615763547
2013-03-12,0.5546927924379677
2013-03-13,0.5517850393700787
2013-03-14,0.5524251720747296
2013-03-15,0.5533116653574235
2013-03-18,0.5516632653061224
2013-03-19,0.5484260204081632
2013-03-20,0.5501760549558391
2013-03-21,0.5500852439741328
2013-03-22,0.5509945205479452
2013-03-25,0.5485764268960125
2013-03-26,0.5509337890625
2013-03-27,0.5514199531433034
2013-04-03,0.5532502923976608
2013-04-04,0.55506213478769
2013-04-05,0.5574135177249707
2013-04-08,0.5601299435028249
2013-04-09,0.5612616313023165
2013-04-10,0.5590651750972763
2013-04-11,0.5599103636010111
2013-04-12,0.5591277918042338
2013-04-15,0.5584097437888198
2013-04-16,0.5590964112512123
2013-04-17,0.5558025601241273
2013-04-18,0.5564210118239968
2013-04-19,0.5559262199845082
2013-04-22,0.5542314689374879
2013-04-23,0.5544466357308585
2013-04-24,0.5544465700483092
2013-04-25,0.5561735936593852
2013-04-26,0.5564521050598686
2013-04-29,0.5569789575289575
2013-04-30,0.5575068440331598
2013-05-02,0.5576622376275756
2013-05-03,0.5574756683977689
2013-05-06,0.5564831029185867
2013-05-07,0.5570719769673704
2013-05-08,0.5586591868047563
2013-05-09,0.5575378280022985
2013-05-10,0.5549389940715241
2013-05-13,0.5517850181540226
2013-05-14,0.5508124164278893
2013-05-15,0.5480953563921269
2013-05-16,0.5443953755016243
2013-05-17,0.5433601986249046
2013-05-20,0.5433306005719734
2013-05-21,0.5432715320121951
2013-05-22,0.5411549000951474
2013-05-23,0.5419173475204256
2013-05-24,0.5413013672616788
2013-05-27,0.5416237191650854
2013-05-28,0.5381842504743833
2013-05-29,0.5363079984836998
2013-05-30,0.5337604166666666
2013-05-31,0.5335609386828161
2013-06-03,0.5308418763003594
2013-06-04,0.531519001701645
2013-06-05,0.5292965412965414
2013-06-06,0.5287089228447462
2013-06-07,0.5334756603773585
2013-06-10,0.5263711592836947
2013-06-11,0.5290446327683616
2013-06-12,0.5321980067694623
2013-06-13,0.5369416181715788
2013-06-14,0.5381842401500938
2013-06-17,0.5341881206670415
2013-06-18,0.5299136865755476
2013-06-19,0.5296891007664984
2013-06-24,0.5124789257739649
2013-06-25,0.5163155538977993
2013-06-26,0.5158361266294227
2013-06-27,0.5209146364143575
2013-06-28,0.5183227542687454
2013-07-01,0.5198586270871985
2013-07-02,0.5168759733036707
2013-07-03,0.5135842904779548
2013-07-04,0.5147740144364242
2013-07-05,0.5078462250185048
2013-07-08,0.5131625369822486
2013-07-10,0.5111429891003141
2013-07-11,0.5109079165897767
2013-07-12,0.5114305197198673
2013-07-15,0.5170629950267084
2013-07-16,0.5201289788408464
2013-07-17,0.5241639705882353
2013-07-18,0.5199396330275229
2013-07-19,0.5215668253387038
2013-07-22,0.5226572056399926
2013-07-23,0.5258176492127425
2013-07-24,0.5195344070278184
2013-07-25,0.5183496350364963
2013-07-26,0.5191299033023171
2013-07-29,0.5196695177434031
2013-07-30,0.5198856571532449
2013-07-31,0.5162623069936422
2013-08-01,0.5137953184540012
2013-08-02,0.5190221214868541
2013-08-05,0.518134758195979
2013-08-06,0.5332764109985528
2013-08-07,0.5131625678119348
2013-08-08,0.5211862815884477
2013-08-09,0.5212405268856009
2013-08-12,0.5200479106628243
2013-08-13,0.5177590794678173
2013-08-14,0.5174644396551724
2013-08-15,0.5169829718587561
2013-08-16,0.514297442318011
2013-08-20,0.5131626452189455
2013-08-21,0.5068424058540068
2013-08-22,0.5029422871392947
2013-08-23,0.5015296941678521
2013-08-26,0.5009769176136364
2013-08-27,0.49169041290093923
2013-08-28,0.49140053097345127
2013-08-29,0.49299947005829364
2013-08-30,0.48966801833568413
2013-09-03,0.4853191564147627
2013-09-04,0.48728200631357416
2013-09-05,0.48344218283909457
2013-09-06,0.4888540606911069
2013-09-09,0.4936565568022441
2013-09-10,0.4961055672268908
2013-09-11,0.49711676280370565
2013-09-12,0.49346171328671334
2013-09-13,0.49297502183406117
2013-09-16,0.5001250872295883
2013-09-17,0.4993758272378962
2013-09-18,0.5048975830290384
2013-09-19,0.509164987843001
2013-09-20,0.5055611872938726
2013-09-23,0.5034993935193208
2013-09-24,0.5007761219892566
2013-09-25,0.49771044879570264
2013-09-26,0.4946332987551867
2013-09-27,0.49183557858376514
2013-09-30,0.49492698083894354
2013-10-01,0.4975124137931034
2013-10-02,0.5014039290022403
2013-10-03,0.49927598072952506
2013-10-04,0.5025883364871839
2013-10-07,0.5018568974403024
2013-10-08,0.502664204740639
2013-10-09,0.5037276318049115
2013-10-10,0.5060729113055412
2013-10-11,0.5052290809327846
2013-10-15,0.5039306269270297
2013-10-16,0.5068166409861325
2013-10-17,0.5089576140830627
2013-10-18,0.5080268192688759
2013-10-21,0.5052546912316616
2013-10-22,0.5083883677298311
2013-10-23,0.5067909276944066
2013-10-24,0.505612265758092
2013-10-25,0.5041085626911315
2013-10-28,0.5041084521384928
2013-10-29,0.5022600950118765
2013-10-30,0.5034232266802099
2013-10-31,0.5014793640054127
2013-11-01,0.5565759568369584
2013-11-04,0.49610550227158
2013-11-05,0.4922471872376154
2013-11-07,0.49265932032301485
2013-11-08,0.49106270959087855
2013-11-11,0.48899748869914617
2013-11-12,0.4864523092369478
2013-11-13,0.4879715576376108
2013-11-14,0.4909903155785607
2013-11-15,0.49241684737281066
2013-11-18,0.49485359760159897
2013-11-19,0.49748766352045043
2013-11-20,0.4981816076744955
2013-11-21,0.4956629806898828
2013-11-22,0.49838030253206184
2013-11-26,0.49694372436423295
2013-11-27,0.4944620294599018
2013-11-28,0.4965736206333659
2013-11-29,0.4947800032567986
2013-12-02,0.4904124715816824
2013-12-03,0.48866305227383067
2013-12-04,0.4883528557599225
2013-12-05,0.4908217153870864
2013-12-06,0.4940954822172381
2013-12-09,0.49159369499119865
2013-12-10,0.49346168582375477
2013-12-11,0.4899799267165843
2013-12-12,0.488878025477707
2013-12-13,0.49019605660677373
2013-12-16,0.4934859857482185
2013-12-17,0.49091803537586864
2013-12-18,0.48768595170899964
2013-12-19,0.48199734250429893
2013-12-20,0.4790189912826899
2013-12-23,0.47719037267080744
2013-12-26,0.47007940676656884
2013-12-27,0.4643819134185796
2013-12-30,0.47149792976537347
2013-12-31,0.4651186934519246
2014-01-02,0.46055355233002293
2014-01-03,0.4590524790236461
2014-01-06,0.4595587566338135
2014-01-07,0.46142482570475907
2014-01-08,0.45816911430734286
2014-01-09,0.45844219740416536
2014-01-10,0.4616805222088836
2014-01-13,0.4580431665421957
2014-01-14,0.457393740685544
2014-01-15,0.4572056254626203
2014-01-16,0.45300118098612346
2014-01-17,0.4487725467117846
2014-01-20,0.4466080586080586
2014-01-21,0.4431053013798112
2014-01-22,0.4423995798319328
2014-01-23,0.4355401290322581
2014-01-24,0.42984875
2014-01-27,0.43599575530586765
2014-01-28,0.4418717852684145
2014-01-29,0.44555340412242345
2014-01-30,0.44369507174048656
2014-01-31,0.44208664169787765
2014-02-03,0.4399665209244222
2014-02-04,0.44692742942792907
2014-02-05,0.4462692405063291
2014-02-06,0.4529395939086294
2014-02-07,0.45095829081632655
2014-02-10,0.4518140664961637
2014-02-11,0.4556431498079386
2014-02-12,0.4572055092889174
2014-02-13,0.4567044404517454
2014-02-14,0.4580012884937508
2014-02-17,0.45955876288659797
2014-02-18,0.45949543055734327
2014-02-19,0.45339133787430924
2014-02-20,0.45438024564994883
2014-02-21,0.45979120458891015
2014-02-24,0.4599181413112667
2014-02-25,0.4527140678612276
2014-02-26,0.44525580510087553
2014-02-27,0.45099898438491814
2014-02-28,0.45435953771907545
2014-03-05,0.4535558375634518
2014-03-06,0.45812717570829625
2014-03-07,0.45392647245897466
2014-03-10,0.45055196539880427
2014-03-11,0.4462890724269377
2014-03-12,0.4472871651644027
2014-03-13,0.447667638483965
2014-03-14,0.4508769620253164
2014-03-17,0.4507347222222222
2014-03-18,0.45097863247863246
2014-03-19,0.4490749402741104
2014-03-20,0.44939786566227247
2014-03-21,0.4477478053674442
2014-03-25,0.45081599000624606
2014-03-26,0.4566417947756531
2014-03-27,0.45680875
2014-03-28,0.4568712982631513
2014-03-31,0.46715871032241935
2014-04-01,0.467595601099725
2014-04-03,0.468471875
2014-04-04,0.4735745
2014-04-07,0.4735073115860518
2014-04-08,0.4776689163854519
2014-04-09,0.4727685
2014-04-10,0.475646875
2014-04-11,0.4727685
2014-04-14,0.4717426571678541
2014-04-15,0.467180625
2014-04-16,0.4684938132733409
2014-04-21,0.4686475
2014-04-22,0.46689701287339086
2014-04-23,0.465311
2014-04-24,0.4684279465066867
2014-04-25,0.4686035
2014-04-28,0.46994688163979503
2014-04-29,0.4715868532866783
2014-04-30,0.4724558860284928
2014-05-05,0.47616785401824774
2014-05-06,0.47830875
2014-05-07,0.4801228596425447
2014-05-08,0.48234616345913517
2014-05-09,0.4814868207370393
2014-05-12,0.4811393084508801
2014-05-13,0.48360578481486094
2014-05-14,0.4830684420109507
2014-05-15,0.4764854730568661
2014-05-16,0.4767807300720139
2014-05-19,0.4774408588804766
2014-05-20,0.4731264267990074
2014-05-21,0.4761451252790871
2014-05-22,0.48035359047500925
2014-05-23,0.4802382192460317
2014-05-26,0.4798003967270022
2014-05-27,0.4751722215338868
2014-05-28,0.47616782264057467
2014-05-29,0.4795702786377709
2014-05-30,0.477144801980198
2014-06-02,0.47501422387136666
2014-06-03,0.4714534898085237
2014-06-04,0.4718984702689366
2014-06-05,0.47682619926199254
2014-06-06,0.48123198031980313
2014-06-09,0.4792714637146371
2014-06-10,0.48053825338253375
2014-06-11,0.4742707590109485
2014-06-12,0.47276848320826675
2014-06-13,0.47127576875768756
2014-06-16,0.46696235699348015
2014-06-17,0.46500811907983763
2014-06-18,0.467880073800738
2014-06-19,0.4663091020910209
2014-06-23,0.46774870848708483
2014-06-24,0.46678806888068874
2014-06-25,0.46871335464830305
2014-06-26,0.47016785538612893
2014-06-27,0.4705660354156419
2014-06-30,0.47216586745358424
2014-07-01,0.4698585125998771
2014-07-02,0.4691091177193414
2014-07-03,0.46992479724748093
2014-07-04,0.46873531580240846
2014-07-07,0.46979238329238326
2014-07-08,0.47078767039174746
2014-07-10,0.4710759882150748
2014-07-11,0.47196528033370144
2014-07-14,0.4724558282208589
2014-07-15,0.4709206134969325
2014-07-16,0.47198749080206037
2014-07-17,0.4697923001471309
2014-07-18,0.47085416666666663
2014-07-21,0.47198749999999995
2014-07-22,0.474856355620867
2014-07-23,0.4781028277634961
2014-07-24,0.478400244648318
2014-07-25,0.4778286867204695
2014-07-28,0.47625855327468236
2014-07-29,0.4738214111328125
2014-07-30,0.46761748567247896
2014-07-31,0.46711506148788506
2014-08-01,0.46899915007285087
2014-08-04,0.46902118644067803
2014-08-05,0.4648352685050798
2014-08-06,0.4627486999637199
2014-08-07,0.46210726810980773
2014-08-08,0.4657011244105912
2014-08-11,0.46482660217654176
2014-08-12,0.4615313104448743
2014-08-13,0.4642525081590717
2014-08-14,0.46487845837863967
2014-08-15,0.4615527110252385
2014-08-19,0.46212853005068794
2014-08-20,0.4592843926468821
2014-08-21,0.46053234067897564
2014-08-22,0.45985472932778115
2014-08-25,0.4591789411064843
2014-08-26,0.46121211039733523
2014-08-27,0.4640371384359005
2014-08-28,0.46257751338489
2014-08-29,0.4630272586596834
2014-09-01,0.4630701796122279
2014-09-02,0.46044750921412436
2014-09-03,0.4636498632742837
2014-09-04,0.46225675514819664
2014-09-05,0.46347795603089725
2014-09-08,0.4605748125223188
2014-09-09,0.4548348809523809
2014-09-10,0.4556016666666666
2014-09-11,0.454855612427092
2014-09-12,0.4521204475124971
2014-09-15,0.4519978576529398
2014-09-16,0.4541532785909794
2014-09-17,0.4519978614708329
2014-09-18,0.44905477010811456
2014-09-19,0.4475274281643315
2014-09-22,0.4454739527708556
2014-09-23,0.4468674584323041
2014-09-24,0.4472072446555819
2014-09-25,0.44210624406457744
2014-09-26,0.4417741744585158
2014-09-29,0.4390394286388856
2014-09-30,0.4389430604982206
2014-10-01,0.43782840236686393
2014-10-02,0.4409171107164002
2014-10-03,0.43580579881656806
2014-10-06,0.44029591957421643
2014-10-07,0.439753755174453
2014-10-08,0.43786674542232723
2014-10-09,0.44111157024793385
2014-10-10,0.437694188518781
2014-10-14,0.4404704355010031
2014-10-15,0.43903941933199575
2014-10-16,0.44236039650696246
2014-10-17,0.44527560169891456
2014-10-20,0.4452359802073516
2014-10-21,0.44565268614514614
2014-10-22,0.4452359524089998
2014-10-23,0.44714724938155254
2014-10-24,0.4480687706076307
2014-10-27,0.44828976470588233
2014-10-28,0.4532270054104916
2014-10-29,0.4544627690859899
2014-10-30,0.45487623529411764
2014-10-31,0.4504301176470588
2014-11-03,0.4474272449459333
2014-11-04,0.4499842501175365
2014-11-05,0.44547402444757883
2014-11-07,0.44241915393654524
2014-11-10,0.4429482900458338
2014-11-11,0.4430267920094007
2014-11-12,0.4442864864864865
2014-11-13,0.44563278495887193
2014-11-14,0.4479685113382682
2014-11-17,0.4480688439849624
2014-11-18,0.449781837406015
2014-11-19,0.4474673478975805
2014-11-20,0.4504910735259573
2014-11-21,0.45022733677782995
2014-11-25,0.4500855332629356
2014-11-26,0.4524477296726505
2014-11-27,0.45318590194698566
2014-11-28,0.45028812763960585
2014-12-01,0.45167123769338957
2014-12-02,0.44824953161592507
2014-12-03,0.4463687660969328
2014-12-04,0.44806877997426603
2014-12-05,0.4423604066845857
2014-12-09,0.44107273152478954
2014-12-10,0.441286750087709
2014-12-11,0.43905871345029235
2014-12-12,0.4357298561571746
2014-12-15,0.42217249444509414
2014-12-16,0.424376213308385
2014-12-17,0.4294609987136008
2014-12-18,0.43075602339181285
2014-12-19,0.43245117530113436
2014-12-22,0.4319280701754386
2014-12-23,0.4304963742690058
2014-12-24,0.43142499707704896
2014-12-29,0.43110886342376054
2014-12-30,0.42933200795228627
2014-12-31,0.4279539235177172
2015-01-02,0.4268032729398013
2015-01-05,0.4291108515360355
2015-01-06,0.4306261082594494
2015-01-07,0.43012603377984854
2015-01-08,0.4356348929236499
2015-01-09,0.4363572343149808
2015-01-12,0.4380969619369108
2015-01-13,0.43809693936925403
2015-01-14,0.4388466550319953
2015-01-15,0.4325820635105269
2015-01-16,0.4285776072549703
2015-01-19,0.4285592097617664
2015-01-20,0.42643920566716986
2015-01-21,0.4254051764159703
2015-01-22,0.4307559447859877
2015-01-23,0.4259124637681159
2015-01-26,0.42558620289855076
2015-01-27,0.4226543052497393
2015-01-28,0.4199739311783108
2015-01-29,0.41440467917535323
2015-01-30,0.4092825080981027
2015-02-02,0.4118615988909427
2015-02-03,0.4169967671169611
2015-02-04,0.40700046189376443
2015-02-05,0.4097689376443418
2015-02-06,0.40368160295646144
2015-02-09,0.40390987768289865
2015-02-10,0.4002561116236162
2015-02-11,0.39907409541368977
2015-02-12,0.4053834811657644
2015-02-13,0.4063554404145077
2015-02-18,0.40705005753739937
2015-02-19,0.40746475796251586
2015-02-20,0.407846949327818
2015-02-23,0.40358381171067736
2015-02-24,0.40420371644872677
2015-02-25,0.4024144691584499
2015-02-26,0.4003363146428162
2015-02-27,0.39867636947054774
2015-03-02,0.39671521813809685
2015-03-03,0.3953350497768623
2015-03-04,0.3895901189387008
2015-03-05,0.3814027428571428
2015-03-06,0.3791613382050697
2015-03-09,0.3841277955271566
2015-03-10,0.379881527936146
2015-03-11,0.3827458129201322
2015-03-12,0.38624954441913445
2015-03-13,0.37983821017875447
2015-03-16,0.3810104747808266
2015-03-17,0.38226300216228515
2015-03-18,0.38355329314071207
2015-03-19,0.3831711394132363
2015-03-20,0.388757131492215
2015-03-25,0.3866676514032496
2015-03-26,0.38362684533272773
2015-03-27,0.3836267877412031
2015-03-30,0.3832739337568058
2015-03-31,0.3848521877125369
2015-04-01,0.38474861221252976
2015-04-06,0.38986354886196356
2015-04-07,0.38502999094612944
2015-04-08,0.38662289333785776
2015-04-09,0.38166478236291684
2015-04-10,0.3801414689265537
2015-04-13,0.37484067299006324
2015-04-14,0.37151241815308195
2015-04-15,0.36922163320550416
2015-04-16,0.3721899390931649
2015-04-17,0.3719684222397654
2015-04-20,0.3701646939465674
2015-04-21,0.37224543610547667
2015-04-22,0.36867721590269176
2015-04-23,0.3701235790658413
2015-04-24,0.3676606299212598
2015-04-27,0.3734966835300731
2015-04-28,0.3765060132628976
2015-04-29,0.37673298135250505
2015-04-30,0.37440563601661614
2015-05-04,0.368772329443447
2015-05-05,0.3693171470225412
2015-05-06,0.3710162519614436
2015-05-07,0.3732039444195428
2015-05-08,0.37080981182795697
2015-05-11,0.3722731445203179
2015-05-12,0.3755304386750224
2015-05-13,0.37980928411633114
2015-05-14,0.38559425313059026
2015-05-15,0.38810830445959543
2015-05-18,0.38779224840835474
2015-05-19,0.3856239115874079
2015-05-20,0.38791263110912744
2015-05-21,0.38590666815343444
2015-05-22,0.38482265076357147
2015-05-26,0.378501113833816
2015-05-27,0.37814327062228653
2015-05-28,0.376251057200089
2015-05-29,0.3758127224199288
2015-06-01,0.3727448866162739
2015-06-02,0.3740555493834019
2015-06-03,0.372564338847563
2015-06-04,0.3747002219755827
2015-06-05,0.3748126248058576
2015-06-08,0.3631740962519405
2015-06-09,0.3633588606893494
2015-06-10,0.36568423967216745
2015-06-11,0.3699867139061116
2015-06-12,0.36824277968352326
2015-06-15,0.36547041256498175
2015-06-16,0.365657452454666
2015-06-17,0.36567082872928175
2015-06-18,0.36794465311533364
2015-06-19,0.3704252429328622
2015-06-22,0.3750515395651694
2015-06-23,0.37296734693877553
2015-06-24,0.3742375124048957
2015-06-25,0.3769744296263639
2015-06-26,0.37533311302048916
2015-06-29,0.37126411978421225
2015-06-30,0.3725505061619719
2015-07-01,0.37120906191575936
2015-07-02,0.3724256348246675
2015-07-03,0.3715952328646749
2015-07-06,0.37365019762845847
2015-07-07,0.37170572745227115
2015-07-08,0.37305077867953496
2015-07-10,0.37513601490574305
2015-07-13,0.37768624014022784
2015-07-14,0.37972284275076656
2015-07-15,0.37785750246251504
2015-07-16,0.37636436228396414
2015-07-17,0.3772303739339602
2015-07-20,0.3708510545295596
2015-07-21,0.3723978811708169
2015-07-22,0.3688267656369392
2015-07-23,0.3659920349154392
2015-07-24,0.36533682373472953
2015-07-27,0.3614937316036193
2015-07-28,0.3622925473959468
2015-07-29,0.36263417556087996
2015-07-30,0.35835876782409926
2015-07-31,0.36099782372143635
2015-08-03,0.359815769439913
2015-08-04,0.35993228260869564
2015-08-05,0.3582560564910375
2015-08-06,0.35984167662069716
2015-08-07,0.3599841545474278
2015-08-10,0.3596216919739696
2015-08-11,0.3593760702286767
2015-08-12,0.36063330083414585
2015-08-13,0.3548489769405651
2015-08-14,0.3534068181818182
2015-08-18,0.34533964305029746
2015-08-19,0.3426183115338882
2015-08-20,0.3437843327930848
2015-08-21,0.34268876889848815
2015-08-24,0.34133193050609695
2015-08-25,0.3408199956859362
2015-08-26,0.35712706110572257
2015-08-27,0.34379620853080567
2015-08-28,0.34193875134553287
2015-08-31,0.3437252581755594
2015-09-01,0.34185694325021493
2015-09-02,0.33984704618689576
2015-09-03,0.3367003327251261
2015-09-04,0.3321707788028321
2015-09-07,0.3301310492505353
2015-09-08,0.3330114597836564
2015-09-09,0.3291422303082192
2015-09-10,0.33091764705882354
2015-09-11,0.3280517425700235
2015-09-14,0.326829468960359
2015-09-15,0.3299676454885211
2015-09-16,0.3334889552875894
2015-09-17,0.33515431374640076
2015-09-18,0.3329670645917715
2015-09-21,0.3330890593373815
2015-09-22,0.3310929613459695
2015-09-23,0.3285474569057246
2015-09-24,0.3282239472564866
2015-09-25,0.3288175826512172
2015-09-28,0.3270646121147715
2015-09-29,0.3292398045879354
2015-09-30,0.3303382509021439
2015-10-01,0.33010922587486746
2015-10-02,0.3342915872006781
2015-10-05,0.33448168149089363
2015-10-06,0.336938525023807
2015-10-07,0.34047186971235194
2015-10-08,0.34380803382663844
2015-10-09,0.34305314315900687
2015-10-13,0.3382149039476462
2015-10-14,0.3424305306466927
2015-10-15,0.3468007169970476
2015-10-16,0.34500600632244466
2015-10-19,0.3443052221520321
2015-10-20,0.34470875420875424
2015-10-21,0.3451488802439281
2015-10-22,0.34831070002102166
2015-10-23,0.3438198529411765
2015-10-26,0.34575753122703895
2015-10-27,0.34384349103115497
2015-10-28,0.345889075277836
2015-10-29,0.34020551247118
2015-10-30,0.3430532160067044
2015-11-02,0.35389461015175305
2015-11-03,0.35314473959422715
2015-11-04,0.34904011700793985
2015-11-05,0.34846847599164926
2015-11-09,0.342935537707312
2015-11-10,0.34308847436431844
2015-11-11,0.34681276684369466
2015-11-12,0.3486020800832033
2015-11-13,0.3493815461346633
2015-11-16,0.34670461857810064
2015-11-17,0.348444202447625
2015-11-18,0.3487966417910448
2015-11-19,0.3517411204307756
2015-11-20,0.3530948489863467
2015-11-23,0.35064340363937135
2015-11-24,0.3480197436427538
2015-11-25,0.34624839842942756
2015-11-26,0.34248925397809465
2015-11-30,0.34315916597853013
2015-12-01,0.3455902247886162
2015-12-02,0.34575754454629726
2015-12-03,0.34624835390946496
2015-12-04,0.34665652620760534
2015-12-09,0.34287674609695973
2015-12-10,0.34200892216182954
2015-12-11,0.3354241276987619
2015-12-14,0.3354354179440016
2015-12-15,0.3375527228227616
2015-12-16,0.33814624465703236
2015-12-17,0.3418452985074627
2015-12-18,0.34379622641509433
2015-12-21,0.34310023328149303
2015-12-22,0.34118050847457626
2015-12-23,0.34220791090629804
2015-12-24,0.3426065749235474
2015-12-28,0.3439972307692308
2015-12-29,0.34430517627092494
2015-12-30,0.3421611213801602
2015-12-31,0.34282975460122705
2016-01-04,0.33713166666666666
2016-01-05,0.3353904029304029
2016-01-06,0.33290057595392364
2016-01-07,0.33374496402877696
2016-01-08,0.33178501440922187
2016-01-11,0.3289906227106227
2016-01-12,0.3293481918819188
2016-01-13,0.330830059084195
2016-01-14,0.3305347924528302
2016-01-15,0.32811626865671645
2016-01-18,0.32986969026548674
2016-01-19,0.32944586746090837
2016-01-20,0.32778288888888885
2016-01-21,0.3308191176470588
2016-01-22,0.33254632192279676
2016-01-25,0.33116965966690803
2016-01-26,0.3323694584837545
2016-01-27,0.33394553314121034
2016-01-28,0.3363945086705203
2016-01-29,0.338306446991404
2016-02-01,0.33860424628450103
2016-02-02,0.33874191722674213
2016-02-03,0.34258305084745766
2016-02-04,0.3432886858749122
2016-02-05,0.3423602116844231
2016-02-10,0.3419387586206896
2016-02-11,0.34130860655737705
2016-02-12,0.34090135777325187
2016-02-15,0.3393627027027027
2016-02-16,0.33638320528373095
2016-02-17,0.3383979986657772
2016-02-18,0.3369612881806109
2016-02-19,0.33867310756972113
2016-02-22,0.3409361967213115
2016-02-23,0.33998575163398687
2016-02-24,0.34004351791530946
2016-02-25,0.3409943469785575
2016-02-26,0.3343922430510665
2016-02-29,0.3374388607594937
2016-03-01,0.34065746835443034
2016-03-02,0.3407619412515964
2016-03-03,0.3434891447368421
2016-03-04,0.3440801315789474
2016-03-07,0.3434419993508601
2016-03-08,0.3437135089649816
2016-03-09,0.34598484059856865
2016-03-10,0.3444949804432855
2016-03-11,0.3485656565656566
2016-03-14,0.3486629054054054
2016-03-15,0.34454242424242426
2016-03-16,0.34431704312114986
2016-03-17,0.3514197324414716
2016-03-18,0.3489426829268293
2016-03-21,0.349296199032481
2016-03-22,0.3488818624044475
2016-03-23,0.3478382068965517
2016-03-28,0.3484806473364801
2016-03-29,0.3515926862611073
2016-03-30,0.35233595890410957
2016-03-31,0.35435863945578233
2016-04-01,0.3537694388100068
2016-04-04,0.35539131025118803
2016-04-05,0.35267145776566755
2016-04-06,0.3515803424657535
2016-04-07,0.34934498963372496
2016-04-08,0.3507664364640884
2016-04-11,0.3531821625344353
2016-04-12,0.35264662746454517
2016-04-13,0.35146912122264673
2016-04-14,0.3507910676901605
2016-04-15,0.3502627046263345
2016-04-18,0.3522863507779349
2016-04-19,0.35364432699083864
2016-04-20,0.3556187587168759
2016-04-21,0.35736320953048356
2016-04-22,0.35069258741258735
2016-04-25,0.35129630146545704
2016-04-26,0.3546853948287911
2016-04-27,0.35320711768851304
2016-04-28,0.3563411188811189
2016-04-29,0.3570153684210526
2016-05-02,0.35649351656095846
2016-05-03,0.3513703521126761
2016-05-04,0.3458651685393258
2016-05-05,0.34162338483146065
2016-05-06,0.34186868402533427
2016-05-09,0.33925907973305236
2016-05-10,0.3384208936349586
2016-05-11,0.3386042927515834
2016-05-12,0.33765532815808047
2016-05-13,0.33701809187279147
2016-05-16,0.33611183419395907
2016-05-17,0.3374729844413013
2016-05-18,0.3359650512911213
2016-05-19,0.3341910638297872
2016-05-20,0.33557050231563945
2016-05-23,0.3342916368834882
2016-05-24,0.3390864768683274
2016-05-26,0.3406342265094677
2016-05-27,0.3378720545977012
2016-05-30,0.3384095067905647
2016-05-31,0.33905203345007506
2016-06-01,0.33290057347670254
2016-06-02,0.3427709352517986
2016-06-03,0.34429333622121144
2016-06-06,0.3439262890341322
2016-06-07,0.3450417630057803
2016-06-08,0.3457694964028777
2016-06-09,0.3453277134587554
2016-06-10,0.34169340579710145
2016-06-13,0.3422899275362319
2016-06-14,0.34106414545454544
2016-06-15,0.34281797017097126
2016-06-16,0.3409826867816092
2016-06-21,0.3430296349319971
2016-06-22,0.345566382373845
2016-06-23,0.3501645674740485
2016-06-24,0.34281795043536506
2016-06-27,0.3398816993464052
2016-06-28,0.34539926174496643
2016-06-29,0.34535153538050734
2016-06-30,0.3468248005319149
2016-07-01,0.3337449333333333
2016-07-04,0.3493449535192563
2016-07-05,0.3415766891891892
2016-07-06,0.344982238856754
2016-07-07,0.34059945670628183
2016-07-11,0.3445068306010929
2016-07-12,0.3463923076923077
2016-07-13,0.34470871654083735
2016-07-14,0.34743934871099047
2016-07-15,0.345649966555184
2016-07-18,0.33677973597359734
2016-07-19,0.3282563333333333
2016-07-20,0.32398108825481087
2016-07-21,0.326243
2016-07-22,0.3253831656606304
2016-07-25,0.329120602006689
2016-07-26,0.3285367224080268
2016-07-27,0.3290556
2016-07-28,0.33169694148936174
2016-07-29,0.3344705529646902
2016-08-01,0.32819169457468184
2016-08-02,0.33395670033670033
2016-08-03,0.3314770679219906
2016-08-04,0.3507663973063973
2016-08-05,0.3415767410412441
2016-08-08,0.3353229038854806
2016-08-09,0.33663236289776577
2016-08-10,0.3382149284253579
2016-08-11,0.3380891541609823
2016-08-12,0.33781499659168374
2016-08-16,0.3416117246080436
2016-08-17,0.3409826792963464
2016-08-18,0.3415417001338688
2016-08-19,0.3409478482370291
2016-08-22,0.33973160027008775
2016-08-23,0.3395124663072776
2016-08-24,0.3386960296096905
2016-08-25,0.34079677635997313
2016-08-26,0.3384324
2016-08-29,0.33878781456953644
2016-08-30,0.3374502331778814
2016-08-31,0.3380205626255861
2016-09-01,0.33111483221476506
2016-09-02,0.34044869913275516
2016-09-05,0.33925905459387484
2016-09-06,0.34533961384820244
2016-09-07,0.3457575415282392
2016-09-08,0.3366096881220969
2016-09-09,0.33642850467289714
2016-09-12,0.3366096989966555
2016-09-13,0.33514313333333334
2016-09-14,0.3356831004657352
2016-09-15,0.3367116788321168
2016-09-16,0.33543542630535356
2016-09-19,0.33564930693069306
2016-09-20,0.33573949801849406
2016-09-21,0.3363266182298547
2016-09-22,0.3398239910313901
2016-09-23,0.3385125939601741
2016-09-26,0.3355028871391076
2016-09-27,0.3360215314136126
2016-09-28,0.33507569850552305
2016-09-29,0.3326679674796748
2016-09-30,0.3333555845852384
2016-10-03,0.34873583415597237
2016-10-04,0.35088951878707975
2016-10-05,0.3276003291639237
2016-10-06,0.3416934253780407
2016-10-07,0.3457575238722423
2016-10-11,0.3242752142386289
2016-10-12,0.3236874585268746
2016-10-13,0.3243804520222046
2016-10-14,0.3236664909390445
2016-10-17,0.3228410317146993
2016-10-18,0.32314354287217256
2016-10-19,0.32659460348798947
2016-10-20,0.3268187396898713
2016-10-21,0.3244962008589362
2016-10-24,0.32425419252607945
2016-10-25,0.3255420223243598
2016-10-26,0.32412811575139755
2016-10-27,0.3215123896138131
2016-10-28,0.3216572086899276
2016-10-31,0.32305999999999996
2016-11-01,0.3521251077943615
2016-11-02,0.3532570483123759
2016-11-03,0.3554923841059603
2016-11-04,0.35300763612217795
2016-11-07,0.34451873754152823
2016-11-08,0.3380776959142666
2016-11-09,0.33683646112600535
2016-11-10,0.3242857618097139
2016-11-11,0.30859433962264154
2016-11-14,0.30417322683706066
2016-11-15,0.3038682580645162
2016-11-16,0.30129554838709677
2016-11-17,0.2973801033591731
2016-11-18,0.29619101486748545
2016-11-21,0.2970179395515112
2016-11-22,0.29508097087378643
2016-11-23,0.2943340411840412
2016-11-24,0.2900904761904762
2016-11-25,0.29030106143454487
2016-11-29,0.29313477707006375
2016-11-30,0.2910445550794051
2016-12-01,0.33476167929292927
2016-12-02,0.33459366373902133
2016-12-05,0.3361344590763027
2016-12-06,0.34139013819095476
2016-12-07,0.3463923076923077
2016-12-12,0.2882426076107299
2016-12-13,0.28612301139922336
2016-12-14,0.2889087664370695
2016-12-15,0.284462656641604
2016-12-16,0.28564899371069186
2016-12-19,0.28310965909090907
2016-12-20,0.2833182219419924
2016-12-21,0.2849408486383787
2016-12-22,0.2847055944055944
2016-12-23,0.28454358908175775
2016-12-26,0.2847137065637066
2016-12-27,0.28381678456591636
2016-12-28,0.2819125079365079
2016-12-29,0.28417974635861376
2016-12-30,0.2838812460667086
2017-01-02,0.2822228015075377
2017-01-03,0.27922822201317027
2017-01-04,0.2797046019900498
2017-01-05,0.27840419799498745
2017-01-06,0.2751334598355471
2017-01-09,0.2693457349700976
2017-01-10,0.2646342586750789
2017-01-11,0.25851148264984225
2017-01-12,0.265992789373814
2017-01-13,0.2677662902920583
2017-01-16,0.26279829974811086
2017-01-17,0.2658725878433591
2017-01-18,0.26492876369327073
2017-01-19,0.26077660377358486
2017-01-20,0.26427062519635564
2017-01-23,0.2657313048933501
2017-01-24,0.26450828625235406
2017-01-25,0.26102162331557505
2017-01-26,0.25924195979899495
2017-01-27,0.2582977987421384
2017-01-30,0.264452324120603
2017-01-31,0.26415889790526514
2017-02-01,0.2822227848101266
2017-02-02,0.2678739158163265
2017-02-03,0.27090729833546734
2017-02-06,0.2713041825095057
2017-02-07,0.2671725039872408
2017-02-08,0.2698764274322169
2017-02-09,0.2715546444586803
2017-02-10,0.2708339124839125
2017-02-13,0.2724721343235389
2017-02-14,0.2729332255979315
2017-02-15,0.2726801432291667
2017-02-16,0.27314195011337866
2017-02-17,0.2745442602040816
2017-02-20,0.27604481989161617
2017-02-21,0.2759381806534273
2017-02-22,0.2778395117250241
2017-02-23,0.28030832258064514
2017-02-24,0.2778858527131783
2017-03-01,0.27917367055771725
2017-03-02,0.2709072727272727
2017-03-03,0.2683122977346279
2017-03-06,0.2688894702842377
2017-03-07,0.2715030225080386
2017-03-08,0.26767312240332375
2017-03-09,0.26513947198969734
2017-03-10,0.267931330749354
2017-03-13,0.2678236808236808
2017-03-14,0.2671439330543933
2017-03-15,0.2702337829158638
2017-03-16,0.2760753380553767
2017-03-17,0.27638817480719796
2017-03-20,0.27605246321177224
2017-03-21,0.27548211538461537
2017-03-22,0.2764569235689159
2017-03-23,0.27525458627325206
2017-03-27,0.27662518470928366
2017-03-28,0.27348558373020976
2017-03-29,0.2740326636422553
2017-03-30,0.27530006489292663
2017-03-31,0.2751410006497726
2017-04-03,0.2699419941539461
2017-04-04,0.27138514657980456
2017-04-05,0.2699710975133446
2017-04-06,0.26940383365821957
2017-04-07,0.2675012707722385
2017-04-10,0.2678308349769888
2017-04-11,0.2702337373075663
2017-04-12,0.2729555628703094
2017-04-17,0.27221993421052637
2017-04-18,0.27330616380155565
2017-04-19,0.2716800649350649
2017-04-20,0.27394255637143416
2017-04-21,0.2742506132989025
2017-04-24,0.2796811565951917
2017-04-25,0.2792438391699092
2017-04-26,0.27953260167850225
2017-04-27,0.28031621271076523
2017-04-28,0.2809857142857143
2017-05-02,0.27049692810457515
2017-05-03,0.26994198822759974
2017-05-04,0.2699783801436969
2017-05-05,0.2820476903057905
2017-05-08,0.2790334195216548
2017-05-09,0.27667877616747183
2017-05-10,0.27901785944551905
2017-05-11,0.2799865889212828
2017-05-12,0.2796420336787565
2017-05-15,0.28183303283966515
2017-05-16,0.28253376123234913
2017-05-17,0.28085156950672646
2017-05-18,0.275429
2017-05-19,0.28036336448598126
2017-05-22,0.28051275872721654
2017-05-23,0.28030832815413304
2017-05-24,0.27964990677439405
2017-05-26,0.279181449094316
2017-05-29,0.27970461634435434
2017-05-30,0.28120693498452015
2017-05-31,0.28352708074534155
2017-06-01,0.27513343711083443
2017-06-02,0.2712968125
2017-06-05,0.28217499218505787
2017-06-06,0.28423622735790127
2017-06-07,0.281658411507192
2017-06-08,0.28364773584905656
2017-06-09,0.2824619346733669
2017-06-12,0.28413124018838304
2017-06-13,0.28413933291378224
2017-06-14,0.2871665197128102
2017-06-15,0.2842524405506883
2017-06-16,0.28546147132169575
2017-06-19,0.2839134365325077
2017-06-21,0.2831818125770654
2017-06-22,0.28503022607618456
2017-06-23,0.2854777743431221
2017-06-26,0.28612303921568627
2017-06-27,0.2837765243902439
2017-06-28,0.2846569604863222
2017-06-29,0.2830535757575758
2017-06-30,0.28444648226097413
2017-07-03,0.2716948214285714
2017-07-04,0.2678308328411105
2017-07-05,0.2821750291715286
2017-07-06,0.2818409836065574
2017-07-07,0.2762659599528858
2017-07-10,0.27693162694910267
2017-07-11,0.2764798823529412
2017-07-12,0.2802690424213818
2017-07-13,0.28018265486725663
2017-07-14,0.2832620178041543
2017-07-17,0.28319787359716475
2017-07-18,0.283704011627907
2017-07-19,0.28391346938775514
2017-07-20,0.2836637790697675
2017-07-21,0.2826935132032147
2017-07-24,0.2810962707974756
2017-07-25,0.28051275743707094
2017-07-26,0.2816425142857143
2017-07-27,0.2825018140589569
2017-07-28,0.2834306351883081
2017-07-31,0.2839215419501134
2017-08-01,0.26287426069153774
2017-08-02,0.2701534659090909
2017-08-03,0.2677017543859649
2017-08-04,0.2678667232597623
2017-08-07,0.2763576271186441
2017-08-08,0.28328612537380804
2017-08-09,0.28246994350282484
2017-08-10,0.2829334274421231
2017-08-11,0.2827734613212874
2017-08-14,0.28388925861062464
2017-08-15,0.2827654364381957
2017-08-16,0.28388930854154565
2017-08-17,0.2840908986175115
2017-08-18,0.28417973364215404
2017-08-22,0.2861639744334689
2017-08-23,0.28738107951247827
2017-08-24,0.2871335270191749
2017-08-25,0.29038536585365854
2017-08-28,0.290461230412072
2017-08-29,0.290082092555332
2017-08-30,0.2895948821161587
2017-08-31,0.28941883304448296
2017-09-01,0.27267273255813956
2017-09-04,0.2678666860127684
2017-09-05,0.2767859628770302
2017-09-06,0.22355360107095046
2017-09-07,0.2763576162790698
2017-09-08,0.2825018604651163
2017-09-11,0.2934444314868805
2017-09-12,0.2913328646748682
2017-09-13,0.28926813122437023
2017-09-14,0.29111236021188935
2017-09-15,0.29082450662739323
2017-09-18,0.2865329243353783
2017-09-19,0.2865739789964994
2017-09-20,0.28746369982547987
2017-09-21,0.2851846554719166
2017-09-22,0.2860575389948007
2017-09-25,0.2819681324957167
2017-09-26,0.28247787258248014
2017-09-27,0.27982203872437356
2017-09-28,0.2811595197255575
2017-09-29,0.280630849220104
2017-10-02,0.2749896640826874
2017-10-03,0.27654866494401376
2017-10-04,0.2678308463444144
2017-10-05,0.27915024418270606
2017-10-06,0.28270151905990254
2017-10-09,0.29312617411225655
2017-10-10,0.2712232424677188
2017-10-11,0.27319416695372606
2017-10-12,0.27443123743898934
2017-10-13,0.2752242850553505
2017-10-17,0.2722347851168157
2017-10-18,0.27225700288184435
2017-10-19,0.2731493982808023
2017-10-20,0.27208662456946037
2017-10-23,0.26901969566465694
2017-10-24,0.26717965714285713
2017-10-25,0.26477438536306463
2017-10-26,0.26145843714609285
2017-10-27,0.2630194609929078
2017-10-30,0.26388011299435027
2017-10-31,0.2635532143868592
2017-11-01,0.27315689948892674
2017-11-02,0.2721088470319635
2017-11-03,0.2746347505668934
2017-11-07,0.27648747875354107
2017-11-08,0.28283744292237445
2017-11-09,0.2934014273479874
2017-11-10,0.2732240640182909
2017-11-13,0.2582311428571429
2017-11-14,0.2570496
2017-11-15,0.25728102857142854
2017-11-16,0.2594370281400137
2017-11-17,0.2582777809551044
2017-11-21,0.25241686678101777
2017-11-22,0.254375272518646
2017-11-23,0.2549979334098737
2017-11-24,0.25355613832853025
2017-11-27,0.25621316397228633
2017-11-28,0.2525635473653902
2017-11-29,0.2523913916786227
2017-11-30,0.25463432533949726
2017-12-01,0.27584683691236217
2017-12-04,0.27975943532123304
2017-12-05,0.2809777906304222
2017-12-06,0.2841312662996233
2017-12-07,0.28026122685185184
2017-12-11,0.25877238979118333
2017-12-12,0.2598752737752161
2017-12-13,0.2612125361062969
2017-12-14,0.2575394842406877
2017-12-15,0.2589734513274336
2017-12-18,0.2609126920887877
2017-12-19,0.2609126920887877
2017-12-20,0.26135591216216214
2017-12-21,0.261725313283208
2017-12-22,0.26212318760376313
2017-12-26,0.26237076629397327
2017-12-27,0.2619927316120633
2017-12-28,0.26516057291666667
2017-12-29,0.2640403238779559
2018-01-02,0.26513242802824555
2018-01-03,0.26568891298454866
2018-01-04,0.2670654857756307
2018-01-05,0.267701802757158
2018-01-08,0.26693715186547556
2018-01-09,0.26494981510829374
2018-01-10,0.2632479591836735
2018-01-11,0.26496381614110104
2018-01-12,0.2665813804173355
2018-01-15,0.26322717101758125
2018-01-16,0.26313714285714285
2018-01-17,0.2628397347480106
2018-01-18,0.26542093269740324
2018-01-19,0.26273614108976046
2018-01-22,0.2644873080539016
2018-01-23,0.2652730799069046
2018-01-24,0.26712966921119596
2018-01-25,0.26765163599182007
2018-01-26,0.26645350025549314
2018-01-29,0.2639079673135853
2018-01-30,0.26436144639674053
2018-01-31,0.26599282442748096
2018-02-01,0.26526604747162025
2018-02-02,0.2660636060528341
2018-02-05,0.2652941991786448
2018-02-06,0.2651183537832311
2018-02-07,0.26313714140644834
2018-02-08,0.2613149223835754
2018-02-09,0.2605930930930931
2018-02-14,0.2642636180904523
2018-02-15,0.26522385554425226
2018-02-16,0.2672224696356275
2018-02-19,0.26627613065326633
2018-02-20,0.2633866498740554
2018-02-21,0.2641658720200753
2018-02-22,0.2644383458646617
2018-02-23,0.2638243743743744
2018-02-26,0.2641449504950495
2018-02-27,0.2628397029702971
2018-02-28,0.2632548980606664
2018-03-01,0.26568185201726957
2018-03-02,0.26530828811050816
2018-03-05,0.2624120732310737
2018-03-06,0.2635532448377581
2018-03-07,0.26304022537971583
2018-03-08,0.26128079567779966
2018-03-09,0.26203392592592595
2018-03-12,0.2601795049504951
2018-03-13,0.2582044510385757
2018-03-14,0.25819110232328224
2018-03-15,0.2565813221921848
2018-03-16,0.25518668316831683
2018-03-19,0.2540327722772277
2018-03-20,0.2542264988897113
2018-03-21,0.25549960532807103
2018-03-22,0.25450472187886275
2018-03-23,0.25206696384348687
2018-03-26,0.2519653293709757
2018-03-27,0.25119947441491475
2018-03-28,0.24960062534120797
2018-04-03,0.2623707631318137
2018-04-04,0.24995
2018-04-05,0.24730440594059405
2018-04-06,0.24704777006937562
2018-04-09,0.24605695889053983
2018-04-10,0.24307242063492063
2018-04-11,0.24206044228480764
2018-04-12,0.2432498268184067
2018-04-13,0.2439143422354105
2018-04-16,0.2437181503461919
2018-04-17,0.24380133795837464
2018-04-18,0.24903501365780975
2018-04-19,0.24754925595238092
2018-04-20,0.2461962852897474
2018-04-23,0.2433208292201382
2018-04-24,0.2446303553800592
2018-04-25,0.24408102903416948
2018-04-26,0.24618413625304136
2018-04-27,0.24673081791626097
2018-05-02,0.2656395283018868
2018-05-03,0.26233634782608695
2018-05-04,0.24746963302752292
2018-05-07,0.23437864298724953
2018-05-08,0.231524375
2018-05-09,0.23282887323943663
2018-05-10,0.2356933891582195
2018-05-11,0.2320131986242476
2018-05-14,0.22982693077230895
2018-05-15,0.22478478170478172
2018-05-16,0.22670596953478797
2018-05-17,0.2242102384868421
2018-05-18,0.22274690953745396
2018-05-21,0.21851236213046865
2018-05-22,0.21483200164744645
2018-05-23,0.21595938712972418
2018-05-24,0.21305154471544716
2018-05-28,0.2179503844597329
2018-05-29,0.22009947665056362
2018-05-30,0.2236135980746089
2018-05-31,0.2204682692307692
2018-06-01,0.2677161161161161
2018-06-04,0.24712715258309975
2018-06-05,0.23635633012820514
2018-06-06,0.21923092369477912
2018-06-07,0.22203966379827897
2018-06-08,0.2236135914658238
2018-06-11,0.22133196153846152
2018-06-12,0.2183787572815534
2018-06-13,0.21554976923076924
2018-06-14,0.21195870036101083
2018-06-15,0.21133604938271602
2018-06-18,0.21232773749093548
2018-06-19,0.21126909221902018
2018-06-21,0.21154618181818183
2018-06-22,0.21427041836356903
2018-06-25,0.21334245108896271
2018-06-26,0.216450221402214
2018-06-27,0.21617882653061224
2018-06-28,0.2178459430604982
2018-06-29,0.21729681109185442
2018-07-02,0.26351851590106007
2018-07-03,0.2631786690647482
2018-07-04,0.24718824367652298
2018-07-05,0.234521568627451
2018-07-06,0.2214741218637993
2018-07-10,0.21217007672634272
2018-07-11,0.20659875867104782
2018-07-12,0.20475857510099155
2018-07-13,0.20613031973539142
2018-07-16,0.20637280701754385
2018-07-17,0.20837673321234118
2018-07-18,0.20809055003985796
2018-07-19,0.20815119420728415
2018-07-20,0.20859408992023207
2018-07-23,0.2104820057929037
2018-07-24,0.20494323144104803
2018-07-25,0.2072968601679445
2018-07-26,0.20596472090477927
2018-07-27,0.20593079597438244
2018-07-30,0.20467477527059255
2018-07-31,0.20335538124771982
2018-08-01,0.26337969118982746
2018-08-02,0.26098757741347905
2018-08-03,0.26126031513374864
2018-08-06,0.22346370289059642
2018-08-07,0.21862701222850886
2018-08-08,0.1892541410488246
2018-08-09,0.18059341871220208
2018-08-10,0.1557899487179487
2018-08-13,0.1429674185463659
2018-08-14,0.15673981762917935
2018-08-15,0.16592276666666667
2018-08-16,0.1708291890080429
2018-08-17,0.1651200335008375
2018-08-21,0.16479893333333334
2018-08-22,0.16506280991735536
2018-08-23,0.1633159724499836
2018-08-24,0.1654752427184466
2018-08-27,0.16263865030674848
2018-08-28,0.15931684210526317
2018-08-29,0.1549090588235294
2018-08-30,0.1494522606382979
2018-08-31,0.1520426865671642
2018-09-03,0.2619652673796792
2018-09-04,0.24606298868312756
2018-09-05,0.23255815104166666
2018-09-06,0.22355360107095046
2018-09-07,0.21799316031359828
2018-09-10,0.1544926431246656
2018-09-11,0.15533739226694077
2018-09-12,0.15750264052287583
2018-09-13,0.16445474083438685
2018-09-14,0.1621744355243352
2018-09-17,0.15888904629395395
2018-09-18,0.1569883466310941
2018-09-19,0.15944131599081865
2018-09-20,0.16152740837696333
2018-09-21,0.15898756393001345
2018-09-24,0.1628505361930295
2018-09-25,0.16191448818897639
2018-09-26,0.16425216826798236
2018-09-27,0.1667194710327456
2018-09-28,0.16461447272727273
2018-10-01,0.2550825252525252
2018-10-02,0.2540456692913386
2018-10-03,0.25353040594322107
2018-10-04,0.24311971279373368
2018-10-05,0.2356934196617336
2018-10-08,0.15583605024051309
2018-10-09,0.15447594288793104
2018-10-10,0.1653958657718121
2018-10-11,0.1688191140278917
2018-10-12,0.16875074829931974
2018-10-16,0.17613075
2018-10-17,0.17901578220011058
2018-10-18,0.17718873124147339
2018-10-19,0.17672528735632184
2018-10-22,0.1763917443773999
2018-10-23,0.17401593331511342
2018-10-24,0.17547245945945944
2018-10-25,0.17735528676270726
2018-10-26,0.17907668295331158
2018-10-29,0.18020940379403796
2018-10-30,0.1822389812040316
2018-10-31,0.17852998609179416
2018-11-01,0.24947608634707033
2018-11-02,0.2474451394759087
2018-11-05,0.23199164095371672
2018-11-07,0.20661157835716287
2018-11-08,0.15546538028169016
2018-11-09,0.1553663559322034
2018-11-12,0.1831099494097808
2018-11-13,0.18224230235783637
2018-11-14,0.1824750974930362
2018-11-15,0.18696832177531209
2018-11-16,0.18752930698580575
2018-11-20,0.18618507462686568
2018-11-21,0.18871841125362018
2018-11-22,0.18843038356164385
2018-11-23,0.18921476063829787
2018-11-26,0.1906759539052497
2018-11-27,0.18913603112840469
2018-11-28,0.19112418096723868
2018-11-29,0.19357335630965006
2018-12-03,0.22262293150684934
2018-12-04,0.21853147058823527
2018-12-05,0.21416945260347126
2018-12-06,0.21840259946949597
2018-12-07,0.20538098930481286
2018-12-10,0.16877636749867236
2018-12-11,0.1830898175085956
2018-12-12,0.1869019154030327
2018-12-13,0.18729748876553
2018-12-14,0.18590471574534975
2018-12-17,0.18597386304234187
2018-12-18,0.1868879508625196
2018-12-19,0.1898325775345322
2018-12-20,0.19029132720105127
2018-12-21,0.18876829493087557
2018-12-26,0.18913246113989635
2018-12-27,0.18917895561357703
2018-12-28,0.18954472148541113
2018-12-31,0.18898233421750663
2019-01-02,0.18545306772908365
2019-01-03,0.18358728971962615
2019-01-04,0.18813259298902865
2019-01-07,0.1854771478354108
2019-01-08,0.18179505319148934
2019-01-09,0.18257503344929088
2019-01-10,0.18429781553398059
2019-01-11,0.18257837398373986
2019-01-14,0.1835030810810811
2019-01-15,0.1833920215633423
2019-01-16,0.18699277333333333
2019-01-17,0.18667165208167594
2019-01-18,0.18731152208621607
2019-01-21,0.18780400530503977
2019-01-22,0.187522275512923
2019-01-23,0.18928639510117146
2019-01-24,0.18977491978609626
2019-01-25,0.1897965433432352
2019-01-28,0.18746250336473755
2019-01-29,0.18805122015915118
2019-01-30,0.18988304452146093
2019-01-31,0.19250760374832665
2019-02-01,0.1853224643529728
2019-02-04,0.1916847270771713
2019-02-05,0.19231879032258062
2019-02-06,0.1917619136460554
2019-02-07,0.18907882072977258
2019-02-08,0.19050885072655216
2019-02-11,0.1891968609865471
2019-02-12,0.19018999736772832
2019-02-13,0.18928281004709577
2019-02-14,0.18893233908948195
2019-02-15,0.18905378042465043
2019-02-18,0.18854051546391754
2019-02-19,0.18925772854596382
2019-02-20,0.18779694983614822
2019-02-21,0.187818112825702
2019-02-22,0.18804767975522693
2019-02-25,0.18861517580475812
2019-02-26,0.18825302289683563
2019-02-27,0.188203400309119
2019-02-28,0.18738171136653897
2019-03-01,0.1834458427530771
2019-03-06,0.18401295705521473
2019-03-07,0.18303284705882353
2019-03-08,0.18344922330097085
2019-03-11,0.18354012106537532
2019-03-12,0.1832407951807229
2019-03-13,0.1828721844660194
2019-03-14,0.18285212165808193
2019-03-15,0.1833584
2019-03-18,0.182952475
2019-03-19,0.18266508641975307
2019-03-20,0.18328780905752753
2019-03-21,0.18283205846528625
2019-03-22,0.17388279904306223
2019-03-25,0.17934001901140686
2019-03-26,0.18529155722326454
2019-03-27,0.18691588785046728
2019-03-28,0.18072071968828787
2019-03-29,0.17771773933102653
2019-04-01,0.1879346054788106
2019-04-03,0.18608112899463497
2019-04-04,0.17907026030868464
2019-04-05,0.17772406100614616
2019-04-08,0.17587675057208235
2019-04-09,0.17562964244521337
2019-04-10,0.17575310392931878
2019-04-11,0.17447745029239764
2019-04-12,0.1728130393551446
2019-04-15,0.1722563911580971
2019-04-16,0.17365935362113705
2019-04-17,0.17468164677804296
2019-04-22,0.17162961393596987
2019-04-23,0.17115375
2019-04-24,0.17017799772468714
2019-04-25,0.1685204008908686
2019-04-26,0.1685175549271264
2019-04-29,0.1681011393119007
2019-04-30,0.16762491506228766
2019-05-02,0.1923261830357143
2019-05-03,0.1852709495949595
2019-05-06,0.16396936170212767
2019-05-07,0.16243258327818222
2019-05-08,0.16158221729490022
2019-05-09,0.1614543867403315
2019-05-10,0.16565341517857143
2019-05-13,0.16524281596452328
2019-05-14,0.16611569935512563
2019-05-15,0.16673057777777778
2019-05-16,0.16588423755302523
2019-05-17,0.1653111111111111
2019-05-20,0.16599161318875857
2019-05-21,0.1652673888764798
2019-05-22,0.16368755011135858
2019-05-23,0.16398010645375913
2019-05-24,0.1643979696564034
2019-05-27,0.16487228539576365
2019-05-28,0.16574128440366973
2019-05-29,0.1661350281214848
2019-05-30,0.17036065095398428
2019-05-31,0.17148833780160858
2019-06-03,0.1839351014040562
2019-06-04,0.17774616416908967
2019-06-05,0.1643547216035635
2019-06-06,0.172980436234142
2019-06-07,0.17175047937569676
2019-06-10,0.17340037861915367
2019-06-11,0.17233950782997762
2019-06-12,0.17246134646210212
2019-06-13,0.17058441318884024
2019-06-14,0.16990043211280417
2019-06-18,0.1714942272309108
2019-06-19,0.171850831408776
2019-06-21,0.17188331385837813
2019-06-24,0.17196015551366636
2019-06-25,0.1725178857951864
2019-06-26,0.17319314299087293
2019-06-27,0.17331622950819672
2019-06-28,0.17270560252455078
2019-07-01,0.18561484540948786
2019-07-02,0.1890323222748815
2019-07-03,0.183170306923626
2019-07-04,0.17774617590822178
2019-07-05,0.1624405017921147
2019-07-10,0.1759850549976088
2019-07-11,0.1762704556354916
2019-07-12,0.17509146634615383
2019-07-15,0.17474573113207548
2019-07-16,0.1752448898265354
2019-07-17,0.17589221176470587
2019-07-18,0.17710084805653709
2019-07-19,0.17681902404526167
2019-07-22,0.17599126030624263
2019-07-23,0.1752633145804032
2019-07-24,0.17518042920457197
2019-07-25,0.17534323264929677
2019-07-26,0.17652249134948098
2019-07-29,0.1780975587497148
2019-07-30,0.1798852264966993
2019-07-31,0.18055863719234275
2019-08-01,0.1873560865644725
2019-08-02,0.1904974020156775
2019-08-05,0.16159527368652452
2019-08-06,0.17151324503311258
2019-08-07,0.17419835490239088
2019-08-08,0.18334157452454666
2019-08-09,0.1817859447513812
2019-08-12,0.1798604716981132
2019-08-13,0.1796005017921147
2019-08-14,0.17857279801324505
2019-08-15,0.17948202620087336
2019-08-16,0.17934645454545456
2019-08-20,0.17457185388127855
2019-08-21,0.17487713558705925
2019-08-22,0.17350568161190777
2019-08-23,0.1733853309156845
2019-08-26,0.17181244347983363
2019-08-27,0.17147657193605684
2019-08-28,0.17220001721170394
2019-08-29,0.17132968911917099
2019-08-30,0.17152658376743404
2019-09-02,0.1892577142857143
2019-09-03,0.18384042515183996
2019-09-04,0.17554637499999998
2019-09-05,0.16149087662917339
2019-09-06,0.1715118595485489
2019-09-09,0.17382536594073544
2019-09-10,0.1733793251205142
2019-09-11,0.17385256318974723
2019-09-12,0.17660666666666666
2019-09-13,0.17575000891106754
2019-09-16,0.17450787135749823
2019-09-17,0.17527254867256636
2019-09-18,0.17641972753007784
2019-09-19,0.17516814566024394
2019-09-20,0.17416444326804306
2019-09-23,0.1747243675333802
2019-09-24,0.17538936170212766
2019-09-25,0.17575309377738826
2019-09-26,0.17660978849851425
2019-09-27,0.17653808443824145
2019-09-30,0.17700368119465185
2019-10-01,0.1828888965995836
2019-10-02,0.18262504323763404
2019-10-03,0.18438276459379874
2019-10-04,0.17576854321843063
2019-10-07,0.1761897130013831
2019-10-08,0.18197699222126187
2019-10-09,0.17341541645111225
2019-10-10,0.17141778199379099
2019-10-11,0.16975622739018087
2019-10-15,0.16990619529775183
2019-10-16,0.1697504627407966
2019-10-17,0.17190990929199743
2019-10-18,0.1729505227077978
2019-10-21,0.1708437873867715
2019-10-22,0.17258934356351238
2019-10-23,0.17457794915254235
2019-10-24,0.17346052144659377
2019-10-25,0.17327717952992164
2019-10-28,0.17450788235294118
2019-10-29,0.1744774340003363
2019-10-30,0.17520805425318153
2019-10-31,0.1747854365677895
2019-11-01,0.17246731380753136
2019-11-04,0.17208740368509212
2019-11-05,0.1671486001676446
2019-11-07,0.17627978187919463
2019-11-08,0.18197699159663866
2019-11-11,0.1729535112593828
2019-11-12,0.17326517587939697
2019-11-13,0.17419477561955796
2019-11-14,0.17389790689886134
2019-11-15,0.17410378749790514
2019-11-19,0.17539242754230192
2019-11-20,0.17508535074501927
2019-11-21,0.1754909197324415
2019-11-22,0.17502712062907813
2019-11-25,0.17400988109194437
2019-11-26,0.17347257257257256
2019-11-27,0.17307025263510123
2019-11-28,0.1736502923976608
2019-11-29,0.17391001001001
2019-12-02,0.1651445769070446
2019-12-03,0.1659420442219441
2019-12-04,0.16524281897127588
2019-12-05,0.16393978494623657
2019-12-06,0.17247921254587922
2019-12-09,0.17674713487363417
2019-12-10,0.16997263157894738
2019-12-11,0.1732531639220931
2019-12-12,0.1728907297500627
2019-12-13,0.17206964691721277
2019-12-16,0.17098692635626514
2019-12-17,0.17016352085597258
2019-12-18,0.16862837080999749
2019-12-19,0.16827650254952772
2019-12-20,0.16853458162668225
2019-12-23,0.16813220536756127
2019-12-26,0.16856299883119052
2019-12-27,0.1678528163128865
2019-12-30,0.16827650692937052
2019-12-31,0.16806156286525295
2020-01-02,0.16783873610298422
2020-01-03,0.1673556131405166
2020-01-06,0.16757716291900027
2020-01-07,0.16747611803059434
2020-01-08,0.16933653765777815
2020-01-09,0.17031421884142775
2020-01-10,0.1703780593821051
2020-01-13,0.1704477731442869
2020-01-14,0.16999573759573758
2020-01-15,0.1702446371976647
2020-01-16,0.17063097957482284
2020-01-17,0.1695863678026831
2020-01-20,0.16906170496170494
2020-01-21,0.16864259567387688
2020-01-22,0.16888182120859
2020-01-23,0.168279327563249
2020-01-24,0.1682764973124095
2020-01-27,0.16811808210071463
2020-01-28,0.1683161515453639
2020-01-29,0.1675743483313963
2020-01-30,0.16714859751037345
2020-01-31,0.16721289146644572
2020-02-03,0.16710112452455764
2020-02-04,0.16749014526246286
2020-02-05,0.16703413104472684
2020-02-06,0.16702855495139232
2020-02-07,0.16611294833826915
2020-02-10,0.16607432188658203
2020-02-11,0.16625656506160116
2020-02-12,0.16512820722206797
2020-02-13,0.16554097639642282
2020-02-14,0.16534117053645517
2020-02-17,0.16534664093791046
2020-02-18,0.16488046122409264
2020-02-19,0.16434123345591212
2020-02-20,0.16382430529705935
2020-02-21,0.1640123870049645
2020-02-26,0.16225862874261143
2020-02-27,0.1617154765928
2020-02-28,0.16031549590098054
2020-03-02,0.16710392071828972
2020-03-03,0.16438986342261952
2020-03-04,0.16442499077919787
2020-03-05,0.16322533203031128
2020-03-06,0.16391022727272728
2020-03-09,0.1625963377578762
2020-03-10,0.16312681142053717
2020-03-11,0.16141528642093503
2020-03-12,0.15871755360639297
2020-03-13,0.15797038108713968
2020-03-16,0.15533255603673915
2020-03-17,0.1561255797021162
2020-03-18,0.15417822516974578
2020-03-19,0.1527463689436498
2020-03-20,0.1525599498196644
2020-03-25,0.15587249024199842
2020-03-26,0.15638194585000545
2020-03-27,0.15551373255290407
2020-03-30,0.15200570816981807
2020-04-01,0.1493294952656945
2020-04-02,0.15127218788627936
2020-04-03,0.14821181636111538
2020-04-06,0.1474969687644253
2020-04-07,0.14764723601100369
2020-04-08,0.14752090239410684
2020-04-13,0.14718219639033345
2020-04-14,0.14670714503816795
2020-04-15,0.14451283926911412
2020-04-16,0.14390766656525708
2020-04-17,0.1441275129061646
2020-04-20,0.14409636253410124
2020-04-21,0.14322747768194885
2020-04-22,0.14308197191605013
2020-04-23,0.14370499095295539
2020-04-24,0.14312703597772092
2020-04-27,0.14312089283030213
2020-04-28,0.14314137775776678
2020-04-29,0.14372358052434456
2020-04-30,0.1430717384799521
2020-05-04,0.14188622441356638
2020-05-05,0.14122697014925373
2020-05-06,0.13898153502235472
2020-05-07,0.1403685965173389
2020-05-08,0.14063114315445222
2020-05-11,0.14139070803028053
2020-05-12,0.1429980877557071
2020-05-13,0.14336505774355937
2020-05-14,0.14426682436428148
2020-05-15,0.14483516905359514
2020-05-18,0.14525381893246833
2020-05-19,0.1473882768777614
2020-05-20,0.14719735294117647
2020-05-21,0.14714969892788954
2020-05-22,0.14674590789087708
2020-05-26,0.14846266295591037
2020-05-27,0.14754267115272088
2020-05-28,0.14673082542001462
2020-05-29,0.1462972133060986
2020-06-01,0.1469140609063092
2020-06-02,0.14929605588706157
2020-06-03,0.1483173375962796
2020-06-04,0.14788741654571844
2020-06-05,0.14764287577909843
2020-06-08,0.14726889114070643
2020-06-09,0.14706747144715915
2020-06-10,0.1471800173260179
2020-06-11,0.14614326936949934
2020-06-12,0.1463893037336024
2020-06-16,0.14619241488291912
2020-06-17,0.14616035596382948
2020-06-18,0.1458065959277316
2020-06-19,0.14600458452722062
2020-06-22,0.14609416892954122
2020-06-23,0.14604082536055976
2020-06-24,0.14588743223965764
2020-06-25,0.14591723204104903
2020-06-26,0.14586614924522928
2020-06-29,0.1458661505681818
2020-06-30,0.14591084303150725
2020-07-01,0.14598752127056155
2020-07-02,0.14592361858883537
2020-07-03,0.14567277746319365
2020-07-06,0.14570463146003954
2020-07-07,0.14585764075067023
2020-07-08,0.14568126585847194
2020-07-13,0.14576621280179675
2020-07-14,0.14560914446002807
2020-07-15,0.14585763733183857
2020-07-16,0.14581085130215626
2020-07-17,0.1457789591494124
2020-07-20,0.1458150990789841
2020-07-21,0.14648365867261573
2020-07-22,0.14596408470325994
2020-07-23,0.14609844097995545
2020-07-24,0.1460834909596662
2020-07-27,0.14508312985571586
2020-07-28,0.14374837815359023
2020-07-29,0.14321927977839335
2020-07-30,0.14320697481317465
2020-07-31,0.1432356886061947
2020-08-03,0.1435337975730833
2020-08-04,0.14490442331541958
2020-08-05,0.14186207656293032
2020-08-06,0.1379348280605227
2020-08-07,0.13731735605331868
2020-08-10,0.13683820424948595
2020-08-11,0.13787968493150685
2020-08-12,0.1370482546201232
2020-08-13,0.13655417863493366
2020-08-14,0.1354499589939858
2020-08-18,0.13556564032697546
2020-08-19,0.13713282525857376
2020-08-20,0.136399592003264
2020-08-21,0.13676334601793966
2020-08-24,0.13557482707174826
2020-08-25,0.13521918439235875
2020-08-26,0.135606079068508
2020-08-27,0.13596562077360022
2020-08-28,0.13644983783783785
2020-08-31,0.135917578862227
2020-09-01,0.1357552053872054
2020-09-02,0.1353179897739505
2020-09-03,0.13447727883839744
2020-09-04,0.13417775389575498
2020-09-07,0.13405004688546548
2020-09-08,0.1335523490831214
2020-09-09,0.13349351344121976
2020-09-10,0.13427684393372527
2020-09-11,0.1337238018956081
2020-09-14,0.1333991347177849
2020-09-15,0.1334774837079399
2020-09-16,0.13326935548172755
2020-09-17,0.13245383696229424
2020-09-18,0.13215102149111171
2020-09-21,0.13120604577325043
2020-09-22,0.13045463317911432
2020-09-23,0.13002040412044374
2020-09-24,0.13118710741620482
2020-09-25,0.1304835596572182
2020-09-28,0.1282955824349198
2020-09-29,0.12767803468208092
2020-09-30,0.12937613546862692
2020-10-01,0.1291055606557377
2020-10-02,0.1286206627680312
2020-10-05,0.12881782885339566
2020-10-06,0.12844224182667358
2020-10-07,0.12682789521462848
2020-10-08,0.12596202827130074
2020-10-09,0.12739664290343486
2020-10-13,0.12631046106160404
2020-10-14,0.12645101961796593
2020-10-15,0.12609544339744416
2020-10-16,0.12627697368421054
2020-10-19,0.12670577468419697
2020-10-20,0.1271488027806385
2020-10-21,0.12814105466237943
2020-10-22,0.12601123206967213
2020-10-23,0.12559342122104186
2020-10-26,0.12368582928699207
2020-10-27,0.1224514687100894
2020-10-28,0.12084737581407229
2020-10-29,0.1204151851851852
2020-10-30,0.11938872574055158
2020-11-02,0.11859440843817512
2020-11-03,0.11884529329785885
2020-11-04,0.11876483613817537
2020-11-05,0.11859723135271809
2020-11-09,0.12334865784499055
2020-11-10,0.12296190356288556
2020-11-11,0.12795740344697448
2020-11-12,0.13046143790849674
2020-11-13,0.13128183072100313
2020-11-16,0.12989037138927098
2020-11-17,0.13025920789605197
2020-11-18,0.13016595134123518
2020-11-19,0.13233814150473341
2020-11-20,0.13121636589919103
2020-11-24,0.12481433705080544
2020-11-25,0.1262179972768907
2020-11-26,0.12704541970577327
2020-11-27,0.12798524731713334
2020-11-30,0.1279688722174394
2020-12-01,0.12737554955176225
2020-12-02,0.1270583507178795
2020-12-03,0.12870179009318294
2020-12-04,0.128
2020-12-09,0.12778245977571917
2020-12-10,0.1264270424936077
2020-12-11,0.12777919961075296
2020-12-14,0.12677805942995757
2020-12-15,0.1276519689809766
2020-12-16,0.12811807068506414
2020-12-17,0.12989880304679
2020-12-18,0.13099121197489136
2020-12-21,0.13099979555021046
2020-12-22,0.13085065465465465
2020-12-23,0.13093460892514397
2020-12-28,0.13448271752085814
2020-12-29,0.13529053796715068
2020-12-30,0.13557851455733808
2020-12-31,0.1345442305407011
2021-01-04,0.13508219598583235
2021-01-05,0.1352521047046339
2021-01-06,0.13684383464845132
2021-01-07,0.13581051764705881
2021-01-08,0.13589726268796992
2021-01-11,0.13387418296825582
2021-01-12,0.13357733707733707
2021-01-13,0.13492727060198714
2021-01-14,0.13594344932274638
2021-01-15,0.13426603685560998
2021-01-18,0.13370413568773235
2021-01-19,0.13389569655492403
2021-01-20,0.1350220034742328
2021-01-21,0.1353106675922712
2021-01-22,0.1349145315929306
2021-01-25,0.13524844649021864
2021-01-26,0.13618226844403586
2021-01-27,0.13549768109287108
2021-01-28,0.13615074541284403
2021-01-29,0.13669418298408337
2021-02-01,0.13942528538812785
2021-02-02,0.13921759407069556
2021-02-03,0.13987578587699318
2021-02-04,0.14051061312706176
2021-02-05,0.14161898863636366
2021-02-08,0.141215016445503
2021-02-09,0.14132278495354633
2021-02-10,0.14182184246265278
2021-02-11,0.1421464104013567
2021-02-12,0.14236294330246216
2021-02-17,0.14360182145266473
2021-02-18,0.14300218953514485
2021-02-19,0.14342058559569218
2021-02-22,0.14249885944313986
2021-02-23,0.141009918463085
2021-02-24,0.13933009589652096
2021-02-25,0.13714034540389972
2021-02-26,0.13465837230015587
2021-03-01,0.13725894105894104
2021-03-02,0.13584372712146423
2021-03-03,0.1343670619527873
2021-03-04,0.13353630523867538
2021-03-05,0.13242051565785104
2021-03-08,0.12908222369438005
2021-03-09,0.1307223692918597
2021-03-10,0.1327633377425044
2021-03-11,0.13342584269662922
2021-03-12,0.13230663731425427
2021-03-15,0.13256797715791785
2021-03-16,0.1332445078459344
2021-03-17,0.1320707346491228
2021-03-18,0.13706891566265061
2021-03-19,0.138869603765324
2021-03-22,0.12853966364529867
2021-03-23,0.1264110650371017
2021-03-25,0.12562971559333114
2021-03-26,0.12363079268292683
2021-03-29,0.12203902730932434
2021-03-30,0.11960864506307092
2021-03-31,0.1212003695652174
2021-04-05,0.12320277536860365
2021-04-06,0.12280486562635456
2021-04-07,0.12266476768114372
2021-04-08,0.12286672439922063
2021-04-09,0.12247847252271744
2021-04-12,0.12249497731691511
2021-04-13,0.12303755128481969
2021-04-14,0.12363385130031293
2021-04-15,0.12450509059534082
2021-04-16,0.12388810473009375
2021-04-19,0.12354831037451572
2021-04-20,0.12324681079918254
2021-04-21,0.1220539180909384
2021-04-22,0.12012877404104438
2021-04-23,0.11950429553264603
2021-04-26,0.1206549158357457
2021-04-27,0.12169594985535197
2021-04-28,0.12153473886986302
2021-04-29,0.1216707807486631
2021-04-30,0.12078170158187258
2021-05-03,0.12107710045905838
2021-05-04,0.12015620531426743
2021-05-05,0.12013166933333334
2021-05-06,0.12070880690905214
2021-05-07,0.1212812147043154
2021-05-10,0.12088974768444585
2021-05-11,0.12059526343799892
2021-05-12,0.1186267716535433
2021-05-13,0.11748395915328157
2021-05-14,0.11820471076137813
2021-05-17,0.12022842876872411
2021-05-18,0.11970026550552253
2021-05-19,0.11928049893842887
2021-05-20,0.1192990025466893
2021-05-21,0.11899237297125279
2021-05-26,0.1182480419136325
2021-05-27,0.11744119327197715
2021-05-28,0.1167119923857868
2021-05-31,0.11764706006544916
2021-06-01,0.11735436503747493
2021-06-02,0.11635890049593754
2021-06-03,0.11480133952114756
2021-06-04,0.11557352941176471
2021-06-07,0.11617504737839546
2021-06-08,0.11606448794863697
2021-06-09,0.11635077327722253
2021-06-10,0.11877189569971612
2021-06-11,0.11948430568695471
2021-06-14,0.11907171653543307
2021-06-15,0.11685928646379853
2021-06-16,0.11712344979540447
2021-06-17,0.1148158330711964
2021-06-18,0.11459478871762609
2021-06-22,0.11560293224421406
2021-06-23,0.11580239715272689
2021-06-24,0.11488047095761382
2021-06-25,0.11401338912133892
2021-06-28,0.11495838645626502
2021-06-29,0.11441778288580087
2021-06-30,0.11485803384872545
2021-07-01,0.1153815058479532
2021-07-02,0.11510923896022549
2021-07-05,0.11536819983312474
2021-07-06,0.11500729850901888
2021-07-07,0.11494913487596414
2021-07-08,0.11500465673507657
2021-07-12,0.1157849620147778
2021-07-13,0.11608739076154806
2021-07-14,0.11634941763727122
2021-07-15,0.11664120399251403
2021-07-16,0.117428777800873
2021-07-19,0.11640901256359672
2021-07-20,0.11679514220469171
2021-07-21,0.1166384806973848
2021-07-22,0.11673379317498185
2021-07-23,0.11687567931964322
2021-07-26,0.11682925212347213
2021-07-27,0.11671608159884023
2021-07-28,0.11670654176586275
2021-07-29,0.11825363203642385
2021-07-30,0.11877189988623435
2021-08-02,0.11961722285360056
2021-08-03,0.11890181799400888
2021-08-04,0.11801359082928845
2021-08-05,0.11716324698111259
2021-08-06,0.11584398348813209
2021-08-09,0.1155348144329897
2021-08-10,0.11613862722869216
2021-08-11,0.1155842230008244
2021-08-12,0.11661807973627279
2021-08-13,0.11725391823705077
2021-08-17,0.11849464267352186
2021-08-18,0.11802891516709513
2021-08-19,0.11718520764802631
2021-08-20,0.11775234816565616
2021-08-23,0.11848902464065708
2021-08-24,0.11878459722934838
2021-08-25,0.11930184653262206
2021-08-26,0.11934313544550394
2021-08-27,0.11977195571955718
2021-08-30,0.11916962439873095
2021-08-31,0.12030509515039903
2021-09-01,0.12038040499079566
2021-09-02,0.1208094245119084
2021-09-03,0.12021831187410587
2021-09-06,0.12077440530883103
2021-09-07,0.11980352076742526
2021-09-08,0.11808327721661055
2021-09-09,0.11852553799082101
2021-09-10,0.11820470996024059
2021-09-13,0.11854801914655261
2021-09-14,0.11838663068933919
2021-09-15,0.11854942493638677
2021-09-16,0.11716187182095625
2021-09-17,0.11562565067100448
2021-09-20,0.11524322567540118
2021-09-21,0.1158802274804509
2021-09-22,0.11568182556604732
2021-09-23,0.1140120864623503
2021-09-24,0.11300584415584415
2021-09-27,0.11336325661563419
2021-09-28,0.11269764848976283
2021-09-29,0.11178555510534846
2021-09-30,0.1123696475592465
2021-10-01,0.11285662516449033
2021-10-04,0.11285662553105402
2021-10-05,0.11266843968045302
2021-10-06,0.11257965022240193
2021-10-07,0.11263670911663634
2021-10-12,0.11061579372287819
2021-10-13,0.11020619451170298
2021-10-14,0.10874175070592983
2021-10-15,0.10835880217785843
2021-10-18,0.10743331318625969
2021-10-19,0.10745062934246298
2021-10-20,0.10849752390538502
2021-10-21,0.10543962966690149
2021-10-22,0.10408968709125666
2021-10-25,0.1043144451145959
2021-10-26,0.10478665126556849
2021-10-27,0.10529862518815855
2021-10-28,0.10492518808305748
2021-10-29,0.10398577015643802
2021-11-01,0.10496152690111211
2021-11-02,0.10418620068095333
2021-11-03,0.10340406365729156
2021-11-04,0.10309596838735494
2021-11-05,0.10311191715029017
2021-11-08,0.10330898281374899
2021-11-09,0.10280768155029468
2021-11-10,0.10186722915626559
2021-11-11,0.10100805630428271
2021-11-12,0.1001271602474556
2021-11-15,0.09939963099630997
2021-11-16,0.09714302522684215
2021-11-17,0.09431026407573494
2021-11-18,0.09069966138830794
2021-11-19,0.08869808879155884
2021-11-23,0.07862068211196183
2021-11-24,0.08210180878552971
2021-11-25,0.08327364918553834
2021-11-26,0.08102874007936509
2021-11-29,0.07806767386566277
2021-11-30,0.07432401941362916
2021-12-01,0.075257
2021-12-02,0.0728035212660732
2021-12-03,0.07292775800711744
2021-12-06,0.07248162519747235
2021-12-07,0.07365505817393019
2021-12-09,0.07254262359661216
2021-12-10,0.07217194485475135
2021-12-13,0.07243857423795477
2021-12-14,0.0695628021222244
2021-12-15,0.06757396385778826
2021-12-16,0.06387246319921491
2021-12-17,0.060918032947636785
2021-12-20,0.05829543718789778
2021-12-21,0.07669417057902973
2021-12-22,0.08031548014864072
2021-12-23,0.0890527468230694
2021-12-27,0.08686436512580456
2021-12-28,0.08450727928279086
2021-12-29,0.07904013439813011
2021-12-30,0.07544891939252336
2021-12-31,0.07558864875389408
2022-01-03,0.07704219417475729
2022-01-04,0.0739338733145795
2022-01-05,0.07345001939111886
2022-01-06,0.07227993025958931
2022-01-07,0.07190882068164214
2022-01-10,0.0723620423147522
2022-01-11,0.07224911162611046
2022-01-12,0.07556636766975308
2022-01-13,0.07367296906620412
2022-01-14,0.07402801425269645
2022-01-17,0.07433452449567723
2022-01-18,0.0737528367092253
2022-01-19,0.07462686108979279
2022-01-20,0.07500974978429681
2022-01-21,0.07433452175579836
2022-01-24,0.07393442074045728
2022-01-25,0.07412129611928886
2022-01-26,0.07366211079274117
2022-01-27,0.07324612007253985
2022-01-28,0.07391638687523845
2022-01-31,0.07433065130451343
2022-02-01,0.07472835806697108
2022-02-02,0.07416636882129278
2022-02-03,0.07377841610483335
2022-02-04,0.07373217911014136
2022-02-07,0.07353103709311128
2022-02-08,0.07371369306369308
2022-02-09,0.0738557937482293
2022-02-10,0.07423188378454863
2022-02-11,0.07417186999528969
2022-02-14,0.07351859721699887
2022-02-15,0.07338318775241852
2022-02-16,0.07335034715706512
2022-02-17,0.07361493390831536
2022-02-18,0.07319894174939127
2022-02-21,0.07321073430493273
2022-02-22,0.07265224367944771
2022-02-23,0.07244224459358688
2022-02-24,0.07109645185323152
2022-02-25,0.07250264308980922
2022-03-02,0.07087875474844806
2022-03-03,0.07074186799962973
2022-03-04,0.0703685193748266
2022-03-07,0.06961655293249723
2022-03-08,0.06905266212232866
2022-03-09,0.06825705741626793
2022-03-10,0.06738317550795256
2022-03-11,0.06778649889786922
2022-03-14,0.06763978021978022
2022-03-15,0.06797080131723382
2022-03-16,0.06813613929256923
2022-03-17,0.06799529723312939
2022-03-18,0.06758354603463992
2022-03-21,0.0674395198690552
2022-03-22,0.06744452621059327
2022-03-23,0.06732284443637683
2022-03-25,0.06741497553904693
2022-03-28,0.0674458890495121
2022-03-29,0.06856171268724058
2022-03-30,0.06823609883668501
2022-03-31,0.06815517520944059
2022-04-01,0.06806842152627789
2022-04-04,0.06804989692569688
2022-04-05,0.06792417188898836
2022-04-06,0.06786700348743628
2022-04-07,0.06784168080735911
2022-04-08,0.06779155670470756
2022-04-11,0.0681798010303784
2022-04-12,0.06853493260021283
2022-04-13,0.06853022926440648
2022-04-18,0.06825845287336091
2022-04-19,0.06823143786254174
2022-04-20,0.06814867497367498
2022-04-21,0.068005933911824
2022-04-22,0.06781592401295632
2022-04-25,0.06767090163934426
2022-04-26,0.06756802786242926
2022-04-27,0.06749915681502086
2022-04-28,0.06766403021357874
2022-04-29,0.0673169456248374
2022-05-02,0.06711454246954117
2022-05-03,0.06745954086476223
2022-05-04,0.06762833994138942
2022-05-05,0.06727301997245179
2022-05-06,0.06692006878761823
2022-05-09,0.0662501755888651
2022-05-10,0.06560474642948773
2022-05-11,0.06531849162965495
2022-05-12,0.06495446481876332
2022-05-13,0.06458405007238355
2022-05-16,0.06434468012896657
2022-05-17,0.06301236554586263
2022-05-19,0.06300879668751055
2022-05-20,0.06284407494935854
2022-05-23,0.0628800319488818
2022-05-24,0.062125690538158
2022-05-26,0.06113104430114731
2022-05-27,0.061668247595148475
2022-05-30,0.06103254728772602
2022-05-31,0.060922861896838605
2022-06-01,0.06098676861702128
2022-06-02,0.06070613481653662
2022-06-03,0.0607415313225058
2022-06-06,0.060348212368920816
2022-06-07,0.059644875917223186
2022-06-08,0.05836246191848497
2022-06-09,0.05906569643150797
2022-06-10,0.05838223171032104
2022-06-13,0.05801137367130008
2022-06-14,0.057871371428571426
2022-06-15,0.057928704156479216
2022-06-16,0.05781684022128213
2022-06-21,0.05768409476833508
2022-06-22,0.05765217601937828
2022-06-23,0.05762925060435133
2022-06-24,0.059558193818415976
2022-06-27,0.060436468607168635
2022-06-28,0.06002436934411788
2022-06-29,0.06020469449776071
2022-06-30,0.05988023636508824
2022-07-01,0.05965163810282981
2022-07-04,0.05952132592298531
2022-07-05,0.058973042789223454
2022-07-06,0.058008339267347095
2022-07-07,0.05790220448798988
2022-07-08,0.057845260252365936
2022-07-11,0.057535414212799375
2022-07-12,0.05776206599263265
2022-07-13,0.057379259896729776
2022-07-14,0.057321703125
2022-07-15,0.057670128654970766
2022-07-18,0.05726655030641533
2022-07-19,0.05698297971194053
2022-07-20,0.05684886381202659
2022-07-21,0.05643850131193085
2022-07-22,0.0563612070294435
2022-07-25,0.05609594325153374
2022-07-26,0.055974119987756345
2022-07-27,0.05586124054694065
2022-07-28,0.05580575045759609
2022-07-29,0.05581447398491658
2022-08-01,0.055868731518689825
2022-08-02,0.05572241301059002
2022-08-03,0.05565728741881892
2022-08-04,0.05575628015681545
2022-08-05,0.055795477462563026
2022-08-08,0.05569355394175339
2022-08-09,0.055843772880089654
2022-08-10,0.05596002237970906
2022-08-11,0.05572303567438742
2022-08-12,0.05574478044431236
2022-08-16,0.05578271632306214
2022-08-17,0.05570472220172656
2022-08-18,0.05535229013254786
2022-08-19,0.05523885584196225
2022-08-22,0.055305452283372365
2022-08-23,0.055202263599853967
2022-08-24,0.05508974115931462
2022-08-25,0.0550354730713246
2022-08-26,0.055051525054466234
2022-08-29,0.05498946645459804
2022-08-30,0.055006709956709955
2022-08-31,0.05492785266344699
2022-09-01,0.05492483636625189
2022-09-05,0.05488745366410037
2022-09-06,0.05487841491178144
2022-09-07,0.05486877840909091
2022-09-08,0.05483899397803754
2022-09-09,0.054851025604753155
2022-09-12,0.05486968653359573
2022-09-13,0.05478911488287277
2022-09-14,0.054826665733482646
2022-09-15,0.054752220670391066
2022-09-16,0.05471926560758082
2022-09-19,0.0546833552677149
2022-09-20,0.054620035951327445
2022-09-21,0.05456430395472427
2022-09-22,0.054533652521355745
2022-09-23,0.05432538503850385
2022-09-26,0.054170593463694794
2022-09-27,0.05407422392031112
2022-09-28,0.05395460302328748
2022-09-29,0.05408562589243218
2022-09-30,0.05398722508824328
2022-10-03,0.05392463738784322
2022-10-04,0.05381667676155865
2022-10-05,0.05383029285330467
2022-10-06,0.0538314544235925
2022-10-11,0.05380885924746168
2022-10-12,0.05381696901483051
2022-10-13,0.05390660938532716
2022-10-14,0.05378715378528093
2022-10-17,0.0538216
2022-10-18,0.05380625572569035
2022-10-19,0.05379236192714454
2022-10-20,0.05378802032440884
2022-10-21,0.053791202288835424
2022-10-24,0.05380509887553315
2022-10-25,0.05376748774825896
2022-10-26,0.05375159276658731
2022-10-27,0.05378021067505942
2022-10-28,0.053818125881297266
2022-10-31,0.053721846918615763
2022-11-01,0.05404061546286877
2022-11-02,0.05371175126903553
2022-11-03,0.05371463399189463
2022-11-04,0.053721272428607525
2022-11-07,0.05382565727552236
2022-11-08,0.05381030617995116
2022-11-09,0.05385348706411698
2022-11-10,0.05402426585198579
2022-11-11,0.05392986932171749
2022-11-14,0.05371867350723204
2022-11-15,0.05373801505057982
2022-11-16,0.05378715455160953
2022-11-17,0.053724161444894954
2022-11-18,0.05369790415492094
2022-11-22,0.053731955504224674
2022-11-23,0.05370684906576074
2022-11-24,0.053675425216391265
2022-11-25,0.05366764901262153
2022-11-28,0.053698769507803126
2022-11-29,0.053652964781983704
2022-11-30,0.0536670731707317
2022-12-01,0.053665341044598136
2022-12-02,0.053673121542031056
2022-12-05,0.05365267202648381
2022-12-06,0.05365756681810136
2022-12-07,0.053658716892289585
2022-12-12,0.053646630098617025
2022-12-13,0.0535796577614807
2022-12-14,0.05368464399883754
2022-12-15,0.05362447937815419
2022-12-16,0.05363281991893457
2022-12-19,0.05361901497695853
2022-12-20,0.05359688955326856
2022-12-21,0.05358655037870094
2022-12-22,0.05356559330774079
2022-12-23,0.05352516586593457
2022-12-26,0.05355038980253799
2022-12-27,0.053463641011076396
2022-12-28,0.053422227891156464
2022-12-29,0.053451640457065276
2022-12-30,0.05343821404380222
2023-01-02,0.05343278697726634
2023-01-03,0.05338714958510876
2023-01-04,0.053354959140266424
2023-01-05,0.05328161394880966
2023-01-06,0.05337517991631799
2023-01-09,0.05328331945138542
2023-01-10,0.05326118194921832
2023-01-11,0.05324728510544086
2023-01-12,0.053246720450903465
2023-01-13,0.05321328405141502
2023-01-16,0.05321186608122942
2023-01-17,0.053270546331305825
2023-01-18,0.05322433127290629
2023-01-19,0.05320280705586805
2023-01-20,0.05316406105205779
2023-01-23,0.053166605196073115
2023-01-24,0.05318130380637826
2023-01-25,0.05316010376695671
2023-01-26,0.053193184761493637
2023-01-27,0.05316433920586174
2023-01-30,0.05318130360205832
2023-01-31,0.05316010160427807
2023-02-01,0.05317593037535373
2023-02-02,0.053163208402196516
2023-02-03,0.05314343154983512
2023-02-06,0.05310167098514092
2023-02-07,0.05314738813845504
2023-02-08,0.053110692652093755
2023-02-09,0.05311407917564796
2023-02-10,0.053100824103721585
2023-02-13,0.053059968692929824
2023-02-14,0.05306813375696651
2023-02-15,0.053044209377274144
2023-02-16,0.05304927137893481
2023-02-17,0.053016082612971686
2023-02-22,0.05298265709156195
2023-02-23,0.05297928933490348
2023-02-24,0.05295488041700736
2023-02-27,0.052947030130582794
2023-02-28,0.05296245498351508
2023-03-01,0.05294815508427393
2023-03-02,0.052928255925607716
2023-03-03,0.05292013314504741
2023-03-06,0.05290473562757098
2023-03-07,0.052851327123397435
2023-03-08,0.05278799699924981
2023-03-09,0.052744285286484324
2023-03-10,0.05273454889652768
2023-03-13,0.05271953829386703
2023-03-14,0.052705087345969216
2023-03-15,0.052656797985781996
2023-03-16,0.05263158076278703
2023-03-17,0.052609152158945606
2023-03-20,0.052588676477778325
2023-03-21,0.05256158911325724
2023-03-22,0.052522665303340155
2023-03-23,0.05249178734570901
2023-03-27,0.05239112911001832
2023-03-28,0.052313019630484986
2023-03-29,0.05221086893903024
2023-03-30,0.0521637518577113
2023-03-31,0.052117535046170047
2023-04-03,0.05209093026572229
2023-04-04,0.05203049150773318
2023-04-05,0.05193698986838368
2023-04-10,0.051903294437415065
2023-04-11,0.051837911676646704
2023-04-12,0.05177966766243465
2023-04-13,0.05171005217067263
2023-04-14,0.05163795443979544
2023-04-17,0.05157749792032536
2023-04-18,0.051557555084355125
2023-04-19,0.05155037704616517
2023-04-20,0.05153576769576586
2023-04-21,0.051543202306319494
2023-04-24,0.05153629717088234
2023-04-25,0.05146097704532078
2023-04-26,0.051486676896691785
2023-04-27,0.051450387387387386
2023-04-28,0.05141097539069516
2023-05-02,0.051372940129089696
2023-05-03,0.05134472024866785
2023-05-04,0.05131336730172796
2023-05-05,0.05126811491712707
2023-05-08,0.05126443663518559
2023-05-09,0.051221898706424025
2023-05-10,0.05115769803063457
2023-05-11,0.05111167685589519
2023-05-12,0.051058961605584645
2023-05-15,0.0508424577373212
2023-05-16,0.050678585028126354
2023-05-17,0.05059653356356572
2023-05-18,0.050509133993968114
2023-05-19,0.050472932330827065
2023-05-22,0.050421271602304245
2023-05-23,0.05036185145775697
2023-05-24,0.050253022269353124
2023-05-29,0.049752977964323195
2023-05-30,0.04902561440234457
2023-05-31,0.04825113569937369
2023-06-01,0.04803789386056192
2023-06-02,0.04782194727008512
2023-06-05,0.04705727422680412
2023-06-06,0.046486980472764644
2023-06-07,0.04305464065708419
2023-06-08,0.042853896502352225
2023-06-09,0.04278239640743009
2023-06-12,0.042322487844408424
2023-06-13,0.042319623634156214
2023-06-14,0.042436536290322575
2023-06-15,0.04227042883027985
2023-06-16,0.042311028262176795
2023-06-21,0.04245238832638475
2023-06-22,0.04054015835312748
2023-06-23,0.039608351778656126
2023-06-26,0.03847189709347997
2023-06-27,0.03842547698334965
2023-06-28,0.03839419972640219
2023-06-29,0.03840393442622951
2023-06-30,0.03841455395403194
2023-07-03,0.038515606824350526
2023-07-04,0.03844852515905147
2023-07-05,0.03833826589595375
2023-07-06,0.03832283794162827
2023-07-07,0.03832930268199233
2023-07-10,0.03833870857142857
2023-07-11,0.038298180091185414
2023-07-12,0.038241064192387805
2023-07-13,0.038359443919046714
2023-07-14,0.038200305602716464
2023-07-17,0.03795786691658857
2023-07-18,0.03712613861386139
2023-07-19,0.0373351670087703
2023-07-20,0.03727685150725717
2023-07-21,0.037120901837075525
2023-07-24,0.03710643911439114
2023-07-25,0.03712531296023564
2023-07-26,0.037117321100917436
2023-07-27,0.03710120834859026
2023-07-28,0.037128344903178664
2023-07-31,0.037170575840145326
2023-08-01,0.03710423682781098
2023-08-02,0.037090198269646726
2023-08-03,0.037079611650485435
2023-08-04,0.03706133166278861
2023-08-07,0.037029357344632766
2023-08-08,0.03701030612244898
2023-08-09,0.03701290899526565
2023-08-10,0.036994150943396226
2023-08-11,0.0369732242909344
2023-08-14,0.03696884983569081
2023-08-15,0.036951774285714285
2023-08-16,0.03694508358336905
2023-08-17,0.03690036862408916
2023-08-18,0.036880771538791254
2023-08-22,0.036765246463780536
2023-08-23,0.0367744392056008
2023-08-24,0.03896615142857143
2023-08-25,0.03767485861182519
2023-08-28,0.037783329047006715
2023-08-29,0.03765315428571429
2023-08-30,0.03743846
2023-08-31,0.03751374
2023-09-01,0.03743173379034562
2023-09-04,0.03734966857142857
2023-09-05,0.03733878857142857
2023-09-06,0.03728366285714286
2023-09-07,0.03726809829975711
2023-09-08,0.03724755536505215
2023-09-11,0.03720390341477354
2023-09-12,0.03718273753393342
2023-09-13,0.03711938580202828
2023-09-14,0.03711084571428572
2023-09-15,0.03706009714285714
2023-09-18,0.03700825142857143
2023-09-19,0.03699031861694528
2023-09-20,0.03699113967437875
2023-09-21,0.036877508571428574
2023-09-22,0.03681356377660334
2023-09-25,0.036749844307956005
2023-09-26,0.03668620857142857
2023-09-27,0.036615685714285716
2023-09-28,0.03647026139122982
2023-09-29,0.03647079297042435
2023-10-02,0.03639116126267676
2023-10-03,0.03634989001571204
2023-10-04,0.03628157428571429
2023-10-05,0.03629066
2023-10-06,0.0362212539274493
2023-10-09,0.03608258497572122
2023-10-10,0.03606931162524992
2023-10-11,0.03605409597257926
2023-10-12,0.036034996428061156
2023-10-17,0.03581084832904884
2023-10-18,0.035704595829762924
2023-10-19,0.03575425346478068
2023-10-20,0.0357228346906701
2023-10-23,0.03561760822974711
2023-10-24,0.03557149021288756
2023-10-25,0.03556326763781776
2023-10-26,0.03549963994856408
2023-10-27,0.035472941848835544
2023-10-30,0.0353815716530933
2023-10-31,0.03533980857142857
2023-11-01,0.035297273896270895
2023-11-02,0.035244650099971436
2023-11-03,0.03521622679234504
2023-11-07,0.03509141428571429
2023-11-08,0.03509486212316045
2023-11-09,0.03512691241605943
2023-11-10,0.03502761823117589
2023-11-13,0.03496222317473925
2023-11-14,0.0349158354755784
2023-11-15,0.03487297634225811
2023-11-16,0.03487893620031122
2023-11-17,0.03485279841785563
2023-11-21,0.034744419159994384
2023-11-22,0.03467730958058634
2023-11-23,0.0346937918475977
2023-11-24,0.03463275447427293
2023-11-27,0.034589270194986074
2023-11-28,0.034601716272600835
2023-11-29,0.034575875
2023-11-30,0.03465699861303745
2023-12-01,0.034600639711991135
2023-12-04,0.03458281142226514
2023-12-05,0.03459872486918204
2023-12-06,0.034581974154522965
2023-12-07,0.03457288571428571
2023-12-11,0.03448299767727832
2023-12-12,0.03442755628325829
2023-12-13,0.0344210375648478
2023-12-14,0.03452728669581511
2023-12-15,0.034462080888777925
2023-12-18,0.03440919386992275
2023-12-19,0.0343750108946025
2023-12-20,0.034328398656215
2023-12-21,0.03429319945287242
2023-12-22,0.034211075489282386
2023-12-26,0.034105481811984875
2023-12-27,0.03400932499380729
2023-12-28,0.033961969181261216
2023-12-29,0.0338739612839384
2024-01-02,0.033629045269520166
2024-01-03,0.03359797312291949
2024-01-04,0.03360418257977085
2024-01-05,0.0335098177788722
2024-01-08,0.033448731875153605
2024-01-09,0.03341933202357564
2024-01-10,0.03337327033991901
2024-01-11,0.03336068923227864
2024-01-12,0.033223694852941174
2024-01-15,0.033247223581213306
2024-01-16,0.03323849284928493
2024-01-17,0.03319061324212069
2024-01-18,0.03317596923828125
2024-01-19,0.03311620104916433
2024-01-22,0.03305031288044802
2024-01-23,0.033037210122886
2024-01-24,0.03313079401750973
2024-01-25,0.03303830133657351
2024-01-26,0.03298751426836673
2024-01-29,0.03295207828405235
2024-01-30,0.03294740947075209
2024-01-31,0.03294013794772507
2024-02-01,0.032970221308501635
2024-02-02,0.03282778556750877
2024-02-05,0.03272369119420989
2024-02-06,0.03272572513562387
2024-02-07,0.03268283546133462
2024-02-08,0.032678777991813145
2024-02-09,0.03258294839408156
2024-02-14,0.03252392133349322
2024-02-15,0.032539690832834034
2024-02-16,0.032423423952095805
2024-02-19,0.03238677542727381
2024-02-20,0.032339225991399906
2024-02-21,0.03225379878267096
2024-02-22,0.032277951807228915
2024-02-23,0.032195646680176424
2024-02-26,0.032131610754223175
2024-02-27,0.0321083985257401
2024-02-28,0.03205138529167162
2024-02-29,0.03199262882925671
2024-03-01,0.03188928071216617
2024-03-04,0.0316734336492891
2024-03-05,0.031649375147928996
2024-03-06,0.03148604730928445
2024-03-07,0.031418975177304964
2024-03-08,0.031313409332545776
2024-03-11,0.031241409198113208
2024-03-12,0.031188305244549207
2024-03-13,0.03116565744555621
2024-03-14,0.03113005176470588
2024-03-15,0.031062557319223985
2024-03-18,0.030956972434017595
2024-03-19,0.030917635404454864
2024-03-20,0.030878397420867523
2024-03-21,0.031251073770491807
2024-03-22,0.031215077823288473
2024-03-25,0.031082253504672898
2024-03-26,0.03107906479859895
2024-03-27,0.030998428904428905
2024-04-03,0.03130939024390244
2024-04-04,0.03136467672663958
2024-04-05,0.031228432463768115
2024-04-08,0.031201344907407405
2024-04-09,0.030996122614227874
2024-04-10,0.030962149132947977
2024-04-11,0.03094835008665511
2024-04-12,0.030904354298903636
2024-04-15,0.030846394009216592
2024-04-16,0.03075806332757628
2024-04-17,0.03078457619321449
2024-04-18,0.030747377011494253
2024-04-19,0.030686330464716007
2024-04-22,0.030756170871559633
2024-04-23,0.03071130429799427
2024-04-24,0.030712059564719358
2024-04-25,0.030781827231121283
2024-04-26,0.03081341257142857
2024-04-29,0.030859054192812322
2024-04-30,0.030868771249286935
2024-05-02,0.03089996127562642
2024-05-03,0.030918305065452477
2024-05-06,0.030987957954545457
2024-05-07,0.030994776831345827
2024-05-08,0.031007559841179807
2024-05-09,0.03101496485260771
2024-05-10,0.03101660056657224
2024-05-13,0.03105204298642534
2024-05-14,0.03094758418079096
2024-05-15,0.031038356860530775
2024-05-16,0.031003233634311515
2024-05-17,0.03101054032712916
2024-05-20,0.031062363534046147
2024-05-21,0.031069409448818898
2024-05-22,0.031044812816188868
2024-05-23,0.031066899999999998
2024-05-24,0.031013714766984838
2024-05-27,0.031082542809177393
2024-05-28,0.031039898153329602
2024-05-29,0.031004387241186347
2024-05-30,0.031067960850111858
2024-05-31,0.03102911111111111
2024-06-03,0.03105773355629877
2024-06-04,0.030648334448160536
2024-06-05,0.0309591775180857
2024-06-06,0.031017465478841873
2024-06-07,0.030908174638487208
2024-06-10,0.030863054323725055
2024-06-11,0.03091429046563193
2024-06-12,0.030975960066555744
2024-06-13,0.03094337028824834
2024-06-14,0.030535096845600445
2024-06-18,0.030678987845303866
2024-06-19,0.030736885950413222
2024-06-24,0.03038257787561915
2024-06-25,0.030350487348734873
2024-06-26,0.030432136114160263
2024-06-27,0.030461522764673617
2024-06-28,0.03054591666666667
2024-07-01,0.030605936542669583
2024-07-02,0.030722155276107162
2024-07-03,0.030713474316939892
2024-07-04,0.03071139847161572
2024-07-05,0.030629653594771242
2024-07-08,0.0305815078933043
2024-07-10,0.030435748776508974
2024-07-11,0.030454286956521737
2024-07-12,0.03029357460661964
2024-07-15,0.030293208017334778
2024-07-16,0.030253707634001082
2024-07-17,0.03022983766233766
2024-07-18,0.03023641815235008
2024-07-19,0.030294309433962264
2024-07-22,0.03039837021046951
2024-07-23,0.03045558468176915
2024-07-24,0.030471175646551725
2024-07-25,0.03026442043010753
2024-07-26,0.030353159420289856
2024-07-29,0.03026277145922747
2024-07-30,0.03022709597855228
2024-07-31,0.030178931330472104
2024-08-01,0.030208103965702036
2024-08-02,0.03013273475935829
2024-08-05,0.030004260823089254
2024-08-06,0.029770765616657768
2024-08-07,0.02987080832888414
2024-08-08,0.029852261472785486
2024-08-09,0.029855202342917997
2024-08-12,0.029807770090473657
2024-08-13,0.02981479000531632
2024-08-14,0.029758273113708822
2024-08-15,0.029732172065852363
2024-08-16,0.029672270127118643
2024-08-19,0.029622870762711865
2024-08-20,0.029519685547908948
2024-08-21,0.029492174603174603
2024-08-22,0.029475570824524313
2024-08-23,0.029416350026357407
2024-08-26,0.029409083640189376
2024-08-27,0.029400350526315792
2024-08-28,0.02936271195365982
2024-08-29,0.029353231335436384
2024-08-30,0.02934849292081804
2024-09-02,0.029498090241343127
2024-09-03,0.029427517566858942
2024-09-04,0.029391104243059196
2024-09-05,0.02946080880041907
2024-09-06,0.029425525052192068
2024-09-09,0.029366591549295773
2024-09-10,0.029379533402922757
2024-09-11,0.029415139280125194
2024-09-12,0.0294909567933368
2024-09-13,0.029486521829521828
2024-09-16,0.029417388773388772
2024-09-17,0.02932585758835759
2024-09-18,0.029331964711987547
2024-09-19,0.029411504929942916
2024-09-20,0.029309440704298292
2024-09-23,0.029293041407867496
2024-09-24,0.029300680807035694
2024-09-25,0.0292690350877193
2024-09-26,0.029283434176561693
2024-09-27,0.029252852577319587
2024-09-30,0.029243442555383824
2024-10-01,0.02923156024716787
2024-10-02,0.02922720329387545
2024-10-03,0.02926903494347379
2024-10-04,0.02919051821446896
2024-10-07,0.029197677088672477
2024-10-08,0.029181998974884674
2024-10-09,0.02921285963114754
2024-10-10,0.029235662921348316
2024-10-14,0.029181232653061225
2024-10-15,0.029210896481387045
2024-10-16,0.029263125382262997
2024-10-17,0.029279490575649516
2024-10-18,0.02922763026917217
2024-10-21,0.029195887195121954
2024-10-22,0.029207995937023872
2024-10-23,0.02915664434297311
2024-10-24,0.029210299188640973
2024-10-25,0.029164467611336033
2024-10-28,0.029160980273141124
2024-10-29,0.02916591304347826
2024-10-30,0.02917978585858586
2024-10-31,0.0291925625
2024-11-01,0.02911225075528701
2024-11-04,0.029111573011077543
2024-11-05,0.02918489492207139
2024-11-07,0.029195971859296482
2024-11-08,0.029087947843530592
2024-11-11,0.02912301903807615
2024-11-12,0.029093871807711568
2024-11-13,0.029108607607607605
2024-11-14,0.029129380690345173
2024-11-15,0.02903718503740648
2024-11-19,0.028983490528414754
2024-11-20,0.029010312904833083
2024-11-21,0.02899239800995025
2024-11-22,0.028951269116186694
2024-11-25,0.028913767626613705
2024-11-26,0.028862027777777778
2024-11-27,0.02885478235002479
2024-11-28,0.02889981268582755
2024-11-29,0.028821849728126545
2024-12-02,0.028803585185185186
2024-12-03,0.028785841975308642
2024-12-04,0.028787333662388944
2024-12-05,0.028821018253576712
2024-12-06,0.028754306253077302
2024-12-09,0.02871516871618298
2024-12-10,0.028695062930186824
2024-12-11,0.028678686977886978
2024-12-12,0.02865731894013739
2024-12-13,0.028615823615874572
2024-12-16,0.028638114425427873
2024-12-17,0.028578532550171315
2024-12-18,0.028557313447432765
2024-12-19,0.02849717302052786
2024-12-20,0.02841885951219512
2024-12-23,0.02840344287797764
2024-12-26,0.02845460223409422
2024-12-27,0.0284006999515269
2024-12-30,0.02829854941860465
2024-12-31,0.028275745155038758
2025-01-02,0.02829630799031477
2025-01-03,0.028270788990825687
2025-01-06,0.028313211974891356
2025-01-07,0.028298069498069497
2025-01-08,0.02829190448625181
2025-01-09,0.028309123855421687
2025-01-10,0.028227217893217894
2025-01-13,0.028177665384615386
2025-01-14,0.028187593659942365
2025-01-15,0.028201027831094048
2025-01-16,0.02822689923224568
2025-01-17,0.028118795977011495
2025-01-20,0.028122513139034876
2025-01-21,0.02807253963705826
2025-01-22,0.028048838740458014
2025-01-23,0.028050176442536955
2025-01-24,0.028027141086749283
2025-01-27,0.02797969823893384
2025-01-28,0.027973905803996193
2025-01-29,0.027945372325249643
2025-01-30,0.027960609315589354
2025-01-31,0.027893302325581397
2025-02-03,0.027808985534740337
2025-02-04,0.0278319724922931
2025-02-05,0.027851972498814603
2025-02-06,0.027869748281583315
2025-02-07,0.0277938366090457
2025-02-10,0.0277809417889257
2025-02-11,0.027743715097018458
2025-02-12,0.027697071208895196
2025-02-13,0.027708583313637437
2025-02-14,0.02760676872194661
2025-02-17,0.027592296436157657
2025-02-18,0.027571603399433427
2025-02-19,0.02754858909605853
2025-02-20,0.02755564897381458
2025-02-21,0.02741010134338911
2025-02-24,0.027445985862393968
2025-02-25,0.027437477154969383
2025-02-26,0.027428972922062634
2025-02-27,0.027450808190162393
2025-02-28,0.027389756280817093
2025-03-05,0.027449226215644818
2025-03-06,0.027462643494598402
2025-03-07,0.027424910454758557
2025-03-10,0.02735244746716698
2025-03-11,0.02733338209095171
2025-03-12,0.027331589407077573
2025-03-13,0.027315686972820996
2025-03-14,0.027275751988769303
2025-03-17,0.027302486663547027
2025-03-18,0.027261327408793265
2025-03-19,0.02643125216172003
2025-03-20,0.02635351659654044
2025-03-21,0.02648508446103593
2025-03-25,0.02633228178213203
2025-03-26,0.026317035689293212
2025-03-27,0.026307135462811843
2025-03-28,0.026324241266884024
2025-03-31,0.026341923649906892
2025-04-01,0.026377846941149103
2025-04-03,0.02632943906976744
2025-04-04,0.026309904275092937
2025-04-07,0.02631918308550186
2025-04-08,0.02631218861788618
2025-04-09,0.02632444929217916
2025-04-10,0.026372073351903436
2025-04-11,0.02627209461966605
2025-04-14,0.026289707011686144
2025-04-15,0.026274994166666666
2025-04-16,0.026230127753303963
2025-04-21,0.026186442413162706
2025-04-22,0.026142082427536233
2025-04-23,0.02612398448275862
2025-04-24,0.026098212947189097
2025-04-25,0.026028313809320223
2025-04-28,0.02602242105263158
2025-04-29,0.02600908755364807
2025-04-30,0.025980504273504273
2025-05-05,0.02592392916666667
2025-05-06,0.025906937185929648
2025-05-07,0.02587877846975089
2025-05-08,0.025887755834829444
2025-05-09,0.025805919014084508
2025-05-12,0.02579719787985866
2025-05-13,0.025772332296756996
2025-05-14,0.025789147526501764
2025-05-15,0.02582918101933216
2025-05-16,0.025742278458844133
2025-05-19,0.025745261174408413
2025-05-20,0.025755472210065643
2025-05-21,0.02574963612565445
2025-05-22,0.02569498546895641
2025-05-23,0.02562151389501544
2025-05-26,0.025656748906386702
2025-05-27,0.025619609861591695
2025-05-28,0.025589780172413795
2025-05-29,0.025568189349112425
2025-05-30,0.02549687037037037
2025-06-02,0.02550499872935197
2025-06-03,0.02555819087837838
2025-06-04,0.025530589624630957
2025-06-05,0.025457795130142735
2025-06-06,0.025497000421762967
2025-06-09,0.025499016033755276
2025-06-10,0.02551085485906605
2025-06-11,0.02557198138747885
2025-06-12,0.025410183966244726
2025-06-13,0.02540501945854484
2025-06-17,0.02534571551724138
2025-06-18,0.02530492428884026
2025-06-19,0.025276141996557658
2025-06-23,0.025210571306575575
2025-06-24,0.025249337590464025
2025-06-25,0.02516419639110365
2025-06-26,0.025146604455653636
2025-06-27,0.025073025231286798
2025-06-30,0.025110738589211617
2025-07-01,0.025112630114566284
2025-07-02,0.0251406623270952
2025-07-03,0.025111432168968318
2025-07-04,0.025065043548387095
2025-07-07,0.025008440664556965
2025-07-08,0.024985757768924304
2025-07-10,0.024958133067729083
2025-07-11,0.02489419976218787
2025-07-14,0.024878778125
2025-07-15,0.024863623015873016
2025-07-16,0.024845399682791435
2025-07-17,0.02482670957613815
2025-07-18,0.02476682037325039
2025-07-21,0.02475964549019608
2025-07-22,0.024741207321925984
2025-07-23,0.024719801350814464
2025-07-24,0.024706547955974843
2025-07-25,0.02465963515625
2025-07-28,0.024652644015444015
2025-07-29,0.024648998450813323
2025-07-30,0.024640616730038024
2025-07-31,0.02463412154294032
2025-08-01,0.024598551319648096
2025-08-04,0.024591050735294117
2025-08-05,0.024593107209562943
2025-08-06,0.0245956478978979
2025-08-07,0.024627448171880888
2025-08-08,0.024574371794871794
2025-08-11,0.024567428895612708
2025-08-12,0.024547768500948766
2025-08-13,0.024526034272658034
2025-08-14,0.024503077692307692
2025-08-18,0.024456574632637278
2025-08-19,0.024455558220502903
2025-08-20,0.02443697232897771
2025-08-21,0.02442748060836502
2025-08-22,0.024398575321725964
2025-08-25,0.024394765785609396
2025-08-26,0.02437050939918909
2025-08-27,0.024365877732493515
2025-08-28,0.024369084771192796
2025-08-29,0.02430434873323398
2025-09-01,0.02430742055393586
2025-09-02,0.02430098236590742
2025-09-03,0.024292894601542415
2025-09-04,0.024293661651376145
2025-09-05,0.024240367527675277
2025-09-08,0.02423496309439319
2025-09-09,0.0242361376632545
2025-09-10,0.024229090972953986
2025-09-11,0.024221226955307266
2025-09-12,0.024174501032346866
2025-09-15,0.024222518064076343
2025-09-16,0.024229795098706604
2025-09-17,0.02422463004408274
2025-09-18,0.024212136995591722
2025-09-19,0.024163869830508476
2025-09-22,0.02418046377840909
2025-09-23,0.02414893133674215
2025-09-24,0.02412376448598131
2025-09-25,0.024110619296933433
2025-09-26,0.02405633031674208
2025-09-29,0.024057719117647057
2025-09-30,0.0240525115942029
2025-10-01,0.024046612087139842
2025-10-02,0.02403534152334152
2025-10-03,0.02399030817830818
2025-10-06,0.023990193006993007
2025-10-07,0.02398185029730675
2025-10-08,0.023980067832167832
2025-10-09,0.023969319014084507
2025-10-13,0.023928711638250555
2025-10-14,0.023913033088235298
2025-10-15,0.023900916666666668
2025-10-16,0.02389783166904422
2025-10-17,0.02384893103448276
2025-10-20,0.023844438644067795
2025-10-21,0.023830233478698424
2025-10-22,0.023826486232370717
2025-10-23,0.023820469912102772
2025-10-24,0.023841028150134048
2025-10-27,0.023855417421602788
2025-10-28,0.0238335843537415
2025-10-29,0.02384273328690808
2025-10-30,0.023825463838664813
2025-10-31,0.023779799307958475
2025-11-03,0.023785228744939272
2025-11-04,0.023761943603851445
2025-11-05,0.023758330578512395
2025-11-07,0.023690843816254418
2025-11-10,0.023678110524463218
2025-11-11,0.0236818110403397
2025-11-12,0.02367777407932011
2025-11-13,0.02366707041251778
2025-11-14,0.023627032786885247
2025-11-17,0.023639544340302816
2025-11-18,0.02362212142857143
2025-11-19,0.02360845858514042
2025-11-20,0.023603108771929827
2025-11-25,0.02357628670120898
2025-11-26,0.023564731338149295
2025-11-27,0.023566230344827584
2025-11-28,0.02352697623148467
2025-12-01,0.023574119187047885
2025-12-02,0.02357167422680412
2025-12-03,0.02356056710254646
2025-12-04,0.023560789473684212
2025-12-05,0.02352642229965157
2025-12-09,0.023482943134535365
2025-12-10,0.02346988104347826
2025-12-11,0.02347285584958217
2025-12-12,0.023421233171408744
2025-12-15,0.023421178310740354
2025-12-16,0.023412733976567884
2025-12-17,0.02340593866299104
2025-12-18,0.02340122811853894
2025-12-19,0.023364431724137928
2025-12-22,0.023356573002754823
2025-12-23,0.02335122811853894
2025-12-26,0.023298455765920826
2025-12-29,0.023292485929993136
2025-12-30,0.023289828178694155
2025-12-31,0.0232795264604811
2026-01-02,0.023242138983050848
2026-01-05,0.023239114285714287
2026-01-06,0.02323916797274276
2026-01-07,0.02323965410958904
2026-01-08,0.023230476775956282
2026-01-09,0.023189373378839587
2026-01-12,0.02319502146507666
2026-01-13,0.02316895744680851
2026-01-14,0.023159030970406058
2026-01-15,0.02315372241498959
2026-01-16,0.02310786993006993
2026-01-19,0.023114813523875916
2026-01-20,0.023109471592889508
2026-01-21,0.023098048933939182
2026-01-22,0.023110860440713536
2026-01-23,0.023060602930914168
2026-01-26,0.02305725356521739
2026-01-27,0.023040784748700173
2026-01-28,0.023042589823468327
2026-01-29,0.023035635860159227
2026-01-30,0.022990355217691775
2026-02-02,0.023015171605789114
2026-02-03,0.022996594052558786
2026-02-04,0.022974985146804836
2026-02-05,0.022967808599167822
2026-02-06,0.022938620810055863
2026-02-09,0.022941620762711865
2026-02-10,0.022918328591749648
2026-02-11,0.02291502
2026-02-12,0.022910137634408603
2026-02-13,0.022868224365844948
2026-02-18,0.02285129297994269
2026-02-19,0.022852859611231104
2026-02-20,0.02281453851744186
2026-02-23,0.0228123006202116
2026-02-24,0.022808086200651938
2026-02-25,0.022798985704074338
2026-02-26,0.022787140625
2026-02-27,0.02275235218324982
2026-03-02,0.022756183512544804
2026-03-03,0.022744175971731447
2026-03-04,0.022748573366654767
2026-03-05,0.022728202558635394
2026-03-06,0.022689062146892657
2026-03-09,0.022694262711864404
2026-03-10,0.022709002142857142
2026-03-11,0.022684687679083094
2026-03-12,0.022667564001434205
2026-03-13,0.02262981
2026-03-16,0.022637340974212036
2026-03-17,0.02263201217765043
2026-03-18,0.022617474892395982
2026-03-19,0.022576879885263534
2026-03-20,0.02256719956850054
2026-03-25,0.022543695099818514
2026-03-26,0.02254288230994152
2026-03-27,0.022491976130198914
2026-03-30,0.02249005364806867
2026-03-31,0.022500427641099854
2026-04-01,0.022482873744619797
2026-04-06,0.022431583632447953
2026-04-07,0.022415644524236986
2026-04-08,0.02246030126126126
2026-04-09,0.02244270963070239
2026-04-10,0.02239496204379562
2026-04-13,0.022366511078286556
2026-04-14,0.02236115982404692
2026-04-15,0.022346019131714495
2026-04-16,0.022340278350515462
2026-04-17,0.022292319530963722
2026-04-20,0.022294058823529413
2026-04-21,0.022282583060705196
2026-04-22,0.022259767053701016
2026-04-23,0.022261104885057472
2026-04-24,0.022212300821722042
2026-04-27,0.022211560338743823
2026-04-28,0.022198051263794944
2026-04-29,0.02218893855551563
2026-04-30,0.02213123795830338
2026-05-04,0.02212477504456328
2026-05-05,0.022114353194544148
2026-05-06,0.02211699423631124
2026-05-07,0.022101059455587393
2026-05-08,0.022051591559370528
2026-05-11,0.022041481854114267
2026-05-12,0.02202648049132948
2026-05-13,0.02202434554597701
2026-05-14,0.022009028037383176
2026-05-15,0.021956403011832198
2026-05-18,0.021940361488904797
2026-05-19,0.02194320243204578
2026-05-20,0.02193694416607015
2026-05-21,0.021934057574667147
2026-05-22,0.021862272273699218
2026-05-26,0.021785068745570516
2026-05-27,0.02178554336283186
2026-05-28,0.02178824893617021
2026-05-29,0.02178758380681818
2026-06-01,0.02178815357643759
2026-06-02,0.021774395234758232
2026-06-03,0.021759139381299968
2026-06-04,0.021753081099895582
2026-06-05,0.021701906976744186
2026-06-08,0.021691832699619773
2026-06-09,0.02168322553782096
2026-06-10,0.02167471902268761
2026-06-11,0.021668378359511343
2026-06-12,0.021614798319327732
2026-06-16,0.02159934493560738
2026-06-17,0.02159808532778356
2026-06-18,0.021530982081323223
2026-06-19,0.021533810403832992
2026-06-22,0.021524679438932603
2026-06-23,0.02151495412844037
2026-06-24,0.021508937795807977
2026-06-25,0.021498903859174003
2026-06-26,0.021447813134732565
2026-06-29,0.021441926425919678
2026-06-30,0.021437054655870445
2026-07-01,0.021429658159838817
2026-07-02,0.021416027553763442
2026-07-03,0.021366197514276118
2026-07-06,0.021362500504540867
2026-07-07,0.021352647453083108
2026-07-08,0.021343122983870966
2026-07-13,0.02127795411605938
2026-07-14,0.021262119605844378
2026-07-15,0.02126243608002713
2026-07-16,0.021252178184281843
2026-07-17,0.021202522327469553
2026-07-20,0.02119730857528697
2026-07-21,0.021188909644670052
2026-07-22,0.021184286581254215
2026-07-23,0.021171280053727332
2026-07-24,0.02112155444221777
2026-07-27,0.021119547094188378
2026-07-28,0.021108936582109477
2026-07-29,0.021103546791443852
2026-07-30,0.021090727822580643
2026-07-31,0.021042398653198655
2026-08-03,0.02104155719063545
2026-08-04,0.021031334893048127
2026-08-05,0.021023243568326095
2026-08-06,0.021009947982660888
2026-08-07,0.020965503503503503
2026-08-10,0.02095798996990973
2026-08-11,0.02094758470311976
2026-08-12,0.02094464565873282
2026-08-13,0.02093201876675603
2026-08-14,0.020884064537815127
2026-08-18,0.02087124949832776
2026-08-19,0.020862018704074815
2026-08-20,0.020855144288577154
2026-08-21,0.020808753168779184
2026-08-24,0.02079988013245033
2026-08-25,0.020795208733046643
2026-08-26,0.02078297820343461
2026-08-27,0.020775033068783068
