,usd_por_unidad
1997-11-21,0.206185
1997-11-24,0.206697
1997-11-25,0.206697
1997-11-26,0.206697
1997-11-27,0.206697
1997-11-28,0.206697
1997-12-01,0.205719
1997-12-02,0.205719
1997-12-03,0.205719
1997-12-04,0.205719
1997-12-05,0.205719
1997-12-09,0.205381
1997-12-10,0.205381
1997-12-11,0.205381
1997-12-12,0.205381
1997-12-15,0.205381
1997-12-16,0.20452
1997-12-17,0.20452
1997-12-18,0.20452
1997-12-19,0.20452
1997-12-22,0.20452
1997-12-23,0.205867
1997-12-24,0.205867
1997-12-26,0.205867
1997-12-29,0.205867
1997-12-30,0.205867
1998-01-02,0.205867
1998-01-05,0.20377
1998-01-06,0.20377
1998-01-07,0.20377
1998-01-08,0.20377
1998-01-09,0.20377
1998-01-12,0.200763
1998-01-13,0.200763
1998-01-14,0.200763
1998-01-15,0.200763
1998-01-16,0.200763
1998-01-19,0.200763
1998-01-27,0.1657
1998-02-02,0.204207
1998-02-03,0.202799
1998-02-04,0.202799
1998-02-05,0.202799
1998-02-06,0.202799
1998-02-09,0.202799
1998-02-10,0.203438
1998-02-11,0.203438
1998-02-12,0.203438
1998-02-13,0.203438
1998-02-16,0.203438
1998-02-17,0.202573
1998-02-18,0.202573
1998-02-19,0.202573
1998-02-20,0.202573
1998-02-23,0.202265
1998-02-24,0.202265
1998-02-25,0.202265
1998-02-26,0.202265
1998-02-27,0.202265
1998-03-02,0.202757
1998-03-03,0.202757
1998-03-04,0.202757
1998-03-05,0.202757
1998-03-06,0.202757
1998-03-09,0.202757
1998-03-10,0.200743
1998-03-11,0.200743
1998-03-12,0.200743
1998-03-13,0.200743
1998-03-16,0.200743
1998-03-17,0.201248
1998-03-18,0.201248
1998-03-19,0.201248
1998-03-20,0.201248
1998-03-23,0.201248
1998-03-24,0.200872
1998-03-25,0.200872
1998-03-26,0.200872
1998-03-27,0.200872
1998-03-30,0.200872
1998-03-31,0.19861
1998-04-01,0.19861
1998-04-02,0.19861
1998-04-03,0.19861
1998-04-06,0.19861
1998-04-07,0.198491
1998-04-08,0.198491
1998-04-13,0.19861
1998-04-14,0.19861
1998-04-15,0.19861
1998-04-16,0.19861
1998-04-17,0.19861
1998-04-20,0.19861
1998-04-21,0.19861
1998-04-22,0.198
1998-04-23,0.198
1998-04-24,0.198
1998-04-27,0.198
1998-04-28,0.198098
1998-04-29,0.198098
1998-04-30,0.198098
1998-05-04,0.198098
1998-05-05,0.197511
1998-05-06,0.197511
1998-05-07,0.197511
1998-05-08,0.197511
1998-05-11,0.197511
1998-05-12,0.197511
1998-05-13,0.197511
1998-05-14,0.197511
1998-05-15,0.197511
1998-05-18,0.197511
1998-05-19,0.196194
1998-05-20,0.196194
1998-05-21,0.196194
1998-05-22,0.196194
1998-05-26,0.196194
1998-05-27,0.196194
1998-05-28,0.19408
1998-05-29,0.19408
1998-06-01,0.192049
1998-06-02,0.192049
1998-06-03,0.192049
1998-06-04,0.192049
1998-06-05,0.192049
1998-06-09,0.192049
1998-06-10,0.193836
1998-06-11,0.193836
1998-06-12,0.193836
1998-06-16,0.186272
1998-06-17,0.186272
1998-06-18,0.186272
1998-06-19,0.186272
1998-06-22,0.186272
1998-06-23,0.182315
1998-06-24,0.182315
1998-06-25,0.182315
1998-06-26,0.182315
1998-06-29,0.182315
1998-06-30,0.182315
1998-07-01,0.165975
1998-07-02,0.165975
1998-07-03,0.165975
1998-07-07,0.165975
1998-07-08,0.162338
1998-07-10,0.162338
1998-07-13,0.160385
1998-07-14,0.160385
1998-07-15,0.160385
1998-07-16,0.160385
1998-07-17,0.160385
1998-07-20,0.160385
1998-07-21,0.159617
1998-07-22,0.159617
1998-07-23,0.159617
1998-07-24,0.159617
1998-07-27,0.160256
1998-07-28,0.160256
1998-07-29,0.160256
1998-07-30,0.160256
1998-07-31,0.160256
1998-08-03,0.160256
1998-08-04,0.160256
1998-08-05,0.160256
1998-08-06,0.160256
1998-08-07,0.160256
1998-08-10,0.160256
1998-08-11,0.160077
1998-08-12,0.160077
1998-08-13,0.160077
1998-08-14,0.160077
1998-08-18,0.160077
1998-08-19,0.160077
1998-08-20,0.160077
1998-08-21,0.160077
1998-08-24,0.158466
1998-08-25,0.158466
1998-08-26,0.158466
1998-08-27,0.158466
1998-08-28,0.158466
1998-08-31,0.155642
1998-09-01,0.155642
1998-09-02,0.155642
1998-09-03,0.155642
1998-09-04,0.155642
1998-09-07,0.155642
1998-09-08,0.155642
1998-09-09,0.155642
1998-09-10,0.155642
1998-09-11,0.155642
1998-09-14,0.155642
1998-09-15,0.155642
1998-09-16,0.164069
1998-09-17,0.164069
1998-09-18,0.164069
1998-09-21,0.164066
1998-09-22,0.164066
1998-09-23,0.164066
1998-09-24,0.164066
1998-09-25,0.164066
1998-09-28,0.171233
1998-09-29,0.171233
1998-09-30,0.171233
1998-10-01,0.171233
1998-10-02,0.171233
1998-10-05,0.171233
1998-10-06,0.171233
1998-10-07,0.171233
1998-10-08,0.171233
1998-10-09,0.171233
1998-10-13,0.172414
1998-10-14,0.172414
1998-10-15,0.172414
1998-10-16,0.172414
1998-10-19,0.176678
1998-10-20,0.176678
1998-10-21,0.176678
1998-10-22,0.176678
1998-10-23,0.176678
1998-10-26,0.176678
1998-10-27,0.175747
1998-10-28,0.175747
1998-10-29,0.175747
1998-10-30,0.175747
1998-11-02,0.175747
1998-11-03,0.175747
1998-11-04,0.17762
1998-11-05,0.17762
1998-11-06,0.17762
1998-11-09,0.181159
1998-11-10,0.181159
1998-11-11,0.181159
1998-11-12,0.181159
1998-11-13,0.181159
1998-11-16,0.181159
1998-11-17,0.176522
1998-11-18,0.176522
1998-11-19,0.176522
1998-11-20,0.176522
1998-11-23,0.176991
1998-11-24,0.176991
1998-11-25,0.176991
1998-11-26,0.176991
1998-11-27,0.176991
1998-11-30,0.176289
1998-12-01,0.176289
1998-12-02,0.176289
1998-12-03,0.176289
1998-12-04,0.176289
1998-12-09,0.169004
1998-12-10,0.169004
1998-12-11,0.169004
1998-12-14,0.166251
1998-12-15,0.166251
1998-12-16,0.166251
1998-12-17,0.166251
1998-12-18,0.166251
1998-12-21,0.169334
1998-12-22,0.169334
1998-12-23,0.169334
1998-12-24,0.169334
1998-12-28,0.170213
1998-12-29,0.170213
1998-12-30,0.170213
1999-01-04,0.170213
1999-01-05,0.170097
1999-01-06,0.170097
1999-01-07,0.170097
1999-01-08,0.170097
1999-01-11,0.170097
1999-01-12,0.170097
1999-01-13,0.170097
1999-01-14,0.170097
1999-01-15,0.163934
1999-01-18,0.163934
1999-01-19,0.163934
1999-01-20,0.163934
1999-01-21,0.165085
1999-01-22,0.165085
1999-01-28,0.1657
1999-02-01,0.1657
1999-02-02,0.166113
1999-02-03,0.166113
1999-02-04,0.166113
1999-02-05,0.166113
1999-02-08,0.167644
1999-02-09,0.167644
1999-02-12,0.167644
1999-02-16,0.162403
1999-02-17,0.162403
1999-02-18,0.162206
1999-02-19,0.162206
1999-02-22,0.159732
1999-02-23,0.16116
1999-02-26,0.161447
1999-03-01,0.161668
1999-03-02,0.160694
1999-03-03,0.160385
1999-03-04,0.160385
1999-03-05,0.161551
1999-03-08,0.161551
1999-03-09,0.161616
1999-03-10,0.161616
1999-03-11,0.162443
1999-03-12,0.162443
1999-03-15,0.162075
1999-03-16,0.161031
1999-03-17,0.161031
1999-03-18,0.161031
1999-03-22,0.161499
1999-03-23,0.162075
1999-03-24,0.162075
1999-03-25,0.162075
1999-03-26,0.162075
1999-03-29,0.160643
1999-03-30,0.160643
1999-03-31,0.162338
1999-04-05,0.162269
1999-04-06,0.162269
1999-04-07,0.162075
1999-04-08,0.162075
1999-04-09,0.161642
1999-04-12,0.162232
1999-04-13,0.162232
1999-04-14,0.164745
1999-04-15,0.164745
1999-04-16,0.164745
1999-04-19,0.165563
1999-04-20,0.165563
1999-04-21,0.165563
1999-04-23,0.16372
1999-04-26,0.16372
1999-04-27,0.164813
1999-04-30,0.164136
1999-05-03,0.164136
1999-05-04,0.164136
1999-05-05,0.164136
1999-05-06,0.164136
1999-05-07,0.164136
1999-05-10,0.163026
1999-05-11,0.162443
1999-05-12,0.163026
1999-05-14,0.163026
1999-05-17,0.160914
1999-05-18,0.163026
1999-05-20,0.161786
1999-05-28,0.163026
1999-05-31,0.163026
1999-06-01,0.160231
1999-06-02,0.160231
1999-06-03,0.163026
1999-06-04,0.163026
1999-06-07,0.163026
1999-06-10,0.160231
1999-06-11,0.160231
1999-06-15,0.160231
1999-06-17,0.160231
1999-06-18,0.160231
1999-06-22,0.160231
1999-06-23,0.160231
1999-06-24,0.160231
1999-06-25,0.160231
1999-06-28,0.160231
1999-06-29,0.160231
1999-06-30,0.160231
1999-07-01,0.160231
1999-07-02,0.166287
1999-07-05,0.166287
1999-07-06,0.166044
1999-07-07,0.166044
1999-07-12,0.166044
1999-07-13,0.163666
1999-07-19,0.162681
1999-07-20,0.162681
1999-07-21,0.162681
1999-07-22,0.162681
1999-07-23,0.163532
1999-07-26,0.163532
1999-07-27,0.163079
1999-07-28,0.163079
1999-07-29,0.163079
1999-07-30,0.162628
1999-08-02,0.162628
1999-08-03,0.162628
1999-08-04,0.162628
1999-08-05,0.162628
1999-08-06,0.162628
1999-08-09,0.162628
1999-08-10,0.162628
1999-08-11,0.162628
1999-08-12,0.162628
1999-08-13,0.162628
1999-08-17,0.162628
1999-08-18,0.162628
1999-08-19,0.162628
1999-08-20,0.162628
1999-08-23,0.162628
1999-08-24,0.164285
1999-08-25,0.164285
1999-08-26,0.164285
1999-08-27,0.164285
1999-08-30,0.164285
1999-08-31,0.164285
1999-09-02,0.164285
1999-09-03,0.164285
1999-09-06,0.166362
1999-09-07,0.166362
1999-09-08,0.165467
1999-09-09,0.165467
1999-09-10,0.165467
1999-09-13,0.165289
1999-09-14,0.164799
1999-09-15,0.164799
1999-09-16,0.164799
1999-09-17,0.164799
1999-09-20,0.164799
1999-09-21,0.164799
1999-09-22,0.164799
1999-09-24,0.164799
1999-09-28,0.164799
1999-09-29,0.164799
1999-09-30,0.164799
1999-10-01,0.164799
1999-10-04,0.166389
1999-10-05,0.166389
1999-10-06,0.166389
1999-10-07,0.166389
1999-10-08,0.166389
1999-10-12,0.166389
1999-10-13,0.166389
1999-10-14,0.166389
1999-10-19,0.166389
1999-10-20,0.166389
1999-10-21,0.166389
1999-10-22,0.166389
1999-10-25,0.166389
1999-10-26,0.163199
1999-10-27,0.163199
1999-10-28,0.163199
1999-11-01,0.162893
1999-11-02,0.162893
1999-11-03,0.162893
1999-11-04,0.162959
1999-11-05,0.162959
1999-11-08,0.163542
1999-11-09,0.163542
1999-11-10,0.163542
1999-11-11,0.163542
1999-11-12,0.163542
1999-11-15,0.163542
1999-11-16,0.163542
1999-11-17,0.162549
1999-11-18,0.162549
1999-11-19,0.162549
1999-11-22,0.162549
1999-11-23,0.162973
1999-11-24,0.162973
1999-11-25,0.162973
1999-11-26,0.162973
1999-11-29,0.163034
1999-11-30,0.163034
1999-12-01,0.163034
1999-12-02,0.163034
1999-12-03,0.163034
1999-12-06,0.163034
1999-12-07,0.163034
1999-12-09,0.163034
1999-12-10,0.163034
1999-12-13,0.163034
1999-12-14,0.163034
1999-12-15,0.163034
1999-12-16,0.163034
1999-12-17,0.163034
1999-12-20,0.163034
1999-12-21,0.16284
1999-12-22,0.16284
1999-12-23,0.16284
2000-01-03,0.162588
2000-01-04,0.162588
2000-01-05,0.162588
2000-01-06,0.162588
2000-01-07,0.162588
2000-01-12,0.162588
2000-01-13,0.162588
2000-01-14,0.162588
2000-01-17,0.162588
2000-01-18,0.162588
2000-01-20,0.162588
2000-01-21,0.162588
2000-01-24,0.162588
2000-01-25,0.162588
2000-01-26,0.162588
2000-01-27,0.162588
2000-01-28,0.162588
2000-01-29,0.158416
2000-02-01,0.158416
2000-02-02,0.158416
2000-02-03,0.158416
2000-02-04,0.158416
2000-02-07,0.158416
2000-02-08,0.158416
2000-02-09,0.158416
2000-02-10,0.158416
2000-02-11,0.158416
2000-02-14,0.158416
2000-02-15,0.158416
2000-02-16,0.158416
2000-02-17,0.158416
2000-02-18,0.158416
2000-02-21,0.158416
2000-02-22,0.158416
2000-02-23,0.158416
2000-02-24,0.158416
2000-02-25,0.158416
2000-02-28,0.158416
2000-02-29,0.158416
2000-03-01,0.158416
2000-03-02,0.158416
2000-03-03,0.158416
2000-03-06,0.158416
2000-03-07,0.158416
2000-03-08,0.158416
2000-03-09,0.158416
2000-03-10,0.158416
2000-03-13,0.158416
2000-03-14,0.155279
2000-03-15,0.155279
2000-03-16,0.155279
2000-03-17,0.155279
2000-03-20,0.155279
2000-03-21,0.154202
2000-03-22,0.154202
2000-03-23,0.154202
2000-03-24,0.154202
2000-03-27,0.154806
2000-03-28,0.154806
2000-03-29,0.154806
2000-03-30,0.154806
2000-03-31,0.154806
2000-04-03,0.154806
2000-04-04,0.154806
2000-04-05,0.154806
2000-04-06,0.154806
2000-04-07,0.154806
2000-04-10,0.154806
2000-04-11,0.154806
2000-04-12,0.154806
2000-04-13,0.154806
2000-04-14,0.154806
2000-04-17,0.154806
2000-04-18,0.151814
2000-04-19,0.151814
2000-04-24,0.151814
2000-04-25,0.151814
2000-04-26,0.151814
2000-04-27,0.151814
2000-04-28,0.151814
2000-05-02,0.151814
2000-05-03,0.151814
2000-05-04,0.151814
2000-05-05,0.151814
2000-05-08,0.151814
2000-05-16,0.140449
2000-05-17,0.140449
2000-05-18,0.140449
2000-05-19,0.140449
2000-05-22,0.140449
2000-05-23,0.140449
2000-05-24,0.140449
2000-05-26,0.140449
2000-05-29,0.140449
2000-05-30,0.140449
2000-05-31,0.140449
2000-06-01,0.140449
2000-06-02,0.140449
2000-06-05,0.144467
2000-06-06,0.144467
2000-06-07,0.144467
2000-06-08,0.144467
2000-06-09,0.144467
2000-06-12,0.144467
2000-06-13,0.144467
2000-06-14,0.144467
2000-06-15,0.144467
2000-06-16,0.144467
2000-06-20,0.144467
2000-06-21,0.144467
2000-06-22,0.144467
2000-06-23,0.14544
2000-06-26,0.14544
2000-06-27,0.145656
2000-06-28,0.145656
2000-06-29,0.145656
2000-06-30,0.145656
2000-07-03,0.145656
2000-07-04,0.145656
2000-07-05,0.145656
2000-07-06,0.145656
2000-07-07,0.145656
2000-07-10,0.145656
2000-07-11,0.145656
2000-07-12,0.145656
2000-07-17,0.145656
2000-07-18,0.145349
2000-07-19,0.145349
2000-07-20,0.145349
2000-07-21,0.145349
2000-07-24,0.144404
2000-07-27,0.144404
2000-07-28,0.144404
2000-07-31,0.144404
2000-08-01,0.143885
2000-08-02,0.143885
2000-08-03,0.143885
2000-08-04,0.143885
2000-08-07,0.143885
2000-08-09,0.143885
2000-08-10,0.143885
2000-08-11,0.143885
2000-08-14,0.143885
2000-08-15,0.143885
2000-08-16,0.143885
2000-08-17,0.143885
2000-08-18,0.143885
2000-08-22,0.143885
2000-08-23,0.144078
2000-08-24,0.144078
2000-08-25,0.144078
2000-08-29,0.144051
2000-08-30,0.144051
2000-08-31,0.144051
2000-09-01,0.144051
2000-09-04,0.144051
2000-09-05,0.143123
2000-09-06,0.143123
2000-09-07,0.143123
2000-09-08,0.143123
2000-09-11,0.143123
2000-09-12,0.143123
2000-09-13,0.143123
2000-09-14,0.143123
2000-09-15,0.143123
2000-09-18,0.137599
2000-09-19,0.137599
2000-09-20,0.137599
2000-09-21,0.137599
2000-09-22,0.137599
2000-09-25,0.13837
2000-09-26,0.13837
2000-09-27,0.13837
2000-09-28,0.13837
2000-09-29,0.13837
2000-10-02,0.138827
2000-10-03,0.138827
2000-10-04,0.138827
2000-10-05,0.138827
2000-10-06,0.138827
2000-10-09,0.138827
2000-10-10,0.13586
2000-10-11,0.13586
2000-10-12,0.13586
2000-10-13,0.13586
2000-10-17,0.13586
2000-10-18,0.13586
2000-10-19,0.13586
2000-10-20,0.13586
2000-10-23,0.131622
2000-10-24,0.131622
2000-10-25,0.131622
2000-10-26,0.131622
2000-10-31,0.132564
2000-11-01,0.132564
2000-11-02,0.132564
2000-11-03,0.132564
2000-11-07,0.133032
2000-11-08,0.133032
2000-11-09,0.133032
2000-11-10,0.133032
2000-11-13,0.130847
2000-11-14,0.130847
2000-11-15,0.130847
2000-11-16,0.130847
2000-11-17,0.130847
2000-11-20,0.128891
2000-11-21,0.128891
2000-11-22,0.128891
2000-11-23,0.128891
2000-11-27,0.128891
2000-11-28,0.128123
2000-11-29,0.128123
2000-11-30,0.128123
2000-12-01,0.128123
2000-12-04,0.131579
2000-12-05,0.131579
2000-12-06,0.131579
2000-12-07,0.131579
2000-12-11,0.130293
2000-12-12,0.130293
2000-12-13,0.130293
2000-12-19,0.130719
2000-12-20,0.130719
2000-12-21,0.130719
2000-12-22,0.130719
2000-12-26,0.130719
2000-12-27,0.132626
2000-12-28,0.132626
2001-01-02,0.126952
2001-01-04,0.132223
2001-01-05,0.132223
2001-01-08,0.132223
2001-01-09,0.131926
2001-01-10,0.131926
2001-01-11,0.125392
2001-01-12,0.131926
2001-01-15,0.131926
2001-01-17,0.131926
2001-01-24,0.131926
2001-01-26,0.131926
2001-01-29,0.126952
2001-01-30,0.126952
2001-01-31,0.126952
2001-02-01,0.126952
2001-02-05,0.128856
2001-02-06,0.128856
2001-02-07,0.128856
2001-02-08,0.128856
2001-02-09,0.128856
2001-02-12,0.128856
2001-02-13,0.128856
2001-02-15,0.128856
2001-02-16,0.128856
2001-02-23,0.128389
2001-02-26,0.127877
2001-02-27,0.127877
2001-02-28,0.127877
2001-03-01,0.127877
2001-03-02,0.127877
2001-03-05,0.127877
2001-03-06,0.127877
2001-03-07,0.127877
2001-03-08,0.127877
2001-03-09,0.127877
2001-03-12,0.127877
2001-03-13,0.127877
2001-03-14,0.127877
2001-03-15,0.127877
2001-03-16,0.127877
2001-03-19,0.127877
2001-03-20,0.127877
2001-03-22,0.127877
2001-03-23,0.127877
2001-03-26,0.125758
2001-03-27,0.125758
2001-03-28,0.125758
2001-03-30,0.125758
2001-04-03,0.124378
2001-04-04,0.124378
2001-04-05,0.124378
2001-04-06,0.124378
2001-04-09,0.124378
2001-04-10,0.124339
2001-04-11,0.124339
2001-04-16,0.12461
2001-04-17,0.12461
2001-04-18,0.12461
2001-04-19,0.12461
2001-04-20,0.12461
2001-04-23,0.122624
2001-04-24,0.122624
2001-04-25,0.122624
2001-04-26,0.122624
2001-04-30,0.125156
2001-05-02,0.125156
2001-05-03,0.125156
2001-05-04,0.125156
2001-05-07,0.12461
2001-05-08,0.12461
2001-05-09,0.12461
2001-05-10,0.12461
2001-05-11,0.12461
2001-05-16,0.12461
2001-05-17,0.12461
2001-05-18,0.12461
2001-05-21,0.12461
2001-05-22,0.12461
2001-05-24,0.12461
2001-05-28,0.12461
2001-05-29,0.12461
2001-05-30,0.12461
2001-06-01,0.12461
2001-06-06,0.125392
2001-06-07,0.125392
2001-06-08,0.125392
2001-06-12,0.125392
2001-06-13,0.125392
2001-06-14,0.125392
2001-06-15,0.125392
2001-06-19,0.125392
2001-06-20,0.125392
2001-06-21,0.125392
2001-06-22,0.125392
2001-06-25,0.124409
2001-06-26,0.124409
2001-06-27,0.124409
2001-06-28,0.124409
2001-06-29,0.124409
2001-07-02,0.124319
2001-07-03,0.124319
2001-07-04,0.124319
2001-07-05,0.124319
2001-07-06,0.124319
2001-07-10,0.124319
2001-07-11,0.124319
2001-07-12,0.124319
2001-07-13,0.124319
2001-07-16,0.121403
2001-07-17,0.121403
2001-07-18,0.121403
2001-07-19,0.121403
2001-07-20,0.121403
2001-07-23,0.121736
2001-07-24,0.121736
2001-07-25,0.121736
2001-07-26,0.121736
2001-07-27,0.121736
2001-07-30,0.121736
2001-07-31,0.121736
2001-08-01,0.121736
2001-08-02,0.121736
2001-08-03,0.121736
2001-08-06,0.120568
2001-08-07,0.120568
2001-08-08,0.120568
2001-08-09,0.120568
2001-08-10,0.120568
2001-08-13,0.121083
2001-08-14,0.121083
2001-08-15,0.121083
2001-08-16,0.121083
2001-08-17,0.121083
2001-08-21,0.121083
2001-08-22,0.121083
2001-08-23,0.121083
2001-08-24,0.121083
2001-08-27,0.121083
2001-08-28,0.121083
2001-08-29,0.121083
2001-08-30,0.121083
2001-08-31,0.121083
2001-09-03,0.121083
2001-09-04,0.121083
2001-09-05,0.121083
2001-09-06,0.117474
2001-09-07,0.117474
2001-09-10,0.117474
2001-09-12,0.117474
2001-09-13,0.117474
2001-09-14,0.117474
2001-09-17,0.115503
2001-09-18,0.115503
2001-09-19,0.115503
2001-09-21,0.115503
2001-09-24,0.114618
2001-09-25,0.114618
2001-09-26,0.114618
2001-09-27,0.114618
2001-09-28,0.114618
2001-10-02,0.114618
2001-10-03,0.114618
2001-10-09,0.108026
2001-10-10,0.114618
2001-10-11,0.114618
2001-10-12,0.108026
2001-10-15,0.108026
2001-10-16,0.108026
2001-10-17,0.108026
2001-10-18,0.108026
2001-10-19,0.108026
2001-10-24,0.105529
2001-10-25,0.105529
2001-10-26,0.105529
2001-10-29,0.10716
2001-10-30,0.10716
2001-10-31,0.10716
2001-11-01,0.10716
2001-11-02,0.10716
2001-11-05,0.104356
2001-11-07,0.104356
2001-11-08,0.104356
2001-11-09,0.104356
2001-11-12,0.104356
2001-11-13,0.103126
2001-11-15,0.103126
2001-11-19,0.103477
2001-11-20,0.103477
2001-11-22,0.103477
2001-11-23,0.103477
2001-11-26,0.103477
2001-11-27,0.103477
2001-11-28,0.103477
2001-11-29,0.103477
2001-12-04,0.103477
2001-12-05,0.103477
2001-12-06,0.103477
2001-12-07,0.103477
2001-12-10,0.103477
2001-12-11,0.103477
2001-12-12,0.103477
2001-12-14,0.103477
2001-12-18,0.103477
2001-12-19,0.103477
2001-12-20,0.103477
2002-01-11,0.083541875
2002-01-14,0.083541875
2002-01-15,0.08354176470588236
2002-01-16,0.0835421052631579
2002-01-17,0.0835421052631579
2002-01-18,0.08354205128205128
2002-01-21,0.08354205128205128
2002-01-22,0.08354205128205128
2002-01-23,0.08354205128205128
2002-01-24,0.08354205128205128
2002-01-25,0.08354205128205128
2002-01-28,0.08354202898550725
2002-01-29,0.0835419512195122
2002-01-30,0.0835419512195122
2002-01-31,0.0835419512195122
2002-02-01,0.0835419512195122
2002-02-11,0.08726
2002-02-12,0.08737513513513513
2002-02-13,0.08751823529411765
2002-02-14,0.0868811111111111
2002-02-15,0.08718388888888888
2002-02-18,0.087184
2002-02-19,0.08704714285714285
2002-02-20,0.08756571428571427
2002-02-21,0.0875425
2002-02-22,0.08823809523809523
2002-02-25,0.08786571428571427
2002-02-26,0.08756571428571427
2002-02-27,0.08783488372093025
2002-02-28,0.08779627906976745
2002-03-01,0.08823809523809523
2002-03-04,0.08964585365853658
2002-03-06,0.09028511627906978
2002-03-07,0.08912636363636363
2002-03-08,0.08382222222222221
2002-03-11,0.08651276595744681
2002-03-12,0.08688083333333334
2002-03-13,0.08503417721518987
2002-03-14,0.0861476793248945
2002-03-15,0.08522251082251082
2002-03-18,0.08371008403361345
2002-03-19,0.08515
2002-03-20,0.08684314516129032
2002-03-21,0.0867827731092437
2002-03-22,0.08672271186440678
2002-03-25,0.08695650793650794
2002-03-26,0.08625137931034482
2002-03-27,0.08733633333333334
2002-04-02,0.08880983050847457
2002-04-03,0.0891264406779661
2002-04-04,0.08923805970149254
2002-04-05,0.08952545454545455
2002-04-08,0.08981490909090908
2002-04-09,0.08920607142857144
2002-04-10,0.08936535714285714
2002-04-11,0.08910280701754385
2002-04-12,0.08928586206896552
2002-04-15,0.0894535593220339
2002-04-16,0.08958178571428572
2002-04-19,0.09037492063492064
2002-04-29,0.09447322033898305
2002-04-30,0.09398489932885906
2002-05-02,0.09548354838709677
2002-05-03,0.09550187499999999
2002-05-06,0.09624624999999999
2002-05-07,0.0983284375
2002-05-08,0.0978378125
2002-05-09,0.09680532915360501
2002-05-10,0.09732369230769232
2002-05-13,0.09859015384615384
2002-05-14,0.099108
2002-05-15,0.09752276923076922
2002-05-16,0.09902953846153847
2002-05-17,0.09963147058823531
2002-05-20,0.09980028169014085
2002-05-22,0.09918666666666666
2002-05-23,0.09886294117647058
2002-05-28,0.10070485714285714
2002-05-29,0.10170861111111111
2002-05-31,0.10240666666666666
2002-06-03,0.10227044198895027
2002-06-04,0.10344475138121548
2002-06-05,0.10162602739726027
2002-06-06,0.10130684931506849
2002-06-10,0.10050257142857143
2002-06-11,0.10013028571428571
2002-06-12,0.09864857142857143
2002-06-13,0.09794314285714287
2002-06-14,0.09632044817927171
2002-06-18,0.09451802816901408
2002-06-19,0.0978185393258427
2002-06-20,0.09832853185595568
2002-06-21,0.09543806970509384
2002-06-24,0.0962
2002-06-25,0.09665564102564102
2002-06-26,0.09702155844155844
2002-06-27,0.0971063157894737
2002-06-28,0.09694631578947369
2002-07-01,0.10065435356200528
2002-07-02,0.09920630136986301
2002-07-03,0.09860000000000001
2002-07-11,0.09915710306406686
2002-07-12,0.09987027777777777
2002-07-15,0.10003
2002-07-16,0.09935406162464987
2002-07-17,0.09923585434173669
2002-07-18,0.1002002808988764
2002-07-19,0.1010508379888268
2002-07-22,0.09998011049723757
2002-07-23,0.09913760217983653
2002-07-24,0.09708736263736263
2002-07-25,0.09837671232876712
2002-07-26,0.09884344262295082
2002-07-29,0.0984155737704918
2002-07-30,0.0985125
2002-07-31,0.09847378378378377
2002-08-01,0.0974847645429363
2002-08-02,0.09834765840220386
2002-08-05,0.09551098901098902
2002-08-06,0.09400275482093663
2002-08-07,0.09550192307692308
2002-08-08,0.09582219178082191
2002-08-09,0.09606153846153845
2002-08-12,0.09569364640883979
2002-08-13,0.09483168044077135
2002-08-14,0.09464313186813186
2002-08-15,0.09425082417582417
2002-08-16,0.0940467032967033
2002-08-20,0.09408209366391185
2002-08-21,0.09181894150417827
2002-08-22,0.09170111420612814
2002-08-23,0.0921914364640884
2002-08-26,0.09265261707988981
2002-08-27,0.09401160220994476
2002-08-28,0.09491274238227147
2002-08-29,0.09407348066298343
2002-08-30,0.09522892561983472
2002-09-02,0.09522892561983472
2002-09-03,0.09376456043956044
2002-09-04,0.09358904109589042
2002-09-05,0.0948495867768595
2002-09-06,0.09465206611570248
2002-09-09,0.09551101928374656
2002-09-10,0.09472396694214875
2002-09-11,0.0944842541436464
2002-09-12,0.0944842541436464
2002-09-13,0.09422396694214875
2002-09-16,0.09346986301369863
2002-09-17,0.09407327823691461
2002-09-18,0.09375150684931507
2002-09-19,0.09394059945504088
2002-09-20,0.09419726775956284
2002-09-23,0.0941708446866485
2002-09-24,0.09374712328767124
2002-09-25,0.09382615803814713
2002-09-26,0.09472396694214875
2002-09-27,0.09510213333333332
2002-09-30,0.09510213333333332
2002-10-01,0.09551096256684491
2002-10-02,0.09632053333333333
2002-10-03,0.09659973333333333
2002-10-04,0.09659973333333333
2002-10-07,0.09606160000000001
2002-10-08,0.09558395721925134
2002-10-09,0.09541989247311827
2002-10-10,0.09554756756756756
2002-10-11,0.09627405405405404
2002-10-15,0.09579453551912567
2002-10-16,0.09615388888888889
2002-10-17,0.09688972222222221
2002-10-18,0.09554756756756756
2002-10-21,0.09756088154269973
2002-10-22,0.09791436464088397
2002-10-23,0.09812576177285319
2002-10-24,0.0985415512465374
2002-10-25,0.09898038674033148
2002-10-28,0.0995025
2002-10-29,0.09983016759776536
2002-10-30,0.09932450704225354
2002-10-31,0.10032102272727272
2002-11-01,0.10035113636363636
2002-11-04,0.10136834733893559
2002-11-05,0.10106101694915255
2002-11-07,0.10154341736694679
2002-11-08,0.10270112359550562
2002-11-11,0.10270112359550562
2002-11-12,0.1015229461756374
2002-11-13,0.10171898016997168
2002-11-14,0.10216601123595506
2002-11-15,0.10368079096045198
2002-11-18,0.10448215297450425
2002-11-19,0.10476676136363637
2002-11-20,0.103734375
2002-11-21,0.10378831908831909
2002-11-22,0.11124714285714286
2002-11-25,0.10681485714285714
2002-11-26,0.10958908045977012
2002-11-27,0.10883771428571429
2002-11-29,0.1079098901098901
2002-12-02,0.10816648044692738
2002-12-03,0.10774689265536723
2002-12-04,0.10871926345609065
2002-12-05,0.10970934844192635
2002-12-06,0.1096971671388102
2002-12-09,0.10949291784702551
2002-12-10,0.10949318181818181
2002-12-11,0.11254928774928775
2002-12-12,0.11257457142857143
2002-12-13,0.11358465909090909
2002-12-16,0.11469209039548021
2002-12-17,0.1144819209039548
2002-12-18,0.11074200000000001
2002-12-19,0.11188184438040345
2002-12-20,0.11168194842406877
2002-12-23,0.11305821325648414
2002-12-24,0.11357175792507204
2002-12-26,0.11318617647058823
2002-12-27,0.11406411764705883
2002-12-30,0.11645502958579883
2002-12-31,0.11659080118694362
2003-01-02,0.11806388059701492
2003-01-03,0.11869431137724551
2003-01-06,0.11940300300300301
2003-01-07,0.11734329268292684
2003-01-08,0.1159687878787879
2003-01-09,0.11737095808383234
2003-01-10,0.1173020895522388
2003-01-13,0.11737087087087086
2003-01-14,0.11454738461538462
2003-01-15,0.11432476780185759
2003-01-16,0.11409018404907975
2003-01-17,0.1133531055900621
2003-01-20,0.11335297805642633
2003-01-21,0.1128158064516129
2003-01-22,0.1110616129032258
2003-01-23,0.11106178343949044
2003-01-24,0.11488980891719745
2003-01-27,0.11444277108433736
2003-01-28,0.1145605421686747
2003-01-29,0.11465256797583082
2003-01-30,0.11587476923076924
2003-01-31,0.11706853582554518
2003-02-03,0.11702735849056603
2003-02-04,0.11931735015772871
2003-02-05,0.11933164556962024
2003-02-06,0.11914683544303797
2003-02-07,0.11946
2003-02-10,0.11914696485623003
2003-02-11,0.11784115755627009
2003-02-12,0.1194315112540193
2003-02-13,0.11994713375796179
2003-02-14,0.12019245283018867
2003-02-17,0.12019240506329112
2003-02-18,0.11940283911671924
2003-02-19,0.11996175548589343
2003-02-20,0.12330467289719627
2003-02-21,0.12456417445482866
2003-02-24,0.12360946372239749
2003-02-25,0.12399240506329114
2003-02-26,0.12576719242902207
2003-02-27,0.12534482758620688
2003-02-28,0.12330470219435738
2003-03-03,0.1255018691588785
2003-03-04,0.1255808176100629
2003-03-05,0.12547066246056782
2003-03-06,0.1255808176100629
2003-03-07,0.1264382911392405
2003-03-10,0.12706464968152864
2003-03-11,0.12679105431309903
2003-03-12,0.12476591639871383
2003-03-13,0.12260897435897435
2003-03-14,0.12201057692307692
2003-03-17,0.12165451612903225
2003-03-18,0.1226392156862745
2003-03-19,0.12254916943521596
2003-03-20,0.12335016501650166
2003-03-21,0.12158046357615895
2003-03-24,0.12285016722408025
2003-03-25,0.12492176870748299
2003-03-26,0.12682310344827585
2003-03-27,0.12581770833333333
2003-03-28,0.12588120805369127
2003-04-01,0.12729121621621622
2003-04-02,0.1258496551724138
2003-04-03,0.1269358620689655
2003-04-04,0.12650206896551724
2003-04-07,0.12461068965517241
2003-04-08,0.12428527397260274
2003-04-09,0.1262626712328767
2003-04-10,0.1282871972318339
2003-04-11,0.12873310344827588
2003-04-14,0.1282051194539249
2003-04-15,0.13054813559322032
2003-04-16,0.13075324232081909
2003-04-21,0.1307190311418685
2003-04-22,0.13236280701754385
2003-04-23,0.13522640845070424
2003-04-24,0.13817867132867134
2003-04-25,0.13908216783216784
2003-04-28,0.13908216783216784
2003-04-29,0.14090456140350877
2003-04-30,0.1375326241134752
2003-05-02,0.1342100358422939
2003-05-05,0.13850428571428572
2003-05-06,0.1373625
2003-05-07,0.1374569892473118
2003-05-08,0.1385039826212889
2003-05-09,0.1376841726618705
2003-05-12,0.13661191335740072
2003-05-13,0.13596209386281588
2003-05-14,0.13123357142857145
2003-05-15,0.12433169014084508
2003-05-16,0.12931598639455782
2003-05-19,0.1256595890410959
2003-05-20,0.12845208333333333
2003-05-21,0.1293495248152059
2003-05-22,0.12795895652173914
2003-05-23,0.12734
2003-05-26,0.1273397212543554
2003-05-27,0.12360940766550522
2003-05-28,0.12239895833333335
2003-05-29,0.1237625
2003-05-30,0.1239157894736842
2003-06-02,0.125
2003-06-03,0.1249530035335689
2003-06-04,0.12256413890857548
2003-06-05,0.126582332155477
2003-06-06,0.12413120567375886
2003-06-09,0.12653428063943162
2003-06-10,0.12627864768683275
2003-06-11,0.12642239546420977
2003-06-12,0.12812306064880113
2003-06-13,0.12804113475177306
2003-06-17,0.12823785714285715
2003-06-18,0.12621466905187834
2003-06-19,0.12674285714285713
2003-06-20,0.12706488413547234
2003-06-23,0.1264863799283154
2003-06-24,0.12919891696750901
2003-06-25,0.13037797833935016
2003-06-26,0.13175232974910395
2003-06-27,0.13404827831025914
2003-06-30,0.13415607142857144
2003-07-01,0.1344989285714286
2003-07-02,0.13517178571428573
2003-07-03,0.1335649373881932
2003-07-04,0.1335649373881932
2003-07-07,0.1336718132854578
2003-07-08,0.13140612612612612
2003-07-10,0.13315562794064423
2003-07-11,0.13217028985507248
2003-07-14,0.1317523465703971
2003-07-15,0.1302083032490975
2003-07-16,0.1294834532374101
2003-07-17,0.1295336917562724
2003-07-18,0.13066785714285714
2003-07-21,0.13192607142857143
2003-07-22,0.13213525179856117
2003-07-23,0.13368992805755398
2003-07-24,0.13333345195729537
2003-07-25,0.1348982269503546
2003-07-28,0.1363326278659612
2003-07-29,0.1367054481546573
2003-07-30,0.13623993115318417
2003-07-31,0.13605445205479452
2003-08-01,0.13424625850340136
2003-08-04,0.13430016920473772
2003-08-05,0.1351717206132879
2003-08-06,0.1361842735042735
2003-08-07,0.13774095563139932
2003-08-08,0.13635109289617486
2003-08-11,0.1358696397941681
2003-08-12,0.13531793103448275
2003-08-13,0.13522634315424611
2003-08-14,0.13678031088082904
2003-08-15,0.13678031088082904
2003-08-19,0.13661216730038023
2003-08-20,0.13599897084048027
2003-08-21,0.13333322033898304
2003-08-22,0.13453525423728813
2003-08-25,0.1340663247863248
2003-08-26,0.13698639455782313
2003-08-27,0.13668682432432433
2003-08-28,0.13661186440677967
2003-08-29,0.13623985115020298
2003-09-01,0.13623986486486486
2003-09-02,0.13749496644295303
2003-09-03,0.13831275167785234
2003-09-04,0.1375514208389716
2003-09-05,0.1340481228668942
2003-09-08,0.1327843537414966
2003-09-09,0.13351122448979594
2003-09-10,0.1358510057961132
2003-09-11,0.13531793103448275
2003-09-12,0.13577724137931035
2003-09-15,0.1353363321799308
2003-09-16,0.13333344851416723
2003-09-17,0.1358512027491409
2003-09-18,0.1362955326460481
2003-09-19,0.13659347079037798
2003-09-22,0.13831256454388985
2003-09-23,0.1404296551724138
2003-09-24,0.1409840830449827
2003-09-25,0.14156269430051815
2003-09-26,0.1394698795180723
2003-09-29,0.14031134020618555
2003-09-30,0.14409228130360205
2003-10-01,0.14461308089500863
2003-10-02,0.14639152892561985
2003-10-03,0.14417538994800694
2003-10-06,0.145348934683898
2003-10-07,0.14556038983640793
2003-10-08,0.14587889394469722
2003-10-09,0.14450880902043692
2003-10-10,0.14388477801268498
2003-10-14,0.14430031723651746
2003-10-15,0.14326654929577465
2003-10-16,0.14255156634987678
2003-10-17,0.13906256590509666
2003-10-20,0.1392952714535902
2003-10-21,0.14025228070175438
2003-10-22,0.1438642105263158
2003-10-23,0.14371960646521434
2003-10-24,0.14575140845070425
2003-10-27,0.1454968309859155
2003-10-28,0.14440421052631577
2003-10-29,0.14520105078809106
2003-10-30,0.1453909407665505
2003-10-31,0.14513787085514834
2003-11-03,0.1446970227670753
2003-11-04,0.14524343257443081
2003-11-05,0.1446970227670753
2003-11-07,0.1447179487179487
2003-11-10,0.1440922807017544
2003-11-11,0.14409230769230771
2003-11-12,0.14556042031523644
2003-11-13,0.14974554973821988
2003-11-14,0.14992508710801392
2003-11-17,0.14858848167539265
2003-11-18,0.15174520069808028
2003-11-19,0.15140034782608697
2003-11-20,0.152625
2003-11-21,0.1533273356401384
2003-11-24,0.1529050742147049
2003-11-25,0.15290513698630137
2003-11-26,0.1563721476510067
2003-11-27,0.15637200674536259
2003-11-28,0.15723277591973242
2003-12-01,0.15730704697986578
2003-12-02,0.15847865546218487
2003-12-03,0.1605138047138047
2003-12-04,0.1605138047138047
2003-12-05,0.15867993254637439
2003-12-09,0.15625
2003-12-10,0.1545595238095238
2003-12-11,0.15710915254237287
2003-12-12,0.15772877916807576
2003-12-15,0.15865450861195543
2003-12-16,0.15705999325918435
2003-12-17,0.1537751519243754
2003-12-18,0.1512859548669586
2003-12-19,0.14513789615643963
2003-12-22,0.1444668918918919
2003-12-23,0.1454545147108556
2003-12-24,0.1497006756756757
2003-12-26,0.15037593220338982
2003-12-29,0.1485883752549286
2003-12-30,0.15151516183986372
2003-12-31,0.14985767918088735
2004-01-02,0.15302226027397262
2004-01-05,0.15847847222222222
2004-01-06,0.15530366492146594
2004-01-07,0.15243886387253205
2004-01-08,0.15174515905947442
2004-01-09,0.14974532871972318
2004-01-12,0.1447177504393673
2004-01-13,0.14486457242582895
2004-01-14,0.14192452173913042
2004-01-15,0.1369301919720768
2004-01-16,0.1375893786879556
2004-01-19,0.13758960138648182
2004-01-20,0.14138264777048049
2004-01-21,0.14124295532646047
2004-01-22,0.14156269430051815
2004-01-23,0.13986013745704468
2004-01-26,0.14044948453608247
2004-01-27,0.1414426510989011
2004-01-28,0.1456876712328767
2004-01-29,0.14220697831978318
2004-01-30,0.1420252732240437
2004-02-02,0.1421463247863248
2004-02-03,0.14461315610088615
2004-02-04,0.14602820251444104
2004-02-05,0.14367817258883248
2004-02-06,0.14376074450084603
2004-02-09,0.14496967632027255
2004-02-10,0.1461989778534923
2004-02-11,0.14705884353741497
2004-02-12,0.15060225332878116
2004-02-13,0.15179109589041095
2004-02-16,0.15179129540781358
2004-02-17,0.15342125042705843
2004-02-18,0.15225340599455042
2004-02-19,0.1510572402044293
2004-02-20,0.14947679180887372
2004-02-23,0.15133185083817993
2004-02-24,0.15295200548508742
2004-02-25,0.1512859097127223
2004-02-26,0.1513773907103825
2004-02-27,0.15124016421484776
2004-03-01,0.15213767123287672
2004-03-02,0.14925376712328767
2004-03-03,0.14473883161512027
2004-03-04,0.14684302325581397
2004-03-05,0.15151519289860021
2004-03-08,0.1523693724420191
2004-03-09,0.1531158872077029
2004-03-10,0.15121746575342465
2004-03-11,0.15035324407826983
2004-03-12,0.14914236706689538
2004-03-15,0.14979043358568478
2004-03-16,0.14940993788819876
2004-03-17,0.14947678447678447
2004-03-18,0.15060235538621405
2004-03-19,0.1511944347826087
2004-03-22,0.1547986741102582
2004-03-23,0.1536334841628959
2004-03-24,0.15243899895724713
2004-03-25,0.15297531293463143
2004-03-26,0.15309236111111113
2004-03-29,0.1571337513061651
2004-03-30,0.15847867132867133
2004-03-31,0.15865454545454546
2004-04-01,0.1584535864978903
2004-04-02,0.15673964912280702
2004-04-06,0.15898265486725663
2004-04-07,0.15888155547627542
2004-04-12,0.15966797153024911
2004-04-13,0.1530454706927176
2004-04-14,0.1513086770981508
2004-04-15,0.15220688431511709
2004-04-16,0.15617695035460993
2004-04-19,0.15429713477184293
2004-04-20,0.15429714487134297
2004-04-21,0.14874307746232035
2004-04-22,0.14598535054063483
2004-04-23,0.14936532399299474
2004-04-26,0.1486324152542373
2004-04-27,0.1506478674656327
2004-04-28,0.1448015427769986
2004-04-29,0.1456028691392582
2004-04-30,0.1441961267605634
2004-05-03,0.14388491228070174
2004-05-04,0.14513776223776226
2004-05-05,0.14721039776692252
2004-05-06,0.14513796680497926
2004-05-07,0.14259246575342466
2004-05-10,0.14224742974640164
2004-05-11,0.14461300309597522
2004-05-12,0.1464557264957265
2004-05-13,0.14503250085528566
2004-05-14,0.14773218588640277
2004-05-17,0.14839003436426115
2004-05-18,0.14828001375988992
2004-05-19,0.14892019263845888
2004-05-20,0.1482579661016949
2004-05-21,0.14867693870640028
2004-05-24,0.1504212478920742
2004-05-26,0.15179101958136393
2004-05-27,0.15337407407407408
2004-05-28,0.1538463094034378
2004-05-31,0.1538462837837838
2004-06-01,0.15586047297297298
2004-06-02,0.15384631077864672
2004-06-03,0.15542924528301888
2004-06-04,0.15527964959568732
2004-06-07,0.15455940760686637
2004-06-08,0.1524691191360108
2004-06-09,0.15097770270270272
2004-06-10,0.15470768712070126
2004-06-11,0.15401212529471203
2004-06-14,0.15186027674654065
2004-06-15,0.15465514905149053
2004-06-16,0.15351539763113367
2004-06-17,0.15440912162162163
2004-06-18,0.15745047169811321
2004-06-22,0.15904054054054054
2004-06-23,0.1605137614678899
2004-06-24,0.15975704105870375
2004-06-25,0.15914179357021996
2004-06-28,0.1628664418212479
2004-06-29,0.16012811867835466
2004-06-30,0.16012812711291413
2004-07-01,0.1622693089430894
2004-07-02,0.16226915254237287
2004-07-05,0.16226920462270564
2004-07-06,0.1611578231292517
2004-07-07,0.16474448591788257
2004-07-08,0.1662150101419878
2004-07-12,0.16573290453622205
2004-07-13,0.163907394843962
2004-07-14,0.1652921195652174
2004-07-15,0.16474184782608695
2004-07-16,0.16898742779476725
2004-07-19,0.16984837177747625
2004-07-20,0.1684211597151577
2004-07-21,0.16477717575347106
2004-07-22,0.16515280594996617
2004-07-23,0.16101516683518705
2004-07-26,0.16099697682230435
2004-07-27,0.15847848016139876
2004-07-28,0.16035159663865547
2004-07-29,0.1599361559139785
2004-07-30,0.1599973154362416
2004-08-02,0.15898259122865752
2004-08-03,0.1607380714047381
2004-08-04,0.1601077329808328
2004-08-05,0.1603205882352941
2004-08-06,0.16402581699346405
2004-08-09,0.16466336633663367
2004-08-10,0.16306297646668877
2004-08-11,0.16112925619834711
2004-08-12,0.15520717131474104
2004-08-13,0.15491641791044777
2004-08-17,0.1544402390438247
2004-08-18,0.15387682602921646
2004-08-19,0.15137067819148936
2004-08-20,0.152785975407112
2004-08-23,0.1498128946493852
2004-08-24,0.14858856951871657
2004-08-25,0.15001036442661317
2004-08-26,0.1512632103688933
2004-08-27,0.14858843085106382
2004-08-30,0.1497006983704689
2004-08-31,0.1510276943610277
2004-09-01,0.15151515151515152
2004-09-02,0.15264856762158563
2004-09-03,0.1512288955622289
2004-09-06,0.15122860962566845
2004-09-07,0.1510504342017368
2004-09-08,0.1509
2004-09-09,0.1504030646235843
2004-09-10,0.15243905679176353
2004-09-13,0.15310176843510176
2004-09-14,0.15423058902275769
2004-09-15,0.15261820013431832
2004-09-16,0.15267190635451502
2004-09-17,0.1533247491638796
2004-09-20,0.15434946595460614
2004-09-21,0.15530858854860186
2004-09-22,0.15402404006677795
2004-09-23,0.15645524382097525
2004-09-24,0.15612817089452605
2004-09-27,0.15698597194388775
2004-09-28,0.1563135876840696
2004-09-29,0.1560063672922252
2004-09-30,0.1549188191881919
2004-10-01,0.15506744966442954
2004-10-04,0.15520485175202156
2004-10-05,0.15372562205783455
2004-10-06,0.1536381689666779
2004-10-07,0.15225117686617348
2004-10-08,0.15299393530997304
2004-10-12,0.152993937352644
2004-10-13,0.15186036339165546
2004-10-14,0.15428302521008402
2004-10-15,0.1558239460370995
2004-10-18,0.15779086294416245
2004-10-19,0.15920526671168128
2004-10-20,0.1588560810810811
2004-10-21,0.1609631507775524
2004-10-22,0.16250135043889263
2004-10-25,0.16106435309973047
2004-10-26,0.1599488731920619
2004-10-27,0.162535666218035
2004-10-28,0.16465503355704697
2004-10-29,0.16393434343434343
2004-11-01,0.16400168406871002
2004-11-02,0.16217450118363205
2004-11-03,0.16488036498817168
2004-11-04,0.16464167510976022
2004-11-05,0.16431701553004727
2004-11-08,0.1620353059852051
2004-11-09,0.1628002694509936
2004-11-10,0.16148047138047136
2004-11-11,0.16148062015503875
2004-11-12,0.16423581081081082
2004-11-15,0.16500304774805286
2004-11-16,0.16597527100271003
2004-11-17,0.16764451261077026
2004-11-18,0.16638945578231293
2004-11-19,0.1673640067911715
2004-11-22,0.16727728813559323
2004-11-23,0.16772891156462585
2004-11-24,0.16877634262406524
2004-11-25,0.1687764186204553
2004-11-26,0.17217341040462428
2004-11-29,0.17349983056590984
2004-11-30,0.17311205432937182
2004-12-01,0.17346059782608697
2004-12-02,0.17253277027027025
2004-12-03,0.17391299966409135
2004-12-06,0.17490452261306536
2004-12-07,0.17353593015446606
2004-12-09,0.17248521505376344
2004-12-10,0.17280120886501008
2004-12-13,0.17497814391392064
2004-12-14,0.17465738255033558
2004-12-15,0.17482526881720428
2004-12-16,0.1735356306457009
2004-12-17,0.1736864719704599
2004-12-20,0.17512516869095815
2004-12-21,0.17673778227165485
2004-12-22,0.17761977058029688
2004-12-23,0.17790115098171969
2004-12-24,0.17785370809346426
2004-12-27,0.178951705504897
2004-12-28,0.17825310924369747
2004-12-29,0.17579321920107419
2004-12-30,0.1766783193277311
2004-12-31,0.17777777777777776
2005-01-03,0.17675640161725067
2005-01-04,0.1713149898717083
2005-01-05,0.16909595959595958
2005-01-06,0.16412272420768712
2005-01-07,0.16457373737373737
2005-01-10,0.1670872641509434
2005-01-11,0.16806720702465383
2005-01-12,0.16835008488964345
2005-01-13,0.16666678023850084
2005-01-14,0.1672940776038121
2005-01-17,0.1672938566552901
2005-01-18,0.16516104868913858
2005-01-19,0.1660632008154944
2005-01-20,0.16477996604414263
2005-01-21,0.16785558953448862
2005-01-24,0.16859154449369249
2005-01-25,0.16827652292950032
2005-01-26,0.1689188911704312
2005-01-27,0.16906185919343814
2005-01-28,0.16903313973351553
2005-01-31,0.1681378248974008
2005-02-01,0.1662509401709402
2005-02-02,0.1662509401709402
2005-02-03,0.16317488021902807
2005-02-04,0.16291678082191782
2005-02-07,0.1615508735868448
2005-02-08,0.16032052161976662
2005-02-09,0.16070711584737024
2005-02-10,0.16363143445435827
2005-02-11,0.16474476125042942
2005-02-14,0.1656233230134159
2005-02-15,0.16863119834710744
2005-02-16,0.16670283344851416
2005-02-17,0.168918760757315
2005-02-18,0.1689187521426123
2005-02-21,0.16891898386543086
2005-02-22,0.17361101607937052
2005-02-23,0.17294752981260647
2005-02-24,0.17218528610354222
2005-02-25,0.1716296800544588
2005-02-28,0.17318720217835262
2005-03-01,0.17104240162822254
2005-03-02,0.16922759553601624
2005-03-03,0.16827642276422766
2005-03-04,0.1716707524685053
2005-03-07,0.1708904436860068
2005-03-08,0.17322006141248722
2005-03-09,0.17391302864938607
2005-03-10,0.17130617115581317
2005-03-11,0.1725269112101474
2005-03-14,0.16740034246575342
2005-03-15,0.1641308667351833
2005-03-16,0.16542602739726026
2005-03-17,0.16556305688827963
2005-03-18,0.1659064106959205
2005-03-21,0.164235858758999
2005-03-22,0.16492957746478873
2005-03-23,0.1609347975291695
2005-03-28,0.1583832991101985
2005-03-29,0.1581626155426224
2005-03-30,0.15948972602739728
2005-03-31,0.16056530682207748
2005-04-01,0.1606553614251456
2005-04-04,0.1604491264131552
2005-04-05,0.1614074836937865
2005-04-06,0.16393455046503616
2005-04-07,0.1631320885200553
2005-04-08,0.16258839779005524
2005-04-11,0.16297785467128026
2005-04-12,0.16199584775086504
2005-04-13,0.16315873567210837
2005-04-14,0.15976989619377163
2005-04-15,0.15947689655172415
2005-04-18,0.15975706409372845
2005-04-19,0.1619748449345279
2005-04-20,0.16434379310344827
2005-04-21,0.1646631071305546
2005-04-22,0.16584310344827588
2005-04-25,0.16528921061702861
2005-04-26,0.16389955125992406
2005-04-27,0.16498931034482758
2005-04-28,0.16382708834651086
2005-04-29,0.16412268041237113
2005-05-02,0.16447379310344828
2005-05-03,0.1639209527096997
2005-05-04,0.16743404696132597
2005-05-05,0.16849188816016572
2005-05-06,0.16545325974473957
2005-05-09,0.1635322970639033
2005-05-10,0.16273384030418253
2005-05-11,0.16199585635359118
2005-05-12,0.15977505183137525
2005-05-13,0.15850362694300518
2005-05-16,0.15698578363384189
2005-05-17,0.1563038808038808
2005-05-18,0.15667844767844769
2005-05-19,0.15644540727902947
2005-05-20,0.15356252164877035
2005-05-23,0.15384372834372834
2005-05-24,0.1524040194040194
2005-05-26,0.15173344887348356
2005-05-27,0.1529684575389948
2005-05-30,0.15296844660194175
2005-05-31,0.14660596600763096
2005-06-01,0.145026334026334
2005-06-02,0.14713899480069326
2005-06-03,0.14618175535590877
2005-06-06,0.14916476683937824
2005-06-07,0.15066378714581893
2005-06-08,0.14858839779005525
2005-06-09,0.14831295336787564
2005-06-10,0.1487033195020747
2005-06-13,0.1466920138888889
2005-06-14,0.14556038983640793
2005-06-15,0.14811956899548143
2005-06-16,0.14900243562978427
2005-06-17,0.15082033426183844
2005-06-21,0.1494813523875915
2005-06-22,0.14907571528262387
2005-06-23,0.14803864902506966
2005-06-24,0.14949930555555557
2005-06-27,0.15094323295257875
2005-06-28,0.15106185210780926
2005-06-29,0.15015025906735752
2005-06-30,0.15003740907516452
2005-07-01,0.1461988911988912
2005-07-04,0.1461989601386482
2005-07-05,0.14577269577269578
2005-07-06,0.1459854217285665
2005-07-07,0.14609207783182765
2005-07-08,0.14545451376786336
2005-07-11,0.149186889818689
2005-07-12,0.15384615384615383
2005-07-13,0.1503419309864064
2005-07-14,0.15094343575418995
2005-07-15,0.15140971009430668
2005-07-18,0.1510572625698324
2005-07-19,0.14968937805730256
2005-07-20,0.15105730258560446
2005-07-21,0.15337189793778397
2005-07-22,0.15162766329025498
2005-07-25,0.15117155835080362
2005-07-26,0.14992487770789656
2005-07-27,0.15094345549738217
2005-07-28,0.15157247642333216
2005-07-29,0.15232296399860187
2005-08-01,0.1537041958041958
2005-08-02,0.15361000349772647
2005-08-03,0.1560353146853147
2005-08-04,0.15565420887181278
2005-08-05,0.15488760907504362
2005-08-08,0.15533739979086789
2005-08-09,0.15472676644622343
2005-08-10,0.15732417391304349
2005-08-11,0.1583531456378172
2005-08-12,0.15847866805411032
2005-08-16,0.1560062326869806
2005-08-17,0.15408330452817146
2005-08-18,0.15337418018639976
2005-08-19,0.15302235982112145
2005-08-22,0.15432094943240454
2005-08-23,0.15455949105914718
2005-08-24,0.15479876160990713
2005-08-25,0.15479876160990713
2005-08-26,0.15503884496390513
2005-08-29,0.1547988328184003
2005-08-30,0.1533482142857143
2005-08-31,0.15673995190656131
2005-09-01,0.15873024054982818
2005-09-02,0.16025635738831615
2005-09-05,0.1602562779497764
2005-09-06,0.1589824561403509
2005-09-07,0.15866712564543892
2005-09-08,0.15808264462809918
2005-09-09,0.15902026794915836
2005-09-12,0.1570229688035653
2005-09-13,0.15698595409386776
2005-09-14,0.1574727646454265
2005-09-15,0.15661702127659574
2005-09-16,0.1570597732737891
2005-09-19,0.1564946753692889
2005-09-20,0.15717089910775567
2005-09-21,0.1575175017158545
2005-09-22,0.1580978708791209
2005-09-23,0.1572697594501718
2005-09-26,0.15673986254295533
2005-09-27,0.15538797250859104
2005-09-28,0.15676192109777015
2005-09-29,0.15755471698113208
2005-09-30,0.15748041237113403
2005-10-03,0.1555211412856652
2005-10-04,0.15543651338366507
2005-10-05,0.1538460485802258
2005-10-06,0.15269505962521296
2005-10-07,0.15337419135171945
2005-10-11,0.15336729857819903
2005-10-12,0.1526718381112985
2005-10-13,0.1512858579088472
2005-10-14,0.15361460787613598
2005-10-17,0.15408319299427417
2005-10-18,0.15237857864600876
2005-10-19,0.15212579885637403
2005-10-20,0.15151509054325954
2005-10-21,0.1513430583501006
2005-10-24,0.15115345869711214
2005-10-25,0.1517566934404284
2005-10-26,0.14942114038012672
2005-10-27,0.1491467859509609
2005-10-28,0.14975655058043116
2005-10-31,0.14914257161892072
2005-11-01,0.1501163101604278
2005-11-02,0.15045981245813797
2005-11-03,0.1508910127431254
2005-11-04,0.14981287726358147
2005-11-07,0.14849344096871847
2005-11-08,0.14847823152210599
2005-11-09,0.14832401481980464
2005-11-10,0.1484228956228956
2005-11-11,0.14842298618132793
2005-11-14,0.14811534569983137
2005-11-15,0.14724728997289974
2005-11-16,0.14874101694915254
2005-11-17,0.14896466190961602
2005-11-18,0.1498620455317703
2005-11-21,0.15048894181694453
2005-11-22,0.15129066213921902
2005-11-23,0.15322610169491524
2005-11-24,0.1532263193504736
2005-11-25,0.15405957590037023
2005-11-28,0.154028762541806
2005-11-29,0.15405947580645163
2005-11-30,0.15474612272420768
2005-12-01,0.15501007387508392
2005-12-02,0.15788326065078834
2005-12-05,0.15810282861896838
2005-12-06,0.15951518184851518
2005-12-07,0.15872760695187166
2005-12-09,0.15715852442671985
2005-12-12,0.15814034505640345
2005-12-13,0.15951498002663117
2005-12-14,0.15764176117411605
2005-12-15,0.15600364842454395
2005-12-16,0.15649456342668863
2005-12-19,0.15751768595041324
2005-12-20,0.1575052735662492
2005-12-21,0.15695384108143753
2005-12-22,0.1569612967251075
2005-12-23,0.1579404565001654
2005-12-26,0.1579403578528827
2005-12-27,0.15748039538714992
2005-12-28,0.1572078947368421
2005-12-29,0.15804521452145215
2005-12-30,0.15789050131926122
2006-01-02,0.1578904290429043
2006-01-03,0.16061421988150099
2006-01-04,0.16295919710431062
2006-01-05,0.16303901639344265
2006-01-06,0.16437908496732026
2006-01-09,0.165532637075718
2006-01-10,0.16381092574419368
2006-01-11,0.16524844313339887
2006-01-12,0.16506548206646923
2006-01-13,0.16722141680395386
2006-01-16,0.16722141680395386
2006-01-17,0.16575213394615892
2006-01-18,0.16524007871433255
2006-01-19,0.1676923834537098
2006-01-20,0.16724358130348915
2006-01-23,0.16743416721527324
2006-01-24,0.1666776424102733
2006-01-25,0.16627868852459016
2006-01-26,0.16413608112528622
2006-01-27,0.16330520117762512
2006-01-30,0.1628533159098334
2006-01-31,0.1655958904109589
2006-02-01,0.1640687744458931
2006-02-02,0.16447898338220918
2006-02-03,0.163773394196283
2006-02-06,0.1636474421635712
2006-02-07,0.16204033832140535
2006-02-08,0.16108235677083332
2006-02-09,0.1630150032615786
2006-02-10,0.16333192044343006
2006-02-13,0.16236396220267188
2006-02-14,0.16355356561380655
2006-02-15,0.16427092152393358
2006-02-16,0.16473100749918484
2006-02-17,0.16604954367666233
2006-02-20,0.16604957599478148
2006-02-21,0.16583745928338764
2006-02-22,0.16433843150016272
2006-02-23,0.16474463240078074
2006-02-24,0.16357235772357723
2006-02-27,0.1617730081300813
2006-02-28,0.1624167208848406
2006-03-01,0.16191981747066492
2006-03-02,0.1630577111183567
2006-03-03,0.16163455906280508
2006-03-06,0.1607718557036074
2006-03-07,0.16012564935064935
2006-03-08,0.15814012325656826
2006-03-09,0.15942101848848525
2006-03-10,0.1596881894873459
2006-03-13,0.15984642857142858
2006-03-14,0.16103055916775033
2006-03-15,0.16194335937499998
2006-03-16,0.16172079401236578
2006-03-17,0.1608259030263586
2006-03-20,0.1583331164606376
2006-03-21,0.15873031880286273
2006-03-22,0.1583281300813008
2006-03-23,0.15929912309191294
2006-03-27,0.15994875121634772
2006-03-28,0.16013595068137573
2006-03-29,0.15903311688311686
2006-03-30,0.1618383641674781
2006-03-31,0.16262816353017523
2006-04-03,0.16378152350081038
2006-04-04,0.16593934479403177
2006-04-05,0.16597499999999998
2006-04-06,0.16488048067554398
2006-04-07,0.16343881856540085
2006-04-10,0.16273385264524506
2006-04-11,0.1635404614884628
2006-04-12,0.16353216374269008
2006-04-17,0.1652756827048114
2006-04-18,0.16659739413680782
2006-04-19,0.1677486962190352
2006-04-20,0.16526185027786858
2006-04-21,0.16750408630271332
2006-04-24,0.16557105349524123
2006-04-25,0.1649621834922723
2006-04-26,0.1622112537018756
2006-04-27,0.1626678712220762
2006-04-28,0.1665223097112861
2006-05-02,0.16549425287356323
2006-05-03,0.16556278763971075
2006-05-04,0.16524827359421243
2006-05-05,0.16505721802038803
2006-05-08,0.16510625
2006-05-09,0.1655027951331799
2006-05-10,0.16526184210526315
2006-05-11,0.16496209624258407
2006-05-12,0.16017951251646903
2006-05-15,0.15623281815192372
2006-05-16,0.15733168967784353
2006-05-17,0.15576312335958006
2006-05-18,0.15530353634577604
2006-05-19,0.15455955497382198
2006-05-22,0.15255533854166667
2006-05-23,0.154
2006-05-24,0.14970051914341337
2006-05-26,0.13850420984455958
2006-05-29,0.15360968475788106
2006-05-30,0.14925388601036269
2006-05-31,0.14892025931928687
2006-06-01,0.15031948051948052
2006-06-02,0.1498687885677168
2006-06-05,0.1509435064935065
2006-06-06,0.14781965617904638
2006-06-07,0.14897144711226476
2006-06-08,0.14776516380149204
2006-06-09,0.1485684620376379
2006-06-12,0.14798377150275885
2006-06-13,0.14577262406746674
2006-06-14,0.14529197791490742
2006-06-15,0.14450876623376624
2006-06-16,0.1452117570639818
2006-06-20,0.14101786874593894
2006-06-21,0.14031154471544716
2006-06-22,0.13687394411955817
2006-06-23,0.13465660499837714
2006-06-26,0.13564841218405704
2006-06-27,0.13706148867313916
2006-06-28,0.13850420984455958
2006-06-29,0.1372872409326425
2006-06-30,0.1397290991574854
2006-07-03,0.1421867098865478
2006-07-04,0.1421867098865478
2006-07-05,0.13914026563006154
2006-07-06,0.13973687621516526
2006-07-07,0.14122294232015553
2006-07-10,0.14045333765392096
2006-07-11,0.14100389105058367
2006-07-12,0.13976224456698022
2006-07-13,0.1386961738002594
2006-07-14,0.1392757054816737
2006-07-17,0.13812167423750812
2006-07-18,0.13923685918234913
2006-07-19,0.1420253329002923
2006-07-20,0.14386404931862426
2006-07-21,0.14261258922777417
2006-07-24,0.1422779220779221
2006-07-25,0.14270435347628332
2006-07-26,0.14385393623942747
2006-07-27,0.1465310367240819
2006-07-28,0.1457195320116997
2006-07-31,0.14446061197916665
2006-08-01,0.14345131878866818
2006-08-02,0.14553923803321392
2006-08-03,0.14598534201954397
2006-08-04,0.1468536982730531
2006-08-07,0.1471455078125
2006-08-08,0.14656315104166664
2006-08-09,0.14907559465623982
2006-08-10,0.14684294558488106
2006-08-11,0.1477105177466623
2006-08-14,0.14579382113821138
2006-08-15,0.14577272727272728
2006-08-16,0.14810442420299286
2006-08-17,0.1471668831168831
2006-08-18,0.14352336145360156
2006-08-22,0.14261258922777417
2006-08-23,0.13974303305249514
2006-08-24,0.1399578879170716
2006-08-25,0.1396921086675291
2006-08-28,0.13986018727801097
2006-08-29,0.14064684975767366
2006-08-30,0.1407994833710042
2006-08-31,0.1388695511785599
2006-09-01,0.13921770025839794
2006-09-04,0.1392175177763413
2006-09-05,0.14005616526791478
2006-09-06,0.13697679664840476
2006-09-07,0.13679896740884154
2006-09-08,0.1357220251531764
2006-09-11,0.13603577183370932
2006-09-12,0.1360173801094303
2006-09-13,0.13693006767644214
2006-09-14,0.13496193548387095
2006-09-15,0.1355932859909619
2006-09-18,0.13714590058102002
2006-09-19,0.1361469163706813
2006-09-20,0.13539122014202712
2006-09-21,0.13215262988060664
2006-09-22,0.13175217812197482
2006-09-25,0.13064225806451613
2006-09-26,0.13114764667956158
2006-09-27,0.13092424242424244
2006-09-28,0.13037306701030926
2006-09-29,0.1292757731958763
2006-10-02,0.12943312922977762
2006-10-03,0.12728479381443297
2006-10-04,0.12608438003220612
2006-10-05,0.1285181964573269
2006-10-06,0.12799195106245975
2006-10-09,0.12799195106245975
2006-10-10,0.12970164145477953
2006-10-11,0.1303779781068899
2006-10-12,0.13282860824742268
2006-10-13,0.1339584273283919
2006-10-17,0.13149258064516128
2006-10-18,0.13262601099967647
2006-10-19,0.1330317254775008
2006-10-20,0.13322135922330097
2006-10-23,0.13067119741100325
2006-10-24,0.13003915857605178
2006-10-25,0.13225767862916263
2006-10-26,0.1339854321786986
2006-10-27,0.13513510019392372
2006-10-30,0.13324434389140272
2006-10-31,0.1355474263515701
2006-11-01,0.13566666666666666
2006-11-02,0.13463833927992214
2006-11-03,0.13571294193966915
2006-11-07,0.13724374390640234
2006-11-08,0.13678005865102638
2006-11-09,0.1386769882659713
2006-11-10,0.13894687092568447
2006-11-13,0.13763686605981795
2006-11-14,0.1384560546875
2006-11-15,0.13780736636245108
2006-11-16,0.13852525252525252
2006-11-17,0.13774105400130124
2006-11-20,0.13829356306892068
2006-11-21,0.13908214285714285
2006-11-22,0.1401737715587374
2006-11-23,0.1401738847281016
2006-11-24,0.14020325203252032
2006-11-27,0.1401835607537362
2006-11-28,0.13998148148148148
2006-11-29,0.14027618737800912
2006-11-30,0.13997555410691004
2006-12-01,0.13974689745264532
2006-12-04,0.13940196078431372
2006-12-05,0.14105368248772504
2006-12-06,0.14119921491658488
2006-12-07,0.14306147809025507
2006-12-11,0.14229803921568626
2006-12-12,0.1429898493778651
2006-12-13,0.1438848167539267
2006-12-14,0.1434718770438195
2006-12-15,0.14285704939483154
2006-12-18,0.14233856722276741
2006-12-19,0.14239928057553958
2006-12-20,0.14467169069462646
2006-12-21,0.1425518372703412
2006-12-22,0.1425251633986928
2006-12-26,0.1429182410423453
2006-12-27,0.14150260078023405
2006-12-28,0.14258203125
2006-12-29,0.1420777269758328
2007-01-02,0.14495912361020274
2007-01-03,0.1445086629617522
2007-01-04,0.14117317708333332
2007-01-05,0.1390857699805068
2007-01-08,0.13842170240415855
2007-01-09,0.13691501783976645
2007-01-10,0.13678026614735475
2007-01-11,0.1381538961038961
2007-01-12,0.13858098020123338
2007-01-15,0.13858103280285805
2007-01-16,0.13927564935064934
2007-01-17,0.14007567392010392
2007-01-18,0.14034101232965607
2007-01-19,0.1404750486066105
2007-01-22,0.14094638242894056
2007-01-23,0.14075597159457715
2007-01-24,0.14033107235142117
2007-01-25,0.13826468689477084
2007-01-26,0.13800160978750806
2007-01-29,0.1370614543114543
2007-01-30,0.1374380431284197
2007-01-31,0.13896620534277437
2007-02-01,0.1397370286819207
2007-02-02,0.13966473055824458
2007-02-05,0.1388117950370609
2007-02-06,0.13920793036750484
2007-02-07,0.1398600902643456
2007-02-08,0.14009919484702094
2007-02-09,0.13998164842240823
2007-02-12,0.138121456185567
2007-02-13,0.1382359767891683
2007-02-14,0.13949709489993545
2007-02-15,0.13919806451612904
2007-02-16,0.13992270531400966
2007-02-19,0.13992265549468255
2007-02-20,0.14019362113402062
2007-02-21,0.14092240824211205
2007-02-22,0.14196488402061855
2007-02-23,0.14214626288659793
2007-02-26,0.14134289397357394
2007-02-27,0.13910125765881973
2007-02-28,0.13795
2007-03-01,0.13747594446238295
2007-03-02,0.14229205834683956
2007-03-05,0.13423726627981947
2007-03-06,0.13515694489203994
2007-03-07,0.1353179768041237
2007-03-08,0.13605442834138487
2007-03-09,0.1369861558274308
2007-03-12,0.13687367064131487
2007-03-13,0.133815220896485
2007-03-14,0.13448095545513233
2007-03-15,0.13522111039380244
2007-03-16,0.1339584005159626
2007-03-19,0.13493258064516128
2007-03-20,0.1357221684414327
2007-03-21,0.1360916129032258
2007-03-22,0.13919812842852533
2007-03-23,0.13885041908446163
2007-03-26,0.13887532216494844
2007-03-27,0.13842755956213781
2007-03-28,0.13672422680412372
2007-03-29,0.13736814958091553
2007-03-30,0.13765580645161288
2007-04-03,0.13913995485327313
2007-04-04,0.14013451612903224
2007-04-09,0.14045527930255086
2007-04-10,0.1406470588235294
2007-04-11,0.14056777741831122
2007-04-12,0.13982106969205835
2007-04-13,0.13940194174757284
2007-04-16,0.14103368966634272
2007-04-17,0.14209990269218292
2007-04-18,0.1425555915721232
2007-04-19,0.14228788860103628
2007-04-20,0.14224740932642485
2007-04-23,0.14106357444048004
2007-04-24,0.14245021083360362
2007-04-25,0.1439264419961115
2007-04-26,0.14363698186528495
2007-04-27,0.14242588996763755
2007-04-30,0.14257411003236248
2007-05-02,0.14229205834683956
2007-05-03,0.14411089494163423
2007-05-04,0.14433765812520272
2007-05-07,0.14577272727272728
2007-05-08,0.14492532467532468
2007-05-09,0.14556024683338747
2007-05-10,0.1426024018175917
2007-05-11,0.14380227272727272
2007-05-14,0.14371929824561402
2007-05-15,0.14542295188556567
2007-05-16,0.14367825804354892
2007-05-17,0.14269398373983738
2007-05-18,0.14315172189733594
2007-05-21,0.14250081300813008
2007-05-22,0.14221117608836908
2007-05-23,0.14199902692182936
2007-05-24,0.14038845654993515
2007-05-28,0.14038825819007458
2007-05-29,0.1403310613437196
2007-05-30,0.13976233766233767
2007-05-31,0.140769580760481
2007-06-01,0.14139264801561485
2007-06-04,0.1406962890625
2007-06-05,0.13984465388365291
2007-06-06,0.1386521456436931
2007-06-07,0.13927591810204745
2007-06-08,0.13797301690507152
2007-06-11,0.13887934959349593
2007-06-12,0.139211776187378
2007-06-13,0.13833539362394276
2007-06-14,0.1395087890625
2007-06-15,0.14081930451738706
2007-06-19,0.14140468445022772
2007-06-20,0.14068463786943813
2007-06-21,0.14077579493835174
2007-06-22,0.14044938351719663
2007-06-25,0.13991893644617379
2007-06-26,0.13937273316062176
2007-06-27,0.13924458104173404
2007-06-28,0.14179385113268608
2007-06-29,0.14217070805043647
2007-07-02,0.14409220317049498
2007-07-03,0.14409220317049498
2007-07-04,0.14409217335058214
2007-07-05,0.14265323880116015
2007-07-06,0.14332592592592594
2007-07-10,0.14318240412504027
2007-07-11,0.1431825217671719
2007-07-12,0.14380612903225806
2007-07-13,0.14404870967741934
2007-07-16,0.14377523379554982
2007-07-17,0.14428345694937117
2007-07-18,0.1445505798969072
2007-07-19,0.14619877577319587
2007-07-20,0.1459852564102564
2007-07-23,0.14695073576455533
2007-07-24,0.14684272151898733
2007-07-25,0.14517358490566037
2007-07-26,0.1420455704270236
2007-07-27,0.14181783194355357
2007-07-30,0.1407855313700384
2007-07-31,0.14148670297981417
2007-08-01,0.14084519629747846
2007-08-02,0.14097418738049713
2007-08-03,0.14154267515923566
2007-08-06,0.14204554140127387
2007-08-07,0.1420455269022604
2007-08-08,0.1432665177146505
2007-08-09,0.1399325485205218
2007-08-10,0.13959085133418042
2007-08-13,0.13917302798982187
2007-08-14,0.1370425802351446
2007-08-15,0.13621192893401016
2007-08-16,0.13259430379746834
2007-08-17,0.13582351077313054
2007-08-21,0.13605443037974682
2007-08-22,0.13812152777777778
2007-08-23,0.1381214600377596
2007-08-24,0.13927570977917983
2007-08-27,0.13927570977917983
2007-08-28,0.13840834386852086
2007-08-29,0.1395090047393365
2007-08-30,0.14025237492083598
2007-08-31,0.14044930291508237
2007-09-03,0.1404493991144845
2007-09-04,0.1390821484992101
2007-09-05,0.1381444374209861
2007-09-06,0.13900853350189632
2007-09-07,0.13869639468690703
2007-09-10,0.13858088002532448
2007-09-11,0.13981506196377502
2007-09-12,0.1406471150781001
2007-09-13,0.14038038965186841
2007-09-14,0.13995792158112846
2007-09-17,0.13921754385964913
2007-09-18,0.1395672831632653
2007-09-19,0.14128297668476525
2007-09-20,0.14229796048438498
2007-09-21,0.14327662957074722
2007-09-24,0.14372972972972972
2007-09-25,0.1438226882745472
2007-09-26,0.1440921219822109
2007-09-27,0.14602793650793652
2007-09-28,0.14582571428571428
2007-10-01,0.14584058431248015
2007-10-02,0.14478907242693773
2007-10-03,0.14457537289749287
2007-10-04,0.14512519809825675
2007-10-05,0.14739480354879594
2007-10-08,0.14739474517252296
2007-10-09,0.14662756876383182
2007-10-10,0.1449378960709759
2007-10-11,0.1499249049429658
2007-10-12,0.1485885334178017
2007-10-16,0.14620949367088606
2007-10-17,0.146348623853211
2007-10-18,0.14792884250474383
2007-10-19,0.1474359785014227
2007-10-22,0.14641274850110444
2007-10-23,0.1496602584305074
2007-10-24,0.15037590437244416
2007-10-25,0.1524391318024536
2007-10-26,0.15370892462945443
2007-10-29,0.15360975609756097
2007-10-30,0.15339771283354509
2007-10-31,0.15310407383831956
2007-11-01,0.15261366538952745
2007-11-02,0.1528469159475871
2007-11-05,0.15214682413022662
2007-11-07,0.15489475367882277
2007-11-08,0.15322843450479234
2007-11-09,0.15091818472355384
2007-11-12,0.15091826309067688
2007-11-13,0.14895789473684212
2007-11-14,0.15268350383631712
2007-11-15,0.14945006402048655
2007-11-16,0.14969157088122603
2007-11-19,0.14817891373801917
2007-11-20,0.14894699872286077
2007-11-21,0.14697228416693214
2007-11-22,0.1469723018147087
2007-11-23,0.14703086223353484
2007-11-26,0.1444877505567929
2007-11-27,0.1427247619047619
2007-11-28,0.1459853921879962
2007-11-29,0.14689453621346887
2007-11-30,0.1469831478537361
2007-12-03,0.14700477859190828
2007-12-04,0.1469830994897959
2007-12-05,0.14787420178799487
2007-12-06,0.14860178685386088
2007-12-07,0.14892033142128744
2007-12-10,0.15033078393881452
2007-12-11,0.1489980885632367
2007-12-12,0.14886715514495064
2007-12-13,0.14774315722469764
2007-12-14,0.1454863144493953
2007-12-17,0.14450859872611466
2007-12-18,0.14448772712782915
2007-12-19,0.14414399744572157
2007-12-20,0.14174139030612243
2007-12-21,0.14283667621776505
2007-12-26,0.14322550890585242
2007-12-27,0.14542267386471897
2007-12-28,0.14657383296284535
2007-12-31,0.14609209272785012
2008-01-02,0.14618823529411765
2008-01-03,0.14641292581980261
2008-01-04,0.14557101910828027
2008-01-07,0.14465911989795918
2008-01-08,0.14545463258785943
2008-01-09,0.14577245126238417
2008-01-10,0.14583221476510067
2008-01-11,0.14836796675191816
2008-01-14,0.1482250557857826
2008-01-15,0.14684272524673672
2008-01-16,0.14411729179910998
2008-01-17,0.14214634920634922
2008-01-18,0.14184390862944163
2008-01-21,0.14184388853704877
2008-01-22,0.14184383908774154
2008-01-23,0.14089455351488284
2008-01-24,0.14263304789089756
2008-01-25,0.13964539682539684
2008-01-28,0.13896604252618217
2008-01-29,0.13896986040609136
2008-01-30,0.13695817490494297
2008-01-31,0.134517099430019
2008-02-01,0.13526506024096385
2008-02-04,0.13424065864471185
2008-02-05,0.13175221238938054
2008-02-06,0.13121300094667088
2008-02-07,0.12951688229725467
2008-02-08,0.12838939728621016
2008-02-11,0.12865719696969696
2008-02-12,0.12974541429475014
2008-02-13,0.12981115335868187
2008-02-14,0.13024397972116603
2008-02-15,0.13048874088169995
2008-02-18,0.13048874088169995
2008-02-19,0.1305294863665187
2008-02-20,0.1270323706759759
2008-02-21,0.12899904792129482
2008-02-22,0.1292207792207792
2008-02-25,0.12975712476250792
2008-02-26,0.13261190250079138
2008-02-27,0.134952818239392
2008-02-28,0.1327139689578714
2008-02-29,0.12931603922809237
2008-03-03,0.1286090534979424
2008-03-04,0.1267427846495401
2008-03-05,0.12886611675126902
2008-03-06,0.12605104629042485
2008-03-07,0.12547053231939162
2008-03-10,0.1251564281190627
2008-03-11,0.12724270304568527
2008-03-12,0.12765672588832486
2008-03-13,0.12590501905972046
2008-03-14,0.12644151303242213
2008-03-17,0.12228684879288436
2008-03-18,0.12515633937082937
2008-03-19,0.12399873297434272
2008-03-25,0.12465243516761543
2008-03-26,0.12397254654465131
2008-03-27,0.12544992101105845
2008-03-28,0.12356356736242885
2008-03-31,0.12328945707070707
2008-04-01,0.125
2008-04-03,0.12947503160556256
2008-04-04,0.1277122984508378
2008-04-07,0.12926400759734094
2008-04-08,0.12903228869895536
2008-04-09,0.12763247863247865
2008-04-10,0.12822813688212928
2008-04-11,0.12865049159530606
2008-04-14,0.12750221940393153
2008-04-15,0.12598734577665296
2008-04-16,0.12658875552747947
2008-04-17,0.12853467843631777
2008-04-18,0.1290570977917981
2008-04-21,0.1289990566037736
2008-04-22,0.13149057196731617
2008-04-23,0.13054825526563973
2008-04-24,0.1301777638190955
2008-04-25,0.13179584120982987
2008-04-28,0.1329167717528373
2008-04-29,0.13166024628986422
2008-04-30,0.13225758533501894
2008-05-02,0.13218757881462798
2008-05-05,0.13229269061121615
2008-05-06,0.13297859615989926
2008-05-07,0.13333322864321606
2008-05-08,0.13191753226314132
2008-05-09,0.12970160528800756
2008-05-12,0.1310015738117721
2008-05-13,0.1318650868878357
2008-05-14,0.13121625039519444
2008-05-15,0.13222271433090793
2008-05-16,0.13420470438652257
2008-05-19,0.13360400127024452
2008-05-20,0.13071910828025476
2008-05-21,0.1310960740504309
2008-05-22,0.13143873643905551
2008-05-23,0.13101021059349074
2008-05-26,0.13101018459579886
2008-05-27,0.12878452685421993
2008-05-28,0.1303186777920411
2008-05-29,0.1325380906460945
2008-05-30,0.1316431106808648
2008-06-02,0.13164301911240686
2008-06-03,0.12929432855280312
2008-06-04,0.12887247885491218
2008-06-05,0.12732538386148318
2008-06-06,0.12739667535853977
2008-06-09,0.12631037859007832
2008-06-10,0.1258652528548124
2008-06-11,0.12463247304802352
2008-06-12,0.12307697346871929
2008-06-13,0.12341875
2008-06-17,0.1248003294892916
2008-06-18,0.12437825370675452
2008-06-19,0.1254640974967062
2008-06-20,0.12547066578773897
2008-06-23,0.12441835044716792
2008-06-24,0.12515185676392573
2008-06-25,0.1267412193505633
2008-06-26,0.12606375949785267
2008-06-27,0.12674256444150694
2008-06-30,0.12826280991735536
2008-07-01,0.12690370615486432
2008-07-02,0.12800496688741722
2008-07-03,0.12924075297225893
2008-07-04,0.1292405816259088
2008-07-07,0.12919887305270136
2008-07-08,0.12886595885865962
2008-07-10,0.1302084161696488
2008-07-11,0.13046326935804103
2008-07-14,0.13072916666666665
2008-07-15,0.13065906084656084
2008-07-16,0.13192602377807133
2008-07-17,0.13293450215018193
2008-07-18,0.1317522328812438
2008-07-21,0.13245039682539683
2008-07-22,0.13335990737677803
2008-07-23,0.1325997349237906
2008-07-24,0.1303917799138217
2008-07-25,0.13210039761431414
2008-07-28,0.13269470198675495
2008-07-29,0.1358492561983471
2008-07-30,0.13521183079973562
2008-07-31,0.13652431011826544
2008-08-01,0.138077580539119
2008-08-04,0.13831270572745227
2008-08-05,0.1350276134122288
2008-08-06,0.1349526938239159
2008-08-07,0.13404824417459796
2008-08-08,0.12993774574049802
2008-08-11,0.12886613913616882
2008-08-12,0.12783300395256916
2008-08-13,0.12713432343234324
2008-08-14,0.12733014196104325
2008-08-15,0.12694719471947194
2008-08-19,0.12843560105680316
2008-08-20,0.1291988110964333
2008-08-21,0.1309414876033058
2008-08-22,0.13052264462809918
2008-08-25,0.12901553205551886
2008-08-26,0.12830370125578322
2008-08-27,0.12889098116947473
2008-08-28,0.12995441030723487
2008-08-29,0.13003894389438944
2008-09-01,0.13003896961690886
2008-09-02,0.12884924292297564
2008-09-03,0.12682153440895622
2008-09-04,0.12564549045424622
2008-09-05,0.12584934210526316
2008-09-08,0.12610327868852458
2008-09-09,0.12593817468105986
2008-09-10,0.1225039037085231
2008-09-11,0.12130779220779221
2008-09-12,0.1251563919532771
2008-09-15,0.12415419501133786
2008-09-16,0.12235993537964457
2008-09-17,0.12139452495974234
2008-09-18,0.12115036870791919
2008-09-19,0.1263425361155698
2008-09-22,0.12512967741935485
2008-09-23,0.12236172959019039
2008-09-24,0.1228908564069543
2008-09-25,0.12313748795374237
2008-09-26,0.12374711168164312
2008-09-29,0.12113726747915331
2008-09-30,0.12005231259968102
2008-10-01,0.12139470325462667
2008-10-02,0.11798982188295165
2008-10-03,0.11903352308665402
2008-10-06,0.11236596809508914
2008-10-07,0.11242270606531883
2008-10-08,0.10976233322991004
2008-10-09,0.11031445372949553
2008-10-10,0.10628225806451613
2008-10-14,0.1110125313283208
2008-10-15,0.10051657285803628
2008-10-16,0.09550171606864274
2008-10-17,0.09871682750301569
2008-10-20,0.09769428926132838
2008-10-21,0.09391435689816258
2008-10-22,0.08618461061123177
2008-10-23,0.0896620583717358
2008-10-24,0.08986333129957291
2008-10-27,0.09190757575757576
2008-10-28,0.09523812351543944
2008-10-29,0.1028807121661721
2008-10-30,0.10019025110782866
2008-10-31,0.10335920897284534
2008-11-03,0.10069471508709772
2008-11-04,0.10405814307458143
2008-11-05,0.10372900302114804
2008-11-07,0.0982222558209858
2008-11-10,0.09932454545454546
2008-11-11,0.09932454545454546
2008-11-12,0.09675854765506807
2008-11-13,0.0951392749244713
2008-11-14,0.10010018105009053
2008-11-17,0.09871682750301569
2008-11-18,0.09861939174947304
2008-11-19,0.09639495040577097
2008-11-20,0.09422409131871433
2008-11-21,0.09395859585958595
2008-11-24,0.09980035971223022
2008-11-25,0.10209281437125749
2008-11-26,0.1014199522102748
2008-11-27,0.10141994047619048
2008-11-28,0.09917669730210495
2008-12-01,0.09739462015962164
2008-12-02,0.09671171967020023
2008-12-03,0.09861924317981814
2008-12-04,0.09837670636073191
2008-12-05,0.09580190311418685
2008-12-09,0.09902270742358078
2008-12-10,0.09857071742313324
2008-12-11,0.10075571847507332
2008-12-12,0.0984136722173532
2008-12-15,0.09960146198830411
2008-12-16,0.0975323339212228
2008-12-17,0.10172927689594355
2008-12-18,0.10516916299559471
2008-12-19,0.10298653395784543
2008-12-22,0.10276963503649636
2008-12-23,0.10415579499126383
2008-12-24,0.1036806404657933
2008-12-26,0.10310668604651162
2008-12-29,0.10638287373004354
2008-12-30,0.10711008111239861
2008-12-31,0.10764262959745151
2009-01-02,0.107355986119144
2009-01-05,0.1076137351492321
2009-01-06,0.1068832898928468
2009-01-07,0.10598842257597685
2009-01-08,0.10358927536231884
2009-01-09,0.10271151058277762
2009-01-12,0.09918179182371702
2009-01-13,0.09990002897710808
2009-01-14,0.09839611706751666
2009-01-15,0.09886301766579786
2009-01-16,0.09942332175925926
2009-01-19,0.09942332175925926
2009-01-20,0.09841560693641618
2009-01-21,0.0986193083573487
2009-01-22,0.09950244604316547
2009-01-23,0.0974564530037367
2009-01-26,0.09885320310255674
2009-01-27,0.10060361653272101
2009-01-28,0.10150229357798166
2009-01-29,0.10038938307030129
2009-01-30,0.09813532110091742
2009-02-02,0.09829275279289601
2009-02-03,0.099056
2009-02-04,0.10005305420131919
2009-02-05,0.10201061388410786
2009-02-06,0.10353471026965003
2009-02-09,0.10418067106395182
2009-02-10,0.10266934557979335
2009-02-11,0.10147134670487105
2009-02-12,0.09934918361501004
2009-02-13,0.10065932494279177
2009-02-16,0.10065942236202459
2009-02-17,0.09767522831050228
2009-02-18,0.09818347578347579
2009-02-19,0.09943123938879457
2009-02-20,0.09831401921989825
2009-02-23,0.0995718714768884
2009-02-24,0.10015728756330897
2009-02-25,0.10113277074542897
2009-02-26,0.10124030354131536
2009-02-27,0.09946285393888421
2009-03-02,0.0952835323521244
2009-03-03,0.09544087510384935
2009-03-04,0.09654836926478719
2009-03-05,0.09435118718939813
2009-03-06,0.09645992839438172
2009-03-09,0.09464778663733846
2009-03-10,0.09711575474292
2009-03-11,0.09844453596924767
2009-03-12,0.10025562260010971
2009-03-13,0.10025068493150685
2009-03-16,0.10138484765303321
2009-03-17,0.10099999999999999
2009-03-18,0.10224945295404814
2009-03-19,0.10394902713072074
2009-03-20,0.1046133442712606
2009-03-23,0.10541962591488208
2009-03-25,0.10596258134490238
2009-03-26,0.10732485110990796
2009-03-27,0.10461114101184069
2009-03-30,0.10297175141242937
2009-03-31,0.10541962365591397
2009-04-01,0.10700915948275862
2009-04-03,0.11074201407688142
2009-04-06,0.11085247686445292
2009-04-07,0.10911077844311377
2009-04-08,0.11003508294805547
2009-04-13,0.11131277173913044
2009-04-14,0.1106231647634584
2009-04-15,0.10940930106064727
2009-04-16,0.11210763794509378
2009-04-17,0.11223344191096633
2009-04-20,0.11019273515857957
2009-04-21,0.11185671722643553
2009-04-22,0.11291774891774892
2009-04-23,0.11242277522315391
2009-04-24,0.11449905328644847
2009-04-27,0.11347516198704104
2009-04-28,0.11557346609257264
2009-04-29,0.11786885245901639
2009-04-30,0.11835729671513194
2009-05-04,0.12009851150202977
2009-05-05,0.11929602595296027
2009-05-06,0.12026461870115872
2009-05-07,0.11877882289707067
2009-05-08,0.12109459822628325
2009-05-11,0.11904758064516129
2009-05-12,0.1182034399355012
2009-05-13,0.11799409395973154
2009-05-14,0.1168470619801449
2009-05-15,0.11426609442060084
2009-05-18,0.11699999999999999
2009-05-19,0.11869447424892704
2009-05-20,0.12061280814576633
2009-05-21,0.1200666488222698
2009-05-22,0.12088252609044688
2009-05-26,0.12111660871890881
2009-05-27,0.12338051913299437
2009-05-28,0.12406944444444443
2009-05-29,0.12685516137636701
2009-06-01,0.1264221628838451
2009-06-02,0.12610339300026718
2009-06-03,0.12414636752136751
2009-06-04,0.12531338498530592
2009-06-05,0.12437822730902316
2009-06-08,0.12266187815908486
2009-06-09,0.12373164893617022
2009-06-10,0.12368590425531915
2009-06-11,0.12606356382978723
2009-06-12,0.12437805526036132
2009-06-16,0.12515639936271908
2009-06-17,0.12426227767454208
2009-06-18,0.12383890658174099
2009-06-19,0.1242235761589404
2009-06-22,0.12207035175879397
2009-06-23,0.12271447403110992
2009-06-24,0.1251563818565401
2009-06-25,0.125
2009-06-26,0.12682306477093205
2009-06-29,0.1282461741424802
2009-06-30,0.1298195944166447
2009-07-01,0.129290866017373
2009-07-02,0.12759984214680348
2009-07-03,0.12622271890612674
2009-07-06,0.12550197212726794
2009-07-07,0.12484388961892245
2009-07-08,0.12218960084033614
2009-07-13,0.12124159663865547
2009-07-14,0.12034419337887546
2009-07-15,0.12349487785657998
2009-07-16,0.12372419227738377
2009-07-17,0.12451444327731093
2009-07-20,0.1273075105042017
2009-07-21,0.12823792016806723
2009-07-22,0.1300982142857143
2009-07-23,0.13134033613445378
2009-07-24,0.12987004463113677
2009-07-27,0.12949186351706038
2009-07-28,0.1273480996068152
2009-07-29,0.1266223849372385
2009-07-30,0.12821337163750327
2009-07-31,0.12945822454308095
2009-08-03,0.1294749085206482
2009-08-04,0.1270648705205336
2009-08-05,0.1273673202614379
2009-08-06,0.12378541557762676
2009-08-07,0.12605565717272013
2009-08-10,0.12322851919561242
2009-08-11,0.1242237013834508
2009-08-12,0.12429760041731873
2009-08-13,0.1254310659369299
2009-08-14,0.12376250000000001
2009-08-18,0.12507046281851272
2009-08-19,0.12533367983367982
2009-08-20,0.12730579371265263
2009-08-21,0.12841101584827228
2009-08-24,0.12830051948051946
2009-08-25,0.1288161038961039
2009-08-26,0.12754781704781706
2009-08-27,0.1279589397089397
2009-08-28,0.12929584415584414
2009-08-31,0.1287333160218125
2009-09-01,0.12686163849154747
2009-09-02,0.12826261050442017
2009-09-03,0.1310959438377535
2009-09-04,0.13257317390174164
2009-09-07,0.1325731358794492
2009-09-08,0.1332002077382498
2009-09-09,0.1321790347690711
2009-09-10,0.13270516480664418
2009-09-11,0.1345352880124546
2009-09-14,0.13385996876626757
2009-09-15,0.1364479248238058
2009-09-16,0.13736259143155694
2009-09-17,0.1358695198329854
2009-09-18,0.13472544933576452
2009-09-21,0.13371298227320125
2009-09-22,0.13639770654156894
2009-09-23,0.13510763617409433
2009-09-24,0.13409851446442533
2009-09-25,0.13550130276185512
2009-09-28,0.13506222337932827
2009-09-29,0.1350767629456154
2009-09-30,0.1338688524590164
2009-10-01,0.13001352757544224
2009-10-02,0.13200286160249738
2009-10-05,0.13504401041666667
2009-10-06,0.1358695878977569
2009-10-07,0.13541131977047471
2009-10-08,0.13750430472214975
2009-10-09,0.13560250718203185
2009-10-13,0.13610065359477122
2009-10-14,0.13884065934065934
2009-10-15,0.13792144540455617
2009-10-16,0.13696754776236586
2009-10-19,0.13796912611198325
2009-10-20,0.13644438628631247
2009-10-21,0.13697696937974352
2009-10-22,0.13619152276295132
2009-10-23,0.13413821989528796
2009-10-26,0.13319842931937173
2009-10-27,0.13089005235602094
2009-10-28,0.127869109947644
2009-10-29,0.1299544502617801
2009-10-30,0.1274535218643624
2009-11-02,0.12670253993191935
2009-11-03,0.12815584075432163
2009-11-04,0.13113881613410164
2009-11-05,0.13153576106890227
2009-11-09,0.13534538784067085
2009-11-10,0.13518820445609436
2009-11-11,0.1351880409126672
2009-11-12,0.13440849501835345
2009-11-13,0.13522469847928684
2009-11-16,0.13582332896461338
2009-11-17,0.1346111693759832
2009-11-18,0.13498923884514435
2009-11-19,0.13375230081514594
2009-11-20,0.13237657894736843
2009-11-23,0.13462569097130825
2009-11-24,0.1342101525512888
2009-11-25,0.13734762029976336
2009-11-26,0.1373476090383605
2009-11-27,0.13504935678655816
2009-11-30,0.13565757019155078
2009-12-01,0.13792156348373558
2009-12-02,0.13661191288375754
2009-12-03,0.1367521659228144
2009-12-04,0.13477094825321775
2009-12-07,0.13453522607781285
2009-12-09,0.13172624374835482
2009-12-10,0.132310181531176
2009-12-11,0.13404838285564027
2009-12-14,0.1352631855156127
2009-12-15,0.13518997638415114
2009-12-16,0.1349527559055118
2009-12-17,0.13240654450261782
2009-12-18,0.13201311303435614
2009-12-21,0.12910215336134453
2009-12-22,0.12970157894736845
2009-12-23,0.13175230566534915
2009-12-24,0.13263475738396627
2009-12-28,0.1335951566201632
2009-12-29,0.13530885811340476
2009-12-30,0.1352813157894737
2009-12-31,0.13550131578947366
2010-01-04,0.13720616113744077
2010-01-05,0.1366867596735983
2010-01-06,0.13690367454068242
2010-01-07,0.13448985507246378
2010-01-08,0.1365094786729858
2010-01-11,0.1357551396942541
2010-01-12,0.13437243015287295
2010-01-13,0.13511324730050037
2010-01-14,0.13508954437713985
2010-01-15,0.13487990518830656
2010-01-18,0.1348799684127402
2010-01-19,0.13521915285451197
2010-01-20,0.13292560462670874
2010-01-21,0.13205672268907565
2010-01-22,0.13161702127659575
2010-01-25,0.13158066211245403
2010-01-26,0.1322839538542213
2010-01-27,0.13118720503408496
2010-01-28,0.13112699659596755
2010-01-29,0.1321877444589309
2010-02-01,0.13324452554744526
2010-02-02,0.1334989561586639
2010-02-03,0.1332055294731351
2010-02-04,0.13004582140067691
2010-02-05,0.12846875
2010-02-08,0.12949179901067429
2010-02-09,0.12993416601613322
2010-02-10,0.12906888484533405
2010-02-11,0.1309122077922078
2010-02-12,0.12991229891022313
2010-02-15,0.12928238341968912
2010-02-16,0.13036971739694062
2010-02-17,0.13167946058091287
2010-02-18,0.13135588387765681
2010-02-19,0.1305824261275272
2010-02-22,0.1294247993787212
2010-02-23,0.12859248704663212
2010-02-24,0.1288976683937824
2010-02-25,0.127572168955688
2010-02-26,0.13040010365379634
2010-03-01,0.1314923515685766
2010-03-02,0.1317348897535668
2010-03-03,0.13313800259403372
2010-03-04,0.13375596473029044
2010-03-05,0.13473827416429127
2010-03-08,0.13533998445193055
2010-03-09,0.1353728638011393
2010-03-10,0.1348252980819077
2010-03-11,0.13456594972790878
2010-03-12,0.1351880829015544
2010-03-15,0.1347618431271033
2010-03-16,0.13574961160020713
2010-03-17,0.13719678922837908
2010-03-18,0.1371367167270844
2010-03-19,0.13647230848861286
2010-03-22,0.13645367494824015
2010-03-23,0.13651875808538164
2010-03-25,0.1338688906128782
2010-03-26,0.13416524437548485
2010-03-29,0.1350201394268009
2010-03-30,0.1354188387096774
2010-03-31,0.13723078906652914
2010-04-05,0.13823047177107503
2010-04-06,0.13785695876288662
2010-04-07,0.1376215170278638
2010-04-08,0.13750232198142415
2010-04-09,0.13796723426212593
2010-04-12,0.13770887055183084
2010-04-13,0.13704073214746068
2010-04-14,0.13695820433436534
2010-04-15,0.13667742768595043
2010-04-16,0.13484543809769967
2010-04-19,0.1336917312661499
2010-04-20,0.13524489795918368
2010-04-21,0.13512606561611987
2010-04-22,0.1338168431929734
2010-04-23,0.1347709194214876
2010-04-26,0.13640149754712108
2010-04-27,0.13443037648272305
2010-04-28,0.13404277248131927
2010-04-29,0.13591939222250837
2010-04-30,0.13541512345679013
2010-05-03,0.13471630658436215
2010-05-04,0.1324415917843389
2010-05-05,0.131001540436457
2010-05-06,0.12848857509627729
2010-05-07,0.1305686777920411
2010-05-10,0.13326392811296536
2010-05-11,0.1337256160164271
2010-05-12,0.13315044929396663
2010-05-13,0.1340033376123235
2010-05-14,0.132147549396972
2010-05-17,0.13195926210607226
2010-05-18,0.13073957533896138
2010-05-19,0.12812467997951868
2010-05-20,0.12545787451984636
2010-05-21,0.12718279569892474
2010-05-26,0.12939785221171057
2010-05-27,0.13219299591002046
2010-05-28,0.13149591836734695
2010-05-31,0.13008119114278444
2010-06-01,0.13032035623409668
2010-06-02,0.12985656050955416
2010-06-03,0.12957576530612244
2010-06-04,0.1282183995922528
2010-06-07,0.12811320754716982
2010-06-08,0.12876634320735444
2010-06-09,0.12886928772019404
2010-06-10,0.1296881857616739
2010-06-11,0.1299528422125924
2010-06-14,0.13009475292919
2010-06-15,0.13146994396332146
2010-06-16,0.1318392766174223
2010-06-17,0.1318392766174223
2010-06-18,0.13304763117677024
2010-06-22,0.13249427335199795
2010-06-23,0.13257855869620574
2010-06-24,0.132018320610687
2010-06-25,0.1315114445574771
2010-06-28,0.1320566997203153
2010-06-29,0.13021693794506614
2010-06-30,0.13056372424319512
2010-07-01,0.12924078311721332
2010-07-02,0.12916548042704626
2010-07-05,0.12899390088945362
2010-07-06,0.1305654383735705
2010-07-07,0.13105462398373985
2010-07-08,0.13187731775463551
2010-07-12,0.13139049796747967
2010-07-13,0.13245043213014743
2010-07-14,0.13264717844433146
2010-07-15,0.13183227445997459
2010-07-16,0.13182180986273512
2010-07-19,0.13059949174078778
2010-07-20,0.13207956278596847
2010-07-21,0.1331166751398068
2010-07-22,0.13431103763987792
2010-07-23,0.13469829559908422
2010-07-26,0.1360673957273652
2010-07-27,0.13633257055682685
2010-07-28,0.13629555273189325
2010-07-29,0.13608229616459233
2010-07-30,0.13672233502538073
2010-08-02,0.13728542407313357
2010-08-03,0.13732104728012198
2010-08-04,0.13777320111873886
2010-08-05,0.1378512585812357
2010-08-06,0.13813097660223805
2010-08-09,0.13905696846388607
2010-08-10,0.13816170861937455
2010-08-11,0.13727020843924756
2010-08-12,0.13704627510806
2010-08-13,0.13699949148232904
2010-08-17,0.13764438230808337
2010-08-18,0.13786458333333332
2010-08-19,0.13722504445008893
2010-08-20,0.13637353986795328
2010-08-23,0.136009900990099
2010-08-24,0.13572196854388635
2010-08-25,0.1360580481622307
2010-08-26,0.13674645030425964
2010-08-27,0.13686637931034482
2010-08-30,0.13628810126582278
2010-08-31,0.13555645569620253
2010-09-01,0.13708025316455696
2010-09-02,0.13814061312389156
2010-09-03,0.1392408111533587
2010-09-06,0.13834127789046655
2010-09-07,0.1374702305548518
2010-09-08,0.13834896097313734
2010-09-09,0.13855792141951837
2010-09-10,0.13909176172370089
2010-09-13,0.14005395136778115
2010-09-14,0.14137883008356547
2010-09-15,0.14105367088607595
2010-09-16,0.1397682957710813
2010-09-17,0.1403252341179448
2010-09-20,0.14036075949367086
2010-09-21,0.1401678056188307
2010-09-22,0.14229807692307694
2010-09-23,0.14199494055147988
2010-09-24,0.14232449494949495
2010-09-27,0.14308209519012843
2010-09-28,0.14385804178202868
2010-09-29,0.14334863773965692
2010-09-30,0.14329520202020202
2010-10-01,0.14401969199697048
2010-10-04,0.14271641414141414
2010-10-05,0.14521576553815058
2010-10-06,0.14603434343434343
2010-10-07,0.14508514401212733
2010-10-08,0.14620298281092012
2010-10-12,0.14545031605562578
2010-10-13,0.14689676113360325
2010-10-14,0.1472190982776089
2010-10-15,0.14588318584070797
2010-10-18,0.14562620131512394
2010-10-19,0.14354814253222137
2010-10-20,0.14443557352198078
2010-10-21,0.14304522486104093
2010-10-22,0.14359352881698687
2010-10-25,0.1446905183312263
2010-10-26,0.14396361798888327
2010-10-28,0.14316401314126864
2010-10-29,0.14295931261056358
2010-11-01,0.1432972972972973
2010-11-02,0.145222081859525
2010-11-03,0.1446780389183725
2010-11-04,0.1468686537004294
2010-11-05,0.14734057604850934
2010-11-08,0.1462437547312642
2010-11-09,0.14611332660272588
2010-11-10,0.14475763696036356
2010-11-11,0.14401968702675413
2010-11-12,0.14357301387137453
2010-11-15,0.14399672544080605
2010-11-16,0.14151472438963
2010-11-17,0.14254366977095395
2010-11-18,0.14311276113767932
2010-11-19,0.14253133652152028
2010-11-23,0.14065693430656936
2010-11-24,0.1415308331235842
2010-11-25,0.14181987421383646
2010-11-26,0.1400756281407035
2010-11-29,0.13971744040150566
2010-11-30,0.141055667001003
2010-12-01,0.14271227717800652
2010-12-02,0.1452389447236181
2010-12-03,0.14575138260432377
2010-12-06,0.1450010055304173
2010-12-07,0.14504323780794368
2010-12-09,0.14539753583102843
2010-12-10,0.14553911949685533
2010-12-13,0.14611754341807198
2010-12-14,0.14654378459989933
2010-12-15,0.14646653246099647
2010-12-16,0.14630792452830188
2010-12-17,0.14559436336185202
2010-12-20,0.14607700050327124
2010-12-21,0.1467309338031714
2010-12-22,0.1471127895266868
2010-12-23,0.148262443438914
2010-12-27,0.14825577309236948
2010-12-28,0.15013438834463705
2010-12-29,0.1501209150326797
2010-12-30,0.15003973843058352
2010-12-31,0.1518050804828974
2011-01-03,0.151308834633778
2011-01-04,0.1493073244399698
2011-01-05,0.14914249748237662
2011-01-06,0.14746223564954683
2011-01-07,0.14661689291101057
2011-01-10,0.14639793866264453
2011-01-11,0.1454567621920563
2011-01-12,0.1462479879275654
2011-01-13,0.1466984406438632
2011-01-14,0.14398441427853192
2011-01-17,0.1449969841668761
2011-01-18,0.14466557870951544
2011-01-19,0.14311272909866934
2011-01-20,0.14145669093648003
2011-01-21,0.14119708762239516
2011-01-24,0.14273475533249688
2011-01-25,0.14132681704260652
2011-01-26,0.14098395989974935
2011-01-27,0.14198297872340426
2011-01-28,0.1395828542864284
2011-01-31,0.13932809381237526
2011-02-01,0.1402878523322524
2011-02-02,0.1395245207866567
2011-02-03,0.13751382316313823
2011-02-04,0.13786631814787154
2011-02-07,0.13770689226175667
2011-02-08,0.13939805825242715
2011-02-09,0.13841224794622853
2011-02-10,0.13771641791044778
2011-02-11,0.13706887120835404
2011-02-14,0.13687571464081533
2011-02-15,0.13677639751552795
2011-02-16,0.1379709172259508
2011-02-17,0.13889090457256462
2011-02-18,0.1402032298136646
2011-02-21,0.13970382323733863
2011-02-22,0.1396551638530288
2011-02-23,0.14024646314221892
2011-02-24,0.14152284011916585
2011-02-25,0.1427999503598908
2011-02-28,0.14369677419354837
2011-03-01,0.14338774497643264
2011-03-02,0.14540372208436722
2011-03-03,0.1447493174484984
2011-03-04,0.14495905707196027
2011-03-09,0.14553285395487228
2011-03-10,0.1448476804763086
2011-03-11,0.14534880834160877
2011-03-14,0.14625663936460662
2011-03-15,0.14312295488349036
2011-03-16,0.14120108964834074
2011-03-17,0.1407994553107205
2011-03-18,0.14281232978460015
2011-03-21,0.14376070279633754
2011-03-22,0.14503463631865415
2011-03-23,0.14464448292924295
2011-03-28,0.14565677546983186
2011-03-29,0.1457269582406721
2011-03-30,0.14664913580246916
2011-03-31,0.14780315737543168
2011-04-01,0.14926936359151452
2011-04-04,0.14874358341559726
2011-04-05,0.14870448939319192
2011-04-06,0.1495394671928959
2011-04-07,0.14958647915124598
2011-04-08,0.1502335802469136
2011-04-11,0.1498958024691358
2011-04-12,0.148383477188656
2011-04-13,0.146791030064071
2011-04-14,0.145853454634866
2011-04-15,0.14700909090909092
2011-04-18,0.1456367206676485
2011-04-19,0.14682777232580962
2011-04-20,0.147030644765874
2011-04-25,0.14855536501714847
2011-04-26,0.14970725134737875
2011-04-27,0.15079094247246022
2011-04-28,0.150840931372549
2011-04-29,0.15216299019607843
2011-05-02,0.15180264770777152
2011-05-03,0.1509502206964198
2011-05-04,0.15029002206423145
2011-05-05,0.1485950980392157
2011-05-06,0.1495439843175692
2011-05-09,0.14842528172464478
2011-05-10,0.14768863302302793
2011-05-11,0.14538476610335535
2011-05-12,0.14516315531602156
2011-05-13,0.1422919421993632
2011-05-16,0.14314764936336927
2011-05-17,0.14347417380660954
2011-05-18,0.1448267254038179
2011-05-19,0.14542060190849035
2011-05-20,0.1449358786098874
2011-05-23,0.14249473941766577
2011-05-24,0.14321732745961818
2011-05-26,0.1434946157611356
2011-05-27,0.14438546255506607
2011-05-30,0.14425440313111546
2011-05-31,0.14662542787286062
2011-06-01,0.1471193445830276
2011-06-02,0.1488117359413203
2011-06-03,0.14949462102689487
2011-06-06,0.14731671554252201
2011-06-07,0.14907575757575758
2011-06-08,0.1486038611925709
2011-06-09,0.14841632054727583
2011-06-10,0.14714540566959922
2011-06-13,0.14709775171065495
2011-06-14,0.14810652333251892
2011-06-15,0.14608988764044942
2011-06-16,0.14580019540791403
2011-06-17,0.14752087912087913
2011-06-21,0.14875427037579309
2011-06-22,0.14796828494754818
2011-06-23,0.14586411319834106
2011-06-24,0.1449926829268293
2011-06-27,0.14549049244271087
2011-06-28,0.14604727095516568
2011-06-29,0.14662530413625302
2011-06-30,0.14783941605839415
2011-07-01,0.14874525547445253
2011-07-04,0.14866123936816525
2011-07-05,0.14871890184645287
2011-07-06,0.1483482272948033
2011-07-07,0.14976559087600094
2011-07-08,0.1488095122543072
2011-07-11,0.14621809801067442
2011-07-12,0.1452455118874333
2011-07-13,0.14652231926249393
2011-07-14,0.1461154779233382
2011-07-15,0.14480591945657448
2011-07-18,0.14322965116279068
2011-07-19,0.14435855899419728
2011-07-20,0.14543351063829785
2011-07-21,0.14743827011355398
2011-07-22,0.1477475235564146
2011-07-25,0.147926723095526
2011-07-26,0.14995866569978247
2011-07-27,0.1500038666022233
2011-07-28,0.14871004345726702
2011-07-29,0.14946127864897468
2011-08-01,0.14844731130938027
2011-08-02,0.14735559305689488
2011-08-03,0.14858829197783666
2011-08-04,0.14438550445461112
2011-08-05,0.14528537054860444
2011-08-08,0.13924097255657197
2011-08-09,0.135873225884051
2011-08-10,0.13854630743324514
2011-08-11,0.13801106035104593
2011-08-12,0.1397058682058682
2011-08-15,0.1401069454458063
2011-08-16,0.140329329810233
2011-08-17,0.1409344852411807
2011-08-18,0.13845626647495807
2011-08-19,0.13891981809478218
2011-08-23,0.1389835086042065
2011-08-24,0.13786837075967512
2011-08-25,0.13845806451612905
2011-08-26,0.14011878585086043
2011-08-29,0.14174140401146132
2011-08-30,0.14116924910607864
2011-08-31,0.1428897619047619
2011-09-01,0.1428510890151515
2011-09-02,0.14163493574488337
2011-09-05,0.14030750950570342
2011-09-06,0.13922718631178707
2011-09-07,0.13998930354171618
2011-09-08,0.13921751546882435
2011-09-09,0.13722317392338804
2011-09-12,0.13424976213130355
2011-09-13,0.13705019029495719
2011-09-14,0.1348708372978116
2011-09-15,0.13494173602853746
2011-09-16,0.13407158145065398
2011-09-19,0.1292473246135553
2011-09-20,0.12968663484486873
2011-09-21,0.12665433277631893
2011-09-22,0.12066809523809523
2011-09-23,0.12102877526753864
2011-09-26,0.1232756242568371
2011-09-27,0.12774982164090368
2011-09-28,0.1268615933412604
2011-09-29,0.12564708680142686
2011-09-30,0.12425921521997622
2011-10-03,0.12125469678953626
2011-10-04,0.12129441141498216
2011-10-05,0.12528809127644402
2011-10-06,0.12588598574821852
2011-10-07,0.12547672209026128
2011-10-11,0.1264286392780812
2011-10-12,0.12838945618617906
2011-10-13,0.12697602658438167
2011-10-14,0.1272848671726755
2011-10-17,0.12588598574821852
2011-10-18,0.1247628402366864
2011-10-19,0.12445242030696574
2011-10-20,0.12188429752066114
2011-10-21,0.123840613931523
2011-10-24,0.1271923984891407
2011-10-25,0.12623701605288007
2011-10-26,0.1253510387157696
2011-10-27,0.1299478281397545
2011-10-28,0.12936614730878188
2011-10-31,0.12692941454202078
2011-11-01,0.12416199009667532
2011-11-02,0.12512352941176472
2011-11-03,0.12721670588235295
2011-11-04,0.1266191259398496
2011-11-07,0.12545328638497652
2011-11-08,0.12711478873239437
2011-11-09,0.12517206572769954
2011-11-10,0.12543912737508797
2011-11-11,0.12658544007490635
2011-11-14,0.12469286549707602
2011-11-15,0.12230025803424818
2011-11-16,0.12269039229504347
2011-11-17,0.12156273496240601
2011-11-18,0.12173150105708246
2011-11-21,0.12000469704086425
2011-11-22,0.11940572904437662
2011-11-23,0.11720849964780464
2011-11-24,0.11790781140042224
2011-11-25,0.1170220501993901
2011-11-29,0.11969590643274854
2011-11-30,0.12297710815230087
2011-12-01,0.12355604857543202
2011-12-02,0.12411417230912909
2011-12-05,0.12492183854409707
2011-12-06,0.12452524544179526
2011-12-07,0.12467274427302479
2011-12-12,0.12097312456181351
2011-12-13,0.12059663472774013
2011-12-14,0.11853959355290822
2011-12-15,0.11898529411764706
2011-12-16,0.11928344988344988
2011-12-19,0.11915407925407927
2011-12-20,0.12184273066169618
2011-12-21,0.12104636533084809
2011-12-22,0.12243639328984157
2011-12-23,0.12285461323392358
2011-12-27,0.12285016286644951
2011-12-28,0.12189483480688693
2011-12-29,0.12208226818498723
2011-12-30,0.12387267657992564
2012-01-03,0.12451277881040893
2012-01-04,0.12297863446353924
2012-01-05,0.12237207144514033
2012-01-06,0.12245587213342597
2012-01-09,0.12221812702828001
2012-01-10,0.12331068861581265
2012-01-11,0.12321034322820035
2012-01-12,0.12426994434137291
2012-01-13,0.12269944341372913
2012-01-16,0.12332893212879313
2012-01-17,0.12422834645669291
2012-01-18,0.12514398148148148
2012-01-19,0.12642698449433
2012-01-20,0.1259065463798288
2012-01-23,0.1260637707948244
2012-01-24,0.12597946469773882
2012-01-25,0.1255239741816505
2012-01-26,0.12837799815498155
2012-01-27,0.12867520184544406
2012-01-30,0.12732202998846598
2012-01-31,0.12796241641687806
2012-02-01,0.13030502999538532
2012-02-02,0.13088137549042234
2012-02-03,0.13233279483037155
2012-02-06,0.1322944841910916
2012-02-07,0.13224181650530198
2012-02-08,0.13186526946107788
2012-02-09,0.13149424758398529
2012-02-10,0.12908400460299194
2012-02-13,0.12997307869305108
2012-02-14,0.12906898137502873
2012-02-15,0.12927924615031028
2012-02-16,0.12853801975648976
2012-02-17,0.12905397335783186
2012-02-22,0.12928089113458888
2012-02-23,0.1301913183279743
2012-02-24,0.13174190585533868
2012-02-28,0.13274403122130396
2012-02-29,0.1341634151939408
2012-03-01,0.13404463874827427
2012-03-02,0.1330246828143022
2012-03-05,0.13238892733564014
2012-03-06,0.13055673431734316
2012-03-07,0.1312713857505188
2012-03-08,0.13294169163401703
2012-03-09,0.13272806815565277
2012-03-12,0.1322838086476541
2012-03-13,0.13270342292671722
2012-03-14,0.1293894881799403
2012-03-15,0.13129388786764704
2012-03-16,0.13199587155963302
2012-03-19,0.13290625716250284
2012-03-20,0.13142497136311568
2012-03-21,0.1305823219601557
2012-03-22,0.12966628492899682
2012-03-23,0.13007782101167314
2012-03-26,0.1319053064958829
2012-03-27,0.13187925908986964
2012-03-28,0.13009990855052586
2012-03-29,0.12906054375142792
2012-03-30,0.13059602649006624
2012-04-03,0.12969831127339115
2012-04-04,0.1279213764813127
2012-04-09,0.12695985401459853
2012-04-10,0.12512203467153282
2012-04-11,0.1252113895216401
2012-04-12,0.12668327645051194
2012-04-13,0.12594310423304508
2012-04-16,0.1259954483386436
2012-04-17,0.12820354787355012
2012-04-18,0.12759336665152204
2012-04-19,0.12718119891008176
2012-04-20,0.12793781207444396
2012-04-23,0.12719246482069904
2012-04-24,0.1279755157560644
2012-04-25,0.12871998187584957
2012-04-26,0.1285792931581332
2012-04-27,0.12908716323296354
2012-05-02,0.12929417080885675
2012-05-03,0.12915718157181572
2012-05-04,0.12801806684733516
2012-05-07,0.12806220419202163
2012-05-08,0.12671856692203695
2012-05-09,0.12536036036036036
2012-05-10,0.12496710970939401
2012-05-11,0.12350247747747747
2012-05-14,0.12235268962412786
2012-05-15,0.12061121116614137
2012-05-16,0.12057499437823252
2012-05-17,0.12044574252976861
2012-05-18,0.1198436869253196
2012-05-21,0.12092049272116462
2012-05-22,0.120727842435094
2012-05-23,0.1191369433877825
2012-05-24,0.11918098434004475
2012-05-28,0.11968171658471168
2012-05-29,0.11975906040268457
2012-05-30,0.11738335942742115
2012-05-31,0.11773562961306194
2012-06-01,0.11606038917468127
2012-06-04,0.11763321412606167
2012-06-05,0.11833206958073149
2012-06-06,0.12001912811387899
2012-06-07,0.12027185548617306
2012-06-08,0.11895563976816763
2012-06-11,0.11833340757238307
2012-06-12,0.11871559020044542
2012-06-13,0.11965739091718611
2012-06-14,0.1189979977753059
2012-06-15,0.11961298932384341
2012-06-16,0.12185903274777705
2012-06-18,0.12009133333333333
2012-06-19,0.12205396402398401
2012-06-21,0.11916526175687667
2012-06-22,0.11887921099290782
2012-06-25,0.11771776694727513
2012-06-26,0.11834890413991586
2012-06-27,0.11874789729969012
2012-06-28,0.11874220650011055
2012-06-29,0.12229732714822178
2012-07-02,0.12247403314917125
2012-07-03,0.12374696132596684
2012-07-04,0.12287121714159488
2012-07-05,0.12291501103752758
2012-07-06,0.12101852260198455
2012-07-10,0.12215072719259586
2012-07-11,0.12125038537767012
2012-07-12,0.12011724593048834
2012-07-13,0.1210169342423576
2012-07-16,0.12172861227182759
2012-07-17,0.12213598418277681
2012-07-18,0.12246499890278692
2012-07-19,0.12218662280701754
2012-07-20,0.12065644171779143
2012-07-23,0.11842025814920148
2012-07-24,0.1171207085064509
2012-07-25,0.11888774617067834
2012-07-26,0.12110056843025799
2012-07-27,0.12236310043668122
2012-07-30,0.1218975982532751
2012-07-31,0.12103162486368595
2012-08-01,0.12095552648790059
2012-08-02,0.11937156563453989
2012-08-03,0.12275201568969273
2012-08-06,0.12259407665505227
2012-08-07,0.12283960826985854
2012-08-08,0.12337603305785123
2012-08-09,0.12337608695652175
2012-08-10,0.12379004564225168
2012-08-13,0.12259413680781758
2012-08-14,0.12236148501953974
2012-08-15,0.12153038194444445
2012-08-16,0.12185903274777705
2012-08-17,0.12001191507798961
2012-08-21,0.12128258986574274
2012-08-22,0.12058795493934142
2012-08-23,0.12035715832791856
2012-08-24,0.11947870270270271
2012-08-27,0.11863663858284729
2012-08-28,0.11889889825016202
2012-08-29,0.11897407647440052
2012-08-30,0.11787589035182387
2012-08-31,0.11912979732643382
2012-09-03,0.11908873573120828
2012-09-04,0.11870853947085395
2012-09-05,0.11895141874462598
2012-09-06,0.12067389903329753
2012-09-07,0.12229264106414933
2012-09-10,0.1226541514696417
2012-09-11,0.12247103004291844
2012-09-12,0.11992855610384039
2012-09-13,0.12135176848874597
2012-09-14,0.12131213872832368
2012-09-17,0.12115040650406503
2012-09-18,0.12196899722044047
2012-09-19,0.12105511642811366
2012-09-20,0.12027045503097629
2012-09-21,0.12104054630815195
2012-09-25,0.12191703988057155
2012-09-26,0.12147121535181235
2012-09-27,0.12159079283887468
2012-09-28,0.12036001703214819
2012-10-01,0.11934177484571186
2012-10-02,0.11943872340425532
2012-10-03,0.1187675951520306
2012-10-04,0.11731576710582235
2012-10-05,0.11402123593119559
2012-10-09,0.1141031190324634
2012-10-10,0.11478027571580064
2012-10-11,0.11524724576271186
2012-10-12,0.11440736819817912
2012-10-15,0.11362999788449332
2012-10-16,0.1147302895793701
2012-10-17,0.11622781065088757
2012-10-18,0.11567243928194297
2012-10-19,0.11549620092866186
2012-10-22,0.11564044706874738
2012-10-23,0.11411490617752477
2012-10-24,0.11416175231676494
2012-10-25,0.1147327441077441
2012-10-26,0.11579840067340069
2012-10-29,0.11514904351482028
2012-10-30,0.11569787948771783
2012-10-31,0.11550020981955518
2012-11-01,0.11560167714884698
2012-11-02,0.11397966030614384
2012-11-05,0.11434716981132077
2012-11-07,0.11560020964360589
2012-11-08,0.11478424801005446
2012-11-09,0.11481184596065301
2012-11-12,0.11430010449320795
2012-11-13,0.11399770018816642
2012-11-14,0.11222958011280552
2012-11-15,0.11185690446391323
2012-11-16,0.112765
2012-11-19,0.11315546305931322
2012-11-20,0.11285541918036196
2012-11-21,0.11162707641196012
2012-11-22,0.11185050798258345
2012-11-23,0.11256309672063096
2012-11-27,0.11328876451077945
2012-11-28,0.11343146997929605
2012-11-29,0.113768163941213
2012-11-30,0.11246320793716412
2012-12-03,0.11288455183808345
2012-12-04,0.11362987414895812
2012-12-05,0.11411482168625027
2012-12-06,0.115095924248662
2012-12-07,0.11544540407156076
2012-12-10,0.11530557269175405
2012-12-11,0.11568981101068199
2012-12-12,0.11589100985221676
2012-12-13,0.11536294624538367
2012-12-14,0.11598236982369824
2012-12-17,0.11695352170352169
2012-12-18,0.11820883616281447
2012-12-19,0.11799121732026144
2012-12-20,0.11764714285714284
2012-12-21,0.11655412844036697
2012-12-26,0.1167256619144603
2012-12-27,0.11749216364746588
2012-12-28,0.11800793650793652
2012-12-31,0.11791886945912973
2013-01-02,0.11736954314720813
2013-01-03,0.11707144306880454
2013-01-04,0.1166847340641494
2013-01-07,0.1166562563374569
2013-01-08,0.11636982968369829
2013-01-09,0.11646738249594814
2013-01-10,0.11562158331646082
2013-01-11,0.11477903682719547
2013-01-14,0.11474469804079984
2013-01-15,0.11337866235603153
2013-01-16,0.11364288601455133
2013-01-17,0.113600202020202
2013-01-18,0.11249727327812563
2013-01-21,0.11275473981444131
2013-01-22,0.11284264676215452
2013-01-23,0.11077256244963737
2013-01-24,0.11039955671972597
2013-01-25,0.1115411883182276
2013-01-28,0.10970931402132367
2013-01-29,0.11065132636655949
2013-01-30,0.11058155885897952
2013-02-01,0.11302507522567702
2013-02-04,0.11214529399959863
2013-02-05,0.1129943820224719
2013-02-06,0.11212011229195908
2013-02-07,0.11208128128128127
2013-02-08,0.11237970376301039
2013-02-13,0.11271422861710632
2013-02-14,0.11348281374900082
2013-02-15,0.11317601277190181
2013-02-18,0.11235444046196733
2013-02-19,0.11290501792114695
2013-02-21,0.1123632929011732
2013-02-22,0.1128962226640159
2013-02-25,0.1133041319030592
2013-02-26,0.11304922588328702
2013-02-27,0.11286051587301588
2013-02-28,0.11102477209671027
2013-03-01,0.11025113883937412
2013-03-04,0.10962267510882469
2013-03-05,0.11047043701799485
2013-03-06,0.10942955937561746
2013-03-07,0.1093004147738495
2013-03-08,0.10961421520236919
2013-03-11,0.10966364532019704
2013-03-12,0.10896337140606538
2013-03-13,0.10814429133858268
2013-03-14,0.10897758112094394
2013-03-15,0.10869324430479184
2013-03-18,0.10890521978021976
2013-03-19,0.10788657770800628
2013-03-20,0.10752463199214918
2013-03-21,0.10729962766999804
2013-03-22,0.10741369863013699
2013-03-25,0.10763330727130573
2013-03-26,0.108082421875
2013-03-27,0.10789808668488872
2013-04-03,0.10840116959064328
2013-04-04,0.10929918192442539
2013-04-05,0.1099407869107908
2013-04-08,0.11117533606078317
2013-04-09,0.11208759976640063
2013-04-10,0.11225486381322958
2013-04-11,0.11244682092164107
2013-04-12,0.11181938240435035
2013-04-15,0.10920361024844721
2013-04-16,0.10977303588748788
2013-04-17,0.1090143522110163
2013-04-18,0.10885539833301028
2013-04-19,0.10824728892331525
2013-04-22,0.10815831236694406
2013-04-23,0.10864713843774168
2013-04-24,0.10907265700483093
2013-04-25,0.11036555190411754
2013-04-26,0.10986964078794902
2013-04-29,0.11121737451737453
2013-04-30,0.11126682089839984
2013-05-02,0.11145907953013673
2013-05-03,0.1121188690132718
2013-05-06,0.11113460061443932
2013-05-07,0.11078618042226489
2013-05-08,0.11109129267357115
2013-05-09,0.1111704654280789
2013-05-10,0.10975616752725185
2013-05-13,0.1090880947831072
2013-05-14,0.10826494746895893
2013-05-15,0.10775979361742788
2013-05-16,0.10729849034970382
2013-05-17,0.10632639419404126
2013-05-20,0.10590409914204005
2013-05-21,0.1046528201219512
2013-05-22,0.1045128449096099
2013-05-23,0.10473836215086453
2013-05-24,0.10422199012533233
2013-05-27,0.10415047438330173
2013-05-28,0.10232789373814043
2013-05-29,0.10173862774829416
2013-05-30,0.09969090909090908
2013-05-31,0.09890026495079485
2013-06-03,0.10165386797805939
2013-06-04,0.10151767820003783
2013-06-05,0.10005896805896805
2013-06-06,0.10130484814186001
2013-06-07,0.10000905660377359
2013-06-10,0.09863091423185673
2013-06-11,0.09910112994350283
2013-06-12,0.09974370063933811
2013-06-13,0.10125755584756899
2013-06-14,0.10049643527204502
2013-06-17,0.10075060895634252
2013-06-18,0.10000599138738064
2013-06-19,0.10030790802019068
2013-06-24,0.09915814994405073
2013-06-25,0.09897650130548302
2013-06-26,0.09876927374301675
2013-06-27,0.10067751534312815
2013-06-28,0.10094487750556794
2013-07-01,0.10082987012987013
2013-07-02,0.10054801631442342
2013-07-03,0.09888069655427936
2013-07-04,0.09956690727373682
2013-07-05,0.0980277572168764
2013-07-08,0.09817973372781064
2013-07-10,0.09981840014779235
2013-07-11,0.09967004982469092
2013-07-12,0.10020936232952452
2013-07-15,0.10100607846748941
2013-07-16,0.10116651333946643
2013-07-17,0.10192647058823529
2013-07-18,0.1007394495412844
2013-07-19,0.1013469425119004
2013-07-22,0.10160336934627358
2013-07-23,0.1030291102160381
2013-07-24,0.10198151537335286
2013-07-25,0.10217536496350364
2013-07-26,0.10226090129538405
2013-07-29,0.10221910828025478
2013-07-30,0.10198254862752226
2013-07-31,0.10101616712079928
2013-08-01,0.10047922337143894
2013-08-02,0.1015269265639166
2013-08-05,0.10156094910342331
2013-08-06,0.10077803907380607
2013-08-07,0.10075262206148282
2013-08-08,0.10176245487364621
2013-08-09,0.10222970046914472
2013-08-12,0.10121361671469742
2013-08-13,0.10034214311398777
2013-08-14,0.10049640804597701
2013-08-15,0.10032210073489874
2013-08-16,0.09922893936683956
2013-08-20,0.09860482573726542
2013-08-21,0.09764197751204713
2013-08-22,0.09751246882793017
2013-08-23,0.09748968705547655
2013-08-26,0.0966473721590909
2013-08-27,0.0960660995924154
2013-08-28,0.09722424778761063
2013-08-29,0.09666507684154743
2013-08-30,0.09757052186177716
2013-09-03,0.09699595782073814
2013-09-04,0.09753525078919678
2013-09-05,0.09755518512019652
2013-09-06,0.09993597614453605
2013-09-09,0.10047720897615708
2013-09-10,0.1000360644257703
2013-09-11,0.10140027967138612
2013-09-12,0.10037132867132867
2013-09-13,0.10073327510917032
2013-09-16,0.10201378227494766
2013-09-17,0.10203448275862069
2013-09-18,0.10274004520952877
2013-09-19,0.10272212573810352
2013-09-20,0.10106422496094429
2013-09-23,0.10176156645295442
2013-09-24,0.10175116964131001
2013-09-25,0.10043597296828972
2013-09-26,0.0999920470262794
2013-09-27,0.09911778929188254
2013-09-30,0.09932849991368893
2013-10-01,0.09879862068965517
2013-10-02,0.0996620713424091
2013-10-03,0.09956090846524433
2013-10-04,0.10015723378634096
2013-10-07,0.10017935062704003
2013-10-08,0.10003607007901065
2013-10-09,0.10007607762321827
2013-10-10,0.10089603705609881
2013-10-11,0.101105109739369
2013-10-15,0.1005681740322028
2013-10-16,0.10134172230782401
2013-10-17,0.10191915911809947
2013-10-18,0.1022171165015374
2013-10-21,0.10161156601842375
2013-10-22,0.10276326112911477
2013-10-23,0.10223175306957707
2013-10-24,0.10247274275979558
2013-10-25,0.10195242949371389
2013-10-28,0.10162287847929395
2013-10-29,0.10114591109602986
2013-10-30,0.10111833417978669
2013-10-31,0.09968098782138024
2013-11-01,0.09809593660428258
2013-11-04,0.09874003028773347
2013-11-05,0.09789622166246852
2013-11-07,0.09715814266487215
2013-11-08,0.09674446680080483
2013-11-11,0.09638640549137786
2013-11-12,0.09626121151271753
2013-11-13,0.09682231888907478
2013-11-14,0.09791350809818
2013-11-15,0.09829357798165136
2013-11-18,0.09874983344437044
2013-11-19,0.0982086438152012
2013-11-20,0.0988777704267284
2013-11-21,0.09845139461957418
2013-11-22,0.09919944097336401
2013-11-26,0.09867678424938475
2013-11-27,0.09772684124386251
2013-11-28,0.09805550114267057
2013-11-29,0.098168213645986
2013-12-02,0.09740695030854174
2013-12-03,0.0964766143388898
2013-12-04,0.09564988706034204
2013-12-05,0.09567185994217796
2013-12-06,0.09684203780839475
2013-12-09,0.09627044327092335
2013-12-10,0.09665197956577266
2013-12-11,0.09633168711167756
2013-12-12,0.09586433121019108
2013-12-13,0.09674542852599777
2013-12-16,0.09725542359461599
2013-12-17,0.09666124447252053
2013-12-18,0.09659031044214486
2013-12-19,0.09636423323432859
2013-12-20,0.09673614570361146
2013-12-23,0.0968307453416149
2013-12-26,0.09658566352541324
2013-12-27,0.0949252811585272
2013-12-30,0.09585063640545928
2013-12-31,0.09505489955528293
2014-01-02,0.09359526355996944
2014-01-03,0.09388085430968726
2014-01-06,0.09398225928733889
2014-01-07,0.09405122764474085
2014-01-08,0.0929669947009841
2014-01-09,0.09262948988831873
2014-01-10,0.09373394357743096
2014-01-13,0.09241284540702016
2014-01-14,0.09254634873323399
2014-01-15,0.09203700962250184
2014-01-16,0.09159108355476824
2014-01-17,0.09227394438722966
2014-01-20,0.09209714285714285
2014-01-21,0.09210820624546115
2014-01-22,0.09196582633053221
2014-01-23,0.09061341935483871
2014-01-24,0.090129875
2014-01-27,0.08962022471910112
2014-01-28,0.09030898876404495
2014-01-29,0.089020986883198
2014-01-30,0.08935595757953836
2014-01-31,0.0898900124843945
2014-02-03,0.08910268582136163
2014-02-04,0.09025193604796403
2014-02-05,0.08968936708860759
2014-02-06,0.09074657360406092
2014-02-07,0.09046989795918368
2014-02-10,0.0897843989769821
2014-02-11,0.0910348271446863
2014-02-12,0.09066265214606022
2014-02-13,0.09093634496919918
2014-02-14,0.09205218399690761
2014-02-17,0.0923471649484536
2014-02-18,0.09207079418200541
2014-02-19,0.0908289422953348
2014-02-20,0.09084135107471852
2014-02-21,0.09146118546845124
2014-02-24,0.09260980267345639
2014-02-25,0.09328440716736562
2014-02-26,0.09224831874127648
2014-02-27,0.09318281071473912
2014-02-28,0.09329222758445517
2014-03-05,0.09367157360406092
2014-03-06,0.09427467920213442
2014-03-07,0.0932871135987788
2014-03-10,0.09294110164101259
2014-03-11,0.09215819567979669
2014-03-12,0.09236257458423257
2014-03-13,0.09267245531753074
2014-03-14,0.09349379746835441
2014-03-17,0.09324356060606061
2014-03-18,0.0930778029160382
2014-03-19,0.09273343392430529
2014-03-20,0.09189654739485249
2014-03-21,0.09180800100326059
2014-03-25,0.09307607745159274
2014-03-26,0.09365579302587178
2014-03-27,0.09440375
2014-03-28,0.09445820317380982
2014-03-31,0.09498212946763308
2014-04-01,0.09448850287428143
2014-04-03,0.09399825
2014-04-04,0.09494875
2014-04-07,0.09499475065616798
2014-04-08,0.09562967129108861
2014-04-09,0.095734125
2014-04-10,0.0959555
2014-04-11,0.0953925
2014-04-14,0.09523897012873392
2014-04-15,0.094605625
2014-04-16,0.09464854393200851
2014-04-21,0.095187375
2014-04-22,0.09480114985626797
2014-04-23,0.09441175
2014-04-24,0.09407424071991002
2014-04-25,0.0939135
2014-04-28,0.09410786151731033
2014-04-29,0.09478942764308922
2014-04-30,0.09498750312421894
2014-05-05,0.09484964379452569
2014-05-06,0.095361625
2014-05-07,0.09561417322834646
2014-05-08,0.0968401649587603
2014-05-09,0.09636514678326044
2014-05-12,0.09649906378729249
2014-05-13,0.09694240119685824
2014-05-14,0.09698755599800896
2014-05-15,0.09596833871368264
2014-05-16,0.09654097342935188
2014-05-19,0.09664540151421125
2014-05-20,0.09556575682382133
2014-05-21,0.09613532622178121
2014-05-22,0.096798834180826
2014-05-23,0.09697160218253968
2014-05-26,0.09656335234316885
2014-05-27,0.09553834716887623
2014-05-28,0.09556762447361902
2014-05-29,0.0959877399380805
2014-05-30,0.09452685643564357
2014-06-02,0.09374533085961656
2014-06-03,0.0927703520691785
2014-06-04,0.09278670120898101
2014-06-05,0.0935330873308733
2014-06-06,0.09452337023370233
2014-06-09,0.09400356703567034
2014-06-10,0.09317404674046739
2014-06-11,0.09295411489728134
2014-06-12,0.09358998646820028
2014-06-13,0.09359532595325952
2014-06-16,0.0930760241112068
2014-06-17,0.09226374707836142
2014-06-18,0.09330971709717095
2014-06-19,0.09308130381303811
2014-06-23,0.0944751537515375
2014-06-24,0.09400528905289052
2014-06-25,0.09430755041810132
2014-06-26,0.09400258239055584
2014-06-27,0.09417966060009839
2014-06-30,0.09410254518627814
2014-07-01,0.09369870928088507
2014-07-02,0.09291005160973213
2014-07-03,0.09306303760137626
2014-07-04,0.0929195133939543
2014-07-07,0.09274287469287469
2014-07-08,0.09352879774039051
2014-07-10,0.09356727228087404
2014-07-11,0.09335590725064409
2014-07-14,0.09360233128834355
2014-07-15,0.09356993865030674
2014-07-16,0.09368996811380917
2014-07-17,0.09340644923982344
2014-07-18,0.09394350490196078
2014-07-21,0.09423566176470588
2014-07-22,0.09460115111437668
2014-07-23,0.09517921410209326
2014-07-24,0.0949108256880734
2014-07-25,0.095001100513573
2014-07-28,0.09472751710654938
2014-07-29,0.09440014648437499
2014-07-30,0.09334715278624557
2014-07-31,0.09354097163034215
2014-08-01,0.09373215152986887
2014-08-04,0.09370048426150122
2014-08-05,0.09292900338655055
2014-08-06,0.09327403555448059
2014-08-07,0.09305357358810014
2014-08-08,0.09364961915125136
2014-08-11,0.09395211608222491
2014-08-12,0.09405923597678917
2014-08-13,0.09458588178411702
2014-08-14,0.09480923039748702
2014-08-15,0.0944152880086946
2014-08-19,0.09379459328988657
2014-08-20,0.09341343265649404
2014-08-21,0.09350422870756403
2014-08-22,0.0935208804283165
2014-08-25,0.09329494348602023
2014-08-26,0.09348941232453009
2014-08-27,0.09425865968337102
2014-08-28,0.09398845925044617
2014-08-29,0.09386584930365433
2014-09-01,0.09366361365528726
2014-09-02,0.09316537867078827
2014-09-03,0.09365747235762692
2014-09-04,0.09335412450898703
2014-09-05,0.09353487819370174
2014-09-08,0.09266039757171765
2014-09-09,0.09140940476190476
2014-09-10,0.09144190476190477
2014-09-11,0.09111617664563743
2014-09-12,0.09081254463223043
2014-09-15,0.09100583194477506
2014-09-16,0.09173211948113769
2014-09-17,0.09108126410835214
2014-09-18,0.09020470476416775
2014-09-19,0.09023402992163382
2014-09-22,0.08940310905423045
2014-09-23,0.08966282660332542
2014-09-24,0.08968610451306414
2014-09-25,0.08927219848053182
2014-09-26,0.08901941058113387
2014-09-29,0.0886367607130209
2014-09-30,0.0885638196915777
2014-10-01,0.08883597633136095
2014-10-02,0.08927779751332149
2014-10-03,0.08823633136094675
2014-10-06,0.08880283855706683
2014-10-07,0.08932324068598463
2014-10-08,0.08952628470171294
2014-10-09,0.0903840613931523
2014-10-10,0.0902608079376329
2014-10-14,0.09053463944293638
2014-10-15,0.08970706951492977
2014-10-16,0.09013476516403116
2014-10-17,0.0901046484190656
2014-10-20,0.09069886899151744
2014-10-21,0.09063795947219605
2014-10-22,0.09086865355165508
2014-10-23,0.09125586052538578
2014-10-24,0.09146867640131888
2014-10-27,0.09139517647058823
2014-10-28,0.09205986826629027
2014-10-29,0.09196753323138454
2014-10-30,0.09204623529411765
2014-10-31,0.09064458823529412
2014-11-03,0.09027961918194641
2014-11-04,0.09054113775270335
2014-11-05,0.08970133991537378
2014-11-07,0.0887090481786134
2014-11-10,0.08873275355505934
2014-11-11,0.08905746180963572
2014-11-12,0.08937743830787309
2014-11-13,0.08913924794359578
2014-11-14,0.08999518270473505
2014-11-17,0.08987629229323307
2014-11-18,0.09061665883458647
2014-11-19,0.09046171012450083
2014-11-20,0.09125334742776604
2014-11-21,0.09124753405354627
2014-11-25,0.09132418162618797
2014-11-26,0.09123923501114631
2014-11-27,0.09106228008444757
2014-11-28,0.09029422806194276
2014-12-01,0.09112529301453352
2014-12-02,0.08978348946135832
2014-12-03,0.08909798642004214
2014-12-04,0.0894006316528249
2014-12-05,0.08820836741848778
2014-12-09,0.08732857811038354
2014-12-10,0.08657712548239972
2014-12-11,0.08595345029239766
2014-12-12,0.08618687872763418
2014-12-15,0.08503473277979183
2014-12-16,0.08572868670330955
2014-12-17,0.08619354461466494
2014-12-18,0.08631555555555555
2014-12-19,0.08615273067477489
2014-12-22,0.08655461988304093
2014-12-23,0.0858383625730994
2014-12-24,0.08575599204957324
2014-12-29,0.08572731524789523
2014-12-30,0.0864102444158578
2014-12-31,0.08655759560285346
2015-01-02,0.08549643483343075
2015-01-05,0.08532858310944982
2015-01-06,0.08544377041530565
2015-01-07,0.08535701805474664
2015-01-08,0.08650896182495343
2015-01-09,0.08713455942265162
2015-01-12,0.08686136654638575
2015-01-13,0.08692330967066217
2015-01-14,0.08744316463059917
2015-01-15,0.08663638478539025
2015-01-16,0.08642669457039878
2015-01-19,0.08601115630447413
2015-01-20,0.08619498316107305
2015-01-21,0.0866183844011142
2015-01-22,0.08784874144530797
2015-01-23,0.08763315942028985
2015-01-26,0.08741414492753624
2015-01-27,0.08646482790589873
2015-01-28,0.08668589966400185
2015-01-29,0.08644984943247624
2015-01-30,0.08579939842665434
2015-02-02,0.08677772643253234
2015-02-03,0.08779482738713776
2015-02-04,0.08718475750577367
2015-02-05,0.08863048498845265
2015-02-06,0.08684328444393116
2015-02-09,0.08627013616432033
2015-02-10,0.08549492619926198
2015-02-11,0.08423530767457939
2015-02-12,0.0853817532542334
2015-02-13,0.08598077144502014
2015-02-18,0.08545040276179518
2015-02-19,0.08565459353800162
2015-02-20,0.08602895553257497
2015-02-23,0.08590987370838117
2015-02-24,0.08705264969029594
2015-02-25,0.08737594588397157
2015-02-26,0.08691950464396284
2015-02-27,0.08559443043777216
2015-03-02,0.08496461697011336
2015-03-03,0.08512667353244077
2015-03-04,0.08466617108874658
2015-03-05,0.08423177142857143
2015-03-06,0.0829730532084951
2015-03-09,0.08275616157005934
2015-03-10,0.0812011402508552
2015-03-11,0.0815361740913752
2015-03-12,0.08147437357630981
2015-03-13,0.08020334737561198
2015-03-16,0.08071934418763521
2015-03-17,0.08082053032889494
2015-03-18,0.08145250824707087
2015-03-19,0.08107277689333636
2015-03-20,0.08323627684964202
2015-03-25,0.08436893534825589
2015-03-26,0.0834787644787645
2015-03-27,0.08316628830874007
2015-03-30,0.08233166969147006
2015-03-31,0.08238721378372252
2015-04-01,0.08340704656168574
2015-04-06,0.08484282640697544
2015-04-07,0.08441387505658669
2015-04-08,0.08471700033932814
2015-04-09,0.08385257207461842
2015-04-10,0.08351288135593221
2015-04-13,0.0823580623306233
2015-04-14,0.08330006773538044
2015-04-15,0.08281299345815475
2015-04-16,0.08362745319196932
2015-04-17,0.08283015676102401
2015-04-20,0.08235802051628903
2015-04-21,0.08243542934415145
2015-04-22,0.08198333145624508
2015-04-23,0.08233978615644345
2015-04-24,0.08256344206974128
2015-04-27,0.08340348510399101
2015-04-28,0.08443801281330786
2015-04-29,0.08497045607728601
2015-04-30,0.08381385427192097
2015-05-04,0.08304611759425493
2015-05-05,0.0835233823034653
2015-05-06,0.08329242322349248
2015-05-07,0.08318086060062753
2015-05-08,0.08384554211469533
2015-05-11,0.08299104444195679
2015-05-12,0.08300268576544316
2015-05-13,0.08413612975391499
2015-05-14,0.08479673524150268
2015-05-15,0.08492645579523864
2015-05-18,0.08424103652407015
2015-05-19,0.08398213887028354
2015-05-20,0.08447020754295916
2015-05-21,0.08447234611953613
2015-05-22,0.08410010032326384
2015-05-26,0.08272532858097573
2015-05-27,0.08297239229656017
2015-05-28,0.08234041842866681
2015-05-29,0.0823682161921708
2015-06-01,0.0815022232103157
2015-06-02,0.0820088879013443
2015-06-03,0.08151881869656934
2015-06-04,0.08082175360710321
2015-06-05,0.07953172842245396
2015-06-08,0.07977600354845862
2015-06-09,0.08035420591820902
2015-06-10,0.0812769963451102
2015-06-11,0.08099136403897254
2015-06-12,0.08071085537235807
2015-06-15,0.0804971795155403
2015-06-16,0.08078460858027421
2015-06-17,0.08074088397790055
2015-06-18,0.0817575121520106
2015-06-19,0.08222670053003535
2015-06-22,0.08253548173490785
2015-06-23,0.08207148372862659
2015-06-24,0.08247965597088984
2015-06-25,0.08262415959440096
2015-06-26,0.08186593963428068
2015-06-29,0.08172200814708797
2015-06-30,0.08220301496478874
2015-07-01,0.08147432090619158
2015-07-02,0.08152753655051116
2015-07-03,0.08124802284710017
2015-07-06,0.08067764602547212
2015-07-07,0.08015064735571646
2015-07-08,0.07990984865101995
2015-07-10,0.08028770276194651
2015-07-13,0.08031156879929885
2015-07-14,0.0810707402540517
2015-07-15,0.08057371128379118
2015-07-16,0.08066659374316343
2015-07-17,0.08091985567461185
2015-07-20,0.08036903070702656
2015-07-21,0.08106356487549148
2015-07-22,0.0805230869992359
2015-07-23,0.08044015275504637
2015-07-24,0.07915837696335079
2015-07-27,0.07930088302627276
2015-07-28,0.07959185007626933
2015-07-29,0.0801128294489218
2015-07-30,0.07853543049961903
2015-07-31,0.07893471164309032
2015-08-03,0.0787879282218597
2015-08-04,0.0786633695652174
2015-08-05,0.07826507332971211
2015-08-06,0.07853914648713216
2015-08-07,0.07915335359235945
2015-08-10,0.0790432754880694
2015-08-11,0.07816776850547306
2015-08-12,0.07840558986025349
2015-08-13,0.07809938291653135
2015-08-14,0.07812316017316018
2015-08-18,0.0774120064899946
2015-08-19,0.07770976110690736
2015-08-20,0.0776264721772015
2015-08-21,0.07717894168466523
2015-08-24,0.07574608827020611
2015-08-25,0.07628526747195857
2015-08-26,0.0762253475590042
2015-08-27,0.07617190866006032
2015-08-28,0.0751275565123789
2015-08-31,0.07547848537005164
2015-09-01,0.0745390154772141
2015-09-02,0.07431793770139634
2015-09-03,0.0737142857142857
2015-09-04,0.07220682257026391
2015-09-07,0.07165792291220557
2015-09-08,0.07290275249009318
2015-09-09,0.07267069777397261
2015-09-10,0.07355754010695188
2015-09-11,0.07366805644644003
2015-09-14,0.07392349610001069
2015-09-15,0.07417298451681793
2015-09-16,0.07522302849215665
2015-09-17,0.07506441292524262
2015-09-18,0.07505702408868045
2015-09-21,0.07418120805369127
2015-09-22,0.07307326163347887
2015-09-23,0.07220323473079379
2015-09-24,0.07198649510846448
2015-09-25,0.07199946848091847
2015-09-28,0.0709683315621679
2015-09-29,0.0715912276975361
2015-09-30,0.07214126512417744
2015-10-01,0.07178642629904561
2015-10-02,0.07252680652680653
2015-10-05,0.07339824227022448
2015-10-06,0.0736746376044863
2015-10-07,0.07444796954314721
2015-10-08,0.07470771670190274
2015-10-09,0.07488505018489171
2015-10-13,0.07414112307367532
2015-10-14,0.07518852199599114
2015-10-15,0.07655324757486293
2015-10-16,0.07636322444678609
2015-10-19,0.07534207201516109
2015-10-20,0.07507512626262626
2015-10-21,0.07394858584796551
2015-10-22,0.07456232919907504
2015-10-23,0.0732188025210084
2015-10-26,0.07329820510129108
2015-10-27,0.07314434071121369
2015-10-28,0.07343656951142798
2015-10-29,0.07209337665059737
2015-10-30,0.07220951183741882
2015-11-02,0.07257373103087389
2015-11-03,0.07260792721188036
2015-11-04,0.0715748015043878
2015-11-05,0.07189697286012525
2015-11-09,0.06987483049963493
2015-11-10,0.07015475197999167
2015-11-11,0.07048214099760491
2015-11-12,0.06988705148205929
2015-11-13,0.069465710723192
2015-11-16,0.06955599377270369
2015-11-17,0.07003785521676002
2015-11-18,0.07046019900497512
2015-11-19,0.07125142383763074
2015-11-20,0.0716183285064129
2015-11-23,0.07093558726220016
2015-11-24,0.07135414513127972
2015-11-25,0.07073837569745815
2015-11-26,0.07001188262037611
2015-11-30,0.06900980594549959
2015-12-01,0.06924819550422767
2015-12-02,0.06959717787619735
2015-12-03,0.06969711934156378
2015-12-04,0.06971551901336075
2015-12-09,0.06851099013968776
2015-12-10,0.0654480566095785
2015-12-11,0.06344489921211502
2015-12-14,0.06610606989576946
2015-12-15,0.06688558025698553
2015-12-16,0.06653226134744555
2015-12-17,0.06594873134328358
2015-12-18,0.06624362264150943
2015-12-21,0.06621073094867808
2015-12-22,0.06581802773497689
2015-12-23,0.06571428571428573
2015-12-24,0.06556345565749236
2015-12-28,0.06530569230769231
2015-12-29,0.06534752757849263
2015-12-30,0.06426032039433148
2015-12-31,0.06458113496932516
2016-01-04,0.06411242424242425
2016-01-05,0.06402461538461539
2016-01-06,0.0631803455723542
2016-01-07,0.06269553956834532
2016-01-08,0.06179632564841498
2016-01-11,0.05909743589743589
2016-01-12,0.05961040590405904
2016-01-13,0.060747415066469725
2016-01-14,0.06076445283018868
2016-01-15,0.05960111940298507
2016-01-18,0.05946718289085545
2016-01-19,0.05978391660461653
2016-01-20,0.05923748148148148
2016-01-21,0.060599852941176466
2016-01-22,0.06066416605972323
2016-01-25,0.060596162201303407
2016-01-26,0.06111870036101083
2016-01-27,0.06100014409221902
2016-01-28,0.06184862716763006
2016-01-29,0.06289032951289397
2016-02-01,0.06270460014154282
2016-02-02,0.06183374602051645
2016-02-03,0.062087500000000004
2016-02-04,0.06297863668306396
2016-02-05,0.06259313418285635
2016-02-10,0.06311096551724138
2016-02-11,0.06323709016393443
2016-02-12,0.06315241004752206
2016-02-15,0.06349608108108108
2016-02-16,0.06350741339803208
2016-02-17,0.0646057371581054
2016-02-18,0.06488366533864541
2016-02-19,0.06487058432934927
2016-02-22,0.06589567213114754
2016-02-23,0.0657937908496732
2016-02-24,0.06400201954397394
2016-02-25,0.06388758934372969
2016-02-26,0.06158623141564318
2016-02-29,0.0632403164556962
2016-03-01,0.06410829113924049
2016-03-02,0.06402458492975735
2016-03-03,0.06417743421052631
2016-03-04,0.06536842105263159
2016-03-07,0.06560389483933789
2016-03-08,0.0648899605152437
2016-03-09,0.06575660377358492
2016-03-10,0.06470984354628423
2016-03-11,0.06548444444444444
2016-03-14,0.06434925675675676
2016-03-15,0.0628361570247934
2016-03-16,0.0630242984257358
2016-03-17,0.06593217391304348
2016-03-18,0.06551402439024391
2016-03-21,0.06570601243953006
2016-03-22,0.06575316191799861
2016-03-23,0.0650783448275862
2016-03-28,0.06433560350640594
2016-03-29,0.06593868762816131
2016-03-30,0.0668663698630137
2016-03-31,0.06776809523809524
2016-04-01,0.06817281947261664
2016-04-04,0.06770434487440596
2016-04-05,0.0659774523160763
2016-04-06,0.06596178082191781
2016-04-07,0.06566807187284035
2016-04-08,0.06661029005524861
2016-04-11,0.06789421487603306
2016-04-12,0.06784399861639571
2016-04-13,0.06891323376172283
2016-04-14,0.06867473831123518
2016-04-15,0.06865871886120996
2016-04-18,0.06914526166902404
2016-04-19,0.07018576462297393
2016-04-20,0.07041164574616458
2016-04-21,0.06988416257883673
2016-04-22,0.06951636363636363
2016-04-25,0.06902358688066992
2016-04-26,0.06946470999301188
2016-04-27,0.06877103594080339
2016-04-28,0.07018384615384615
2016-04-29,0.07020301754385966
2016-05-02,0.06988513037350247
2016-05-03,0.06836535211267605
2016-05-04,0.06689543539325843
2016-05-05,0.06680962078651685
2016-05-06,0.06722554539057002
2016-05-09,0.06584924481910784
2016-05-10,0.06595960376563158
2016-05-11,0.06648979591836734
2016-05-12,0.06645928016937191
2016-05-13,0.06517123674911661
2016-05-16,0.06399016764518639
2016-05-17,0.0643645685997171
2016-05-18,0.06319837283339229
2016-05-19,0.06291645390070921
2016-05-20,0.06402337014606342
2016-05-23,0.06391372408863473
2016-05-24,0.0638667615658363
2016-05-26,0.06425702036441587
2016-05-27,0.06358814655172414
2016-05-30,0.06318155825589707
2016-05-31,0.06376370523908227
2016-06-01,0.0639116129032258
2016-06-02,0.06440726618705035
2016-06-03,0.06630026712872716
2016-06-06,0.0670241103848947
2016-06-07,0.0671375
2016-06-08,0.06778971223021583
2016-06-09,0.0674909551374819
2016-06-10,0.06563405797101449
2016-06-13,0.06585405797101448
2016-06-14,0.06520138181818182
2016-06-15,0.06583754092397236
2016-06-16,0.06520308908045977
2016-06-21,0.06768460987831067
2016-06-22,0.06843503909026297
2016-06-23,0.06917640138408306
2016-06-24,0.06636892163429337
2016-06-27,0.0646981045751634
2016-06-28,0.06588657718120805
2016-06-29,0.06726168224299064
2016-06-30,0.06803091755319149
2016-07-01,0.06852506666666666
2016-07-04,0.0686511288180611
2016-07-05,0.06800405405405405
2016-07-06,0.06776767608029942
2016-07-07,0.06773874363327674
2016-07-11,0.06931543715846994
2016-07-12,0.06984457417582417
2016-07-13,0.06910754975978037
2016-07-14,0.07029877883310719
2016-07-15,0.06977103678929766
2016-07-18,0.0701439603960396
2016-07-19,0.06949513333333333
2016-07-20,0.06962428666224285
2016-07-21,0.07021486666666667
2016-07-22,0.06977974513749162
2016-07-25,0.06969030100334449
2016-07-26,0.06953090301003345
2016-07-27,0.06953813333333334
2016-07-28,0.07070086436170214
2016-07-29,0.07201292471685543
2016-08-01,0.0719196918955124
2016-08-02,0.07134653198653199
2016-08-03,0.07152004034969739
2016-08-04,0.07285178451178452
2016-08-05,0.07286240703177822
2016-08-08,0.07358350374914792
2016-08-09,0.07443188896411645
2016-08-10,0.07540906612133606
2016-08-11,0.07464522510231923
2016-08-12,0.07396775732788002
2016-08-16,0.07531935923653715
2016-08-17,0.07383836265223276
2016-08-18,0.07479933065595716
2016-08-19,0.07396943289985253
2016-08-22,0.07357326130992572
2016-08-23,0.07165478436657682
2016-08-24,0.070578600269179
2016-08-25,0.07009523169912692
2016-08-26,0.07007853333333333
2016-08-29,0.06934092715231788
2016-08-30,0.06879047301798802
2016-08-31,0.06806979236436704
2016-09-01,0.06849268456375839
2016-09-02,0.06886484322881921
2016-09-05,0.06949027962716378
2016-09-06,0.07139494007989347
2016-09-07,0.07110910299003322
2016-09-08,0.07080245520902456
2016-09-09,0.0692458611481976
2016-09-12,0.07016214046822743
2016-09-13,0.06922953333333333
2016-09-14,0.06995009980039921
2016-09-15,0.07049601857996018
2016-09-16,0.07016953073364177
2016-09-19,0.07123927392739274
2016-09-20,0.0719558784676354
2016-09-21,0.07296657859973579
2016-09-22,0.07341229227116856
2016-09-23,0.07309297111960965
2016-09-26,0.07304068241469816
2016-09-27,0.07419718586387436
2016-09-28,0.07296764132553607
2016-09-29,0.0715000975609756
2016-09-30,0.07294369693011103
2016-10-03,0.07359111549851925
2016-10-04,0.07225748187211602
2016-10-05,0.0729533245556287
2016-10-06,0.07208454963839579
2016-10-07,0.07185353967731314
2016-10-11,0.06932458800263679
2016-10-12,0.07043689449236895
2016-10-13,0.07078747026169707
2016-10-14,0.07000988467874794
2016-10-17,0.07079793393867614
2016-10-18,0.07193365334034718
2016-10-19,0.07221882198091477
2016-10-20,0.07174991751897064
2016-10-21,0.07141783944499504
2016-10-24,0.07184992737356397
2016-10-25,0.07262849638870648
2016-10-26,0.0719408747122657
2016-10-27,0.07215421115065243
2016-10-28,0.07197037524687294
2016-10-31,0.07406745874587459
2016-11-01,0.07311655058043119
2016-11-02,0.07410423560555923
2016-11-03,0.0742153642384106
2016-11-04,0.07382908366533865
2016-11-07,0.07494451827242525
2016-11-08,0.07527059611520429
2016-11-09,0.07417406166219838
2016-11-10,0.07135109780439122
2016-11-11,0.07016460637605726
2016-11-14,0.06927220447284345
2016-11-15,0.07051290322580646
2016-11-16,0.06986019354838709
2016-11-17,0.06953475452196382
2016-11-18,0.06937026502908857
2016-11-21,0.07020305492362691
2016-11-22,0.07102724919093852
2016-11-23,0.07043243243243243
2016-11-24,0.07062644787644788
2016-11-25,0.07082856223866195
2016-11-29,0.07212770700636943
2016-11-30,0.07106509957146458
2016-12-01,0.07073939393939394
2016-12-02,0.07247534504391467
2016-12-05,0.07282527881040891
2016-12-06,0.07334497487437186
2016-12-07,0.0738100062539087
2016-12-12,0.0733240174672489
2016-12-13,0.07337723913315795
2016-12-14,0.07300601127113338
2016-12-15,0.07134191729323308
2016-12-16,0.07117490566037735
2016-12-19,0.07099955808080809
2016-12-20,0.07166147540983607
2016-12-21,0.07165940468651046
2016-12-22,0.07114653528289892
2016-12-23,0.0713928502290766
2016-12-26,0.0714489703989704
2016-12-27,0.07176225080385852
2016-12-28,0.07201396825396826
2016-12-29,0.07348832245102964
2016-12-30,0.07284008810572687
2017-01-02,0.07303693467336683
2017-01-03,0.07254474756977108
2017-01-04,0.07340310945273633
2017-01-05,0.07350889724310777
2017-01-06,0.07300600885515497
2017-01-09,0.0732880075542965
2017-01-10,0.07292826498422712
2017-01-11,0.0727013880126183
2017-01-12,0.07438260594560404
2017-01-13,0.0741520847789062
2017-01-16,0.07306952141057935
2017-01-17,0.07399899427996731
2017-01-18,0.07392350547730829
2017-01-19,0.07339987421383647
2017-01-20,0.07338963242224317
2017-01-23,0.07383889585947302
2017-01-24,0.07488895166352794
2017-01-25,0.07522532121591978
2017-01-26,0.07464748743718592
2017-01-27,0.07408666666666666
2017-01-30,0.07388473618090452
2017-01-31,0.07401981505944517
2017-02-01,0.07437044303797467
2017-02-02,0.07482901785714285
2017-02-03,0.07552752880921895
2017-02-06,0.07475684410646388
2017-02-07,0.07449901116427432
2017-02-08,0.07475738437001594
2017-02-09,0.07437988468930173
2017-02-10,0.07481615186615187
2017-02-13,0.07492825314820795
2017-02-14,0.07610232708468002
2017-02-15,0.07708912760416667
2017-02-16,0.07679254940071266
2017-02-17,0.07632889030612244
2017-02-20,0.07658903410902135
2017-02-21,0.07635451633568226
2017-02-22,0.07660077096048827
2017-02-23,0.07766987096774194
2017-02-24,0.07743055555555556
2017-03-01,0.07700188067444876
2017-03-02,0.07606993506493508
2017-03-03,0.07625902912621359
2017-03-06,0.07689470284237726
2017-03-07,0.07726540192926044
2017-03-08,0.0762928092042186
2017-03-09,0.07512356728911784
2017-03-10,0.07587254521963824
2017-03-13,0.0762962676962677
2017-03-14,0.07593646604441583
2017-03-15,0.07727257546563904
2017-03-16,0.07854597553122988
2017-03-17,0.0786064910025707
2017-03-20,0.07916525911708253
2017-03-21,0.07892782051282052
2017-03-22,0.07964956827630316
2017-03-23,0.08032835150737652
2017-03-27,0.07815554127850947
2017-03-28,0.07695861758270048
2017-03-29,0.07681257290991576
2017-03-30,0.07729286177806619
2017-03-31,0.07418947368421051
2017-04-03,0.07305293926599545
2017-04-04,0.07348456026058632
2017-04-05,0.07223030855357375
2017-04-06,0.0725341780376868
2017-04-07,0.07226217008797653
2017-04-10,0.07179986850756082
2017-04-11,0.07229557811988208
2017-04-12,0.07332883475971035
2017-04-17,0.07513598684210526
2017-04-18,0.07531198117524021
2017-04-19,0.07514616883116883
2017-04-20,0.07595035414906752
2017-04-21,0.07599883795997417
2017-04-24,0.07677719298245612
2017-04-25,0.07648942931258107
2017-04-26,0.07518624919302777
2017-04-27,0.074855317769131
2017-04-28,0.07471493506493505
2017-05-02,0.07484640522875816
2017-05-03,0.07480889470241989
2017-05-04,0.07314376224689745
2017-05-05,0.07422804163955758
2017-05-08,0.07348403361344537
2017-05-09,0.07338911433172303
2017-05-10,0.07414655061250806
2017-05-11,0.07497991577583414
2017-05-12,0.07457512953367876
2017-05-15,0.07587083065035416
2017-05-16,0.07659139922978178
2017-05-17,0.07589846252402306
2017-05-18,0.074594
2017-05-19,0.07572031152647975
2017-05-22,0.07561495211615693
2017-05-23,0.07651926662523306
2017-05-24,0.07718607830950902
2017-05-26,0.07775990006246096
2017-05-29,0.07709862757330006
2017-05-30,0.07598668730650156
2017-05-31,0.07637608695652173
2017-06-01,0.07732876712328768
2017-06-02,0.0780810625
2017-06-05,0.07874760862769616
2017-06-06,0.07790893191755152
2017-06-07,0.07790712945590994
2017-06-08,0.07740119496855347
2017-06-09,0.07768561557788944
2017-06-12,0.0779593092621664
2017-06-13,0.07839817495280049
2017-06-14,0.0794691396901373
2017-06-15,0.07752240300375468
2017-06-16,0.07809208229426434
2017-06-19,0.07680018575851394
2017-06-21,0.07645844636251542
2017-06-22,0.07712356766800868
2017-06-23,0.07735925811437402
2017-06-26,0.07780888480392156
2017-06-27,0.07671298780487805
2017-06-28,0.07723197568389059
2017-06-29,0.07668242424242425
2017-06-30,0.07650114251352977
2017-07-03,0.07553380952380953
2017-07-04,0.0757489663319551
2017-07-05,0.0745406651108518
2017-07-06,0.07458231850117096
2017-07-07,0.07473786808009424
2017-07-10,0.07400882612533097
2017-07-11,0.0738094705882353
2017-07-12,0.0755298247684229
2017-07-13,0.07564584070796461
2017-07-14,0.07676955489614243
2017-07-17,0.07731742468989958
2017-07-18,0.07735505813953489
2017-07-19,0.0773927696793003
2017-07-20,0.07702796511627907
2017-07-21,0.0773658438576349
2017-07-24,0.07709627079747562
2017-07-25,0.07664364988558352
2017-07-26,0.07691125714285714
2017-07-27,0.07676128117913832
2017-07-28,0.07681433389544688
2017-07-31,0.07575470521541951
2017-08-01,0.07554123066424022
2017-08-02,0.07577477272727272
2017-08-03,0.07464804753820034
2017-08-04,0.0744940011318619
2017-08-07,0.07544491525423729
2017-08-08,0.07462297579416578
2017-08-09,0.07431299435028249
2017-08-10,0.07444297007340485
2017-08-11,0.07442744212309428
2017-08-14,0.07499509632224169
2017-08-15,0.07508353837141184
2017-08-16,0.07568134805345729
2017-08-17,0.0755366935483871
2017-08-18,0.07594053271569196
2017-08-22,0.07555665310865775
2017-08-23,0.07590708067324434
2017-08-24,0.0758253341080767
2017-08-25,0.07675598141695704
2017-08-28,0.07671886244921648
2017-08-29,0.07702914630640989
2017-08-30,0.07679488211615872
2017-08-31,0.07689173887926055
2017-09-01,0.07741912790697675
2017-09-04,0.07708316889146836
2017-09-05,0.07727674013921115
2017-09-06,0.0651041767068273
2017-09-07,0.07793866279069768
2017-09-08,0.07744133720930232
2017-09-11,0.07716046647230321
2017-09-12,0.07683321616871704
2017-09-13,0.07596818980667838
2017-09-14,0.076091936433196
2017-09-15,0.07586103092783504
2017-09-18,0.07523155127081507
2017-09-19,0.07507508751458576
2017-09-20,0.07544264107038975
2017-09-21,0.07527174290677476
2017-09-22,0.07547053726169844
2017-09-25,0.0749912050256996
2017-09-26,0.07480273037542663
2017-09-27,0.0737120728929385
2017-09-28,0.07399897084048028
2017-09-29,0.07382744078567302
2017-10-02,0.07352833763996555
2017-10-03,0.07308980763709447
2017-10-04,0.07363444143573199
2017-10-05,0.07313898305084744
2017-10-06,0.0729213528231585
2017-10-09,0.07247428407789232
2017-10-10,0.07327081779053085
2017-10-11,0.0737827534734183
2017-10-12,0.07434114269308068
2017-10-13,0.07537384686346862
2017-10-17,0.07464522642053649
2017-10-18,0.07372726224783861
2017-10-19,0.0736100859598854
2017-10-20,0.0731576923076923
2017-10-23,0.07292190640252656
2017-10-24,0.07259685714285714
2017-10-25,0.07105551743853632
2017-10-26,0.07028640996602491
2017-10-27,0.07075687943262411
2017-10-30,0.07106615819209039
2017-10-31,0.07073837439818748
2017-11-01,0.07112373651334469
2017-11-02,0.07149292237442922
2017-11-03,0.07033236961451247
2017-11-07,0.07031807365439094
2017-11-08,0.07080850456621005
2017-11-09,0.07004173565515272
2017-11-10,0.06958313803943984
2017-11-13,0.06899645714285714
2017-11-14,0.06960005714285714
2017-11-15,0.06932651428571429
2017-11-16,0.07063194921070692
2017-11-17,0.07152513583071204
2017-11-21,0.071573756432247
2017-11-22,0.07218600114744693
2017-11-23,0.07199684270952927
2017-11-24,0.07208559077809798
2017-11-27,0.0727410508083141
2017-11-28,0.07329766772243018
2017-11-29,0.07341819225251076
2017-11-30,0.07300283155157469
2017-12-01,0.07259367382472431
2017-12-04,0.0738149236531259
2017-12-05,0.07424453441295546
2017-12-06,0.07391040278180237
2017-12-07,0.07322893518518518
2017-12-11,0.07358677494199538
2017-12-12,0.0730721613832853
2017-12-13,0.07408723281340267
2017-12-14,0.07415977077363897
2017-12-15,0.07581672851841278
2017-12-18,0.07862561183836084
2017-12-19,0.07862561183836084
2017-12-20,0.0793518581081081
2017-12-21,0.07840802005012532
2017-12-22,0.07908013281682347
2017-12-26,0.07992582492500681
2017-12-27,0.08122819483619007
2017-12-28,0.08071088541666667
2017-12-29,0.08073306879725453
2018-01-02,0.08025100488864748
2018-01-03,0.08091921930062349
2018-01-04,0.08144514224369297
2018-01-05,0.08106420996818664
2018-01-08,0.0807154492905938
2018-01-09,0.08101035393555203
2018-01-10,0.08033807733619763
2018-01-11,0.08044083377872795
2018-01-12,0.080448582129481
2018-01-15,0.08102674480554076
2018-01-16,0.08153878306878308
2018-01-17,0.08162397877984084
2018-01-18,0.08236963434022257
2018-01-19,0.08184980257962622
2018-01-22,0.08286237334169017
2018-01-23,0.08270338763899664
2018-01-24,0.08398208651399491
2018-01-25,0.08442096114519428
2018-01-26,0.08421405212059274
2018-01-29,0.08379489274770174
2018-01-30,0.08342373312961548
2018-01-31,0.08410076335877863
2018-02-01,0.08430495356037151
2018-02-02,0.08318845857912284
2018-02-05,0.08299445585215606
2018-02-06,0.08367709611451944
2018-02-07,0.08332779893373952
2018-02-08,0.08213550325488234
2018-02-09,0.0825539039039039
2018-02-14,0.08543211055276383
2018-02-15,0.08570010172939979
2018-02-16,0.08635207489878542
2018-02-19,0.08562743718592966
2018-02-20,0.08511869017632241
2018-02-21,0.08602444165621079
2018-02-22,0.08566045112781955
2018-02-23,0.08637967967967967
2018-02-26,0.08639831683168317
2018-02-27,0.08543940594059406
2018-02-28,0.08483202386872203
2018-03-01,0.08396799166294477
2018-03-02,0.08377316230883079
2018-03-05,0.08442310737258782
2018-03-06,0.08495599803343167
2018-03-07,0.08420416462518374
2018-03-08,0.08383423379174854
2018-03-09,0.08459881481481481
2018-03-12,0.08454158415841585
2018-03-13,0.08473066271018793
2018-03-14,0.08487162629757786
2018-03-15,0.08396515114278694
2018-03-16,0.08362950495049505
2018-03-19,0.08304891089108911
2018-03-20,0.0835240562546262
2018-03-21,0.08413260976813024
2018-03-22,0.08481260815822002
2018-03-23,0.08564061416542842
2018-03-26,0.08595423476968796
2018-03-27,0.0858848175327251
2018-03-28,0.08497329892302347
2018-04-03,0.08462096134786919
2018-04-04,0.08407740336967294
2018-04-05,0.08342440594059407
2018-04-06,0.08294554013875123
2018-04-09,0.08268083209509658
2018-04-10,0.0830482142857143
2018-04-11,0.08373735620785402
2018-04-12,0.08295655616031668
2018-04-13,0.08272393669634026
2018-04-16,0.08295108803165183
2018-04-17,0.08338543111992071
2018-04-18,0.08379418922274645
2018-04-19,0.08366870039682539
2018-04-20,0.0828610203070827
2018-04-23,0.08094807502467916
2018-04-24,0.08108000987166832
2018-04-25,0.08020980643887024
2018-04-26,0.0805152798053528
2018-04-27,0.08084074975657254
2018-05-02,0.07905325471698113
2018-05-03,0.07929960869565217
2018-05-04,0.08017701834862385
2018-05-07,0.07964193989071038
2018-05-08,0.07928955357142858
2018-05-09,0.07954119718309859
2018-05-10,0.08106619656236226
2018-05-11,0.08150223559759243
2018-05-14,0.08120312124849939
2018-05-15,0.07944640332640333
2018-05-16,0.0804822560724578
2018-05-17,0.07938774671052631
2018-05-18,0.07846459271387639
2018-05-21,0.07857435729222191
2018-05-22,0.07969588138385503
2018-05-23,0.08012563840653728
2018-05-24,0.08057565040650407
2018-05-28,0.0803064346418454
2018-05-29,0.07881775362318841
2018-05-30,0.07977661452065785
2018-05-31,0.07858669871794871
2018-06-01,0.07899519519519518
2018-06-04,0.07956399679615539
2018-06-05,0.078571875
2018-06-06,0.07854409638554218
2018-06-07,0.07669477686611967
2018-06-08,0.0765755432635322
2018-06-11,0.07609538461538462
2018-06-12,0.07527798058252427
2018-06-13,0.07554011538461539
2018-06-14,0.07449678700361011
2018-06-15,0.0744058553791887
2018-06-18,0.07329496011602611
2018-06-19,0.07279185878962535
2018-06-21,0.07365887272727271
2018-06-22,0.07439370603480193
2018-06-25,0.07359328165374676
2018-06-26,0.07391749077490774
2018-06-27,0.07200772594752186
2018-06-28,0.07255103202846974
2018-06-29,0.07268499133448873
2018-07-02,0.07195279151943464
2018-07-03,0.07295863309352517
2018-07-04,0.07312080513003207
2018-07-05,0.07389344028520499
2018-07-06,0.0742131541218638
2018-07-10,0.07511454146876141
2018-07-11,0.07380456370938299
2018-07-12,0.0751292324641939
2018-07-13,0.07530349136346931
2018-07-16,0.07552470760233918
2018-07-17,0.07537386569872959
2018-07-18,0.07554239437640409
2018-07-19,0.07397982636262113
2018-07-20,0.07438484408992024
2018-07-23,0.07399677769732078
2018-07-24,0.07514672489082969
2018-07-25,0.07597860533041256
2018-07-26,0.07566986501276905
2018-07-27,0.07564526989935956
2018-07-30,0.07604505595303614
2018-07-31,0.07637493615468807
2018-08-01,0.07567215258855586
2018-08-02,0.07454510018214937
2018-08-03,0.0751410773176988
2018-08-06,0.07445850713501646
2018-08-07,0.07485928089067348
2018-08-08,0.07465696202531645
2018-08-09,0.07322145144076841
2018-08-10,0.07099449572649572
2018-08-13,0.06928661654135339
2018-08-14,0.070067747382641
2018-08-15,0.06852366666666666
2018-08-16,0.06733052949061662
2018-08-17,0.06759772194304857
2018-08-21,0.06984946666666667
2018-08-22,0.0706454214876033
2018-08-23,0.06949367005575599
2018-08-24,0.06974864077669903
2018-08-27,0.07064840167904425
2018-08-28,0.07056663476874002
2018-08-29,0.06953764705882352
2018-08-30,0.0679583244680851
2018-08-31,0.06823050203527815
2018-09-03,0.06731967914438503
2018-09-04,0.06499416152263374
2018-09-05,0.06478908854166666
2018-09-06,0.0651041767068273
2018-09-07,0.06575658286023249
2018-09-10,0.06572375601926164
2018-09-11,0.06621989404601882
2018-09-12,0.06699809150326796
2018-09-13,0.06760503160556258
2018-09-14,0.06697385850476668
2018-09-17,0.06718578294965849
2018-09-18,0.06715962346782109
2018-09-19,0.06829342004590666
2018-09-20,0.06993447643979057
2018-09-21,0.06989830417227456
2018-09-24,0.07002898123324397
2018-09-25,0.06939530183727034
2018-09-26,0.07076489223578292
2018-09-27,0.0712128967254408
2018-09-28,0.07070235151515152
2018-10-01,0.07035911616161615
2018-10-02,0.06972139107611548
2018-10-03,0.068720031838684
2018-10-04,0.06718984334203655
2018-10-05,0.06759770084566596
2018-10-08,0.06745999465526456
2018-10-09,0.06816864224137931
2018-10-10,0.06794910067114095
2018-10-11,0.0685302433688816
2018-10-12,0.06854010884353741
2018-10-16,0.07058905555555556
2018-10-17,0.07064242675511331
2018-10-18,0.06915533424283767
2018-10-19,0.06942468527640941
2018-10-22,0.06979632473944047
2018-10-23,0.06995941514074883
2018-10-24,0.06865867567567567
2018-10-25,0.06857159554226692
2018-10-26,0.0683442996742671
2018-10-29,0.0686780216802168
2018-10-30,0.0683139471533642
2018-10-31,0.06770342141863699
2018-11-01,0.06915867675918137
2018-11-02,0.06977004790081712
2018-11-05,0.07053032258064516
2018-11-07,0.0718112139052425
2018-11-08,0.07094160563380282
2018-11-09,0.06966796610169491
2018-11-12,0.06929623383923553
2018-11-13,0.06910754507628294
2018-11-14,0.06945362116991644
2018-11-15,0.07025184466019418
2018-11-16,0.07151848037851379
2018-11-20,0.07074538419016031
2018-11-21,0.07202327954764859
2018-11-22,0.0726717808219178
2018-11-23,0.07215579787234043
2018-11-26,0.07197144686299616
2018-11-27,0.07149904020752271
2018-11-28,0.07235210608424338
2018-11-29,0.073348197242842
2018-12-03,0.073136301369863
2018-12-04,0.07234213903743315
2018-12-05,0.07224389853137517
2018-12-06,0.0710636074270557
2018-12-07,0.07081601604278075
2018-12-10,0.06937602230483272
2018-12-11,0.06984556995503835
2018-12-12,0.07094562383612663
2018-12-13,0.07037792757071108
2018-12-14,0.0694675923500131
2018-12-17,0.06923528489283848
2018-12-18,0.06974278619968637
2018-12-19,0.07063494917904613
2018-12-20,0.06979973718791065
2018-12-21,0.06833026991441737
2018-12-26,0.06856829015544041
2018-12-27,0.06892321148825066
2018-12-28,0.06957103448275861
2018-12-31,0.06953957559681698
2019-01-02,0.06943673306772909
2019-01-03,0.070006435246996
2019-01-04,0.07166251003478727
2019-01-07,0.07226111781262566
2019-01-08,0.07185973404255318
2019-01-09,0.07208247257158149
2019-01-10,0.07216307982740021
2019-01-11,0.0722689430894309
2019-01-14,0.0726248108108108
2019-01-15,0.07247008086253369
2019-01-16,0.07320056
2019-01-17,0.07267019358260408
2019-01-18,0.07222876530069186
2019-01-21,0.07232697612732095
2019-01-22,0.07184476418864907
2019-01-23,0.07232957933972312
2019-01-24,0.07270877005347594
2019-01-25,0.07352130704833919
2019-01-28,0.07303321668909825
2019-01-29,0.07354832891246683
2019-01-30,0.07363009864036257
2019-01-31,0.0751015796519411
2019-02-01,0.07511003497444176
2019-02-04,0.07447569239042753
2019-02-05,0.07486935483870967
2019-02-06,0.07380237206823027
2019-02-07,0.07313950290851401
2019-02-08,0.0734726816380449
2019-02-11,0.07229195462938538
2019-02-12,0.072563674651224
2019-02-13,0.0715261643118786
2019-02-14,0.07046669283097855
2019-02-15,0.07072936302433973
2019-02-18,0.07077742268041237
2019-02-19,0.07104443595620066
2019-02-20,0.07142296445676834
2019-02-21,0.07126516569693903
2019-02-22,0.07168046914839368
2019-02-25,0.07228932879203052
2019-02-26,0.07212040133779264
2019-02-27,0.07183134981968058
2019-02-28,0.07108380587484037
2019-03-01,0.07033536799799045
2019-03-06,0.07018971779141105
2019-03-07,0.06894127058823529
2019-03-08,0.06934043689320388
2019-03-11,0.06974375302663438
2019-03-12,0.06973209638554217
2019-03-13,0.06928854368932039
2019-03-14,0.06890659798871719
2019-03-15,0.06937987500000001
2019-03-18,0.06924825
2019-03-19,0.06914241975308642
2019-03-20,0.07001625458996329
2019-03-21,0.07032002436053593
2019-03-22,0.06904456937799043
2019-03-25,0.06976321292775665
2019-03-26,0.06940684803001876
2019-03-27,0.06856266241167085
2019-03-28,0.0686224157689663
2019-03-29,0.06933850057670127
2019-04-01,0.07057859985951769
2019-04-03,0.07078292512246326
2019-04-04,0.07093255010366276
2019-04-05,0.07106512633735489
2019-04-08,0.07100155606407323
2019-04-09,0.07108078431372548
2019-04-10,0.07182101836782144
2019-04-11,0.07132617543859648
2019-04-12,0.07158963963963964
2019-04-15,0.07122152811148487
2019-04-16,0.07131903750884643
2019-04-17,0.07153945107398568
2019-04-22,0.07069185499058381
2019-04-23,0.06990025943396226
2019-04-24,0.06927749715585893
2019-04-25,0.06938855233853007
2019-04-26,0.06967524472482053
2019-04-29,0.06983970671178794
2019-04-30,0.07003977349943374
2019-05-02,0.0688240625
2019-05-03,0.06957344734473447
2019-05-06,0.06907890257558791
2019-05-07,0.06909179351422899
2019-05-08,0.0695719955654102
2019-05-09,0.06989781215469613
2019-05-10,0.07061149553571429
2019-05-13,0.06960880266075388
2019-05-14,0.07033435623749167
2019-05-15,0.07044186666666667
2019-05-16,0.0700765795936593
2019-05-17,0.06929813333333333
2019-05-20,0.06954102677583536
2019-05-21,0.06948351574715211
2019-05-22,0.0695763474387528
2019-05-23,0.06902120204036372
2019-05-24,0.06935727353859884
2019-05-27,0.0693029431438127
2019-05-28,0.06795139852315954
2019-05-29,0.0679407874015748
2019-05-30,0.06806193041526376
2019-05-31,0.06864311885612154
2019-06-03,0.06915580566079786
2019-06-04,0.06815656452695147
2019-06-05,0.0673087750556793
2019-06-06,0.06669243267304696
2019-06-07,0.06696666666666667
2019-06-10,0.06749641425389755
2019-06-11,0.06819977628635346
2019-06-12,0.06734185940004579
2019-06-13,0.06730968411344247
2019-06-14,0.0674759153968615
2019-06-18,0.06885296688132475
2019-06-19,0.06918307159353349
2019-06-21,0.06968057957466697
2019-06-24,0.06958020735155514
2019-06-25,0.06979096271826332
2019-06-26,0.07033533816990405
2019-06-27,0.07064290398126463
2019-06-28,0.07091995384216848
2019-07-01,0.07064241208402172
2019-07-02,0.07088928909952606
2019-07-03,0.07111665477040209
2019-07-04,0.07119108508604206
2019-07-05,0.07057409796893668
2019-07-10,0.07155633668101387
2019-07-11,0.07160091127098321
2019-07-12,0.07157733173076923
2019-07-15,0.07186075471698113
2019-07-16,0.07171593999062353
2019-07-17,0.07151743529411765
2019-07-18,0.07207882214369847
2019-07-19,0.07200719000471476
2019-07-22,0.0721698468786808
2019-07-23,0.07192536333802158
2019-07-24,0.07203676230464194
2019-07-25,0.07109036200138345
2019-07-26,0.06996772779700115
2019-07-29,0.07053677846224048
2019-07-30,0.0704240154791714
2019-07-31,0.07065289425706471
2019-08-01,0.06837427862939585
2019-08-02,0.06781484882418813
2019-08-05,0.06690202242251043
2019-08-06,0.06675633554083885
2019-08-07,0.06632362360166702
2019-08-08,0.06665661211853163
2019-08-09,0.06549365745856355
2019-08-12,0.0653447358490566
2019-08-13,0.0659900358422939
2019-08-14,0.06508009933774835
2019-08-15,0.06539421834061135
2019-08-16,0.06540436363636364
2019-08-20,0.06524049315068493
2019-08-21,0.06583147946201381
2019-08-22,0.0656559992739154
2019-08-23,0.06540734360834088
2019-08-26,0.06542660517272562
2019-08-27,0.06510458259325044
2019-08-28,0.06511984509466437
2019-08-29,0.06544544041450777
2019-08-30,0.06579336246009075
2019-09-02,0.06570214285714286
2019-09-03,0.06616030725259021
2019-09-04,0.06748501785714286
2019-09-05,0.06724270665952509
2019-09-06,0.06771947330705841
2019-09-09,0.06777408068546947
2019-09-10,0.06821189073379753
2019-09-11,0.06794031683873264
2019-09-12,0.06848422459893048
2019-09-13,0.0686299233648191
2019-09-16,0.0681640014214641
2019-09-17,0.06792
2019-09-18,0.06853351026185421
2019-09-19,0.06787760296977197
2019-09-20,0.06691738133050996
2019-09-23,0.06714833099086437
2019-09-24,0.06712535607525937
2019-09-25,0.06658541630148992
2019-09-26,0.066668886558294
2019-09-27,0.06600833914863923
2019-09-30,0.06598306997742663
2019-10-01,0.0652468771686329
2019-10-02,0.06540607056381874
2019-10-03,0.06605672960332583
2019-10-04,0.06651765113459207
2019-10-07,0.06606545643153526
2019-10-08,0.06545315471045808
2019-10-09,0.06595392309018797
2019-10-10,0.06656591928251121
2019-10-11,0.06775341946597761
2019-10-15,0.06727211257937188
2019-10-16,0.0669222938232673
2019-10-17,0.06763015483804591
2019-10-18,0.06780855184233076
2019-10-21,0.06776445052127841
2019-10-22,0.06856028985507247
2019-10-23,0.0684392372881356
2019-10-24,0.06806563498738435
2019-10-25,0.06847766294382396
2019-10-28,0.06884774789915968
2019-10-29,0.06845750798722045
2019-10-30,0.06660537508372405
2019-10-31,0.06633762359644713
2019-11-01,0.06654200836820083
2019-11-04,0.06777775544388609
2019-11-05,0.0676393126571668
2019-11-07,0.06817328859060402
2019-11-08,0.06742541176470589
2019-11-11,0.06720520433694746
2019-11-12,0.06705154103852595
2019-11-13,0.06704028801071668
2019-11-14,0.06739770596115205
2019-11-15,0.06792969666499078
2019-11-19,0.06775250460713687
2019-11-20,0.0674390590992801
2019-11-21,0.06808556856187291
2019-11-22,0.06791770118788688
2019-11-25,0.06766220063640932
2019-11-26,0.06752922922922923
2019-11-27,0.06773140371423791
2019-11-28,0.06782280701754385
2019-11-29,0.06825238571905239
2019-12-02,0.06856875364735306
2019-12-03,0.06836811013767209
2019-12-04,0.06851379425517701
2019-12-05,0.06817004251062765
2019-12-06,0.0682658992325659
2019-12-09,0.06814588372674951
2019-12-10,0.06749276524644945
2019-12-11,0.06799436596171529
2019-12-12,0.06878950096129734
2019-12-13,0.06880985020730239
2019-12-16,0.0695990972164173
2019-12-17,0.06940202290395386
2019-12-18,0.0699804731254702
2019-12-19,0.0703061773802558
2019-12-20,0.07015377413692217
2019-12-23,0.07042053675612603
2019-12-26,0.0707438637502087
2019-12-27,0.07130275781380578
2019-12-30,0.07109240273835364
2019-12-31,0.07154865586909334
2020-01-02,0.07082603025996824
2020-01-03,0.0700554710356934
2020-01-06,0.07030567583382094
2020-01-07,0.06998291398478643
2020-01-08,0.0707288472791106
2020-01-09,0.07020153807573352
2020-01-10,0.0698201986090678
2020-01-13,0.06936737281067555
2020-01-14,0.06947579087579088
2020-01-15,0.06944443703085905
2020-01-16,0.06949028761984159
2020-01-17,0.06916776935255395
2020-01-20,0.06895076590076589
2020-01-21,0.0691495840266223
2020-01-22,0.0697860995505244
2020-01-23,0.06934139480692411
2020-01-24,0.06936735950475112
2020-01-27,0.068475785275054
2020-01-28,0.06855794283815221
2020-01-29,0.06833353810393492
2020-01-30,0.06738816597510373
2020-01-31,0.06676412593206296
2020-02-03,0.06711723168513313
2020-02-04,0.067666771211621
2020-02-05,0.06760638719260603
2020-02-06,0.06722959301367606
2020-02-07,0.06624708785784798
2020-02-10,0.0666067106169438
2020-02-11,0.06748093064349875
2020-02-12,0.06734459161508435
2020-02-13,0.06700974115883952
2020-02-14,0.06711949429701101
2020-02-17,0.06679892652710438
2020-02-18,0.06669378223216893
2020-02-19,0.06678911046671743
2020-02-20,0.06616774830471443
2020-02-21,0.06671959443069908
2020-02-26,0.0654475833078323
2020-02-27,0.06492114453080995
2020-02-28,0.06354127953705192
2020-03-02,0.0643657945036059
2020-03-03,0.06545786323003097
2020-03-04,0.06524859282541413
2020-03-05,0.06407749243018952
2020-03-06,0.06379340588988477
2020-03-09,0.061612761874300336
2020-03-10,0.06266212912812155
2020-03-11,0.06173258337322483
2020-03-12,0.060997548512392745
2020-03-13,0.061371516240321784
2020-03-16,0.06009325972810482
2020-03-17,0.06026309374950537
2020-03-18,0.05828116216642981
2020-03-19,0.05718401548411462
2020-03-20,0.057168323663164496
2020-03-25,0.05796496487119438
2020-03-26,0.05777139609833565
2020-03-27,0.05688248536695182
2020-03-30,0.055648606306907204
2020-04-01,0.05503364378806429
2020-04-02,0.0539872218788628
2020-04-03,0.05251217069788939
2020-04-06,0.053874072934297586
2020-04-07,0.05496950929013816
2020-04-08,0.05482185389809699
2020-04-13,0.05519128173753442
2020-04-14,0.0543472213740458
2020-04-15,0.053430500312409514
2020-04-16,0.05294309400669304
2020-04-17,0.053063058001822046
2020-04-20,0.05308334343740527
2020-04-21,0.05277238614011197
2020-04-22,0.052507760833459156
2020-04-23,0.05243370024125452
2020-04-24,0.052533689598073155
2020-04-27,0.053183270704945135
2020-04-28,0.05369386162389314
2020-04-29,0.05486485393258427
2020-04-30,0.05414859365649312
2020-05-04,0.0536710891976692
2020-05-05,0.054140671641791045
2020-05-06,0.05354464977645306
2020-05-07,0.05377904450066975
2020-05-08,0.05447304890738814
2020-05-11,0.05431328484488644
2020-05-12,0.05462479988141121
2020-05-13,0.053935386437666565
2020-05-14,0.05385724423418096
2020-05-15,0.053908932526206994
2020-05-18,0.05437736655853731
2020-05-19,0.05479001472754049
2020-05-20,0.055719294117647054
2020-05-21,0.056838845645469226
2020-05-22,0.056782047521267226
2020-05-26,0.05752381719642596
2020-05-27,0.0574168080748976
2020-05-28,0.05747126369612856
2020-05-29,0.05667583892617449
2020-06-01,0.05737004225557337
2020-06-02,0.0581804540823752
2020-06-03,0.05901201860194739
2020-06-04,0.059334150943396224
2020-06-05,0.05951033483113495
2020-06-08,0.059723233931673426
2020-06-09,0.06018693075032528
2020-06-10,0.06049496101645971
2020-06-11,0.05837744914153802
2020-06-12,0.058333515929075964
2020-06-16,0.05819229995690275
2020-06-17,0.05818045069613894
2020-06-18,0.05735620877545169
2020-06-19,0.05758078796561605
2020-06-22,0.05777841932256681
2020-06-23,0.057948836213051545
2020-06-24,0.05750727532097004
2020-06-25,0.05808279646522235
2020-06-26,0.05780445741953859
2020-06-29,0.05771671875
2020-06-30,0.05750959409594097
2020-07-01,0.058584018718094155
2020-07-02,0.05881245395296118
2020-07-03,0.058823867497168746
2020-07-06,0.05881419090652359
2020-07-07,0.05847200507972344
2020-07-08,0.05884464336058641
2020-07-13,0.05978464345873105
2020-07-14,0.05973394109396915
2020-07-15,0.06018657511210763
2020-07-16,0.059735718286194346
2020-07-17,0.05993585618354784
2020-07-20,0.059932626290817755
2020-07-21,0.060940672058003346
2020-07-22,0.06064795207578712
2020-07-23,0.060008157015590195
2020-07-24,0.06001463143254519
2020-07-27,0.06089131520532741
2020-07-28,0.060615608538952044
2020-07-29,0.06041272853185596
2020-07-30,0.05956102961527816
2020-07-31,0.058702323008849554
2020-08-03,0.05816894649751793
2020-08-04,0.057533085296954674
2020-08-05,0.057694409253649125
2020-08-06,0.05729508940852819
2020-08-07,0.05680526315789474
2020-08-10,0.0565543660041124
2020-08-11,0.05727376712328767
2020-08-12,0.0573960438056126
2020-08-13,0.05750132676788402
2020-08-14,0.05744484691088026
2020-08-18,0.05768309264305177
2020-08-19,0.058248230811105056
2020-08-20,0.05771871345029239
2020-08-21,0.05827572709975537
2020-08-24,0.05895947375559474
2020-08-25,0.059315485706543825
2020-08-26,0.05913065258597347
2020-08-27,0.05859431971869083
2020-08-28,0.06030125675675675
2020-08-31,0.05897686708007548
2020-09-01,0.05996102356902357
2020-09-02,0.059513172766415504
2020-09-03,0.05962886528636731
2020-09-04,0.0602805346587856
2020-09-07,0.05975892833221701
2020-09-08,0.05918980056217374
2020-09-09,0.06013445232044939
2020-09-10,0.05927576162479957
2020-09-11,0.05960469897209986
2020-09-14,0.060025439297124596
2020-09-15,0.06090504056390477
2020-09-16,0.061377926910299
2020-09-17,0.06171467073818375
2020-09-18,0.06137114619262404
2020-09-21,0.05942476518057944
2020-09-22,0.05947140779907468
2020-09-23,0.05854252509244585
2020-09-24,0.059128213248878334
2020-09-25,0.058400632827949904
2020-09-28,0.05849354457007625
2020-09-29,0.05913239621650026
2020-09-30,0.059926529272775
2020-10-01,0.06023697049180328
2020-10-02,0.06051179987004548
2020-10-05,0.060332177639267626
2020-10-06,0.060321990140114176
2020-10-07,0.06010986901828557
2020-10-08,0.060321631435611464
2020-10-09,0.06081762799740764
2020-10-13,0.0606376598217745
2020-10-14,0.06051436499741869
2020-10-15,0.060057531947850774
2020-10-16,0.060472278121775025
2020-10-19,0.06057962103634957
2020-10-20,0.06086501029866117
2020-10-21,0.06138621221864952
2020-10-22,0.061649231557377046
2020-10-23,0.06164619224369641
2020-10-26,0.06157748530539228
2020-10-27,0.062029731800766284
2020-10-28,0.061013178393564044
2020-10-29,0.06092619412515964
2020-10-30,0.06143599336057202
2020-11-02,0.06160214766806456
2020-11-03,0.062133409350057005
2020-11-04,0.06305209414146526
2020-11-05,0.06341716814159293
2020-11-09,0.06511814744801513
2020-11-10,0.06411159511519576
2020-11-11,0.06395619574789282
2020-11-12,0.0640758547008547
2020-11-13,0.06448326018808778
2020-11-16,0.06522688508190572
2020-11-17,0.06480880809595202
2020-11-18,0.06482266999376168
2020-11-19,0.06467343049327354
2020-11-20,0.06524603609209707
2020-11-24,0.06571856257744733
2020-11-25,0.06594957296695135
2020-11-26,0.06570474718753863
2020-11-27,0.06560086345133835
2020-11-30,0.0647567703849465
2020-12-01,0.06554583077489869
2020-12-02,0.06518990060130078
2020-12-03,0.06583365620402157
2020-12-04,0.06589047152480097
2020-12-09,0.06671647976596781
2020-12-10,0.06645975891878729
2020-12-11,0.06599701982727162
2020-12-14,0.06650793208004852
2020-12-15,0.06716186841148673
2020-12-16,0.06736955942870976
2020-12-17,0.06824587111594729
2020-12-18,0.0686921656204732
2020-12-21,0.06867377029464822
2020-12-22,0.06817655255255255
2020-12-23,0.06845001199616123
2020-12-28,0.06837280095351608
2020-12-29,0.06797865984289454
2020-12-30,0.06843455733808675
2020-12-31,0.06818677361853832
2021-01-04,0.06803044864226682
2021-01-05,0.06666933144676336
2021-01-06,0.06654909904604876
2021-01-07,0.06484201176470589
2021-01-08,0.06533855733082707
2021-01-11,0.0645152981140916
2021-01-12,0.06516271206271206
2021-01-13,0.06560388077147868
2021-01-14,0.06651191032227931
2021-01-15,0.06591653837182179
2021-01-18,0.06593870817843867
2021-01-19,0.06676280013919499
2021-01-20,0.06711679212507239
2021-01-21,0.06676012958463495
2021-01-22,0.06615024835393324
2021-01-25,0.06570302646720368
2021-01-26,0.06615768788784188
2021-01-27,0.06577692572609345
2021-01-28,0.0662984862385321
2021-01-29,0.06579380510706516
2021-02-01,0.06634643835616438
2021-02-02,0.06673117445838085
2021-02-03,0.06691334851936219
2021-02-04,0.06653404618359687
2021-02-05,0.06736411363636363
2021-02-08,0.06721559487353976
2021-02-09,0.0677167233174711
2021-02-10,0.06788774332277048
2021-02-11,0.06827336348219333
2021-02-12,0.06871624124689406
2021-02-17,0.06832187991904655
2021-02-18,0.06826730294183696
2021-02-19,0.06818817590307381
2021-02-22,0.06811849491222184
2021-02-23,0.06847861052161286
2021-02-24,0.06877957181088314
2021-02-25,0.06686055710306406
2021-02-26,0.06592479403250946
2021-03-01,0.06663379953379954
2021-03-02,0.06678420410427066
2021-03-03,0.06638871772137869
2021-03-04,0.06548574592978182
2021-03-05,0.06518564789199956
2021-03-08,0.06448160538809761
2021-03-09,0.06521371056695345
2021-03-10,0.06617696208112875
2021-03-11,0.06738862084159507
2021-03-12,0.0669491909741332
2021-03-15,0.06710598506479244
2021-03-16,0.0671654778887304
2021-03-17,0.06743042763157894
2021-03-18,0.06777317634173056
2021-03-19,0.06797772548161121
2021-03-22,0.06791309380801573
2021-03-23,0.06765350283718899
2021-03-25,0.06625938759943337
2021-03-26,0.06661159625435539
2021-03-29,0.06707897943640519
2021-03-30,0.0671294149630274
2021-03-31,0.06769197826086956
2021-04-05,0.06876396357328708
2021-04-06,0.0687904529692241
2021-04-07,0.06884112422831148
2021-04-08,0.06886245940679801
2021-04-09,0.06844813933362182
2021-04-12,0.06859886584575502
2021-04-13,0.06888760526884043
2021-04-14,0.06937747922736591
2021-04-15,0.07056018119068162
2021-04-16,0.06990708975325934
2021-04-19,0.07015377744296168
2021-04-20,0.06984069054533722
2021-04-21,0.07023507470708373
2021-04-22,0.06977636187815624
2021-04-23,0.07004321305841923
2021-04-26,0.07012819770558594
2021-04-27,0.06960007500267867
2021-04-28,0.0699804794520548
2021-04-29,0.0698211871657754
2021-04-30,0.06901073108165882
2021-05-03,0.06936496210099286
2021-05-04,0.06912856685519154
2021-05-05,0.06965777066666666
2021-05-06,0.07034525002665529
2021-05-07,0.07101213638785296
2021-05-10,0.07136943468540402
2021-05-11,0.07142754656732304
2021-05-12,0.071006086401362
2021-05-13,0.07068037442825231
2021-05-14,0.07069436410038281
2021-05-17,0.07086017210241156
2021-05-18,0.07153843457943926
2021-05-19,0.0712839702760085
2021-05-20,0.07152871392190152
2021-05-21,0.07161271878646441
2021-05-26,0.07264802074513124
2021-05-27,0.07257684333015973
2021-05-28,0.07262269458544839
2021-05-31,0.07278179035152538
2021-06-01,0.07273309405679299
2021-06-02,0.07394098343357602
2021-06-03,0.07324934078683683
2021-06-04,0.07449899852414084
2021-06-07,0.07391256053906085
2021-06-08,0.0736192716556152
2021-06-09,0.07293946344029459
2021-06-10,0.07350779097886657
2021-06-11,0.07280298538841586
2021-06-14,0.07261531758530183
2021-06-15,0.07238613850996853
2021-06-16,0.07233900954779142
2021-06-17,0.07095519555415748
2021-06-18,0.06975348642130648
2021-06-22,0.07005891716410095
2021-06-23,0.07036752852507065
2021-06-24,0.07053678702250131
2021-06-25,0.07065339958158996
2021-06-28,0.07024494722541541
2021-06-29,0.06964612893114618
2021-06-30,0.06994620768909318
2021-07-01,0.06918978696741854
2021-07-02,0.07021141037686605
2021-07-05,0.0701616499791406
2021-07-06,0.06958554895214263
2021-07-07,0.06979097352511987
2021-07-08,0.06992176268361287
2021-07-12,0.06940684774690395
2021-07-13,0.06792140033291719
2021-07-14,0.0689550540765391
2021-07-15,0.06851473279268039
2021-07-16,0.06943093951361463
2021-07-19,0.06858522479493302
2021-07-20,0.06828268631928586
2021-07-21,0.06871105230386053
2021-07-22,0.06801703142827507
2021-07-23,0.06731060983198507
2021-07-26,0.06761782680754092
2021-07-27,0.06767823340581962
2021-07-28,0.06717766276782941
2021-07-29,0.06879614031456953
2021-07-30,0.06832514220705348
2021-08-02,0.06923768984399215
2021-08-03,0.06975446751368661
2021-08-04,0.0697262521945678
2021-08-05,0.06957635462896068
2021-08-06,0.06830740970072238
2021-08-09,0.06782649484536082
2021-08-10,0.0675000721426363
2021-08-11,0.06823516075845013
2021-08-12,0.06767868548470177
2021-08-13,0.06786331994645248
2021-08-17,0.06714067866323907
2021-08-18,0.06684670437017995
2021-08-19,0.06564609375
2021-08-20,0.06512451957661083
2021-08-23,0.06605979466119097
2021-08-24,0.06660228835300154
2021-08-25,0.06679179318834633
2021-08-26,0.06704974879524249
2021-08-27,0.06795140426404264
2021-08-30,0.06817329853648553
2021-08-31,0.06890279312461633
2021-09-01,0.06948160155451012
2021-09-02,0.06907985280588777
2021-09-03,0.07009821173104434
2021-09-06,0.07022915773353752
2021-09-07,0.06999125420961323
2021-09-08,0.07041361085603509
2021-09-09,0.07041509433962265
2021-09-10,0.07050644306249362
2021-09-13,0.07050446073938282
2021-09-14,0.06992224824355972
2021-09-15,0.06932361323155216
2021-09-16,0.06844955239064089
2021-09-17,0.06769059577063848
2021-09-20,0.06751647369490149
2021-09-21,0.06744497816593886
2021-09-22,0.06784260330998071
2021-09-23,0.06792232595900141
2021-09-24,0.06686368709415584
2021-09-27,0.06697385176923856
2021-09-28,0.06607157916075411
2021-09-29,0.06575789100486223
2021-09-30,0.06629321450273445
2021-10-01,0.06729792489118332
2021-10-04,0.06641296783329961
2021-10-05,0.06674854889270906
2021-10-06,0.06657390820865346
2021-10-07,0.06689992925005053
2021-10-12,0.06683241497628419
2021-10-13,0.06757076271186441
2021-10-14,0.06763474183138363
2021-10-15,0.06837419842710224
2021-10-18,0.06816957791880729
2021-10-19,0.06887005336824085
2021-10-20,0.06937025666834425
2021-10-21,0.06809623628861829
2021-10-22,0.06745271154039642
2021-10-25,0.0679818858061922
2021-10-26,0.06734686621132985
2021-10-27,0.06657036628198695
2021-10-28,0.06607813220985054
2021-10-29,0.06541719815483353
2021-11-01,0.06480629195471395
2021-11-02,0.0648025135189265
2021-11-03,0.06485336803122811
2021-11-04,0.06552092837134854
2021-11-05,0.06635216129677807
2021-11-08,0.06697609912070344
2021-11-09,0.0664867046249126
2021-11-10,0.06502880678981528
2021-11-11,0.0653769991015274
2021-11-12,0.06526903811614448
2021-11-15,0.06545359529270968
2021-11-16,0.0643749227241001
2021-11-17,0.06443672147483807
2021-11-18,0.06405247485310228
2021-11-19,0.06347594067290464
2021-11-23,0.06311577011037088
2021-11-24,0.0627904094613397
2021-11-25,0.06277779102105681
2021-11-26,0.06151385912698413
2021-11-29,0.06192640182286507
2021-11-30,0.06262603011093502
2021-12-01,0.06262328712871287
2021-12-02,0.06256373887240356
2021-12-03,0.06205514037168841
2021-12-06,0.0627971070300158
2021-12-07,0.0629905344113587
2021-12-09,0.06261897774276147
2021-12-10,0.06260290497291975
2021-12-13,0.06244692232055064
2021-12-14,0.06184177638042837
2021-12-15,0.06174936161854253
2021-12-16,0.06257940137389598
2021-12-17,0.06310382427927044
2021-12-20,0.06328793694311172
2021-12-21,0.06296238262910799
2021-12-22,0.06322631527478975
2021-12-23,0.0639647898338221
2021-12-27,0.06438777062609713
2021-12-28,0.06373445722081465
2021-12-29,0.06287647058823528
2021-12-30,0.06266606308411216
2021-12-31,0.06275454633956386
2022-01-03,0.06311577669902912
2022-01-04,0.06242392084586284
2022-01-05,0.06334887531510568
2022-01-06,0.06355864974815963
2022-01-07,0.06419969016266461
2022-01-10,0.06364845908607863
2022-01-11,0.06425414252607184
2022-01-12,0.06536375385802469
2022-01-13,0.06496079791847355
2022-01-14,0.06480839753466872
2022-01-17,0.06499245917387128
2022-01-18,0.0644184602092733
2022-01-19,0.06527756139677668
2022-01-20,0.06595479819767999
2022-01-21,0.066349511213341
2022-01-24,0.06511476131254186
2022-01-25,0.06540008602561652
2022-01-26,0.06588309455587393
2022-01-27,0.06456319557125131
2022-01-28,0.06392962609690958
2022-01-31,0.0650017520472291
2022-02-01,0.06546387937595129
2022-02-02,0.0651597433460076
2022-02-03,0.06550504225619598
2022-02-04,0.06470397495493786
2022-02-07,0.06440643451930356
2022-02-08,0.06503556983556984
2022-02-09,0.06587137595618095
2022-02-10,0.0662611451749835
2022-02-11,0.06633895430993876
2022-02-14,0.06620236931177134
2022-02-15,0.06615419366957828
2022-02-16,0.06640061925314318
2022-02-17,0.06672493672072748
2022-02-18,0.06599788349878254
2022-02-21,0.06613407137518684
2022-02-22,0.06634247597723668
2022-02-23,0.0662269202087994
2022-02-24,0.06463330229092941
2022-02-25,0.06581761749651001
2022-03-02,0.06519244880941351
2022-03-03,0.06575227251689346
2022-03-04,0.0654553038009803
2022-03-07,0.06508764293618591
2022-03-08,0.06551663596168017
2022-03-09,0.06654688075082811
2022-03-10,0.06638431552817872
2022-03-11,0.06636624724467304
2022-03-14,0.06613406593406594
2022-03-15,0.06617914379802416
2022-03-16,0.06650218444383513
2022-03-17,0.0672594466258789
2022-03-18,0.06697115770282588
2022-03-21,0.06686816404473947
2022-03-22,0.06742406650313437
2022-03-23,0.06772452350698856
2022-03-25,0.06874600471099837
2022-03-28,0.0680128659197687
2022-03-29,0.0687488359501895
2022-03-30,0.06901692668410137
2022-03-31,0.0683900999909918
2022-04-01,0.06815656947444204
2022-04-04,0.06850488482566999
2022-04-05,0.06822538943598926
2022-04-06,0.06810921935080032
2022-04-07,0.0678232830222381
2022-04-08,0.06824448109843081
2022-04-11,0.0685546633505063
2022-04-12,0.06880844271018091
2022-04-13,0.0687436399043994
2022-04-18,0.06798697527061516
2022-04-19,0.06677975039550009
2022-04-20,0.0665495436995437
2022-04-21,0.06496206503637479
2022-04-22,0.0639100148822551
2022-04-25,0.0636699337286362
2022-04-26,0.06326350892468437
2022-04-27,0.06293265820584144
2022-04-28,0.062437176593158526
2022-04-29,0.06348682681467349
2022-05-02,0.06193445951784325
2022-05-03,0.06335449210321913
2022-05-04,0.06381173073607999
2022-05-05,0.06234064221763085
2022-05-06,0.06239743766122098
2022-05-09,0.06169221413276231
2022-05-10,0.062114504404344476
2022-05-11,0.062048983600956606
2022-05-12,0.061985901918976544
2022-05-13,0.06172839138209997
2022-05-16,0.061781019854064145
2022-05-17,0.06286421614296604
2022-05-19,0.06326070643907385
2022-05-20,0.06291880486158001
2022-05-23,0.06340992937615604
2022-05-24,0.0638048106792041
2022-05-26,0.06352554224939284
2022-05-27,0.06393330823923045
2022-05-30,0.06459530872427298
2022-05-31,0.06411160565723793
2022-06-01,0.06419515458776597
2022-06-02,0.0646608832807571
2022-06-03,0.06429048723897911
2022-06-06,0.06480545784823713
2022-06-07,0.06498908401352131
2022-06-08,0.06538512144915604
2022-06-09,0.06466716000657786
2022-06-10,0.06290218408736349
2022-06-13,0.062290932134096484
2022-06-14,0.06239782040816327
2022-06-15,0.06281682966585167
2022-06-16,0.06275888382687927
2022-06-21,0.0628049971698876
2022-06-22,0.06286975373435608
2022-06-23,0.06246993553585818
2022-06-24,0.06320833065035415
2022-06-27,0.06310342394354904
2022-06-28,0.06227580683911267
2022-06-29,0.06161923384516955
2022-06-30,0.061406204583566236
2022-07-01,0.061294037465125545
2022-07-04,0.06114450178642318
2022-07-05,0.060288541996830425
2022-07-06,0.05959439829100404
2022-07-07,0.0598250711125158
2022-07-08,0.05918595425867508
2022-07-11,0.05858676874754614
2022-07-12,0.05890148914491731
2022-07-13,0.05918875762791426
2022-07-14,0.0583996171875
2022-07-15,0.05857647563352826
2022-07-18,0.05842998991544489
2022-07-19,0.058552462443859386
2022-07-20,0.05831175606739836
2022-07-21,0.05849492205587282
2022-07-22,0.05940359179898258
2022-07-25,0.059550751533742334
2022-07-26,0.05906883991429445
2022-07-27,0.05934295317393629
2022-07-28,0.060602021049420376
2022-07-29,0.06007485335567913
2022-08-01,0.0605649480627796
2022-08-02,0.059741437216338886
2022-08-03,0.059622111463525154
2022-08-04,0.060138796743063945
2022-08-05,0.05959191812777486
2022-08-08,0.06016919218387363
2022-08-09,0.060185491221516625
2022-08-10,0.0617482133532264
2022-08-11,0.061616950919788485
2022-08-12,0.06178102385021175
2022-08-16,0.06105229439148747
2022-08-17,0.06004131188666716
2022-08-18,0.059186656848306325
2022-08-19,0.05877028714107367
2022-08-22,0.058816612997658085
2022-08-23,0.058787564804673245
2022-08-24,0.05892231133795114
2022-08-25,0.05967050218340611
2022-08-26,0.05926628177196805
2022-08-29,0.059397592539039916
2022-08-30,0.0588605772005772
2022-08-31,0.05846414618323362
2022-09-01,0.05784727037330072
2022-09-05,0.05824044054747648
2022-09-06,0.0578205108138873
2022-09-07,0.05790757102272726
2022-09-08,0.05716702798441375
2022-09-09,0.05772072428914981
2022-09-12,0.058456283384874894
2022-09-13,0.05742275213914995
2022-09-14,0.057277708566629344
2022-09-15,0.05693658519553073
2022-09-16,0.05662545986622074
2022-09-19,0.05645348064002216
2022-09-20,0.056402212389380535
2022-09-21,0.056424494444061016
2022-09-22,0.05685015844585285
2022-09-23,0.055702241474147415
2022-09-26,0.055215062217968
2022-09-27,0.055460039571535794
2022-09-28,0.05605789867901403
2022-09-29,0.055459733460257024
2022-09-30,0.05531157344556068
2022-10-03,0.05597631383660528
2022-10-04,0.05661487987078538
2022-10-05,0.05609909322944654
2022-10-06,0.055821327077748
2022-10-11,0.055306981219722606
2022-10-12,0.05465436308262712
2022-10-13,0.054888658294778576
2022-10-14,0.05458812978106041
2022-10-17,0.055461888524590164
2022-10-18,0.055133176285826466
2022-10-19,0.054589620054837446
2022-10-20,0.054615862158817016
2022-10-21,0.055135301385005525
2022-10-24,0.054207302572056346
2022-10-25,0.05495049006964147
2022-10-26,0.055744468756033214
2022-10-27,0.0557485066478258
2022-10-28,0.05504819253941802
2022-10-31,0.05445792492511631
2022-11-01,0.0549800991861648
2022-11-02,0.05521140228426396
2022-11-03,0.054342508865248225
2022-11-04,0.055728626484710636
2022-11-07,0.056419401392984875
2022-11-08,0.056600144011019975
2022-11-09,0.05635739907511561
2022-11-10,0.0572550782467735
2022-11-11,0.05793205973864344
2022-11-14,0.057806477932995426
2022-11-15,0.05793943992104613
2022-11-16,0.05792735889702714
2022-11-17,0.05758544047180243
2022-11-18,0.057952200024512804
2022-11-22,0.05791998054829494
2022-11-23,0.058699223489444306
2022-11-24,0.058734047575812603
2022-11-25,0.058433401775469525
2022-11-28,0.05833863145258103
2022-11-29,0.058793094154288454
2022-11-30,0.058926476566236244
2022-12-01,0.05693107560219413
2022-12-02,0.05714154917008745
2022-12-05,0.05718991487349255
2022-12-06,0.05755495309457785
2022-12-07,0.05835633313713949
2022-12-12,0.05684595903600397
2022-12-13,0.057958244572492865
2022-12-14,0.05820315024702121
2022-12-15,0.05693852891699055
2022-12-16,0.056474522292993636
2022-12-19,0.05778676843317973
2022-12-20,0.057653504283332366
2022-12-21,0.05809495065411981
2022-12-22,0.05818893026986764
2022-12-23,0.05891467627545184
2022-12-26,0.05877028964889319
2022-12-27,0.05789080374893495
2022-12-28,0.05848021541950114
2022-12-29,0.05910479692272882
2022-12-30,0.05870060397380899
2023-01-02,0.0587941341566096
2023-01-03,0.058754059206100016
2023-01-04,0.05915269786186052
2023-01-05,0.058155085503520734
2023-01-06,0.0582529930264993
2023-01-09,0.05918805597201399
2023-01-10,0.058768560816055
2023-01-11,0.05918981015110423
2023-01-12,0.05973644250428248
2023-01-13,0.05945515529320902
2023-01-16,0.05866926454445664
2023-01-17,0.05857887555482492
2023-01-18,0.058418040588589244
2023-01-19,0.057704401725738624
2023-01-20,0.05837643499591169
2023-01-23,0.05810642729294353
2023-01-24,0.0581767394011587
2023-01-25,0.05824010160514511
2023-01-26,0.05807201057630046
2023-01-27,0.05824586498572274
2023-01-30,0.057537398156089194
2023-01-31,0.057365106951871664
2023-02-01,0.058165235730685036
2023-02-02,0.05851409073945727
2023-02-03,0.057268849058610787
2023-02-06,0.05654541272275395
2023-02-07,0.05727672013507809
2023-02-08,0.056308206478799055
2023-02-09,0.056377414436675245
2023-02-10,0.05590308645215475
2023-02-13,0.05601142708061571
2023-02-14,0.05581042241783426
2023-02-15,0.05530178292961846
2023-02-16,0.05514350982730903
2023-02-17,0.05534371344272478
2023-02-22,0.054957435239805084
2023-02-23,0.054813143208233064
2023-02-24,0.05427644112837285
2023-02-27,0.0543274528733296
2023-02-28,0.05454853157494294
2023-03-01,0.055154461709773756
2023-03-02,0.05490402789710416
2023-03-03,0.05506062134355457
2023-03-06,0.05485222735025585
2023-03-07,0.05387698818108975
2023-03-08,0.05377384846211553
2023-03-09,0.05417206029147534
2023-03-10,0.05477891197130474
2023-03-13,0.05495109481819082
2023-03-14,0.05513165239768398
2023-03-15,0.05421170517377567
2023-03-16,0.05422611116586183
2023-03-17,0.05442591718304318
2023-03-20,0.054005304845254974
2023-03-21,0.0538187054921471
2023-03-22,0.05470908559742916
2023-03-23,0.05533452716493342
2023-03-27,0.05449086394754605
2023-03-28,0.05500852578906851
2023-03-29,0.055249534325492074
2023-03-30,0.05604564456589482
2023-03-31,0.05623063489785178
2023-04-03,0.05609154347102723
2023-04-04,0.05580325932251637
2023-04-05,0.05541301960041663
2023-04-10,0.054065452926566386
2023-04-11,0.054473053892215566
2023-04-12,0.05429883775205377
2023-04-13,0.055423770262716596
2023-04-14,0.05524984193398419
2023-04-17,0.05462988261391996
2023-04-18,0.054995819120494144
2023-04-19,0.05501609343387898
2023-04-20,0.055472654708931604
2023-04-21,0.05530300645220336
2023-04-24,0.0551131192952182
2023-04-25,0.05442176846108571
2023-04-26,0.05443006273412466
2023-04-27,0.054658247747747746
2023-04-28,0.0546403314172804
2023-05-02,0.05414536835076786
2023-05-03,0.05481644760213144
2023-05-04,0.05469651750110766
2023-05-05,0.054331880662983424
2023-05-08,0.05459051614320228
2023-05-09,0.05372011839508879
2023-05-10,0.052972275711159734
2023-05-11,0.05214851965065503
2023-05-12,0.05167157504363002
2023-05-15,0.05252983528391852
2023-05-16,0.052333825183903074
2023-05-17,0.05196398014245629
2023-05-18,0.051678250753985355
2023-05-19,0.05150391407089152
2023-05-22,0.05200289310859825
2023-05-23,0.05206760587359013
2023-05-24,0.05198748250265112
2023-05-29,0.050816881427072406
2023-05-30,0.05073824157420975
2023-05-31,0.050695799582463466
2023-06-01,0.05099465140478668
2023-06-02,0.05121455262611584
2023-06-05,0.05191622680412371
2023-06-06,0.05197802261048304
2023-06-07,0.05229633264887064
2023-06-08,0.05307207608917979
2023-06-09,0.05343050418452746
2023-06-12,0.05388018233387358
2023-06-13,0.05376199514366654
2023-06-14,0.0544564435483871
2023-06-15,0.05487992349506745
2023-06-16,0.05503698536780918
2023-06-21,0.05454733770101251
2023-06-22,0.05397440617577197
2023-06-23,0.05334613833992095
2023-06-26,0.05359516496465044
2023-06-27,0.053988101860920665
2023-06-28,0.053581954270080126
2023-06-29,0.053205921155347384
2023-06-30,0.053202808726139465
2023-07-03,0.053294393175649483
2023-07-04,0.05356788895315211
2023-07-05,0.05324388439306359
2023-07-06,0.052396897081413214
2023-07-07,0.053020862068965516
2023-07-10,0.05320733714285714
2023-07-11,0.05393510638297872
2023-07-12,0.05510036356750615
2023-07-13,0.05579049366370342
2023-07-14,0.055315242407093
2023-07-17,0.05548465979381443
2023-07-18,0.05595125350270877
2023-07-19,0.055923720843440945
2023-07-20,0.05571744696687756
2023-07-21,0.05567308591575432
2023-07-24,0.05636787822878229
2023-07-25,0.056840143593519875
2023-07-26,0.05662770642201835
2023-07-27,0.05636502013914317
2023-07-28,0.05684175739861162
2023-07-31,0.056044072661217074
2023-08-01,0.05466123845736014
2023-08-02,0.05414214491708724
2023-08-03,0.05349281193815174
2023-08-04,0.05434103454447825
2023-08-07,0.05353319209039548
2023-08-08,0.05285942997888811
2023-08-09,0.05272815360336665
2023-08-10,0.05307404961565339
2023-08-11,0.05275402470854358
2023-08-14,0.05246809829975711
2023-08-15,0.05229961428571429
2023-08-16,0.05229851978854123
2023-08-17,0.052223411915988005
2023-08-18,0.05273343906272324
2023-08-22,0.05320365766538077
2023-08-23,0.05405084154879269
2023-08-24,0.05330746285714286
2023-08-25,0.053697617823479
2023-08-28,0.053708001143020434
2023-08-29,0.05405200857142857
2023-08-30,0.05353204285714286
2023-08-31,0.05299641714285715
2023-09-01,0.053101668094830044
2023-09-04,0.052318494285714286
2023-09-05,0.05211047428571428
2023-09-06,0.05203184285714285
2023-09-07,0.052143897699671385
2023-09-08,0.05232807543934848
2023-09-11,0.05297788826975283
2023-09-12,0.05286697528218317
2023-09-13,0.05317819454363663
2023-09-14,0.05250528857142857
2023-09-15,0.052660957142857144
2023-09-18,0.05259918857142857
2023-09-19,0.05285356479497071
2023-09-20,0.05328786061125392
2023-09-21,0.05295264
2023-09-22,0.053338168833023857
2023-09-25,0.05332906727610342
2023-09-26,0.05249867428571428
2023-09-27,0.051944814285714284
2023-09-28,0.05265957148978717
2023-09-29,0.05284993284754965
2023-10-02,0.052091744036566204
2023-10-03,0.05177644907870304
2023-10-04,0.05165716285714285
2023-10-05,0.05128152571428571
2023-10-06,0.051876098257640675
2023-10-09,0.051671842330762635
2023-10-10,0.05242134247357898
2023-10-11,0.05299866323907455
2023-10-12,0.05256877268181169
2023-10-17,0.053126775207083685
2023-10-18,0.05277768923164809
2023-10-19,0.05274929275610801
2023-10-20,0.052634347763966284
2023-10-23,0.05277267609658522
2023-10-24,0.05253039005572224
2023-10-25,0.052306452442159375
2023-10-26,0.05278688384054865
2023-10-27,0.05305630804400629
2023-10-30,0.053069824260608654
2023-10-31,0.05351886571428571
2023-11-01,0.05379293899128448
2023-11-02,0.05421552699228791
2023-11-03,0.054888657526421025
2023-11-07,0.05438447714285714
2023-11-08,0.05412456350907273
2023-11-09,0.05382623803400486
2023-11-10,0.053341868838405485
2023-11-13,0.05340767823974854
2023-11-14,0.05466362753499
2023-11-15,0.054911262218444536
2023-11-16,0.05443806196067337
2023-11-17,0.05445229269670858
2023-11-21,0.05375621576064054
2023-11-22,0.05305828026371161
2023-11-23,0.05315812298641267
2023-11-24,0.05307573825503355
2023-11-27,0.05346192757660167
2023-11-28,0.05380162169680111
2023-11-29,0.05358224166666667
2023-11-30,0.05298462413314841
2023-12-01,0.053676289116588206
2023-12-04,0.053089546144295764
2023-12-05,0.05275152024235748
2023-12-06,0.052801097058014855
2023-12-07,0.05331996883116883
2023-12-11,0.05233136220795191
2023-12-12,0.05262742529676627
2023-12-13,0.05240101506344146
2023-12-14,0.05466392629606496
2023-12-15,0.05469591811259518
2023-12-18,0.053797570396212316
2023-12-19,0.05456251758700118
2023-12-20,0.054747123304715685
2023-12-21,0.05433188137279284
2023-12-22,0.054051132649891274
2023-12-26,0.05363368160128896
2023-12-27,0.05442887787961358
2023-12-28,0.05403156507209604
2023-12-29,0.054712676108602885
2024-01-02,0.05393248673985444
2024-01-03,0.053407677228455186
2024-01-04,0.05345764075397314
2024-01-05,0.05350970081260773
2024-01-08,0.05384043868272303
2024-01-09,0.053567889243614934
2024-01-10,0.05348766351699595
2024-01-11,0.05345592592592593
2024-01-12,0.053591430147058826
2024-01-15,0.05354350905088062
2024-01-16,0.05270175528663977
2024-01-17,0.05245323845590032
2024-01-18,0.05270147827148437
2024-01-19,0.05259116628034646
2024-01-22,0.05211780740199659
2024-01-23,0.0524106265969096
2024-01-24,0.05305884241245137
2024-01-25,0.05286781409477521
2024-01-26,0.05325579234972677
2024-01-29,0.05308560106640814
2024-01-30,0.05314541116628315
2024-01-31,0.05358884438528558
2024-02-01,0.053795255774579755
2024-02-02,0.052853843829324315
2024-02-05,0.05252100844390832
2024-02-06,0.053101386377335746
2024-02-07,0.05290809323054685
2024-02-08,0.05271092222489766
2024-02-09,0.052538392878623844
2024-02-14,0.05247250389734981
2024-02-15,0.052692035949670465
2024-02-16,0.05302142634730539
2024-02-19,0.052727320425481054
2024-02-20,0.05286837314859053
2024-02-21,0.05280305048335124
2024-02-22,0.05220868901347967
2024-02-23,0.05191595899392061
2024-02-26,0.05170042707589816
2024-02-27,0.052382349304482226
2024-02-28,0.05181293453724605
2024-02-29,0.05204863452861553
2024-03-01,0.05236232640949555
2024-03-04,0.05254695023696682
2024-03-05,0.05273649704142012
2024-03-06,0.053119156712004734
2024-03-07,0.053462212765957445
2024-03-08,0.05336293207324277
2024-03-11,0.05354092924528302
2024-03-12,0.05356129051266942
2024-03-13,0.05388250382577987
2024-03-14,0.053280763529411766
2024-03-15,0.05323821399176954
2024-03-18,0.05270397771260997
2024-03-19,0.05286557913247362
2024-03-20,0.053176780773739746
2024-03-21,0.05305996838407494
2024-03-22,0.05259448566413107
2024-03-25,0.05286166588785047
2024-03-26,0.052703977816695856
2024-03-27,0.05292517482517482
2024-04-03,0.053605506387921026
2024-04-04,0.053511705165409165
2024-04-05,0.05356559420289855
2024-04-08,0.05367801736111111
2024-04-09,0.05411431116252169
2024-04-10,0.053326507514450866
2024-04-11,0.0534827995378394
2024-04-12,0.05289354068090017
2024-04-15,0.0526415529953917
2024-04-16,0.05251990558434082
2024-04-17,0.05264072225416906
2024-04-18,0.05211237471264368
2024-04-19,0.05241035226620768
2024-04-22,0.0521414495412844
2024-04-23,0.05230809512893983
2024-04-24,0.0520551363115693
2024-04-25,0.052603062929061785
2024-04-26,0.05316208
2024-04-29,0.05364432743867655
2024-04-30,0.05319969537934969
2024-05-02,0.053925216400911156
2024-05-03,0.05404090950483779
2024-05-06,0.05421494090909091
2024-05-07,0.05401376263486655
2024-05-08,0.0538523267158253
2024-05-09,0.0540774387755102
2024-05-10,0.05426318753541076
2024-05-13,0.054403116515837104
2024-05-14,0.054379744632768366
2024-05-15,0.05475072049689441
2024-05-16,0.0549677065462754
2024-05-17,0.05505486181613085
2024-05-20,0.05501730332020259
2024-05-21,0.055347694038245215
2024-05-22,0.05476661157953906
2024-05-23,0.05409089438202247
2024-05-24,0.05429353284671533
2024-05-27,0.054500070509233355
2024-05-28,0.054696815892557364
2024-05-29,0.05433542361499721
2024-05-30,0.053551538031319915
2024-05-31,0.05309715689558906
2024-06-03,0.0540271861761427
2024-06-04,0.05348022519509476
2024-06-05,0.05276126099053979
2024-06-06,0.05288319153674833
2024-06-07,0.05306813459399332
2024-06-10,0.0533449977827051
2024-06-11,0.05381812749445676
2024-06-12,0.054525032723239046
2024-06-13,0.053982854767184035
2024-06-14,0.0542717277255119
2024-06-18,0.05532901436464088
2024-06-19,0.0557441564738292
2024-06-24,0.05519921408915795
2024-06-25,0.05490221892189219
2024-06-26,0.05516815257958287
2024-06-27,0.054160911684037305
2024-06-28,0.05498523684210526
2024-07-01,0.05448937964989059
2024-07-02,0.053619015855658834
2024-07-03,0.054261420765027324
2024-07-04,0.05478731550218341
2024-07-05,0.05501306535947713
2024-07-08,0.055263273816004356
2024-07-10,0.0551925111473627
2024-07-11,0.05557655108695652
2024-07-12,0.055591998914812805
2024-07-15,0.054853431202600215
2024-07-16,0.055389387114239304
2024-07-17,0.054879923160173164
2024-07-18,0.05482516261480281
2024-07-19,0.05471177789757412
2024-07-22,0.05477021154883972
2024-07-23,0.05437412621359223
2024-07-24,0.05454704094827586
2024-07-25,0.05451136021505377
2024-07-26,0.05473573590982287
2024-07-29,0.05421347103004292
2024-07-30,0.05460571903485254
2024-07-31,0.05477741201716738
2024-08-01,0.054794520900321546
2024-08-02,0.05474052941176471
2024-08-05,0.054019598075895243
2024-08-06,0.05414771489588895
2024-08-07,0.05433985264281901
2024-08-08,0.054445176093916754
2024-08-09,0.05458068370607028
2024-08-12,0.05484560936668441
2024-08-13,0.05510036576289208
2024-08-14,0.055310040382571736
2024-08-15,0.055532108337758894
2024-08-16,0.05593779766949153
2024-08-19,0.05655532838983051
2024-08-20,0.055977877183695075
2024-08-21,0.05595219470899471
2024-08-22,0.0554081088794926
2024-08-23,0.05647260832894044
2024-08-26,0.05652655654918464
2024-08-27,0.05645029263157895
2024-08-28,0.05601989784096893
2024-08-29,0.056368832807570976
2024-08-30,0.056044073413738855
2024-09-02,0.056015504721930745
2024-09-03,0.05557130047194546
2024-09-04,0.05590714929282347
2024-09-05,0.056492068098480876
2024-09-06,0.05599198225469729
2024-09-09,0.05597349087115284
2024-09-10,0.055766538622129436
2024-09-11,0.05587840897235263
2024-09-12,0.05608839562727746
2024-09-13,0.0564076237006237
2024-09-16,0.05674112993762993
2024-09-17,0.05676077650727651
2024-09-18,0.057170625843279706
2024-09-19,0.057185664763881684
2024-09-20,0.057228863801139306
2024-09-23,0.05771672670807454
2024-09-24,0.057681769270563885
2024-09-25,0.05792333230134159
2024-09-26,0.05824349303045947
2024-09-27,0.0585000587628866
2024-09-30,0.05809528799587841
2024-10-01,0.057421763130792995
2024-10-02,0.05759605558414822
2024-10-03,0.05719515005138746
2024-10-04,0.057154614674191896
2024-10-07,0.05758710097385956
2024-10-08,0.05679559302921578
2024-10-09,0.056645349385245895
2024-10-10,0.057018069458631256
2024-10-14,0.056881527551020404
2024-10-15,0.056634762876083634
2024-10-16,0.056689984709480126
2024-10-17,0.056520485990830364
2024-10-18,0.05676657592686643
2024-10-21,0.0567562662601626
2024-10-22,0.0570613407821229
2024-10-23,0.056109480466768134
2024-10-24,0.05660398681541583
2024-10-25,0.05658444939271255
2024-10-28,0.056515374810318666
2024-10-29,0.056577725985844284
2024-10-30,0.05658028787878788
2024-10-31,0.05663829133064516
2024-11-01,0.0566142416918429
2024-11-04,0.057074042296072505
2024-11-05,0.05754402111613876
2024-11-07,0.05782486030150754
2024-11-08,0.05680720762286861
2024-11-11,0.055654187374749496
2024-11-12,0.05508245868803205
2024-11-13,0.0548444064064064
2024-11-14,0.05495743571785893
2024-11-15,0.05490764488778055
2024-11-19,0.05535504685942174
2024-11-20,0.05522085600398605
2024-11-21,0.05530086467661691
2024-11-22,0.05514685600794439
2024-11-25,0.05538233167825223
2024-11-26,0.05492212003968254
2024-11-27,0.055037288051561724
2024-11-28,0.05524617740336967
2024-11-29,0.05550898961937716
2024-12-02,0.055025174320987656
2024-12-03,0.05528710617283951
2024-12-04,0.055250450148075024
2024-12-05,0.055387852984706464
2024-12-06,0.05550498473658297
2024-12-09,0.056375506148548936
2024-12-10,0.0560352802359882
2024-12-11,0.056461767076167076
2024-12-12,0.056328508341511284
2024-12-13,0.05591652817246448
2024-12-16,0.05598508557457213
2024-12-17,0.05526144199706314
2024-12-18,0.05527152176039119
2024-12-19,0.05425965395894428
2024-12-20,0.054642420487804884
2024-12-23,0.05385841711229947
2024-12-26,0.052924334142787764
2024-12-27,0.053600909355307806
2024-12-30,0.0530988488372093
2024-12-31,0.05289913759689922
2025-01-02,0.0533945588377724
2025-01-03,0.053277356832448095
2025-01-06,0.053782814099468855
2025-01-07,0.05348995173745174
2025-01-08,0.052866416787264836
2025-01-09,0.052784375903614456
2025-01-10,0.05230891582491583
2025-01-13,0.05248407115384615
2025-01-14,0.05282424879923151
2025-01-15,0.05323623032629558
2025-01-16,0.05319403550863724
2025-01-17,0.05338087835249042
2025-01-20,0.05383058480649785
2025-01-21,0.05408094842406877
2025-01-22,0.05408270324427481
2025-01-23,0.05416472579876014
2025-01-24,0.05430857006673022
2025-01-27,0.053296949071870534
2025-01-28,0.05345506850618459
2025-01-29,0.053918238706609604
2025-01-30,0.05410259980988593
2025-01-31,0.05372444708115805
2025-02-03,0.05310505288119516
2025-02-04,0.053534337206544935
2025-02-05,0.05398285538169748
2025-02-06,0.05416619293671486
2025-02-07,0.054275556713237035
2025-02-10,0.05417558353052532
2025-02-11,0.05409030951254141
2025-02-12,0.054138334516205346
2025-02-13,0.05383522098794611
2025-02-14,0.05448670824474368
2025-02-17,0.05430886570686807
2025-02-18,0.054304441926345606
2025-02-19,0.05388744016993156
2025-02-20,0.05449591318707242
2025-02-21,0.054600650483148716
2025-02-24,0.054401932139491044
2025-02-25,0.054208474799811585
2025-02-26,0.0543770831174947
2025-02-27,0.05422817039303365
2025-02-28,0.053589419112467715
2025-03-05,0.05454109090909091
2025-03-06,0.05509854391733208
2025-03-07,0.054676479137365216
2025-03-10,0.05451136022514071
2025-03-11,0.05484771495546179
2025-03-12,0.054553885165221465
2025-03-13,0.05458098219306466
2025-03-14,0.05504516424894713
2025-03-17,0.05529444267664951
2025-03-18,0.055178807296538825
2025-03-19,0.05512162561346109
2025-03-20,0.05508427863487611
2025-03-21,0.05493268035464302
2025-03-25,0.054793619780732446
2025-03-26,0.05474502542570562
2025-03-27,0.05483869153648869
2025-03-28,0.054272022356776896
2025-03-31,0.05455537337057728
2025-04-01,0.05409089462665736
2025-04-03,0.05332053674418605
2025-04-04,0.05230344330855019
2025-04-07,0.05105765985130112
2025-04-08,0.050766575609756094
2025-04-09,0.051834151775353915
2025-04-10,0.05147475208913649
2025-04-11,0.05225916326530612
2025-04-14,0.05308672787979967
2025-04-15,0.05247250416666667
2025-04-16,0.05305715330396476
2025-04-21,0.053254658135283364
2025-04-22,0.053770089673913044
2025-04-23,0.05354695
2025-04-24,0.05315925468483816
2025-04-25,0.053553545104745616
2025-04-28,0.05394848981324279
2025-04-29,0.05390980858369099
2025-04-30,0.05380162307692308
2025-05-05,0.05465466416666667
2025-05-06,0.055010039363484094
2025-05-07,0.05486546975088968
2025-05-08,0.05493358527827648
2025-05-09,0.054851024647887325
2025-05-12,0.0546304796819788
2025-05-13,0.054565495335406486
2025-05-14,0.05476931183745583
2025-05-15,0.05549020035149385
2025-05-16,0.055348306479859895
2025-05-19,0.0552849666958808
2025-05-20,0.055798589059080965
2025-05-21,0.055728002617801045
2025-05-22,0.055523166886833994
2025-05-23,0.05610633259814733
2025-05-26,0.05596722572178478
2025-05-27,0.055734835640138404
2025-05-28,0.05576529482758621
2025-05-29,0.0561526449704142
2025-05-30,0.05555493855218856
2025-06-02,0.05593560694620923
2025-06-03,0.055968165540540536
2025-06-04,0.05617314803880219
2025-06-05,0.05633739378673384
2025-06-06,0.0561882986081822
2025-06-09,0.05643054261603376
2025-06-10,0.056454754732856535
2025-06-11,0.05659790016920474
2025-06-12,0.05625404303797468
2025-06-13,0.05583005329949239
2025-06-17,0.05548588965517241
2025-06-18,0.055778358862144425
2025-06-19,0.05534064974182444
2025-06-23,0.055940613151152854
2025-06-24,0.05642958705832269
2025-06-25,0.05631518506084767
2025-06-26,0.05615579823455233
2025-06-27,0.055992295206055503
2025-06-30,0.05641748962655602
2025-07-01,0.05674660392798691
2025-07-02,0.056910661513425546
2025-07-03,0.05708544516653127
2025-07-04,0.0567659314516129
2025-07-07,0.05621799050632911
2025-07-08,0.05616052908366534
2025-07-10,0.05626322151394422
2025-07-11,0.05584158858501784
2025-07-14,0.05585562421875
2025-07-15,0.05573949603174603
2025-07-16,0.05614350277557494
2025-07-17,0.056028058869701726
2025-07-18,0.05645794167962675
2025-07-21,0.056744027450980394
2025-07-22,0.05684628173497811
2025-07-23,0.057021645609853
2025-07-24,0.056729220125786156
2025-07-25,0.056271770312500004
2025-07-28,0.05585063320463321
2025-07-29,0.05589839891556933
2025-07-30,0.05581540760456274
2025-07-31,0.05494475327510917
2025-08-01,0.05523305571847508
2025-08-04,0.055714652205882356
2025-08-05,0.055895586850952556
2025-08-06,0.056288874624624625
2025-08-07,0.05636851488880513
2025-08-08,0.056354855203619915
2025-08-11,0.05635231467473525
2025-08-12,0.05690807058823529
2025-08-13,0.05708544554455446
2025-08-14,0.056779790769230766
2025-08-18,0.05664502861562259
2025-08-19,0.05660590947775629
2025-08-20,0.056617767870868564
2025-08-21,0.05638154524714829
2025-08-22,0.05733057380772143
2025-08-25,0.05676367547723936
2025-08-26,0.056710238849981574
2025-08-27,0.056535823638384594
2025-08-28,0.05652687546886721
2025-08-29,0.05664952086438152
2025-09-01,0.056733725947521865
2025-09-02,0.056521763409257894
2025-09-03,0.05656524495042233
2025-09-04,0.056263854678899085
2025-09-05,0.056843696678966785
2025-09-08,0.05712098793470547
2025-09-09,0.0570470180021179
2025-09-10,0.05720267509659291
2025-09-11,0.05755064455307262
2025-09-12,0.05757682174810736
2025-09-15,0.05764286775732788
2025-09-16,0.05773072089857045
2025-09-17,0.057699076297049845
2025-09-18,0.05768676093591048
2025-09-19,0.05770473627118644
2025-09-22,0.05768143678977273
2025-09-23,0.05801305259313368
2025-09-24,0.05766048373831776
2025-09-25,0.057269832460732986
2025-09-26,0.05763223680241327
2025-09-29,0.057896169117647056
2025-09-30,0.05796127028985507
2025-10-01,0.05805313000702741
2025-10-02,0.05781650193050193
2025-10-03,0.05804672727272727
2025-10-06,0.05818757342657343
2025-10-07,0.058114869534802376
2025-10-08,0.05824926013986014
2025-10-09,0.05804335845070423
2025-10-13,0.05780547294292068
2025-10-14,0.057591080147058826
2025-10-15,0.05760932826086956
2025-10-16,0.057732720399429394
2025-10-17,0.057569860689655174
2025-10-20,0.0579589186440678
2025-10-21,0.057436933914793695
2025-10-22,0.05733813431833445
2025-10-23,0.05774672278566599
2025-10-24,0.057932056970509384
2025-10-27,0.05803123275261324
2025-10-28,0.05832604285714286
2025-10-29,0.05850313857938719
2025-10-30,0.05789114116828929
2025-10-31,0.05767644636678201
2025-11-03,0.057799792847503376
2025-11-04,0.05712425103163687
2025-11-05,0.05744485261707989
2025-11-07,0.057806141342756176
2025-11-10,0.05833318760999648
2025-11-11,0.058324681528662416
2025-11-12,0.05853635694050991
2025-11-13,0.05883356543385491
2025-11-14,0.058353951532430504
2025-11-17,0.05832910454217736
2025-11-18,0.058217044999999995
2025-11-19,0.05800733238535371
2025-11-20,0.05799925754385965
2025-11-25,0.05810035094991364
2025-11-26,0.05846995803233575
2025-11-27,0.05830223862068966
2025-11-28,0.05844501205649329
2025-12-01,0.05854732345849122
2025-12-02,0.058360421993127146
2025-12-03,0.05867855884377151
2025-12-04,0.05888206509695291
2025-12-05,0.059048957491289196
2025-12-09,0.05860084604715673
2025-12-10,0.05885053147826087
2025-12-11,0.059301780640668524
2025-12-12,0.05929158431644691
2025-12-15,0.05951778658324644
2025-12-16,0.05972502618883528
2025-12-17,0.05975321915920055
2025-12-18,0.05971824948311509
2025-12-19,0.059714683448275865
2025-12-22,0.05983258815426998
2025-12-23,0.059871635423845625
2025-12-26,0.059913604819277114
2025-12-29,0.059855866849691144
2025-12-30,0.06029981099656358
2025-12-31,0.060359136769759444
2026-01-02,0.06063619525423729
2026-01-05,0.06109593877551021
2026-01-06,0.06112992572402045
2026-01-07,0.0608279904109589
2026-01-08,0.06049057855191257
2026-01-09,0.06055578088737201
2026-01-12,0.06099606541737649
2026-01-13,0.06087131228551819
2026-01-14,0.06084020302821748
2026-01-15,0.06121636918806385
2026-01-16,0.060900597902097904
2026-01-19,0.06105229766469153
2026-01-20,0.06089540606483095
2026-01-21,0.06139715344285215
2026-01-22,0.06192794053864988
2026-01-23,0.06198244661549198
2026-01-26,0.06257783095652174
2026-01-27,0.06261740797227036
2026-01-28,0.06294573416407061
2026-01-29,0.06330396053997923
2026-01-30,0.062031660677263296
2026-02-02,0.062119518263266706
2026-02-03,0.06258253042876902
2026-02-04,0.0620555274611399
2026-02-05,0.06173830374479889
2026-02-06,0.06240794832402235
2026-02-09,0.06286935734463277
2026-02-10,0.06268099146514935
2026-02-11,0.06306164285714286
2026-02-12,0.06259937634408602
2026-02-13,0.06275966845301893
2026-02-18,0.06230762535816618
2026-02-19,0.06179323974082073
2026-02-20,0.062326654069767444
2026-02-23,0.06244263115651222
2026-02-24,0.06274116117348787
2026-02-25,0.06313729235167977
2026-02-26,0.06251367471590909
2026-02-27,0.06289822405153901
2026-03-02,0.062173202150537635
2026-03-03,0.06026710388692579
2026-03-04,0.061193892895394494
2026-03-05,0.05994844420753376
2026-03-06,0.06017571327683616
2026-03-09,0.06039887429378531
2026-03-10,0.06173792285714286
2026-03-11,0.06060973424068768
2026-03-12,0.05960612262459663
2026-03-13,0.0591765
2026-03-16,0.059737513610315186
2026-03-17,0.06008676504297994
2026-03-18,0.059514244619799136
2026-03-19,0.05938594908569379
2026-03-20,0.05865653074433656
2026-03-25,0.059107593466424684
2026-03-26,0.05833488888888889
2026-03-27,0.05826045931283906
2026-03-30,0.0581906208869814
2026-03-31,0.05887097250361795
2026-04-01,0.0593796018651363
2026-04-06,0.05923363531945442
2026-04-07,0.05926171777378815
2026-04-08,0.06108884756756757
2026-04-09,0.061208500362056474
2026-04-10,0.06081800218978102
2026-04-13,0.060895035450516985
2026-04-14,0.061201758064516124
2026-04-15,0.06105192494481236
2026-04-16,0.060882430044182624
2026-04-17,0.06154793037742763
2026-04-20,0.06107392374727669
2026-04-21,0.06066709560159942
2026-04-22,0.060735261248185776
2026-04-23,0.06035075862068966
2026-04-24,0.06054734833869239
2026-04-27,0.06040945518701482
2026-04-28,0.06046753506585974
2026-04-29,0.059570615163492636
2026-04-30,0.05990750251617541
2026-05-04,0.05940994081996435
2026-05-05,0.0600146432160804
2026-05-06,0.060971891930835735
2026-05-07,0.060935853151862465
2026-05-08,0.061006113018598
2026-05-11,0.060847977721882864
2026-05-12,0.06047265462427746
2026-05-13,0.06086501364942529
2026-05-14,0.060669672178289
2026-05-15,0.05997289207601291
2026-05-18,0.06017136793128131
2026-05-19,0.05995239771101574
2026-05-20,0.060669672154617035
2026-05-21,0.060999414177761786
2026-05-22,0.06086056878118318
2026-05-26,0.061010206945428774
2026-05-27,0.06102063079646018
2026-05-28,0.06163708085106383
2026-05-29,0.061547930397727275
2026-06-01,0.06144317741935484
2026-06-02,0.06148133146461108
2026-06-03,0.06112581508515815
2026-06-04,0.06135609258614688
2026-06-05,0.06040945505032974
2026-06-08,0.06051949948150708
2026-06-09,0.06054258292852186
2026-06-10,0.060492408376963354
2026-06-11,0.06112544153577661
2026-06-12,0.0613937612044818
2026-06-16,0.06178751270449008
2026-06-17,0.06165988414845647
2026-06-18,0.06080690764989662
2026-06-19,0.060808386721423684
2026-06-22,0.060996065685939106
2026-06-23,0.060423325857968065
2026-06-24,0.06021702231237322
2026-06-25,0.06072493432633717
2026-06-26,0.060726040622884225
2026-06-29,0.060952566992912585
2026-06-30,0.061040371794871796
2026-07-01,0.06093213969106784
2026-07-02,0.06141864784946236
2026-07-03,0.06165988377561304
2026-07-06,0.061693739656912217
2026-07-07,0.06155778150134048
2026-07-08,0.06100760147849463
2026-07-13,0.060810235492577594
2026-07-14,0.06107765409446143
2026-07-15,0.061363622244828754
2026-07-16,0.0609325108401084
2026-07-17,0.060498995940460085
2026-07-20,0.06056788453747468
2026-07-21,0.06079877428087987
2026-07-22,0.06095665340525961
2026-07-23,0.05946929617192746
2026-07-24,0.05946964996659987
2026-07-27,0.05967263593854376
2026-07-28,0.05992976234979973
2026-07-29,0.060007080882352945
2026-07-30,0.06063251814516129
2026-07-31,0.06049131043771044
2026-08-03,0.060416754515050165
2026-08-04,0.0609964378342246
2026-08-05,0.061309822920147014
2026-08-06,0.0611777945981994
2026-08-07,0.061893827160493825
2026-08-10,0.061704779672350385
2026-08-11,0.06168460650788326
2026-08-12,0.06188386858866913
2026-08-13,0.06167623659517426
2026-08-14,0.06167889949579832
2026-08-18,0.06146054849498328
2026-08-19,0.06199358984635939
2026-08-20,0.06197514829659319
2026-08-21,0.062467204803202135
2026-08-24,0.06235424701986755
2026-08-25,0.06270378762818392
2026-08-26,0.06262525033025099
2026-08-27,0.062487111772486774
