TIME_PERIOD,OBS_VALUE,FREQ,CURRENCY,COLLECTION
1981-01-02,20.6611,D,THB,A
1981-01-05,20.6611,D,THB,A
1981-01-06,20.6611,D,THB,A
1981-01-07,20.6611,D,THB,A
1981-01-08,20.6611,D,THB,A
1981-01-09,20.6611,D,THB,A
1981-01-12,20.6611,D,THB,A
1981-01-13,20.6611,D,THB,A
1981-01-14,20.6611,D,THB,A
1981-01-15,20.6611,D,THB,A
1981-01-16,20.6611,D,THB,A
1981-01-19,20.6611,D,THB,A
1981-01-20,20.6611,D,THB,A
1981-01-21,20.6611,D,THB,A
1981-01-22,20.6611,D,THB,A
1981-01-23,20.6611,D,THB,A
1981-01-26,20.6611,D,THB,A
1981-01-27,20.6611,D,THB,A
1981-01-28,20.6611,D,THB,A
1981-01-29,20.6611,D,THB,A
1981-01-30,20.6611,D,THB,A
1981-02-02,20.6611,D,THB,A
1981-02-03,20.6611,D,THB,A
1981-02-04,20.6611,D,THB,A
1981-02-05,20.6611,D,THB,A
1981-02-06,20.6611,D,THB,A
1981-02-09,20.6611,D,THB,A
1981-02-10,20.6611,D,THB,A
1981-02-11,20.6611,D,THB,A
1981-02-13,20.6611,D,THB,A
1981-02-17,20.6611,D,THB,A
1981-02-18,20.6611,D,THB,A
1981-02-19,20.6611,D,THB,A
1981-02-20,20.6611,D,THB,A
1981-02-23,20.6611,D,THB,A
1981-02-24,20.6611,D,THB,A
1981-02-25,20.6611,D,THB,A
1981-02-26,20.6611,D,THB,A
1981-02-27,20.6185,D,THB,A
1981-03-02,20.6185,D,THB,A
1981-03-03,20.6185,D,THB,A
1981-03-04,20.4918,D,THB,A
1981-03-05,20.4918,D,THB,A
1981-03-06,20.4918,D,THB,A
1981-03-09,20.4918,D,THB,A
1981-03-10,20.4918,D,THB,A
1981-03-11,20.4918,D,THB,A
1981-03-12,20.4918,D,THB,A
1981-03-13,20.5,D,THB,A
1981-03-16,20.5,D,THB,A
1981-03-17,20.5,D,THB,A
1981-03-18,20.5,D,THB,A
1981-03-19,20.5,D,THB,A
1981-03-20,20.5,D,THB,A
1981-03-23,20.5,D,THB,A
1981-03-24,20.65,D,THB,A
1981-03-25,20.65,D,THB,A
1981-03-26,20.65,D,THB,A
1981-03-27,20.65,D,THB,A
1981-03-30,20.65,D,THB,A
1981-03-31,20.65,D,THB,A
1981-04-01,20.65,D,THB,A
1981-04-02,20.65,D,THB,A
1981-04-03,20.67,D,THB,A
1981-04-06,20.67,D,THB,A
1981-04-07,20.67,D,THB,A
1981-04-08,20.67,D,THB,A
1981-04-09,20.67,D,THB,A
1981-04-10,20.75,D,THB,A
1981-04-13,20.75,D,THB,A
1981-04-14,20.75,D,THB,A
1981-04-15,20.75,D,THB,A
1981-04-16,20.75,D,THB,A
1981-04-17,20.75,D,THB,A
1981-04-20,20.75,D,THB,A
1981-04-21,20.75,D,THB,A
1981-04-22,20.75,D,THB,A
1981-04-23,20.75,D,THB,A
1981-04-24,20.75,D,THB,A
1981-04-27,20.75,D,THB,A
1981-04-28,20.75,D,THB,A
1981-04-29,20.75,D,THB,A
1981-04-30,20.75,D,THB,A
1981-05-01,20.75,D,THB,A
1981-05-04,20.75,D,THB,A
1981-05-05,20.75,D,THB,A
1981-05-06,20.75,D,THB,A
1981-05-07,20.75,D,THB,A
1981-05-08,20.75,D,THB,A
1981-05-11,20.75,D,THB,A
1981-05-12,20.75,D,THB,A
1981-05-13,20.75,D,THB,A
1981-05-14,20.75,D,THB,A
1981-05-15,21.0,D,THB,A
1981-05-18,21.0,D,THB,A
1981-05-19,21.0,D,THB,A
1981-05-20,21.0,D,THB,A
1981-05-21,21.0,D,THB,A
1981-05-22,21.0,D,THB,A
1981-05-26,21.0,D,THB,A
1981-05-27,21.0,D,THB,A
1981-05-28,21.0,D,THB,A
1981-05-29,21.0,D,THB,A
1981-06-01,21.0,D,THB,A
1981-06-02,21.0,D,THB,A
1981-06-03,21.0,D,THB,A
1981-06-04,21.0,D,THB,A
1981-06-05,21.0,D,THB,A
1981-06-08,21.0,D,THB,A
1981-06-09,21.0,D,THB,A
1981-06-10,21.0,D,THB,A
1981-06-11,21.0,D,THB,A
1981-06-12,21.0,D,THB,A
1981-06-15,21.0,D,THB,A
1981-06-16,21.0,D,THB,A
1981-06-17,21.0,D,THB,A
1981-06-18,21.0,D,THB,A
1981-06-19,21.0,D,THB,A
1981-06-22,21.0,D,THB,A
1981-06-23,21.0,D,THB,A
1981-06-24,21.0,D,THB,A
1981-06-25,21.0,D,THB,A
1981-06-26,20.9,D,THB,A
1981-06-29,20.9,D,THB,A
1981-06-30,20.9,D,THB,A
1981-07-01,20.9,D,THB,A
1981-07-02,20.95,D,THB,A
1981-07-03,20.36,D,THB,A
1981-07-06,20.36,D,THB,A
1981-07-07,20.82,D,THB,A
1981-07-08,20.82,D,THB,A
1981-07-09,20.82,D,THB,A
1981-07-10,20.82,D,THB,A
1981-07-13,20.82,D,THB,A
1981-07-14,23.05,D,THB,A
1981-07-15,23.05,D,THB,A
1981-07-16,23.05,D,THB,A
1981-07-17,23.05,D,THB,A
1981-07-20,23.05,D,THB,A
1981-07-21,23.05,D,THB,A
1981-07-22,23.05,D,THB,A
1981-07-23,23.05,D,THB,A
1981-07-24,23.05,D,THB,A
1981-07-27,23.05,D,THB,A
1981-07-28,23.05,D,THB,A
1981-07-29,23.05,D,THB,A
1981-07-30,23.05,D,THB,A
1981-07-31,23.05,D,THB,A
1981-08-03,23.05,D,THB,A
1981-08-04,23.05,D,THB,A
1981-08-05,23.05,D,THB,A
1981-08-06,23.05,D,THB,A
1981-08-07,23.05,D,THB,A
1981-08-10,23.05,D,THB,A
1981-08-11,23.05,D,THB,A
1981-08-12,23.05,D,THB,A
1981-08-13,23.05,D,THB,A
1981-08-14,23.05,D,THB,A
1981-08-17,23.05,D,THB,A
1981-08-18,23.05,D,THB,A
1981-08-19,23.05,D,THB,A
1981-08-20,23.05,D,THB,A
1981-08-21,23.05,D,THB,A
1981-08-24,23.05,D,THB,A
1981-08-25,23.05,D,THB,A
1981-08-26,23.05,D,THB,A
1981-08-27,23.05,D,THB,A
1981-08-28,23.05,D,THB,A
1981-08-31,23.05,D,THB,A
1981-09-01,23.05,D,THB,A
1981-09-02,23.05,D,THB,A
1981-09-03,23.05,D,THB,A
1981-09-04,23.05,D,THB,A
1981-09-08,23.05,D,THB,A
1981-09-09,23.05,D,THB,A
1981-09-10,23.05,D,THB,A
1981-09-11,23.05,D,THB,A
1981-09-14,23.05,D,THB,A
1981-09-15,23.05,D,THB,A
1981-09-16,23.05,D,THB,A
1981-09-17,23.05,D,THB,A
1981-09-18,23.05,D,THB,A
1981-09-21,23.05,D,THB,A
1981-09-22,23.05,D,THB,A
1981-09-23,23.05,D,THB,A
1981-09-24,23.05,D,THB,A
1981-09-25,23.05,D,THB,A
1981-09-28,23.05,D,THB,A
1981-09-29,23.05,D,THB,A
1981-09-30,23.05,D,THB,A
1981-10-01,23.05,D,THB,A
1981-10-02,23.05,D,THB,A
1981-10-05,23.05,D,THB,A
1981-10-06,23.05,D,THB,A
1981-10-07,23.05,D,THB,A
1981-10-08,23.05,D,THB,A
1981-10-09,23.05,D,THB,A
1981-10-13,23.05,D,THB,A
1981-10-14,23.05,D,THB,A
1981-10-15,23.05,D,THB,A
1981-10-16,23.05,D,THB,A
1981-10-19,23.05,D,THB,A
1981-10-20,23.05,D,THB,A
1981-10-21,23.05,D,THB,A
1981-10-22,23.05,D,THB,A
1981-10-23,23.05,D,THB,A
1981-10-26,23.05,D,THB,A
1981-10-27,23.05,D,THB,A
1981-10-28,23.05,D,THB,A
1981-10-29,23.05,D,THB,A
1981-10-30,23.05,D,THB,A
1981-11-02,23.05,D,THB,A
1981-11-04,23.05,D,THB,A
1981-11-05,23.05,D,THB,A
1981-11-06,23.05,D,THB,A
1981-11-09,23.05,D,THB,A
1981-11-10,23.05,D,THB,A
1981-11-12,23.05,D,THB,A
1981-11-13,23.05,D,THB,A
1981-11-16,23.05,D,THB,A
1981-11-17,23.05,D,THB,A
1981-11-18,23.05,D,THB,A
1981-11-19,23.05,D,THB,A
1981-11-20,23.05,D,THB,A
1981-11-23,23.05,D,THB,A
1981-11-24,23.05,D,THB,A
1981-11-25,23.05,D,THB,A
1981-11-27,23.05,D,THB,A
1981-11-30,23.05,D,THB,A
1981-12-01,23.05,D,THB,A
1981-12-02,23.05,D,THB,A
1981-12-03,23.05,D,THB,A
1981-12-04,23.05,D,THB,A
1981-12-07,23.05,D,THB,A
1981-12-08,23.05,D,THB,A
1981-12-09,23.05,D,THB,A
1981-12-10,23.05,D,THB,A
1981-12-11,23.05,D,THB,A
1981-12-14,23.05,D,THB,A
1981-12-15,23.05,D,THB,A
1981-12-16,23.05,D,THB,A
1981-12-17,23.05,D,THB,A
1981-12-18,23.05,D,THB,A
1981-12-21,23.05,D,THB,A
1981-12-22,23.05,D,THB,A
1981-12-23,23.05,D,THB,A
1981-12-24,23.05,D,THB,A
1981-12-28,23.05,D,THB,A
1981-12-29,23.05,D,THB,A
1981-12-30,23.05,D,THB,A
1981-12-31,23.05,D,THB,A
1982-01-04,23.05,D,THB,A
1982-01-05,23.05,D,THB,A
1982-01-06,23.05,D,THB,A
1982-01-07,23.05,D,THB,A
1982-01-08,23.05,D,THB,A
1982-01-11,23.05,D,THB,A
1982-01-12,23.05,D,THB,A
1982-01-13,23.05,D,THB,A
1982-01-14,23.05,D,THB,A
1982-01-15,23.05,D,THB,A
1982-01-18,23.05,D,THB,A
1982-01-19,23.05,D,THB,A
1982-01-20,23.05,D,THB,A
1982-01-21,23.05,D,THB,A
1982-01-22,23.05,D,THB,A
1982-01-25,23.05,D,THB,A
1982-01-26,23.05,D,THB,A
1982-01-27,23.05,D,THB,A
1982-01-28,23.05,D,THB,A
1982-01-29,23.05,D,THB,A
1982-02-01,23.05,D,THB,A
1982-02-02,23.05,D,THB,A
1982-02-03,23.05,D,THB,A
1982-02-04,23.05,D,THB,A
1982-02-05,23.05,D,THB,A
1982-02-08,23.05,D,THB,A
1982-02-09,23.05,D,THB,A
1982-02-10,23.05,D,THB,A
1982-02-11,23.05,D,THB,A
1982-02-16,23.05,D,THB,A
1982-02-17,23.05,D,THB,A
1982-02-18,23.05,D,THB,A
1982-02-19,23.05,D,THB,A
1982-02-22,23.05,D,THB,A
1982-02-23,23.05,D,THB,A
1982-02-24,23.05,D,THB,A
1982-02-25,23.05,D,THB,A
1982-02-26,23.05,D,THB,A
1982-03-01,23.05,D,THB,A
1982-03-02,23.05,D,THB,A
1982-03-03,23.05,D,THB,A
1982-03-04,23.05,D,THB,A
1982-03-05,23.05,D,THB,A
1982-03-08,23.05,D,THB,A
1982-03-09,23.05,D,THB,A
1982-03-10,23.05,D,THB,A
1982-03-11,23.05,D,THB,A
1982-03-12,23.05,D,THB,A
1982-03-15,23.05,D,THB,A
1982-03-16,23.05,D,THB,A
1982-03-17,23.05,D,THB,A
1982-03-18,23.05,D,THB,A
1982-03-19,23.05,D,THB,A
1982-03-22,23.05,D,THB,A
1982-03-23,23.05,D,THB,A
1982-03-24,23.05,D,THB,A
1982-03-25,23.05,D,THB,A
1982-03-26,23.05,D,THB,A
1982-03-29,23.05,D,THB,A
1982-03-30,23.05,D,THB,A
1982-03-31,23.05,D,THB,A
1982-04-01,23.05,D,THB,A
1982-04-02,23.05,D,THB,A
1982-04-05,23.05,D,THB,A
1982-04-06,23.05,D,THB,A
1982-04-07,23.05,D,THB,A
1982-04-08,23.05,D,THB,A
1982-04-09,23.05,D,THB,A
1982-04-12,23.05,D,THB,A
1982-04-13,23.05,D,THB,A
1982-04-14,23.05,D,THB,A
1982-04-15,23.05,D,THB,A
1982-04-16,23.0,D,THB,A
1982-04-19,23.0,D,THB,A
1982-04-20,23.0,D,THB,A
1982-04-21,23.0,D,THB,A
1982-04-22,23.0,D,THB,A
1982-04-23,23.0,D,THB,A
1982-04-26,23.0,D,THB,A
1982-04-27,23.0,D,THB,A
1982-04-28,23.0,D,THB,A
1982-04-29,23.0,D,THB,A
1982-04-30,23.0,D,THB,A
1982-05-03,23.0,D,THB,A
1982-05-04,23.0,D,THB,A
1982-05-05,23.0,D,THB,A
1982-05-06,23.0,D,THB,A
1982-05-07,23.0,D,THB,A
1982-05-10,23.0,D,THB,A
1982-05-11,23.0,D,THB,A
1982-05-12,23.0,D,THB,A
1982-05-13,23.0,D,THB,A
1982-05-14,23.0,D,THB,A
1982-05-17,23.0,D,THB,A
1982-05-18,23.0,D,THB,A
1982-05-19,23.0,D,THB,A
1982-05-20,23.0,D,THB,A
1982-05-21,23.0,D,THB,A
1982-05-24,23.0,D,THB,A
1982-05-25,23.0,D,THB,A
1982-05-26,23.0,D,THB,A
1982-05-27,23.0,D,THB,A
1982-05-28,23.0,D,THB,A
1982-06-01,23.0,D,THB,A
1982-06-02,23.0,D,THB,A
1982-06-03,23.0,D,THB,A
1982-06-04,23.0,D,THB,A
1982-06-07,23.0,D,THB,A
1982-06-08,23.0,D,THB,A
1982-06-09,23.0,D,THB,A
1982-06-10,23.0,D,THB,A
1982-06-11,23.0,D,THB,A
1982-06-14,23.0,D,THB,A
1982-06-15,23.0,D,THB,A
1982-06-16,23.0,D,THB,A
1982-06-17,23.0,D,THB,A
1982-06-18,23.0,D,THB,A
1982-06-21,23.0,D,THB,A
1982-06-22,23.0,D,THB,A
1982-06-23,23.0,D,THB,A
1982-06-24,23.0,D,THB,A
1982-06-25,23.0,D,THB,A
1982-06-28,23.0,D,THB,A
1982-06-29,23.0,D,THB,A
1982-06-30,23.0,D,THB,A
1982-07-01,23.0,D,THB,A
1982-07-02,23.0,D,THB,A
1982-07-06,23.0,D,THB,A
1982-07-07,23.0,D,THB,A
1982-07-08,23.0,D,THB,A
1982-07-09,23.0,D,THB,A
1982-07-12,23.0,D,THB,A
1982-07-13,23.0,D,THB,A
1982-07-14,23.0,D,THB,A
1982-07-15,23.0,D,THB,A
1982-07-16,23.0,D,THB,A
1982-07-19,23.0,D,THB,A
1982-07-20,23.0,D,THB,A
1982-07-21,23.0,D,THB,A
1982-07-22,23.0,D,THB,A
1982-07-23,23.0,D,THB,A
1982-07-26,23.0,D,THB,A
1982-07-27,23.0,D,THB,A
1982-07-28,23.0,D,THB,A
1982-07-29,23.0,D,THB,A
1982-07-30,23.0,D,THB,A
1982-08-02,23.0,D,THB,A
1982-08-03,23.0,D,THB,A
1982-08-04,23.0,D,THB,A
1982-08-05,23.0,D,THB,A
1982-08-06,23.0,D,THB,A
1982-08-09,23.0,D,THB,A
1982-08-10,23.0,D,THB,A
1982-08-11,23.0,D,THB,A
1982-08-12,23.0,D,THB,A
1982-08-13,23.0,D,THB,A
1982-08-16,23.0,D,THB,A
1982-08-17,23.0,D,THB,A
1982-08-18,23.0,D,THB,A
1982-08-19,23.0,D,THB,A
1982-08-20,23.0,D,THB,A
1982-08-23,23.0,D,THB,A
1982-08-24,23.0,D,THB,A
1982-08-25,23.0,D,THB,A
1982-08-26,23.0,D,THB,A
1982-08-27,23.0,D,THB,A
1982-08-30,23.0,D,THB,A
1982-08-31,23.0,D,THB,A
1982-09-01,23.0,D,THB,A
1982-09-02,23.0,D,THB,A
1982-09-03,23.0,D,THB,A
1982-09-07,23.0,D,THB,A
1982-09-08,23.0,D,THB,A
1982-09-09,23.0,D,THB,A
1982-09-10,23.0,D,THB,A
1982-09-13,23.0,D,THB,A
1982-09-14,23.0,D,THB,A
1982-09-15,23.0,D,THB,A
1982-09-16,23.0,D,THB,A
1982-09-17,23.0,D,THB,A
1982-09-20,23.0,D,THB,A
1982-09-21,23.0,D,THB,A
1982-09-22,23.0,D,THB,A
1982-09-23,23.0,D,THB,A
1982-09-24,23.0,D,THB,A
1982-09-27,23.0,D,THB,A
1982-09-28,23.0,D,THB,A
1982-09-29,23.0,D,THB,A
1982-09-30,23.0,D,THB,A
1982-10-01,23.0,D,THB,A
1982-10-04,23.0,D,THB,A
1982-10-05,23.0,D,THB,A
1982-10-06,23.0,D,THB,A
1982-10-07,23.0,D,THB,A
1982-10-08,23.0,D,THB,A
1982-10-12,23.0,D,THB,A
1982-10-13,23.0,D,THB,A
1982-10-14,23.0,D,THB,A
1982-10-15,23.0,D,THB,A
1982-10-18,23.0,D,THB,A
1982-10-19,23.0,D,THB,A
1982-10-20,23.0,D,THB,A
1982-10-21,23.0,D,THB,A
1982-10-22,23.0,D,THB,A
1982-10-25,23.0,D,THB,A
1982-10-26,23.0,D,THB,A
1982-10-27,23.0,D,THB,A
1982-10-28,23.0,D,THB,A
1982-10-29,23.0,D,THB,A
1982-11-01,23.0,D,THB,A
1982-11-03,23.0,D,THB,A
1982-11-04,23.0,D,THB,A
1982-11-05,23.0,D,THB,A
1982-11-08,23.0,D,THB,A
1982-11-09,23.0,D,THB,A
1982-11-10,23.0,D,THB,A
1982-11-12,23.0,D,THB,A
1982-11-15,23.0,D,THB,A
1982-11-16,23.0,D,THB,A
1982-11-17,23.0,D,THB,A
1982-11-18,23.0,D,THB,A
1982-11-19,23.0,D,THB,A
1982-11-22,23.0,D,THB,A
1982-11-23,23.0,D,THB,A
1982-11-24,23.0,D,THB,A
1982-11-26,23.0,D,THB,A
1982-11-29,23.0,D,THB,A
1982-11-30,23.0,D,THB,A
1982-12-01,23.0,D,THB,A
1982-12-02,23.0,D,THB,A
1982-12-03,23.0,D,THB,A
1982-12-06,23.0,D,THB,A
1982-12-07,23.0,D,THB,A
1982-12-08,23.0,D,THB,A
1982-12-09,23.0,D,THB,A
1982-12-10,23.0,D,THB,A
1982-12-13,23.0,D,THB,A
1982-12-14,23.0,D,THB,A
1982-12-15,23.0,D,THB,A
1982-12-16,23.0,D,THB,A
1982-12-17,23.0,D,THB,A
1982-12-20,23.0,D,THB,A
1982-12-21,23.0,D,THB,A
1982-12-22,23.0,D,THB,A
1982-12-23,23.0,D,THB,A
1982-12-24,23.0,D,THB,A
1982-12-27,23.0,D,THB,A
1982-12-28,23.0,D,THB,A
1982-12-29,23.0,D,THB,A
1982-12-30,23.0,D,THB,A
1982-12-31,23.0,D,THB,A
1983-01-03,23.0,D,THB,A
1983-01-04,23.0,D,THB,A
1983-01-05,23.0,D,THB,A
1983-01-06,23.0,D,THB,A
1983-01-07,23.0,D,THB,A
1983-01-10,23.0,D,THB,A
1983-01-11,23.0,D,THB,A
1983-01-12,23.0,D,THB,A
1983-01-13,23.0,D,THB,A
1983-01-14,23.0,D,THB,A
1983-01-17,23.0,D,THB,A
1983-01-18,23.0,D,THB,A
1983-01-19,23.0,D,THB,A
1983-01-20,23.0,D,THB,A
1983-01-21,23.0,D,THB,A
1983-01-24,23.0,D,THB,A
1983-01-25,23.0,D,THB,A
1983-01-26,23.0,D,THB,A
1983-01-27,23.0,D,THB,A
1983-01-28,23.0,D,THB,A
1983-01-31,23.0,D,THB,A
1983-02-01,23.0,D,THB,A
1983-02-02,23.0,D,THB,A
1983-02-03,23.0,D,THB,A
1983-02-04,23.0,D,THB,A
1983-02-07,23.0,D,THB,A
1983-02-08,23.0,D,THB,A
1983-02-09,23.0,D,THB,A
1983-02-10,23.0,D,THB,A
1983-02-11,23.0,D,THB,A
1983-02-14,23.0,D,THB,A
1983-02-15,23.0,D,THB,A
1983-02-16,23.0,D,THB,A
1983-02-17,23.0,D,THB,A
1983-02-18,23.0,D,THB,A
1983-02-22,23.0,D,THB,A
1983-02-23,23.0,D,THB,A
1983-02-24,23.0,D,THB,A
1983-02-25,22.99,D,THB,A
1983-02-28,23.0,D,THB,A
1983-03-01,23.0,D,THB,A
1983-03-02,22.99,D,THB,A
1983-03-03,23.0,D,THB,A
1983-03-04,22.99,D,THB,A
1983-03-07,22.99,D,THB,A
1983-03-08,22.99,D,THB,A
1983-03-09,22.99,D,THB,A
1983-03-10,22.99,D,THB,A
1983-03-11,22.99,D,THB,A
1983-03-14,22.99,D,THB,A
1983-03-15,22.99,D,THB,A
1983-03-16,22.99,D,THB,A
1983-03-17,22.99,D,THB,A
1983-03-18,22.99,D,THB,A
1983-03-21,22.99,D,THB,A
1983-03-22,22.99,D,THB,A
1983-03-23,22.99,D,THB,A
1983-03-24,22.99,D,THB,A
1983-03-25,22.99,D,THB,A
1983-03-28,22.99,D,THB,A
1983-03-29,22.99,D,THB,A
1983-03-30,22.99,D,THB,A
1983-03-31,22.99,D,THB,A
1983-04-01,22.99,D,THB,A
1983-04-04,22.99,D,THB,A
1983-04-05,22.99,D,THB,A
1983-04-06,22.99,D,THB,A
1983-04-07,22.99,D,THB,A
1983-04-08,22.99,D,THB,A
1983-04-11,22.99,D,THB,A
1983-04-12,22.99,D,THB,A
1983-04-13,22.99,D,THB,A
1983-04-14,22.99,D,THB,A
1983-04-15,22.99,D,THB,A
1983-04-18,22.99,D,THB,A
1983-04-19,22.99,D,THB,A
1983-04-20,22.99,D,THB,A
1983-04-21,22.99,D,THB,A
1983-04-22,22.99,D,THB,A
1983-04-25,22.99,D,THB,A
1983-04-26,22.99,D,THB,A
1983-04-27,22.99,D,THB,A
1983-04-28,22.99,D,THB,A
1983-04-29,22.99,D,THB,A
1983-05-02,22.99,D,THB,A
1983-05-03,22.99,D,THB,A
1983-05-04,22.99,D,THB,A
1983-05-05,22.99,D,THB,A
1983-05-06,22.99,D,THB,A
1983-05-09,22.99,D,THB,A
1983-05-10,22.99,D,THB,A
1983-05-11,22.95,D,THB,A
1983-05-12,22.99,D,THB,A
1983-05-13,22.99,D,THB,A
1983-05-16,22.99,D,THB,A
1983-05-17,22.99,D,THB,A
1983-05-18,22.99,D,THB,A
1983-05-19,22.99,D,THB,A
1983-05-20,22.99,D,THB,A
1983-05-23,22.99,D,THB,A
1983-05-24,22.99,D,THB,A
1983-05-25,22.99,D,THB,A
1983-05-26,22.99,D,THB,A
1983-05-27,22.99,D,THB,A
1983-05-31,22.99,D,THB,A
1983-06-01,22.99,D,THB,A
1983-06-02,22.99,D,THB,A
1983-06-03,22.99,D,THB,A
1983-06-06,22.99,D,THB,A
1983-06-07,22.99,D,THB,A
1983-06-08,22.99,D,THB,A
1983-06-09,22.99,D,THB,A
1983-06-10,22.99,D,THB,A
1983-06-13,22.99,D,THB,A
1983-06-14,22.99,D,THB,A
1983-06-15,22.99,D,THB,A
1983-06-16,22.99,D,THB,A
1983-06-17,22.99,D,THB,A
1983-06-20,22.99,D,THB,A
1983-06-21,22.99,D,THB,A
1983-06-22,22.99,D,THB,A
1983-06-23,22.99,D,THB,A
1983-06-24,22.99,D,THB,A
1983-06-27,22.99,D,THB,A
1983-06-28,22.99,D,THB,A
1983-06-29,22.99,D,THB,A
1983-06-30,22.99,D,THB,A
1983-07-01,22.99,D,THB,A
1983-07-05,22.99,D,THB,A
1983-07-06,22.99,D,THB,A
1983-07-07,22.99,D,THB,A
1983-07-08,22.99,D,THB,A
1983-07-11,22.99,D,THB,A
1983-07-12,22.99,D,THB,A
1983-07-13,22.99,D,THB,A
1983-07-14,22.99,D,THB,A
1983-07-15,22.99,D,THB,A
1983-07-18,22.99,D,THB,A
1983-07-19,22.99,D,THB,A
1983-07-20,22.99,D,THB,A
1983-07-21,22.99,D,THB,A
1983-07-22,22.99,D,THB,A
1983-07-25,22.99,D,THB,A
1983-07-26,22.99,D,THB,A
1983-07-27,22.99,D,THB,A
1983-07-28,22.99,D,THB,A
1983-07-29,22.99,D,THB,A
1983-08-01,22.99,D,THB,A
1983-08-02,22.99,D,THB,A
1983-08-03,22.99,D,THB,A
1983-08-04,22.99,D,THB,A
1983-08-05,22.99,D,THB,A
1983-08-08,22.99,D,THB,A
1983-08-09,22.99,D,THB,A
1983-08-10,22.99,D,THB,A
1983-08-11,22.99,D,THB,A
1983-08-12,22.99,D,THB,A
1983-08-15,22.99,D,THB,A
1983-08-16,22.99,D,THB,A
1983-08-17,22.99,D,THB,A
1983-08-18,22.99,D,THB,A
1983-08-19,22.99,D,THB,A
1983-08-22,22.99,D,THB,A
1983-08-23,22.99,D,THB,A
1983-08-24,22.99,D,THB,A
1983-08-25,22.99,D,THB,A
1983-08-26,22.99,D,THB,A
1983-08-29,22.99,D,THB,A
1983-08-30,22.99,D,THB,A
1983-08-31,22.99,D,THB,A
1983-09-01,22.99,D,THB,A
1983-09-02,22.99,D,THB,A
1983-09-06,22.99,D,THB,A
1983-09-07,22.99,D,THB,A
1983-09-08,22.99,D,THB,A
1983-09-09,22.99,D,THB,A
1983-09-12,22.99,D,THB,A
1983-09-13,22.99,D,THB,A
1983-09-14,22.99,D,THB,A
1983-09-15,22.99,D,THB,A
1983-09-16,22.99,D,THB,A
1983-09-19,22.99,D,THB,A
1983-09-20,22.99,D,THB,A
1983-09-21,22.99,D,THB,A
1983-09-22,22.99,D,THB,A
1983-09-23,22.99,D,THB,A
1983-09-26,22.99,D,THB,A
1983-09-27,22.99,D,THB,A
1983-09-28,22.99,D,THB,A
1983-09-29,22.99,D,THB,A
1983-09-30,22.99,D,THB,A
1983-10-03,22.99,D,THB,A
1983-10-04,22.99,D,THB,A
1983-10-05,22.99,D,THB,A
1983-10-06,22.99,D,THB,A
1983-10-07,22.99,D,THB,A
1983-10-11,22.99,D,THB,A
1983-10-12,22.99,D,THB,A
1983-10-13,22.99,D,THB,A
1983-10-14,22.99,D,THB,A
1983-10-17,22.99,D,THB,A
1983-10-18,22.99,D,THB,A
1983-10-19,22.99,D,THB,A
1983-10-20,22.99,D,THB,A
1983-10-21,22.99,D,THB,A
1983-10-24,22.99,D,THB,A
1983-10-25,22.99,D,THB,A
1983-10-26,22.99,D,THB,A
1983-10-27,22.99,D,THB,A
1983-10-28,22.99,D,THB,A
1983-10-31,22.99,D,THB,A
1983-11-01,22.99,D,THB,A
1983-11-02,22.99,D,THB,A
1983-11-03,22.99,D,THB,A
1983-11-04,22.99,D,THB,A
1983-11-07,22.99,D,THB,A
1983-11-09,22.99,D,THB,A
1983-11-10,22.99,D,THB,A
1983-11-14,22.99,D,THB,A
1983-11-15,22.99,D,THB,A
1983-11-16,22.99,D,THB,A
1983-11-17,22.99,D,THB,A
1983-11-18,22.99,D,THB,A
1983-11-21,22.99,D,THB,A
1983-11-22,22.99,D,THB,A
1983-11-23,22.99,D,THB,A
1983-11-25,22.99,D,THB,A
1983-11-28,22.99,D,THB,A
1983-11-29,22.99,D,THB,A
1983-11-30,22.99,D,THB,A
1983-12-01,22.99,D,THB,A
1983-12-02,22.99,D,THB,A
1983-12-05,22.99,D,THB,A
1983-12-06,22.99,D,THB,A
1983-12-07,22.99,D,THB,A
1983-12-08,22.99,D,THB,A
1983-12-09,22.99,D,THB,A
1983-12-12,22.99,D,THB,A
1983-12-13,22.99,D,THB,A
1983-12-14,22.99,D,THB,A
1983-12-15,22.99,D,THB,A
1983-12-16,22.99,D,THB,A
1983-12-19,22.99,D,THB,A
1983-12-20,22.99,D,THB,A
1983-12-21,22.99,D,THB,A
1983-12-22,22.99,D,THB,A
1983-12-23,22.99,D,THB,A
1983-12-27,22.99,D,THB,A
1983-12-28,22.99,D,THB,A
1983-12-29,22.99,D,THB,A
1983-12-30,23.04,D,THB,A
1984-01-03,23.04,D,THB,A
1984-01-04,23.04,D,THB,A
1984-01-05,23.04,D,THB,A
1984-01-06,23.0,D,THB,A
1984-01-09,23.0,D,THB,A
1984-01-10,23.0,D,THB,A
1984-01-11,23.0,D,THB,A
1984-01-12,23.0,D,THB,A
1984-01-13,23.0,D,THB,A
1984-01-16,23.0,D,THB,A
1984-01-17,23.0,D,THB,A
1984-01-18,23.0,D,THB,A
1984-01-19,23.0,D,THB,A
1984-01-20,23.0,D,THB,A
1984-01-23,23.0,D,THB,A
1984-01-24,23.0,D,THB,A
1984-01-25,23.0,D,THB,A
1984-01-26,23.0,D,THB,A
1984-01-27,23.0,D,THB,A
1984-01-30,23.0,D,THB,A
1984-01-31,23.0,D,THB,A
1984-02-01,23.0,D,THB,A
1984-02-02,23.0,D,THB,A
1984-02-03,23.0,D,THB,A
1984-02-06,23.0,D,THB,A
1984-02-07,23.0,D,THB,A
1984-02-08,23.0,D,THB,A
1984-02-09,23.0,D,THB,A
1984-02-10,23.0,D,THB,A
1984-02-14,23.0,D,THB,A
1984-02-15,23.0,D,THB,A
1984-02-16,23.0,D,THB,A
1984-02-17,23.0,D,THB,A
1984-02-21,23.0,D,THB,A
1984-02-22,23.0,D,THB,A
1984-02-23,23.0,D,THB,A
1984-02-24,23.0,D,THB,A
1984-02-27,23.0,D,THB,A
1984-02-28,23.0,D,THB,A
1984-02-29,23.0,D,THB,A
1984-03-01,23.0,D,THB,A
1984-03-02,23.0,D,THB,A
1984-03-05,23.0,D,THB,A
1984-03-06,23.0,D,THB,A
1984-03-07,23.0,D,THB,A
1984-03-08,23.0,D,THB,A
1984-03-09,23.0,D,THB,A
1984-03-12,23.0,D,THB,A
1984-03-13,23.0,D,THB,A
1984-03-14,23.0,D,THB,A
1984-03-15,23.0,D,THB,A
1984-03-16,23.01,D,THB,A
1984-03-19,23.0,D,THB,A
1984-03-20,23.0,D,THB,A
1984-03-21,23.01,D,THB,A
1984-03-22,23.01,D,THB,A
1984-03-23,23.0,D,THB,A
1984-03-26,23.01,D,THB,A
1984-03-27,23.01,D,THB,A
1984-03-28,23.01,D,THB,A
1984-03-29,23.01,D,THB,A
1984-03-30,23.01,D,THB,A
1984-04-02,23.01,D,THB,A
1984-04-03,23.01,D,THB,A
1984-04-04,23.01,D,THB,A
1984-04-05,23.01,D,THB,A
1984-04-06,23.01,D,THB,A
1984-04-09,23.01,D,THB,A
1984-04-10,23.01,D,THB,A
1984-04-11,23.01,D,THB,A
1984-04-12,23.01,D,THB,A
1984-04-13,23.01,D,THB,A
1984-04-16,23.01,D,THB,A
1984-04-17,23.01,D,THB,A
1984-04-18,23.01,D,THB,A
1984-04-19,23.01,D,THB,A
1984-04-20,23.01,D,THB,A
1984-04-23,23.01,D,THB,A
1984-04-24,23.01,D,THB,A
1984-04-25,23.01,D,THB,A
1984-04-26,23.01,D,THB,A
1984-04-27,23.01,D,THB,A
1984-04-30,23.01,D,THB,A
1984-05-01,23.01,D,THB,A
1984-05-02,23.01,D,THB,A
1984-05-03,23.01,D,THB,A
1984-05-04,23.01,D,THB,A
1984-05-07,23.01,D,THB,A
1984-05-08,23.01,D,THB,A
1984-05-09,23.01,D,THB,A
1984-05-10,23.01,D,THB,A
1984-05-11,23.01,D,THB,A
1984-05-14,23.01,D,THB,A
1984-05-15,23.01,D,THB,A
1984-05-16,23.01,D,THB,A
1984-05-17,23.01,D,THB,A
1984-05-18,23.01,D,THB,A
1984-05-21,23.01,D,THB,A
1984-05-22,23.01,D,THB,A
1984-05-23,23.01,D,THB,A
1984-05-24,23.01,D,THB,A
1984-05-25,23.01,D,THB,A
1984-05-29,23.01,D,THB,A
1984-05-30,23.01,D,THB,A
1984-05-31,23.01,D,THB,A
1984-06-01,23.01,D,THB,A
1984-06-04,23.01,D,THB,A
1984-06-05,23.01,D,THB,A
1984-06-06,23.01,D,THB,A
1984-06-07,23.01,D,THB,A
1984-06-08,23.01,D,THB,A
1984-06-11,23.01,D,THB,A
1984-06-12,23.01,D,THB,A
1984-06-13,23.01,D,THB,A
1984-06-14,23.01,D,THB,A
1984-06-15,23.01,D,THB,A
1984-06-18,23.01,D,THB,A
1984-06-19,23.01,D,THB,A
1984-06-20,23.01,D,THB,A
1984-06-21,23.01,D,THB,A
1984-06-22,23.01,D,THB,A
1984-06-25,23.01,D,THB,A
1984-06-26,23.01,D,THB,A
1984-06-27,23.02,D,THB,A
1984-06-28,23.02,D,THB,A
1984-06-29,23.0,D,THB,A
1984-07-02,23.02,D,THB,A
1984-07-03,23.02,D,THB,A
1984-07-05,23.02,D,THB,A
1984-07-06,23.02,D,THB,A
1984-07-09,23.02,D,THB,A
1984-07-10,23.02,D,THB,A
1984-07-11,23.02,D,THB,A
1984-07-12,23.02,D,THB,A
1984-07-13,23.02,D,THB,A
1984-07-16,23.02,D,THB,A
1984-07-17,23.02,D,THB,A
1984-07-18,23.02,D,THB,A
1984-07-19,23.02,D,THB,A
1984-07-20,23.02,D,THB,A
1984-07-23,23.02,D,THB,A
1984-07-24,23.02,D,THB,A
1984-07-25,23.02,D,THB,A
1984-07-26,23.02,D,THB,A
1984-07-27,23.02,D,THB,A
1984-07-30,23.02,D,THB,A
1984-07-31,23.02,D,THB,A
1984-08-01,23.02,D,THB,A
1984-08-02,23.02,D,THB,A
1984-08-03,23.02,D,THB,A
1984-08-06,23.02,D,THB,A
1984-08-07,23.02,D,THB,A
1984-08-08,23.02,D,THB,A
1984-08-09,23.02,D,THB,A
1984-08-10,23.0,D,THB,A
1984-08-13,23.02,D,THB,A
1984-08-14,23.0,D,THB,A
1984-08-15,23.02,D,THB,A
1984-08-16,23.02,D,THB,A
1984-08-17,23.02,D,THB,A
1984-08-20,23.02,D,THB,A
1984-08-21,23.02,D,THB,A
1984-08-22,23.02,D,THB,A
1984-08-23,23.02,D,THB,A
1984-08-24,23.02,D,THB,A
1984-08-27,23.02,D,THB,A
1984-08-28,23.02,D,THB,A
1984-08-29,23.02,D,THB,A
1984-08-30,23.02,D,THB,A
1984-08-31,23.02,D,THB,A
1984-09-04,23.02,D,THB,A
1984-09-05,23.02,D,THB,A
1984-09-06,23.02,D,THB,A
1984-09-07,23.02,D,THB,A
1984-09-10,23.02,D,THB,A
1984-09-11,23.02,D,THB,A
1984-09-12,23.02,D,THB,A
1984-09-13,23.02,D,THB,A
1984-09-14,23.02,D,THB,A
1984-09-17,23.02,D,THB,A
1984-09-18,23.02,D,THB,A
1984-09-19,23.02,D,THB,A
1984-09-20,23.0,D,THB,A
1984-09-21,23.0,D,THB,A
1984-09-24,23.0,D,THB,A
1984-09-25,23.0,D,THB,A
1984-09-26,23.0,D,THB,A
1984-09-27,23.0,D,THB,A
1984-09-28,23.0,D,THB,A
1984-10-01,23.02,D,THB,A
1984-10-02,23.02,D,THB,A
1984-10-03,23.02,D,THB,A
1984-10-04,23.02,D,THB,A
1984-10-05,23.02,D,THB,A
1984-10-09,23.02,D,THB,A
1984-10-10,23.02,D,THB,A
1984-10-11,23.02,D,THB,A
1984-10-12,23.02,D,THB,A
1984-10-15,23.02,D,THB,A
1984-10-16,23.02,D,THB,A
1984-10-17,23.02,D,THB,A
1984-10-18,23.02,D,THB,A
1984-10-19,23.02,D,THB,A
1984-10-22,23.02,D,THB,A
1984-10-23,23.02,D,THB,A
1984-10-24,23.02,D,THB,A
1984-10-25,23.02,D,THB,A
1984-10-26,23.02,D,THB,A
1984-10-29,23.02,D,THB,A
1984-10-30,23.02,D,THB,A
1984-10-31,23.02,D,THB,A
1984-11-01,23.02,D,THB,A
1984-11-05,27.02,D,THB,A
1984-11-07,26.93,D,THB,A
1984-11-13,26.88,D,THB,A
1984-11-14,26.88,D,THB,A
1984-11-15,26.95,D,THB,A
1984-11-16,26.95,D,THB,A
1984-11-19,26.95,D,THB,A
1984-11-20,27.0,D,THB,A
1984-11-21,27.0,D,THB,A
1984-11-23,27.0,D,THB,A
1984-11-26,27.0,D,THB,A
1984-11-27,27.05,D,THB,A
1984-11-28,27.05,D,THB,A
1984-11-29,27.05,D,THB,A
1984-11-30,27.05,D,THB,A
1984-12-03,27.05,D,THB,A
1984-12-04,27.05,D,THB,A
1984-12-05,27.05,D,THB,A
1984-12-06,27.1,D,THB,A
1984-12-07,27.1,D,THB,A
1984-12-10,27.1,D,THB,A
1984-12-11,26.92,D,THB,A
1984-12-12,27.1,D,THB,A
1984-12-13,27.1,D,THB,A
1984-12-14,27.1,D,THB,A
1984-12-17,27.1,D,THB,A
1984-12-18,27.1,D,THB,A
1984-12-19,27.1,D,THB,A
1984-12-20,27.1,D,THB,A
1984-12-21,27.1,D,THB,A
1984-12-24,27.1,D,THB,A
1984-12-26,27.1,D,THB,A
1984-12-27,27.15,D,THB,A
1984-12-28,27.15,D,THB,A
1984-12-31,27.15,D,THB,A
1985-01-02,27.2,D,THB,A
1985-01-03,27.25,D,THB,A
1985-01-04,27.25,D,THB,A
1985-01-07,27.25,D,THB,A
1985-01-08,27.3,D,THB,A
1985-01-09,27.3,D,THB,A
1985-01-10,27.3,D,THB,A
1985-01-11,27.3,D,THB,A
1985-01-14,27.3,D,THB,A
1985-01-15,27.42,D,THB,A
1985-01-16,27.42,D,THB,A
1985-01-17,27.35,D,THB,A
1985-01-18,27.35,D,THB,A
1985-01-22,27.33,D,THB,A
1985-01-23,27.33,D,THB,A
1985-01-24,27.37,D,THB,A
1985-01-25,27.37,D,THB,A
1985-01-28,27.37,D,THB,A
1985-01-29,27.37,D,THB,A
1985-01-30,27.4,D,THB,A
1985-01-31,27.4,D,THB,A
1985-02-01,27.43,D,THB,A
1985-02-04,27.58,D,THB,A
1985-02-05,27.75,D,THB,A
1985-02-06,27.75,D,THB,A
1985-02-07,27.83,D,THB,A
1985-02-08,27.85,D,THB,A
1985-02-11,27.9,D,THB,A
1985-02-13,28.1,D,THB,A
1985-02-14,28.1,D,THB,A
1985-02-15,28.0,D,THB,A
1985-02-19,28.0,D,THB,A
1985-02-20,28.0,D,THB,A
1985-02-21,28.0,D,THB,A
1985-02-22,28.0,D,THB,A
1985-02-25,28.35,D,THB,A
1985-02-26,28.35,D,THB,A
1985-02-27,28.2,D,THB,A
1985-02-28,28.1,D,THB,A
1985-03-01,28.18,D,THB,A
1985-03-04,28.18,D,THB,A
1985-03-05,28.25,D,THB,A
1985-03-06,28.38,D,THB,A
1985-03-07,28.32,D,THB,A
1985-03-08,28.38,D,THB,A
1985-03-11,28.38,D,THB,A
1985-03-12,28.15,D,THB,A
1985-03-13,28.22,D,THB,A
1985-03-14,28.22,D,THB,A
1985-03-15,28.22,D,THB,A
1985-03-18,28.28,D,THB,A
1985-03-19,28.13,D,THB,A
1985-03-20,27.97,D,THB,A
1985-03-21,28.0,D,THB,A
1985-03-22,27.85,D,THB,A
1985-03-25,27.9,D,THB,A
1985-03-26,27.97,D,THB,A
1985-03-27,27.85,D,THB,A
1985-03-28,27.63,D,THB,A
1985-03-29,27.57,D,THB,A
1985-04-01,27.38,D,THB,A
1985-04-02,27.6,D,THB,A
1985-04-03,27.55,D,THB,A
1985-04-04,27.63,D,THB,A
1985-04-08,27.63,D,THB,A
1985-04-09,27.6,D,THB,A
1985-04-10,27.65,D,THB,A
1985-04-11,27.62,D,THB,A
1985-04-12,27.38,D,THB,A
1985-04-15,27.45,D,THB,A
1985-04-16,27.33,D,THB,A
1985-04-17,27.25,D,THB,A
1985-04-18,27.35,D,THB,A
1985-04-19,27.13,D,THB,A
1985-04-22,27.15,D,THB,A
1985-04-23,27.32,D,THB,A
1985-04-24,27.43,D,THB,A
1985-04-25,27.48,D,THB,A
1985-04-26,27.66,D,THB,A
1985-04-29,27.66,D,THB,A
1985-04-30,27.54,D,THB,A
1985-05-01,27.55,D,THB,A
1985-05-03,27.73,D,THB,A
1985-05-07,27.89,D,THB,A
1985-05-08,27.72,D,THB,A
1985-05-09,27.67,D,THB,A
1985-05-10,27.7,D,THB,A
1985-05-14,27.4,D,THB,A
1985-05-15,27.37,D,THB,A
1985-05-16,27.4,D,THB,A
1985-05-17,27.55,D,THB,A
1985-05-20,27.4,D,THB,A
1985-05-21,27.42,D,THB,A
1985-05-23,27.52,D,THB,A
1985-05-24,27.5,D,THB,A
1985-05-28,27.5,D,THB,A
1985-05-29,27.58,D,THB,A
1985-05-30,27.52,D,THB,A
1985-05-31,27.55,D,THB,A
1985-06-03,27.55,D,THB,A
1985-06-04,27.38,D,THB,A
1985-06-05,27.45,D,THB,A
1985-06-06,27.4,D,THB,A
1985-06-07,27.37,D,THB,A
1985-06-10,27.48,D,THB,A
1985-06-11,27.52,D,THB,A
1985-06-12,27.48,D,THB,A
1985-06-13,27.52,D,THB,A
1985-06-14,27.46,D,THB,A
1985-06-18,27.36,D,THB,A
1985-06-19,27.22,D,THB,A
1985-06-20,27.33,D,THB,A
1985-06-24,27.45,D,THB,A
1985-06-25,27.45,D,THB,A
1985-06-26,27.48,D,THB,A
1985-06-27,27.45,D,THB,A
1985-06-28,27.45,D,THB,A
1985-07-01,27.38,D,THB,A
1985-07-02,27.45,D,THB,A
1985-07-03,27.43,D,THB,A
1985-07-08,27.28,D,THB,A
1985-07-09,27.2,D,THB,A
1985-07-10,27.14,D,THB,A
1985-07-11,27.08,D,THB,A
1985-07-12,27.04,D,THB,A
1985-07-15,26.83,D,THB,A
1985-07-16,26.72,D,THB,A
1985-07-17,27.83,D,THB,A
1985-07-18,26.73,D,THB,A
1985-07-19,26.85,D,THB,A
1985-07-22,26.95,D,THB,A
1985-07-23,26.92,D,THB,A
1985-07-24,26.9,D,THB,A
1985-07-25,26.92,D,THB,A
1985-07-26,26.92,D,THB,A
1985-07-29,26.92,D,THB,A
1985-07-30,26.84,D,THB,A
1985-07-31,26.79,D,THB,A
1985-08-01,26.77,D,THB,A
1985-08-02,26.87,D,THB,A
1985-08-05,26.85,D,THB,A
1985-08-06,26.85,D,THB,A
1985-08-07,26.96,D,THB,A
1985-08-08,26.96,D,THB,A
1985-08-09,26.93,D,THB,A
1985-08-12,26.87,D,THB,A
1985-08-13,26.8,D,THB,A
1985-08-14,26.84,D,THB,A
1985-08-15,26.84,D,THB,A
1985-08-16,26.79,D,THB,A
1985-08-19,26.76,D,THB,A
1985-08-20,26.76,D,THB,A
1985-08-21,26.85,D,THB,A
1985-08-22,26.74,D,THB,A
1985-08-23,26.78,D,THB,A
1985-08-27,26.84,D,THB,A
1985-08-28,26.87,D,THB,A
1985-08-29,27.87,D,THB,A
1985-08-30,26.88,D,THB,A
1985-09-03,27.09,D,THB,A
1985-09-04,26.15,D,THB,A
1985-09-05,27.15,D,THB,A
1985-09-06,27.25,D,THB,A
1985-09-09,27.48,D,THB,A
1985-09-10,27.55,D,THB,A
1985-09-11,27.55,D,THB,A
1985-09-12,27.58,D,THB,A
1985-09-13,27.59,D,THB,A
1985-09-16,27.35,D,THB,A
1985-09-17,27.28,D,THB,A
1985-09-18,27.26,D,THB,A
1985-09-19,27.36,D,THB,A
1985-09-20,27.28,D,THB,A
1985-09-23,27.02,D,THB,A
1985-09-24,26.46,D,THB,A
1985-09-25,26.5,D,THB,A
1985-09-26,26.38,D,THB,A
1985-09-27,26.38,D,THB,A
1985-09-30,26.35,D,THB,A
1985-10-01,26.37,D,THB,A
1985-10-02,26.33,D,THB,A
1985-10-03,26.34,D,THB,A
1985-10-07,26.45,D,THB,A
1985-10-08,26.5,D,THB,A
1985-10-09,26.62,D,THB,A
1985-10-10,26.58,D,THB,A
1985-10-11,26.58,D,THB,A
1985-10-15,26.58,D,THB,A
1985-10-16,26.58,D,THB,A
1985-10-17,26.7,D,THB,A
1985-10-18,26.65,D,THB,A
1985-10-21,26.6,D,THB,A
1985-10-22,26.6,D,THB,A
1985-10-23,26.63,D,THB,A
1985-10-24,26.7,D,THB,A
1985-10-25,26.77,D,THB,A
1985-10-28,26.67,D,THB,A
1985-10-29,26.62,D,THB,A
1985-10-30,26.52,D,THB,A
1985-10-31,26.56,D,THB,A
1985-11-01,26.44,D,THB,A
1985-11-04,26.32,D,THB,A
1985-11-05,26.33,D,THB,A
1985-11-06,27.0,D,THB,A
1985-11-07,26.16,D,THB,A
1985-11-08,26.41,D,THB,A
1985-11-12,26.42,D,THB,A
1985-11-13,26.37,D,THB,A
1985-11-14,26.37,D,THB,A
1985-11-15,26.27,D,THB,A
1985-11-18,26.39,D,THB,A
1985-11-19,26.32,D,THB,A
1985-11-20,26.28,D,THB,A
1985-11-21,26.25,D,THB,A
1985-11-22,26.12,D,THB,A
1985-11-25,26.09,D,THB,A
1985-11-26,26.14,D,THB,A
1985-11-27,26.14,D,THB,A
1985-11-29,26.17,D,THB,A
1985-12-02,26.24,D,THB,A
1985-12-03,26.74,D,THB,A
1985-12-04,26.75,D,THB,A
1985-12-05,26.75,D,THB,A
1985-12-06,26.73,D,THB,A
1985-12-09,26.74,D,THB,A
1985-12-10,26.74,D,THB,A
1985-12-11,26.78,D,THB,A
1985-12-12,26.76,D,THB,A
1985-12-13,26.73,D,THB,A
1985-12-16,26.75,D,THB,A
1985-12-17,26.73,D,THB,A
1985-12-18,26.72,D,THB,A
1985-12-19,26.75,D,THB,A
1985-12-20,26.75,D,THB,A
1985-12-23,26.74,D,THB,A
1985-12-24,26.74,D,THB,A
1985-12-26,26.74,D,THB,A
1985-12-27,26.74,D,THB,A
1985-12-30,26.7,D,THB,A
1985-12-31,26.7,D,THB,A
1986-01-02,26.6,D,THB,A
1986-01-03,26.64,D,THB,A
1986-01-06,26.71,D,THB,A
1986-01-07,26.68,D,THB,A
1986-01-08,26.69,D,THB,A
1986-01-09,26.72,D,THB,A
1986-01-10,26.69,D,THB,A
1986-01-13,26.73,D,THB,A
1986-01-14,26.74,D,THB,A
1986-01-15,26.74,D,THB,A
1986-01-16,26.69,D,THB,A
1986-01-17,26.7,D,THB,A
1986-01-21,26.71,D,THB,A
1986-01-22,26.71,D,THB,A
1986-01-23,26.71,D,THB,A
1986-01-24,26.7,D,THB,A
1986-01-27,26.62,D,THB,A
1986-01-28,26.62,D,THB,A
1986-01-29,26.61,D,THB,A
1986-01-30,26.61,D,THB,A
1986-01-31,26.57,D,THB,A
1986-02-03,26.55,D,THB,A
1986-02-04,26.59,D,THB,A
1986-02-05,26.61,D,THB,A
1986-02-06,26.57,D,THB,A
1986-02-07,26.59,D,THB,A
1986-02-10,26.59,D,THB,A
1986-02-11,26.59,D,THB,A
1986-02-12,26.51,D,THB,A
1986-02-13,26.5,D,THB,A
1986-02-14,26.46,D,THB,A
1986-02-18,26.47,D,THB,A
1986-02-19,26.4,D,THB,A
1986-02-20,26.43,D,THB,A
1986-02-21,26.45,D,THB,A
1986-02-24,26.45,D,THB,A
1986-02-25,26.41,D,THB,A
1986-02-26,26.42,D,THB,A
1986-02-27,26.38,D,THB,A
1986-02-28,26.37,D,THB,A
1986-03-03,26.37,D,THB,A
1986-03-04,26.37,D,THB,A
1986-03-05,26.37,D,THB,A
1986-03-06,26.44,D,THB,A
1986-03-07,26.4,D,THB,A
1986-03-10,26.39,D,THB,A
1986-03-11,26.44,D,THB,A
1986-03-12,26.42,D,THB,A
1986-03-13,26.44,D,THB,A
1986-03-14,26.44,D,THB,A
1986-03-17,26.37,D,THB,A
1986-03-18,26.35,D,THB,A
1986-03-19,26.38,D,THB,A
1986-03-20,26.38,D,THB,A
1986-03-21,26.37,D,THB,A
1986-03-24,26.39,D,THB,A
1986-03-25,26.48,D,THB,A
1986-03-26,26.5,D,THB,A
1986-03-27,26.49,D,THB,A
1986-03-28,26.49,D,THB,A
1986-03-31,26.49,D,THB,A
1986-04-01,26.46,D,THB,A
1986-04-02,26.48,D,THB,A
1986-04-03,26.48,D,THB,A
1986-04-04,26.54,D,THB,A
1986-04-07,26.54,D,THB,A
1986-04-08,26.6,D,THB,A
1986-04-09,26.52,D,THB,A
1986-04-10,26.54,D,THB,A
1986-04-11,26.48,D,THB,A
1986-04-14,26.54,D,THB,A
1986-04-15,26.52,D,THB,A
1986-04-16,26.5,D,THB,A
1986-04-17,26.45,D,THB,A
1986-04-18,26.43,D,THB,A
1986-04-21,26.37,D,THB,A
1986-04-22,26.32,D,THB,A
1986-04-23,26.27,D,THB,A
1986-04-24,26.27,D,THB,A
1986-04-25,26.31,D,THB,A
1986-04-28,26.25,D,THB,A
1986-04-29,26.26,D,THB,A
1986-04-30,26.3,D,THB,A
1986-05-01,26.3,D,THB,A
1986-05-02,26.38,D,THB,A
1986-05-05,26.38,D,THB,A
1986-05-06,26.3,D,THB,A
1986-05-07,26.3,D,THB,A
1986-05-08,26.16,D,THB,A
1986-05-09,26.26,D,THB,A
1986-05-12,26.23,D,THB,A
1986-05-13,26.2,D,THB,A
1986-05-14,26.29,D,THB,A
1986-05-15,26.25,D,THB,A
1986-05-16,26.28,D,THB,A
1986-05-19,26.37,D,THB,A
1986-05-20,26.33,D,THB,A
1986-05-21,26.36,D,THB,A
1986-05-22,26.36,D,THB,A
1986-05-23,26.36,D,THB,A
1986-05-27,26.44,D,THB,A
1986-05-28,26.41,D,THB,A
1986-05-29,26.43,D,THB,A
1986-05-30,26.48,D,THB,A
1986-06-02,26.56,D,THB,A
1986-06-03,26.54,D,THB,A
1986-06-04,26.47,D,THB,A
1986-06-05,26.46,D,THB,A
1986-06-06,26.41,D,THB,A
1986-06-09,26.44,D,THB,A
1986-06-10,26.41,D,THB,A
1986-06-11,26.41,D,THB,A
1986-06-12,26.34,D,THB,A
1986-06-13,26.33,D,THB,A
1986-06-16,26.33,D,THB,A
1986-06-17,26.36,D,THB,A
1986-06-18,26.4,D,THB,A
1986-06-19,26.38,D,THB,A
1986-06-20,26.38,D,THB,A
1986-06-23,26.43,D,THB,A
1986-06-24,26.37,D,THB,A
1986-06-25,26.37,D,THB,A
1986-06-26,26.35,D,THB,A
1986-06-27,26.35,D,THB,A
1986-06-30,26.32,D,THB,A
1986-07-01,26.3,D,THB,A
1986-07-02,26.27,D,THB,A
1986-07-03,26.27,D,THB,A
1986-07-07,26.2,D,THB,A
1986-07-08,26.24,D,THB,A
1986-07-09,26.22,D,THB,A
1986-07-10,26.24,D,THB,A
1986-07-11,26.23,D,THB,A
1986-07-14,26.3,D,THB,A
1986-07-15,26.24,D,THB,A
1986-07-16,26.19,D,THB,A
1986-07-17,26.16,D,THB,A
1986-07-18,26.16,D,THB,A
1986-07-21,26.16,D,THB,A
1986-07-22,26.13,D,THB,A
1986-07-23,26.13,D,THB,A
1986-07-24,26.18,D,THB,A
1986-07-25,26.18,D,THB,A
1986-07-28,26.23,D,THB,A
1986-07-29,26.15,D,THB,A
1986-07-30,26.17,D,THB,A
1986-07-31,26.13,D,THB,A
1986-08-01,26.12,D,THB,A
1986-08-04,26.09,D,THB,A
1986-08-05,26.12,D,THB,A
1986-08-06,26.14,D,THB,A
1986-08-07,26.1,D,THB,A
1986-08-08,26.1,D,THB,A
1986-08-11,26.09,D,THB,A
1986-08-12,26.09,D,THB,A
1986-08-13,26.11,D,THB,A
1986-08-14,26.09,D,THB,A
1986-08-15,26.08,D,THB,A
1986-08-18,26.09,D,THB,A
1986-08-19,26.1,D,THB,A
1986-08-20,26.07,D,THB,A
1986-08-21,26.01,D,THB,A
1986-08-22,26.0,D,THB,A
1986-08-25,26.07,D,THB,A
1986-08-26,26.09,D,THB,A
1986-08-27,26.12,D,THB,A
1986-08-28,26.11,D,THB,A
1986-08-29,26.16,D,THB,A
1986-09-02,26.09,D,THB,A
1986-09-03,26.1,D,THB,A
1986-09-04,26.11,D,THB,A
1986-09-05,26.12,D,THB,A
1986-09-08,26.14,D,THB,A
1986-09-09,26.18,D,THB,A
1986-09-10,26.16,D,THB,A
1986-09-11,26.15,D,THB,A
1986-09-12,26.17,D,THB,A
1986-09-15,26.15,D,THB,A
1986-09-16,26.11,D,THB,A
1986-09-17,26.14,D,THB,A
1986-09-18,26.08,D,THB,A
1986-09-19,26.08,D,THB,A
1986-09-22,26.1,D,THB,A
1986-09-23,26.1,D,THB,A
1986-09-24,26.12,D,THB,A
1986-09-25,26.12,D,THB,A
1986-09-26,26.13,D,THB,A
1986-09-29,26.09,D,THB,A
1986-09-30,26.08,D,THB,A
1986-10-01,26.11,D,THB,A
1986-10-02,26.1,D,THB,A
1986-10-03,26.1,D,THB,A
1986-10-06,26.09,D,THB,A
1986-10-07,26.09,D,THB,A
1986-10-08,26.1,D,THB,A
1986-10-09,26.1,D,THB,A
1986-10-10,26.1,D,THB,A
1986-10-14,26.1,D,THB,A
1986-10-15,26.06,D,THB,A
1986-10-16,26.06,D,THB,A
1986-10-17,26.08,D,THB,A
1986-10-20,26.08,D,THB,A
1986-10-21,26.1,D,THB,A
1986-10-22,26.1,D,THB,A
1986-10-23,26.1,D,THB,A
1986-10-24,26.17,D,THB,A
1986-10-27,26.27,D,THB,A
1986-10-28,26.25,D,THB,A
1986-10-29,26.22,D,THB,A
1986-10-30,26.2,D,THB,A
1986-10-31,26.26,D,THB,A
1986-11-03,26.32,D,THB,A
1986-11-04,26.33,D,THB,A
1986-11-05,26.32,D,THB,A
1986-11-06,26.31,D,THB,A
1986-11-07,26.29,D,THB,A
1986-11-10,26.27,D,THB,A
1986-11-12,26.25,D,THB,A
1986-11-13,26.21,D,THB,A
1986-11-14,26.23,D,THB,A
1986-11-17,26.27,D,THB,A
1986-11-18,26.28,D,THB,A
1986-11-19,26.27,D,THB,A
1986-11-20,26.26,D,THB,A
1986-11-21,26.28,D,THB,A
1986-11-24,26.31,D,THB,A
1986-11-25,26.3,D,THB,A
1986-11-26,26.25,D,THB,A
1986-11-28,26.25,D,THB,A
1986-12-01,26.21,D,THB,A
1986-12-02,26.21,D,THB,A
1986-12-03,26.26,D,THB,A
1986-12-04,26.22,D,THB,A
1986-12-05,26.22,D,THB,A
1986-12-08,26.27,D,THB,A
1986-12-09,26.27,D,THB,A
1986-12-10,26.27,D,THB,A
1986-12-11,26.28,D,THB,A
1986-12-12,26.28,D,THB,A
1986-12-15,26.29,D,THB,A
1986-12-16,26.29,D,THB,A
1986-12-17,26.3,D,THB,A
1986-12-18,26.28,D,THB,A
1986-12-19,26.28,D,THB,A
1986-12-22,26.22,D,THB,A
1986-12-23,26.18,D,THB,A
1986-12-24,26.21,D,THB,A
1986-12-26,26.25,D,THB,A
1986-12-29,26.11,D,THB,A
1986-12-30,26.1,D,THB,A
1986-12-31,26.27,D,THB,A
1987-01-02,26.1,D,THB,A
1987-01-05,26.1,D,THB,A
1987-01-06,26.11,D,THB,A
1987-01-07,26.09,D,THB,A
1987-01-08,26.1,D,THB,A
1987-01-09,26.04,D,THB,A
1987-01-12,26.09,D,THB,A
1987-01-13,26.04,D,THB,A
1987-01-14,26.04,D,THB,A
1987-01-15,26.0,D,THB,A
1987-01-16,25.94,D,THB,A
1987-01-20,25.9,D,THB,A
1987-01-21,25.92,D,THB,A
1987-01-22,25.92,D,THB,A
1987-01-23,25.93,D,THB,A
1987-01-26,25.93,D,THB,A
1987-01-27,25.92,D,THB,A
1987-01-28,25.86,D,THB,A
1987-01-29,25.86,D,THB,A
1987-01-30,25.86,D,THB,A
1987-02-02,25.94,D,THB,A
1987-02-03,25.89,D,THB,A
1987-02-04,25.89,D,THB,A
1987-02-05,25.89,D,THB,A
1987-02-06,25.94,D,THB,A
1987-02-09,26.0,D,THB,A
1987-02-10,25.91,D,THB,A
1987-02-11,25.91,D,THB,A
1987-02-12,25.91,D,THB,A
1987-02-13,25.94,D,THB,A
1987-02-17,25.93,D,THB,A
1987-02-18,25.93,D,THB,A
1987-02-19,25.95,D,THB,A
1987-02-20,25.96,D,THB,A
1987-02-23,25.96,D,THB,A
1987-02-24,25.96,D,THB,A
1987-02-25,25.95,D,THB,A
1987-02-26,25.94,D,THB,A
1987-02-27,25.93,D,THB,A
1987-03-02,25.73,D,THB,A
1987-03-03,25.94,D,THB,A
1987-03-04,25.93,D,THB,A
1987-03-05,25.94,D,THB,A
1987-03-06,25.94,D,THB,A
1987-03-09,25.95,D,THB,A
1987-03-10,25.96,D,THB,A
1987-03-11,25.96,D,THB,A
1987-03-12,25.96,D,THB,A
1987-03-13,25.95,D,THB,A
1987-03-16,25.93,D,THB,A
1987-03-17,25.89,D,THB,A
1987-03-18,25.89,D,THB,A
1987-03-19,25.89,D,THB,A
1987-03-20,25.88,D,THB,A
1987-03-23,25.87,D,THB,A
1987-03-24,25.82,D,THB,A
1987-03-25,25.82,D,THB,A
1987-03-26,25.83,D,THB,A
1987-03-27,25.83,D,THB,A
1987-03-30,25.74,D,THB,A
1987-03-31,25.74,D,THB,A
1987-04-01,25.77,D,THB,A
1987-04-02,25.81,D,THB,A
1987-04-03,25.76,D,THB,A
1987-04-06,25.76,D,THB,A
1987-04-07,25.76,D,THB,A
1987-04-08,25.75,D,THB,A
1987-04-09,25.75,D,THB,A
1987-04-10,25.7,D,THB,A
1987-04-13,25.7,D,THB,A
1987-04-14,25.66,D,THB,A
1987-04-15,25.64,D,THB,A
1987-04-16,25.69,D,THB,A
1987-04-20,25.71,D,THB,A
1987-04-21,25.68,D,THB,A
1987-04-22,25.7,D,THB,A
1987-04-23,25.68,D,THB,A
1987-04-24,25.61,D,THB,A
1987-04-27,25.55,D,THB,A
1987-04-28,25.6,D,THB,A
1987-04-29,25.63,D,THB,A
1987-04-30,25.59,D,THB,A
1987-05-01,25.59,D,THB,A
1987-05-04,25.59,D,THB,A
1987-05-05,25.59,D,THB,A
1987-05-06,25.58,D,THB,A
1987-05-07,25.57,D,THB,A
1987-05-08,25.59,D,THB,A
1987-05-11,25.59,D,THB,A
1987-05-12,25.61,D,THB,A
1987-05-13,25.62,D,THB,A
1987-05-14,25.63,D,THB,A
1987-05-15,25.61,D,THB,A
1987-05-18,25.61,D,THB,A
1987-05-19,25.62,D,THB,A
1987-05-20,25.61,D,THB,A
1987-05-21,25.62,D,THB,A
1987-05-22,25.62,D,THB,A
1987-05-26,25.68,D,THB,A
1987-05-27,25.76,D,THB,A
1987-05-28,25.75,D,THB,A
1987-05-29,25.75,D,THB,A
1987-06-01,25.75,D,THB,A
1987-06-02,25.79,D,THB,A
1987-06-03,25.71,D,THB,A
1987-06-04,25.75,D,THB,A
1987-06-05,25.77,D,THB,A
1987-06-08,25.76,D,THB,A
1987-06-09,25.72,D,THB,A
1987-06-10,25.69,D,THB,A
1987-06-11,25.71,D,THB,A
1987-06-12,25.71,D,THB,A
1987-06-15,25.71,D,THB,A
1987-06-16,25.8,D,THB,A
1987-06-17,25.81,D,THB,A
1987-06-18,25.81,D,THB,A
1987-06-19,25.8,D,THB,A
1987-06-22,25.81,D,THB,A
1987-06-23,25.87,D,THB,A
1987-06-24,25.84,D,THB,A
1987-06-25,25.8,D,THB,A
1987-06-26,25.84,D,THB,A
1987-06-29,25.84,D,THB,A
1987-06-30,25.86,D,THB,A
1987-07-01,25.82,D,THB,A
1987-07-02,25.82,D,THB,A
1987-07-03,25.87,D,THB,A
1987-07-06,25.91,D,THB,A
1987-07-07,25.91,D,THB,A
1987-07-08,25.96,D,THB,A
1987-07-09,25.93,D,THB,A
1987-07-10,25.95,D,THB,A
1987-07-13,25.95,D,THB,A
1987-07-14,25.96,D,THB,A
1987-07-15,25.98,D,THB,A
1987-07-16,25.92,D,THB,A
1987-07-17,25.98,D,THB,A
1987-07-20,26.04,D,THB,A
1987-07-21,26.03,D,THB,A
1987-07-22,28.01,D,THB,A
1987-07-23,26.01,D,THB,A
1987-07-24,25.99,D,THB,A
1987-07-27,25.96,D,THB,A
1987-07-28,25.99,D,THB,A
1987-07-29,25.99,D,THB,A
1987-07-30,25.99,D,THB,A
1987-07-31,25.98,D,THB,A
1987-08-03,25.99,D,THB,A
1987-08-04,26.02,D,THB,A
1987-08-05,26.04,D,THB,A
1987-08-06,26.02,D,THB,A
1987-08-07,26.03,D,THB,A
1987-08-10,26.05,D,THB,A
1987-08-11,26.04,D,THB,A
1987-08-12,26.04,D,THB,A
1987-08-13,26.04,D,THB,A
1987-08-14,26.05,D,THB,A
1987-08-17,26.01,D,THB,A
1987-08-18,25.96,D,THB,A
1987-08-19,25.88,D,THB,A
1987-08-20,25.82,D,THB,A
1987-08-21,25.84,D,THB,A
1987-08-24,25.75,D,THB,A
1987-08-25,25.77,D,THB,A
1987-08-26,25.82,D,THB,A
1987-08-27,25.79,D,THB,A
1987-08-28,25.74,D,THB,A
1987-08-31,25.74,D,THB,A
1987-09-01,25.8,D,THB,A
1987-09-02,25.8,D,THB,A
1987-09-03,25.8,D,THB,A
1987-09-04,25.8,D,THB,A
1987-09-08,25.69,D,THB,A
1987-09-09,25.69,D,THB,A
1987-09-10,25.71,D,THB,A
1987-09-11,25.72,D,THB,A
1987-09-14,25.75,D,THB,A
1987-09-15,25.78,D,THB,A
1987-09-16,25.76,D,THB,A
1987-09-17,25.77,D,THB,A
1987-09-18,25.75,D,THB,A
1987-09-21,25.74,D,THB,A
1987-09-22,25.75,D,THB,A
1987-09-23,25.78,D,THB,A
1987-09-24,25.78,D,THB,A
1987-09-25,25.76,D,THB,A
1987-09-28,25.79,D,THB,A
1987-09-29,25.8,D,THB,A
1987-09-30,25.85,D,THB,A
1987-10-01,25.9,D,THB,A
1987-10-02,25.86,D,THB,A
1987-10-05,25.87,D,THB,A
1987-10-06,25.88,D,THB,A
1987-10-07,25.87,D,THB,A
1987-10-08,25.83,D,THB,A
1987-10-09,25.8,D,THB,A
1987-10-13,25.78,D,THB,A
1987-10-14,25.82,D,THB,A
1987-10-15,25.77,D,THB,A
1987-10-16,25.76,D,THB,A
1987-10-19,25.69,D,THB,A
1987-10-20,25.78,D,THB,A
1987-10-21,25.81,D,THB,A
1987-10-22,25.82,D,THB,A
1987-10-23,25.82,D,THB,A
1987-10-26,25.73,D,THB,A
1987-10-27,25.74,D,THB,A
1987-10-28,25.7,D,THB,A
1987-10-29,25.61,D,THB,A
1987-10-30,25.61,D,THB,A
1987-11-02,25.59,D,THB,A
1987-11-03,25.58,D,THB,A
1987-11-04,25.58,D,THB,A
1987-11-05,25.54,D,THB,A
1987-11-06,25.47,D,THB,A
1987-11-09,25.49,D,THB,A
1987-11-10,25.46,D,THB,A
1987-11-12,25.47,D,THB,A
1987-11-13,25.47,D,THB,A
1987-11-16,25.53,D,THB,A
1987-11-17,25.54,D,THB,A
1987-11-18,25.51,D,THB,A
1987-11-19,25.48,D,THB,A
1987-11-20,25.49,D,THB,A
1987-11-23,25.49,D,THB,A
1987-11-24,25.48,D,THB,A
1987-11-25,25.46,D,THB,A
1987-11-27,25.41,D,THB,A
1987-11-30,25.37,D,THB,A
1987-12-01,25.36,D,THB,A
1987-12-02,25.39,D,THB,A
1987-12-03,25.39,D,THB,A
1987-12-04,25.39,D,THB,A
1987-12-07,25.39,D,THB,A
1987-12-08,25.39,D,THB,A
1987-12-09,25.39,D,THB,A
1987-12-11,25.25,D,THB,A
1987-12-14,25.23,D,THB,A
1987-12-15,25.23,D,THB,A
1987-12-16,25.22,D,THB,A
1987-12-17,25.18,D,THB,A
1987-12-18,25.18,D,THB,A
1987-12-21,25.22,D,THB,A
1987-12-22,25.19,D,THB,A
1987-12-28,25.08,D,THB,A
1987-12-29,25.08,D,THB,A
1987-12-30,25.09,D,THB,A
1987-12-31,25.09,D,THB,A
1988-01-04,24.99,D,THB,A
1988-01-05,25.09,D,THB,A
1988-01-06,25.25,D,THB,A
1988-01-07,25.25,D,THB,A
1988-01-08,25.32,D,THB,A
1988-01-11,25.17,D,THB,A
1988-01-12,25.27,D,THB,A
1988-01-13,25.23,D,THB,A
1988-01-14,25.22,D,THB,A
1988-01-15,25.2,D,THB,A
1988-01-19,25.35,D,THB,A
1988-01-20,25.32,D,THB,A
1988-01-21,25.26,D,THB,A
1988-01-22,25.26,D,THB,A
1988-01-25,25.26,D,THB,A
1988-01-26,25.27,D,THB,A
1988-01-27,25.27,D,THB,A
1988-01-28,25.24,D,THB,A
1988-01-29,25.25,D,THB,A
1988-02-01,25.25,D,THB,A
1988-02-02,25.31,D,THB,A
1988-02-03,25.31,D,THB,A
1988-02-04,25.31,D,THB,A
1988-02-05,25.29,D,THB,A
1988-02-08,25.33,D,THB,A
1988-02-09,25.33,D,THB,A
1988-02-10,25.33,D,THB,A
1988-02-11,25.32,D,THB,A
1988-02-12,25.33,D,THB,A
1988-02-16,25.38,D,THB,A
1988-02-17,25.38,D,THB,A
1988-02-22,25.37,D,THB,A
1988-02-23,25.33,D,THB,A
1988-02-24,25.32,D,THB,A
1988-02-25,25.31,D,THB,A
1988-02-26,25.32,D,THB,A
1988-02-29,25.32,D,THB,A
1988-03-01,25.32,D,THB,A
1988-03-02,25.32,D,THB,A
1988-03-03,25.21,D,THB,A
1988-03-04,25.32,D,THB,A
1988-03-07,25.3,D,THB,A
1988-03-08,25.26,D,THB,A
1988-03-09,25.26,D,THB,A
1988-03-10,25.26,D,THB,A
1988-03-11,25.24,D,THB,A
1988-03-14,25.22,D,THB,A
1988-03-15,25.22,D,THB,A
1988-03-16,25.22,D,THB,A
1988-03-17,25.23,D,THB,A
1988-03-18,25.26,D,THB,A
1988-03-21,25.26,D,THB,A
1988-03-22,25.22,D,THB,A
1988-03-23,25.23,D,THB,A
1988-03-24,25.22,D,THB,A
1988-03-25,25.17,D,THB,A
1988-03-28,25.14,D,THB,A
1988-03-29,25.12,D,THB,A
1988-03-30,25.17,D,THB,A
1988-03-31,25.16,D,THB,A
1988-04-04,25.16,D,THB,A
1988-04-05,25.16,D,THB,A
1988-04-06,25.14,D,THB,A
1988-04-07,25.18,D,THB,A
1988-04-08,25.18,D,THB,A
1988-04-11,25.18,D,THB,A
1988-04-12,25.22,D,THB,A
1988-04-13,25.22,D,THB,A
1988-04-14,25.23,D,THB,A
1988-04-15,25.14,D,THB,A
1988-04-18,25.13,D,THB,A
1988-04-19,25.15,D,THB,A
1988-04-20,25.15,D,THB,A
1988-04-21,25.16,D,THB,A
1988-04-22,25.16,D,THB,A
1988-04-25,25.18,D,THB,A
1988-04-26,25.18,D,THB,A
1988-04-27,25.18,D,THB,A
1988-04-28,25.17,D,THB,A
1988-04-29,25.15,D,THB,A
1988-05-02,25.15,D,THB,A
1988-05-03,25.17,D,THB,A
1988-05-04,25.17,D,THB,A
1988-05-05,25.17,D,THB,A
1988-05-06,25.17,D,THB,A
1988-05-09,25.16,D,THB,A
1988-05-10,25.16,D,THB,A
1988-05-11,25.16,D,THB,A
1988-05-12,25.15,D,THB,A
1988-05-13,25.15,D,THB,A
1988-05-16,25.16,D,THB,A
1988-05-17,25.17,D,THB,A
1988-05-18,25.21,D,THB,A
1988-05-19,25.18,D,THB,A
1988-05-20,25.18,D,THB,A
1988-05-23,25.18,D,THB,A
1988-05-24,25.17,D,THB,A
1988-05-25,25.16,D,THB,A
1988-05-26,25.17,D,THB,A
1988-05-27,25.17,D,THB,A
1988-05-31,25.21,D,THB,A
1988-06-01,25.22,D,THB,A
1988-06-02,25.23,D,THB,A
1988-06-03,25.23,D,THB,A
1988-06-06,25.25,D,THB,A
1988-06-07,25.22,D,THB,A
1988-06-08,25.2,D,THB,A
1988-06-09,25.21,D,THB,A
1988-06-10,25.18,D,THB,A
1988-06-13,25.18,D,THB,A
1988-06-14,25.2,D,THB,A
1988-06-15,25.26,D,THB,A
1988-06-16,25.26,D,THB,A
1988-06-17,25.24,D,THB,A
1988-06-20,25.24,D,THB,A
1988-06-21,25.25,D,THB,A
1988-06-22,25.26,D,THB,A
1988-06-23,25.34,D,THB,A
1988-06-24,25.34,D,THB,A
1988-06-27,25.44,D,THB,A
1988-06-28,25.44,D,THB,A
1988-06-29,25.49,D,THB,A
1988-06-30,25.49,D,THB,A
1988-07-01,25.49,D,THB,A
1988-07-05,25.57,D,THB,A
1988-07-06,25.56,D,THB,A
1988-07-07,25.49,D,THB,A
1988-07-08,25.48,D,THB,A
1988-07-11,25.53,D,THB,A
1988-07-12,25.53,D,THB,A
1988-07-13,25.5,D,THB,A
1988-07-14,25.52,D,THB,A
1988-07-15,25.55,D,THB,A
1988-07-18,25.61,D,THB,A
1988-07-19,25.58,D,THB,A
1988-07-20,25.58,D,THB,A
1988-07-21,25.55,D,THB,A
1988-07-22,25.48,D,THB,A
1988-07-25,25.44,D,THB,A
1988-07-26,25.5,D,THB,A
1988-07-27,25.52,D,THB,A
1988-07-28,25.49,D,THB,A
1988-07-29,25.49,D,THB,A
1988-08-01,25.56,D,THB,A
1988-08-02,25.53,D,THB,A
1988-08-03,25.55,D,THB,A
1988-08-04,25.55,D,THB,A
1988-08-05,25.56,D,THB,A
1988-08-08,25.56,D,THB,A
1988-08-09,25.56,D,THB,A
1988-08-10,25.63,D,THB,A
1988-08-11,25.59,D,THB,A
1988-08-12,25.59,D,THB,A
1988-08-15,25.52,D,THB,A
1988-08-16,25.52,D,THB,A
1988-08-17,25.55,D,THB,A
1988-08-18,25.58,D,THB,A
1988-08-19,25.55,D,THB,A
1988-08-22,25.57,D,THB,A
1988-08-23,25.58,D,THB,A
1988-08-24,25.59,D,THB,A
1988-08-25,25.56,D,THB,A
1988-08-26,25.52,D,THB,A
1988-08-29,25.52,D,THB,A
1988-08-30,25.57,D,THB,A
1988-08-31,25.57,D,THB,A
1988-09-01,25.61,D,THB,A
1988-09-02,25.62,D,THB,A
1988-09-06,25.59,D,THB,A
1988-09-07,25.54,D,THB,A
1988-09-08,25.52,D,THB,A
1988-09-09,25.5,D,THB,A
1988-09-12,25.52,D,THB,A
1988-09-13,25.5,D,THB,A
1988-09-14,25.51,D,THB,A
1988-09-15,25.55,D,THB,A
1988-09-16,25.53,D,THB,A
1988-09-19,25.54,D,THB,A
1988-09-20,25.53,D,THB,A
1988-09-21,25.53,D,THB,A
1988-09-22,25.53,D,THB,A
1988-09-23,25.57,D,THB,A
1988-09-26,25.57,D,THB,A
1988-09-27,25.57,D,THB,A
1988-09-28,25.57,D,THB,A
1988-09-29,25.55,D,THB,A
1988-09-30,25.57,D,THB,A
1988-10-03,25.54,D,THB,A
1988-10-04,25.51,D,THB,A
1988-10-05,25.52,D,THB,A
1988-10-06,25.52,D,THB,A
1988-10-07,25.52,D,THB,A
1988-10-11,25.46,D,THB,A
1988-10-12,25.45,D,THB,A
1988-10-13,25.35,D,THB,A
1988-10-14,25.33,D,THB,A
1988-10-17,25.28,D,THB,A
1988-10-18,25.31,D,THB,A
1988-10-19,25.31,D,THB,A
1988-10-20,25.31,D,THB,A
1988-10-21,25.28,D,THB,A
1988-10-24,25.28,D,THB,A
1988-10-25,25.29,D,THB,A
1988-10-26,25.28,D,THB,A
1988-10-27,25.24,D,THB,A
1988-10-28,25.26,D,THB,A
1988-10-31,25.26,D,THB,A
1988-11-01,25.25,D,THB,A
1988-11-02,25.21,D,THB,A
1988-11-03,25.2,D,THB,A
1988-11-04,25.1722,D,THB,A
1988-11-07,25.24,D,THB,A
1988-11-08,25.21,D,THB,A
1988-11-09,25.25,D,THB,A
1988-11-10,25.18,D,THB,A
1988-11-14,25.11,D,THB,A
1988-11-15,25.15,D,THB,A
1988-11-16,25.15,D,THB,A
1988-11-17,25.09,D,THB,A
1988-11-18,25.1,D,THB,A
1988-11-21,25.12,D,THB,A
1988-11-22,25.09,D,THB,A
1988-11-23,25.07,D,THB,A
1988-11-25,25.05,D,THB,A
1988-11-28,25.08,D,THB,A
1988-11-29,25.11,D,THB,A
1988-11-30,25.08,D,THB,A
1988-12-01,25.07,D,THB,A
1988-12-02,25.09,D,THB,A
1988-12-05,25.19,D,THB,A
1988-12-06,25.07,D,THB,A
1988-12-07,25.09,D,THB,A
1988-12-08,25.15,D,THB,A
1988-12-09,25.11,D,THB,A
1988-12-12,25.11,D,THB,A
1988-12-13,25.13,D,THB,A
1988-12-14,25.14,D,THB,A
1988-12-15,25.14,D,THB,A
1988-12-16,25.14,D,THB,A
1988-12-19,25.14,D,THB,A
1988-12-21,25.26,D,THB,A
1988-12-27,25.2,D,THB,A
1988-12-28,25.2,D,THB,A
1988-12-29,25.2,D,THB,A
1988-12-30,25.2,D,THB,A
1989-01-03,25.21,D,THB,A
1989-01-04,25.18,D,THB,A
1989-01-05,25.23,D,THB,A
1989-01-06,25.27,D,THB,A
1989-01-09,25.29,D,THB,A
1989-01-10,25.28,D,THB,A
1989-01-11,25.32,D,THB,A
1989-01-12,25.32,D,THB,A
1989-01-13,25.31,D,THB,A
1989-01-17,25.34,D,THB,A
1989-01-18,25.34,D,THB,A
1989-01-19,25.4,D,THB,A
1989-01-20,25.35,D,THB,A
1989-01-23,25.35,D,THB,A
1989-01-24,25.33,D,THB,A
1989-01-25,25.35,D,THB,A
1989-01-26,25.36,D,THB,A
1989-01-27,25.38,D,THB,A
1989-01-30,25.42,D,THB,A
1989-01-31,25.41,D,THB,A
1989-02-01,25.45,D,THB,A
1989-02-02,25.44,D,THB,A
1989-02-03,25.43,D,THB,A
1989-02-06,25.49,D,THB,A
1989-02-07,25.45,D,THB,A
1989-02-08,25.43,D,THB,A
1989-02-09,25.42,D,THB,A
1989-02-10,25.36,D,THB,A
1989-02-13,25.4,D,THB,A
1989-02-14,25.38,D,THB,A
1989-02-15,25.3,D,THB,A
1989-02-16,25.33,D,THB,A
1989-02-17,25.32,D,THB,A
1989-02-21,25.37,D,THB,A
1989-02-22,25.37,D,THB,A
1989-02-23,25.35,D,THB,A
1989-02-24,25.34,D,THB,A
1989-02-27,25.33,D,THB,A
1989-02-28,25.38,D,THB,A
1989-03-01,25.38,D,THB,A
1989-03-02,25.43,D,THB,A
1989-03-03,25.44,D,THB,A
1989-03-06,25.41,D,THB,A
1989-03-07,25.45,D,THB,A
1989-03-08,25.45,D,THB,A
1989-03-09,25.47,D,THB,A
1989-03-10,25.46,D,THB,A
1989-03-13,25.48,D,THB,A
1989-03-14,25.5,D,THB,A
1989-03-15,25.48,D,THB,A
1989-03-16,25.51,D,THB,A
1989-03-17,25.52,D,THB,A
1989-03-20,25.54,D,THB,A
1989-03-21,25.53,D,THB,A
1989-03-22,25.52,D,THB,A
1989-03-23,25.5,D,THB,A
1989-03-24,25.65,D,THB,A
1989-03-27,25.45,D,THB,A
1989-03-28,25.5,D,THB,A
1989-03-29,25.55,D,THB,A
1989-03-30,25.45,D,THB,A
1989-03-31,25.5,D,THB,A
1989-04-03,25.55,D,THB,A
1989-04-04,25.5,D,THB,A
1989-04-05,25.45,D,THB,A
1989-04-06,25.53,D,THB,A
1989-04-07,25.53,D,THB,A
1989-04-10,25.57,D,THB,A
1989-04-11,25.5,D,THB,A
1989-04-12,25.58,D,THB,A
1989-04-13,25.58,D,THB,A
1989-04-14,25.55,D,THB,A
1989-04-17,25.45,D,THB,A
1989-04-18,25.53,D,THB,A
1989-04-19,25.55,D,THB,A
1989-04-20,25.57,D,THB,A
1989-04-21,25.51,D,THB,A
1989-04-24,25.49,D,THB,A
1989-04-25,25.45,D,THB,A
1989-04-26,25.52,D,THB,A
1989-04-27,25.54,D,THB,A
1989-04-28,25.53,D,THB,A
1989-05-02,25.6,D,THB,A
1989-05-03,25.62,D,THB,A
1989-05-04,25.61,D,THB,A
1989-05-05,25.6,D,THB,A
1989-05-08,25.63,D,THB,A
1989-05-09,25.65,D,THB,A
1989-05-10,25.64,D,THB,A
1989-05-11,25.63,D,THB,A
1989-05-12,25.68,D,THB,A
1989-05-15,25.72,D,THB,A
1989-05-16,25.75,D,THB,A
1989-05-17,25.74,D,THB,A
1989-05-18,25.82,D,THB,A
1989-05-19,25.82,D,THB,A
1989-05-22,25.84,D,THB,A
1989-05-23,25.93,D,THB,A
1989-05-24,25.95,D,THB,A
1989-05-25,25.93,D,THB,A
1989-05-26,25.85,D,THB,A
1989-05-30,25.97,D,THB,A
1989-05-31,25.92,D,THB,A
1989-06-01,25.92,D,THB,A
1989-06-02,25.88,D,THB,A
1989-06-05,25.82,D,THB,A
1989-06-06,25.89,D,THB,A
1989-06-07,25.89,D,THB,A
1989-06-08,25.9,D,THB,A
1989-06-09,25.91,D,THB,A
1989-06-12,26.04,D,THB,A
1989-06-13,26.08,D,THB,A
1989-06-14,26.07,D,THB,A
1989-06-15,25.93,D,THB,A
1989-06-16,25.98,D,THB,A
1989-06-19,25.96,D,THB,A
1989-06-20,25.45,D,THB,A
1989-06-21,25.96,D,THB,A
1989-06-22,25.9,D,THB,A
1989-06-23,25.9,D,THB,A
1989-06-26,25.84,D,THB,A
1989-06-27,25.87,D,THB,A
1989-06-28,25.91,D,THB,A
1989-06-29,25.93,D,THB,A
1989-06-30,25.96,D,THB,A
1989-07-03,25.9,D,THB,A
1989-07-05,25.89,D,THB,A
1989-07-06,25.77,D,THB,A
1989-07-07,25.78,D,THB,A
1989-07-10,25.76,D,THB,A
1989-07-11,25.78,D,THB,A
1989-07-12,25.8,D,THB,A
1989-07-13,25.79,D,THB,A
1989-07-14,25.79,D,THB,A
1989-07-17,25.86,D,THB,A
1989-07-18,25.86,D,THB,A
1989-07-19,25.8,D,THB,A
1989-07-20,25.89,D,THB,A
1989-07-21,25.86,D,THB,A
1989-07-24,25.89,D,THB,A
1989-07-25,25.86,D,THB,A
1989-07-26,25.83,D,THB,A
1989-07-27,25.77,D,THB,A
1989-07-28,25.78,D,THB,A
1989-07-31,25.76,D,THB,A
1989-08-01,25.69,D,THB,A
1989-08-02,25.66,D,THB,A
1989-08-03,25.69,D,THB,A
1989-08-04,25.72,D,THB,A
1989-08-07,25.8,D,THB,A
1989-08-08,25.79,D,THB,A
1989-08-09,25.77,D,THB,A
1989-08-10,25.78,D,THB,A
1989-08-11,25.82,D,THB,A
1989-08-14,25.82,D,THB,A
1989-08-15,25.92,D,THB,A
1989-08-16,25.9,D,THB,A
1989-08-17,25.92,D,THB,A
1989-08-18,26.03,D,THB,A
1989-08-21,25.96,D,THB,A
1989-08-22,25.95,D,THB,A
1989-08-23,25.93,D,THB,A
1989-08-24,25.97,D,THB,A
1989-08-25,25.98,D,THB,A
1989-08-28,25.94,D,THB,A
1989-08-29,26.0,D,THB,A
1989-08-30,25.95,D,THB,A
1989-08-31,25.99,D,THB,A
1989-09-01,26.01,D,THB,A
1989-09-05,26.05,D,THB,A
1989-09-06,26.06,D,THB,A
1989-09-07,26.06,D,THB,A
1989-09-08,26.08,D,THB,A
1989-09-11,26.11,D,THB,A
1989-09-12,26.08,D,THB,A
1989-09-13,26.09,D,THB,A
1989-09-14,26.05,D,THB,A
1989-09-15,26.06,D,THB,A
1989-09-18,26.03,D,THB,A
1989-09-19,26.02,D,THB,A
1989-09-20,26.03,D,THB,A
1989-09-21,26.0,D,THB,A
1989-09-22,26.01,D,THB,A
1989-09-25,25.93,D,THB,A
1989-09-26,25.9,D,THB,A
1989-09-27,25.85,D,THB,A
1989-09-29,25.81,D,THB,A
1989-10-02,25.78,D,THB,A
1989-10-03,25.83,D,THB,A
1989-10-04,25.86,D,THB,A
1989-10-05,25.85,D,THB,A
1989-10-06,25.89,D,THB,A
1989-10-10,25.89,D,THB,A
1989-10-11,25.97,D,THB,A
1989-10-12,25.96,D,THB,A
1989-10-13,25.95,D,THB,A
1989-10-16,25.84,D,THB,A
1989-10-17,25.88,D,THB,A
1989-10-18,25.89,D,THB,A
1989-10-19,25.84,D,THB,A
1989-10-20,25.88,D,THB,A
1989-10-23,25.85,D,THB,A
1989-10-24,25.84,D,THB,A
1989-10-25,25.83,D,THB,A
1989-10-26,25.83,D,THB,A
1989-10-27,25.86,D,THB,A
1989-10-30,25.85,D,THB,A
1989-10-31,25.86,D,THB,A
1989-11-01,25.88,D,THB,A
1989-11-02,25.91,D,THB,A
1989-11-03,25.89,D,THB,A
1989-11-06,25.89,D,THB,A
1989-11-07,25.91,D,THB,A
1989-11-08,25.88,D,THB,A
1989-11-09,25.88,D,THB,A
1989-11-10,25.9,D,THB,A
1989-11-13,25.9,D,THB,A
1989-11-14,25.9,D,THB,A
1989-11-15,25.87,D,THB,A
1989-11-16,25.89,D,THB,A
1989-11-17,25.9,D,THB,A
1989-11-20,25.91,D,THB,A
1989-11-21,25.9,D,THB,A
1989-11-22,25.87,D,THB,A
1989-11-24,25.84,D,THB,A
1989-11-27,25.83,D,THB,A
1989-11-28,25.83,D,THB,A
1989-11-29,25.82,D,THB,A
1989-11-30,25.82,D,THB,A
1989-12-01,25.81,D,THB,A
1989-12-04,25.83,D,THB,A
1989-12-05,25.83,D,THB,A
1989-12-06,25.83,D,THB,A
1989-12-07,25.83,D,THB,A
1989-12-08,25.84,D,THB,A
1989-12-11,25.84,D,THB,A
1989-12-12,25.82,D,THB,A
1989-12-13,25.78,D,THB,A
1989-12-14,25.78,D,THB,A
1989-12-15,25.78,D,THB,A
1989-12-18,25.77,D,THB,A
1989-12-19,25.75,D,THB,A
1989-12-20,25.77,D,THB,A
1989-12-21,25.76,D,THB,A
1989-12-22,25.75,D,THB,A
1989-12-26,25.71,D,THB,A
1989-12-27,25.69,D,THB,A
1989-12-28,25.67,D,THB,A
1989-12-29,25.71,D,THB,A
1990-01-02,25.71,D,THB,A
1990-01-04,25.8,D,THB,A
1990-01-05,25.71,D,THB,A
1990-01-08,25.74,D,THB,A
1990-01-09,25.71,D,THB,A
1990-01-10,25.74,D,THB,A
1990-01-11,25.74,D,THB,A
1990-01-12,25.74,D,THB,A
1990-01-16,25.75,D,THB,A
1990-01-17,25.75,D,THB,A
1990-01-18,25.75,D,THB,A
1990-01-19,25.79,D,THB,A
1990-01-22,25.8,D,THB,A
1990-01-23,25.8,D,THB,A
1990-01-24,25.76,D,THB,A
1990-01-25,25.75,D,THB,A
1990-01-29,25.69,D,THB,A
1990-01-30,25.69,D,THB,A
1990-01-31,25.73,D,THB,A
1990-02-01,25.72,D,THB,A
1990-02-02,25.72,D,THB,A
1990-02-05,25.74,D,THB,A
1990-02-06,25.71,D,THB,A
1990-02-07,25.71,D,THB,A
1990-02-08,25.73,D,THB,A
1990-02-09,25.73,D,THB,A
1990-02-12,25.71,D,THB,A
1990-02-13,25.72,D,THB,A
1990-02-14,25.71,D,THB,A
1990-02-15,25.72,D,THB,A
1990-02-16,25.73,D,THB,A
1990-02-20,25.7,D,THB,A
1990-02-21,25.72,D,THB,A
1990-02-22,25.72,D,THB,A
1990-02-23,25.73,D,THB,A
1990-02-26,25.78,D,THB,A
1990-02-27,25.8,D,THB,A
1990-02-28,25.82,D,THB,A
1990-03-01,25.85,D,THB,A
1990-03-02,25.87,D,THB,A
1990-03-05,25.87,D,THB,A
1990-03-06,25.82,D,THB,A
1990-03-07,25.86,D,THB,A
1990-03-08,25.85,D,THB,A
1990-03-09,25.88,D,THB,A
1990-03-12,25.88,D,THB,A
1990-03-13,25.93,D,THB,A
1990-03-14,25.91,D,THB,A
1990-03-15,25.92,D,THB,A
1990-03-16,25.9,D,THB,A
1990-03-19,25.91,D,THB,A
1990-03-20,25.91,D,THB,A
1990-03-21,25.91,D,THB,A
1990-03-22,26.0,D,THB,A
1990-03-23,25.99,D,THB,A
1990-03-26,25.99,D,THB,A
1990-03-27,26.03,D,THB,A
1990-03-28,26.06,D,THB,A
1990-03-29,26.02,D,THB,A
1990-03-30,26.0,D,THB,A
1990-04-02,26.07,D,THB,A
1990-04-03,26.05,D,THB,A
1990-04-04,26.05,D,THB,A
1990-04-05,26.02,D,THB,A
1990-04-06,26.02,D,THB,A
1990-04-09,25.99,D,THB,A
1990-04-10,26.03,D,THB,A
1990-04-11,26.03,D,THB,A
1990-04-12,26.03,D,THB,A
1990-04-16,26.03,D,THB,A
1990-04-17,26.05,D,THB,A
1990-04-18,26.05,D,THB,A
1990-04-19,26.01,D,THB,A
1990-04-20,25.98,D,THB,A
1990-04-23,25.99,D,THB,A
1990-04-24,26.02,D,THB,A
1990-04-26,26.01,D,THB,A
1990-04-27,26.03,D,THB,A
1990-04-30,26.0,D,THB,A
1990-05-02,26.02,D,THB,A
1990-05-03,26.01,D,THB,A
1990-05-04,26.02,D,THB,A
1990-05-07,26.01,D,THB,A
1990-05-08,26.02,D,THB,A
1990-05-09,25.97,D,THB,A
1990-05-10,25.93,D,THB,A
1990-05-11,25.9,D,THB,A
1990-05-14,26.425,D,THB,A
1990-05-15,25.83,D,THB,A
1990-05-16,25.84,D,THB,A
1990-05-17,25.84,D,THB,A
1990-05-18,25.86,D,THB,A
1990-05-21,25.87,D,THB,A
1990-05-22,25.88,D,THB,A
1990-05-23,25.85,D,THB,A
1990-05-24,25.85,D,THB,A
1990-05-25,25.84,D,THB,A
1990-05-29,25.81,D,THB,A
1990-05-30,25.85,D,THB,A
1990-05-31,25.86,D,THB,A
1990-06-01,25.89,D,THB,A
1990-06-04,25.9,D,THB,A
1990-06-05,25.89,D,THB,A
1990-06-06,25.89,D,THB,A
1990-06-07,25.89,D,THB,A
1990-06-08,25.89,D,THB,A
1990-06-11,25.92,D,THB,A
1990-06-12,25.91,D,THB,A
1990-06-13,25.9,D,THB,A
1990-06-14,25.87,D,THB,A
1990-06-15,25.89,D,THB,A
1990-06-18,25.87,D,THB,A
1990-06-19,25.85,D,THB,A
1990-06-20,25.85,D,THB,A
1990-06-21,25.86,D,THB,A
1990-06-22,25.87,D,THB,A
1990-06-25,25.88,D,THB,A
1990-06-26,25.88,D,THB,A
1990-06-27,25.84,D,THB,A
1990-06-28,25.84,D,THB,A
1990-06-29,25.81,D,THB,A
1990-07-02,25.78,D,THB,A
1990-07-03,25.76,D,THB,A
1990-07-05,25.73,D,THB,A
1990-07-06,25.75,D,THB,A
1990-07-10,25.72,D,THB,A
1990-07-11,25.67,D,THB,A
1990-07-12,25.7,D,THB,A
1990-07-13,25.65,D,THB,A
1990-07-17,25.71,D,THB,A
1990-07-18,25.69,D,THB,A
1990-07-19,25.71,D,THB,A
1990-07-20,25.66,D,THB,A
1990-07-23,25.71,D,THB,A
1990-07-24,25.7,D,THB,A
1990-07-25,25.73,D,THB,A
1990-07-26,25.71,D,THB,A
1990-07-27,25.72,D,THB,A
1990-07-30,25.67,D,THB,A
1990-07-31,25.64,D,THB,A
1990-08-01,25.59,D,THB,A
1990-08-02,25.61,D,THB,A
1990-08-03,25.68,D,THB,A
1990-08-06,25.67,D,THB,A
1990-08-07,25.67,D,THB,A
1990-08-08,25.67,D,THB,A
1990-08-09,25.66,D,THB,A
1990-08-10,25.66,D,THB,A
1990-08-13,25.66,D,THB,A
1990-08-14,25.64,D,THB,A
1990-08-15,25.59,D,THB,A
1990-08-16,25.59,D,THB,A
1990-08-17,25.58,D,THB,A
1990-08-20,25.56,D,THB,A
1990-08-21,25.55,D,THB,A
1990-08-22,25.55,D,THB,A
1990-08-23,25.52,D,THB,A
1990-08-24,25.5,D,THB,A
1990-08-27,25.53,D,THB,A
1990-08-28,25.44,D,THB,A
1990-08-29,25.45,D,THB,A
1990-08-30,25.46,D,THB,A
1990-08-31,25.49,D,THB,A
1990-09-04,25.5,D,THB,A
1990-09-05,25.47,D,THB,A
1990-09-06,25.43,D,THB,A
1990-09-07,25.4,D,THB,A
1990-09-10,25.39,D,THB,A
1990-09-11,25.42,D,THB,A
1990-09-12,25.41,D,THB,A
1990-09-13,25.37,D,THB,A
1990-09-14,25.34,D,THB,A
1990-09-17,25.32,D,THB,A
1990-09-18,25.32,D,THB,A
1990-09-19,25.36,D,THB,A
1990-09-20,25.35,D,THB,A
1990-09-21,25.36,D,THB,A
1990-09-24,25.33,D,THB,A
1990-09-25,25.32,D,THB,A
1990-09-26,25.34,D,THB,A
1990-09-27,25.36,D,THB,A
1990-09-28,25.36,D,THB,A
1990-10-01,25.33,D,THB,A
1990-10-02,25.32,D,THB,A
1990-10-03,25.31,D,THB,A
1990-10-04,25.28,D,THB,A
1990-10-05,25.22,D,THB,A
1990-10-09,25.09,D,THB,A
1990-10-10,25.13,D,THB,A
1990-10-11,25.11,D,THB,A
1990-10-12,25.11,D,THB,A
1990-10-15,25.075,D,THB,A
1990-10-16,25.38,D,THB,A
1990-10-17,25.02,D,THB,A
1990-10-18,24.99,D,THB,A
1990-10-19,24.95,D,THB,A
1990-10-22,25.0,D,THB,A
1990-10-24,25.07,D,THB,A
1990-10-25,25.03,D,THB,A
1990-10-26,25.08,D,THB,A
1990-10-29,25.05,D,THB,A
1990-10-30,25.09,D,THB,A
1990-10-31,25.09,D,THB,A
1990-11-01,25.14,D,THB,A
1990-11-02,25.1,D,THB,A
1990-11-05,25.1,D,THB,A
1990-11-06,25.01,D,THB,A
1990-11-07,25.06,D,THB,A
1990-11-08,25.08,D,THB,A
1990-11-09,25.13,D,THB,A
1990-11-13,25.04,D,THB,A
1990-11-14,25.1,D,THB,A
1990-11-15,25.07,D,THB,A
1990-11-16,25.09,D,THB,A
1990-11-19,25.06,D,THB,A
1990-11-20,25.06,D,THB,A
1990-11-21,25.05,D,THB,A
1990-11-23,25.02,D,THB,A
1990-11-26,25.05,D,THB,A
1990-11-27,25.06,D,THB,A
1990-11-28,25.04,D,THB,A
1990-11-29,25.1,D,THB,A
1990-11-30,25.2,D,THB,A
1990-12-03,25.17,D,THB,A
1990-12-04,25.22,D,THB,A
1990-12-05,25.19,D,THB,A
1990-12-06,25.21,D,THB,A
1990-12-07,25.21,D,THB,A
1990-12-10,25.09,D,THB,A
1990-12-11,25.12,D,THB,A
1990-12-12,25.14,D,THB,A
1990-12-13,25.12,D,THB,A
1990-12-14,25.14,D,THB,A
1990-12-17,25.18,D,THB,A
1990-12-18,25.18,D,THB,A
1990-12-19,25.16,D,THB,A
1990-12-20,25.19,D,THB,A
1990-12-21,25.27,D,THB,A
1990-12-24,25.28,D,THB,A
1990-12-26,25.28,D,THB,A
1990-12-27,25.38,D,THB,A
1990-12-28,25.31,D,THB,A
1990-12-31,25.31,D,THB,A
1991-01-02,25.23,D,THB,A
1991-01-03,25.21,D,THB,A
1991-01-04,25.2,D,THB,A
1991-01-07,25.27,D,THB,A
1991-01-08,25.32,D,THB,A
1991-01-09,25.32,D,THB,A
1991-01-10,25.31,D,THB,A
1991-01-14,25.32,D,THB,A
1991-01-15,25.31,D,THB,A
1991-01-16,25.33,D,THB,A
1991-01-17,25.3,D,THB,A
1991-01-18,25.27,D,THB,A
1991-01-22,25.18,D,THB,A
1991-01-23,25.2,D,THB,A
1991-01-24,25.17,D,THB,A
1991-01-25,25.19,D,THB,A
1991-01-28,25.2,D,THB,A
1991-01-29,25.17,D,THB,A
1991-01-30,25.19,D,THB,A
1991-01-31,25.18,D,THB,A
1991-02-01,25.16,D,THB,A
1991-02-04,25.16,D,THB,A
1991-02-05,25.12,D,THB,A
1991-02-06,25.09,D,THB,A
1991-02-07,25.05,D,THB,A
1991-02-08,25.06,D,THB,A
1991-02-11,25.04,D,THB,A
1991-02-12,25.03,D,THB,A
1991-02-13,25.07,D,THB,A
1991-02-19,25.14,D,THB,A
1991-02-20,25.18,D,THB,A
1991-02-21,25.19,D,THB,A
1991-02-22,25.17,D,THB,A
1991-02-25,25.22,D,THB,A
1991-02-26,25.24,D,THB,A
1991-02-27,25.25,D,THB,A
1991-02-28,25.23,D,THB,A
1991-03-01,25.27,D,THB,A
1991-03-04,25.33,D,THB,A
1991-03-05,25.34,D,THB,A
1991-03-06,25.38,D,THB,A
1991-03-07,25.35,D,THB,A
1991-03-08,25.36,D,THB,A
1991-03-11,25.45,D,THB,A
1991-03-12,25.46,D,THB,A
1991-03-13,25.42,D,THB,A
1991-03-14,25.4,D,THB,A
1991-03-15,25.43,D,THB,A
1991-03-18,25.48,D,THB,A
1991-03-19,25.53,D,THB,A
1991-03-20,25.55,D,THB,A
1991-03-21,25.52,D,THB,A
1991-03-22,25.49,D,THB,A
1991-03-25,25.52,D,THB,A
1991-03-26,25.58,D,THB,A
1991-03-28,25.63,D,THB,A
1991-04-01,25.63,D,THB,A
1991-04-02,25.57,D,THB,A
1991-04-03,25.56,D,THB,A
1991-04-04,25.56,D,THB,A
1991-04-05,25.52,D,THB,A
1991-04-09,25.555,D,THB,A
1991-04-10,25.48,D,THB,A
1991-04-11,25.53,D,THB,A
1991-04-15,25.5,D,THB,A
1991-04-16,25.46,D,THB,A
1991-04-17,25.48,D,THB,A
1991-04-18,25.515,D,THB,A
1991-04-19,25.605,D,THB,A
1991-04-22,25.66,D,THB,A
1991-04-24,25.66,D,THB,A
1991-04-25,25.665,D,THB,A
1991-04-26,25.66,D,THB,A
1991-04-29,25.71,D,THB,A
1991-04-30,25.67,D,THB,A
1991-05-02,25.63,D,THB,A
1991-05-03,25.64,D,THB,A
1991-05-07,25.68,D,THB,A
1991-05-08,25.65,D,THB,A
1991-05-09,25.66,D,THB,A
1991-05-10,25.67,D,THB,A
1991-05-13,25.68,D,THB,A
1991-05-14,25.67,D,THB,A
1991-05-15,25.62,D,THB,A
1991-05-16,25.6,D,THB,A
1991-05-17,25.62,D,THB,A
1991-05-20,25.69,D,THB,A
1991-05-21,25.65,D,THB,A
1991-05-22,25.63,D,THB,A
1991-05-23,25.65,D,THB,A
1991-05-24,25.64,D,THB,A
1991-05-29,25.62,D,THB,A
1991-05-30,25.62,D,THB,A
1991-05-31,25.64,D,THB,A
1991-06-03,25.69,D,THB,A
1991-06-04,25.71,D,THB,A
1991-06-05,25.71,D,THB,A
1991-06-06,25.72,D,THB,A
1991-06-07,25.73,D,THB,A
1991-06-10,25.78,D,THB,A
1991-06-11,25.79,D,THB,A
1991-06-12,25.79,D,THB,A
1991-06-13,25.83,D,THB,A
1991-06-14,25.82,D,THB,A
1991-06-17,25.82,D,THB,A
1991-06-18,25.8,D,THB,A
1991-06-19,25.82,D,THB,A
1991-06-20,25.79,D,THB,A
1991-06-21,25.78,D,THB,A
1991-06-24,25.78,D,THB,A
1991-06-25,25.74,D,THB,A
1991-06-26,25.75,D,THB,A
1991-06-27,25.73,D,THB,A
1991-06-28,25.73,D,THB,A
1991-07-01,25.77,D,THB,A
1991-07-02,25.77,D,THB,A
1991-07-05,25.79,D,THB,A
1991-07-08,25.77,D,THB,A
1991-07-09,25.77,D,THB,A
1991-07-10,25.77,D,THB,A
1991-07-11,25.78,D,THB,A
1991-07-12,25.81,D,THB,A
1991-07-15,25.73,D,THB,A
1991-07-16,25.72,D,THB,A
1991-07-17,25.74,D,THB,A
1991-07-18,25.74,D,THB,A
1991-07-19,25.73,D,THB,A
1991-07-22,25.68,D,THB,A
1991-07-23,25.73,D,THB,A
1991-07-24,25.72,D,THB,A
1991-07-25,25.71,D,THB,A
1991-07-26,25.76,D,THB,A
1991-07-29,25.7,D,THB,A
1991-07-30,25.72,D,THB,A
1991-07-31,25.74,D,THB,A
1991-08-01,25.72,D,THB,A
1991-08-02,25.74,D,THB,A
1991-08-05,25.72,D,THB,A
1991-08-06,25.69,D,THB,A
1991-08-07,25.67,D,THB,A
1991-08-08,25.64,D,THB,A
1991-08-09,25.68,D,THB,A
1991-08-12,25.7,D,THB,A
1991-08-13,25.67,D,THB,A
1991-08-14,25.7,D,THB,A
1991-08-15,25.7,D,THB,A
1991-08-16,25.73,D,THB,A
1991-08-19,25.74,D,THB,A
1991-08-20,25.82,D,THB,A
1991-08-21,25.79,D,THB,A
1991-08-22,25.73,D,THB,A
1991-08-27,25.73,D,THB,A
1991-08-28,25.75,D,THB,A
1991-08-29,25.73,D,THB,A
1991-08-30,25.74,D,THB,A
1991-09-03,25.72,D,THB,A
1991-09-04,25.7,D,THB,A
1991-09-05,25.68,D,THB,A
1991-09-06,25.7,D,THB,A
1991-09-09,25.64,D,THB,A
1991-09-10,25.62,D,THB,A
1991-09-11,25.62,D,THB,A
1991-09-12,25.6,D,THB,A
1991-09-13,25.61,D,THB,A
1991-09-16,25.6,D,THB,A
1991-09-17,25.57,D,THB,A
1991-09-18,25.58,D,THB,A
1991-09-19,25.6,D,THB,A
1991-09-20,25.62,D,THB,A
1991-09-24,25.55,D,THB,A
1991-09-25,25.57,D,THB,A
1991-09-26,25.57,D,THB,A
1991-09-30,25.56,D,THB,A
1991-10-01,25.56,D,THB,A
1991-10-02,25.56,D,THB,A
1991-10-03,25.56,D,THB,A
1991-10-04,25.5,D,THB,A
1991-10-08,25.5,D,THB,A
1991-10-09,25.55,D,THB,A
1991-10-10,25.45,D,THB,A
1991-10-11,25.54,D,THB,A
1991-10-15,25.52,D,THB,A
1991-10-17,25.53,D,THB,A
1991-10-18,25.51,D,THB,A
1991-10-22,25.55,D,THB,A
1991-10-23,25.58,D,THB,A
1991-10-24,25.59,D,THB,A
1991-10-25,25.59,D,THB,A
1991-10-28,25.61,D,THB,A
1991-10-29,25.64,D,THB,A
1991-10-30,25.62,D,THB,A
1991-10-31,25.59,D,THB,A
1991-11-01,25.58,D,THB,A
1991-11-04,25.52,D,THB,A
1991-11-05,25.51,D,THB,A
1991-11-06,25.53,D,THB,A
1991-11-07,25.51,D,THB,A
1991-11-08,25.53,D,THB,A
1991-11-12,25.52,D,THB,A
1991-11-13,25.51,D,THB,A
1991-11-14,25.5,D,THB,A
1991-11-15,25.5,D,THB,A
1991-11-18,25.46,D,THB,A
1991-11-20,25.48,D,THB,A
1991-11-21,25.48,D,THB,A
1991-11-22,25.48,D,THB,A
1991-11-25,25.43,D,THB,A
1991-11-26,25.43,D,THB,A
1991-11-27,25.47,D,THB,A
1991-11-29,25.5,D,THB,A
1991-12-02,25.48,D,THB,A
1991-12-03,25.49,D,THB,A
1991-12-04,25.47,D,THB,A
1991-12-06,25.42,D,THB,A
1991-12-09,25.42,D,THB,A
1991-12-10,25.37,D,THB,A
1991-12-11,25.42,D,THB,A
1991-12-12,25.42,D,THB,A
1991-12-13,25.42,D,THB,A
1991-12-16,25.43,D,THB,A
1991-12-17,25.4,D,THB,A
1992-01-02,25.25,D,THB,A
1992-01-03,25.25,D,THB,A
1992-01-06,25.25,D,THB,A
1992-01-07,25.2,D,THB,A
1992-01-08,25.2,D,THB,A
1992-01-09,25.22,D,THB,A
1992-01-10,25.22,D,THB,A
1992-01-13,25.36,D,THB,A
1992-01-14,25.36,D,THB,A
1992-01-15,25.38,D,THB,A
1992-01-16,25.45,D,THB,A
1992-01-17,25.45,D,THB,A
1992-01-21,25.34,D,THB,A
1992-01-22,25.34,D,THB,A
1992-01-23,25.32,D,THB,A
1992-01-24,25.36,D,THB,A
1992-01-27,25.39,D,THB,A
1992-01-28,25.38,D,THB,A
1992-01-29,25.38,D,THB,A
1992-01-30,25.39,D,THB,A
1992-01-31,25.4,D,THB,A
1992-02-03,25.4,D,THB,A
1992-02-07,25.36,D,THB,A
1992-02-10,25.34,D,THB,A
1992-02-11,25.38,D,THB,A
1992-02-12,25.4,D,THB,A
1992-02-13,25.43,D,THB,A
1992-02-14,25.46,D,THB,A
1992-02-18,25.44,D,THB,A
1992-02-19,25.48,D,THB,A
1992-02-20,25.51,D,THB,A
1992-02-21,25.52,D,THB,A
1992-02-24,25.53,D,THB,A
1992-02-25,25.53,D,THB,A
1992-02-26,25.56,D,THB,A
1992-02-27,25.53,D,THB,A
1992-02-28,25.53,D,THB,A
1992-03-02,25.53,D,THB,A
1992-03-03,25.54,D,THB,A
1992-03-04,25.6,D,THB,A
1992-03-05,25.61,D,THB,A
1992-03-10,25.61,D,THB,A
1992-03-12,25.68,D,THB,A
1992-03-13,25.69,D,THB,A
1992-03-16,25.68,D,THB,A
1992-03-17,25.68,D,THB,A
1992-03-18,25.63,D,THB,A
1992-03-19,25.63,D,THB,A
1992-03-20,25.68,D,THB,A
1992-03-23,25.7,D,THB,A
1992-03-24,25.65,D,THB,A
1992-03-25,25.66,D,THB,A
1992-03-26,25.63,D,THB,A
1992-03-27,25.66,D,THB,A
1992-03-30,25.62,D,THB,A
1992-03-31,25.62,D,THB,A
1992-04-01,25.62,D,THB,A
1992-04-02,25.68,D,THB,A
1992-04-03,25.66,D,THB,A
1992-04-06,25.66,D,THB,A
1992-04-07,25.62,D,THB,A
1992-04-08,25.61,D,THB,A
1992-04-09,25.62,D,THB,A
1992-04-10,25.59,D,THB,A
1992-04-13,25.61,D,THB,A
1992-04-14,25.61,D,THB,A
1992-04-15,25.63,D,THB,A
1992-04-16,25.65,D,THB,A
1992-04-21,25.68,D,THB,A
1992-04-22,25.68,D,THB,A
1992-04-23,25.66,D,THB,A
1992-04-24,25.68,D,THB,A
1992-04-27,25.68,D,THB,A
1992-04-28,25.65,D,THB,A
1992-04-29,25.64,D,THB,A
1992-04-30,25.64,D,THB,A
1992-05-04,25.61,D,THB,A
1992-05-05,25.61,D,THB,A
1992-05-06,25.61,D,THB,A
1992-05-07,25.6,D,THB,A
1992-05-08,25.595,D,THB,A
1992-05-11,25.63,D,THB,A
1992-05-12,25.63,D,THB,A
1992-05-13,25.55,D,THB,A
1992-05-14,25.51,D,THB,A
1992-05-15,25.54,D,THB,A
1992-05-18,25.53,D,THB,A
1992-05-19,25.49,D,THB,A
1992-05-20,25.51,D,THB,A
1992-05-21,25.51,D,THB,A
1992-05-22,25.51,D,THB,A
1992-05-26,25.49,D,THB,A
1992-05-27,25.49,D,THB,A
1992-05-28,25.54,D,THB,A
1992-05-29,25.49,D,THB,A
1992-06-01,25.42,D,THB,A
1992-06-02,25.44,D,THB,A
1992-06-03,25.44,D,THB,A
1992-06-04,25.46,D,THB,A
1992-06-05,25.43,D,THB,A
1992-06-08,25.42,D,THB,A
1992-06-09,25.42,D,THB,A
1992-06-10,25.44,D,THB,A
1992-06-11,25.44,D,THB,A
1992-06-12,25.39,D,THB,A
1992-06-15,25.39,D,THB,A
1992-06-16,25.4,D,THB,A
1992-06-17,25.37,D,THB,A
1992-06-18,25.37,D,THB,A
1992-06-19,25.41,D,THB,A
1992-06-22,25.42,D,THB,A
1992-06-23,25.39,D,THB,A
1992-06-24,25.4,D,THB,A
1992-06-25,25.38,D,THB,A
1992-06-26,25.33,D,THB,A
1992-06-29,25.33,D,THB,A
1992-06-30,25.3,D,THB,A
1992-07-02,25.3,D,THB,A
1992-07-03,25.27,D,THB,A
1992-07-06,25.31,D,THB,A
1992-07-07,25.27,D,THB,A
1992-07-08,25.24,D,THB,A
1992-07-09,25.27,D,THB,A
1992-07-10,25.32,D,THB,A
1992-07-13,25.27,D,THB,A
1992-07-14,25.26,D,THB,A
1992-07-15,25.25,D,THB,A
1992-07-16,25.27,D,THB,A
1992-07-17,25.26,D,THB,A
1992-07-20,25.22,D,THB,A
1992-07-21,25.29,D,THB,A
1992-07-22,25.29,D,THB,A
1992-07-23,25.32,D,THB,A
1992-07-24,25.32,D,THB,A
1992-07-27,25.36,D,THB,A
1992-07-28,25.35,D,THB,A
1992-07-29,25.32,D,THB,A
1992-07-30,25.35,D,THB,A
1992-07-31,25.34,D,THB,A
1992-08-03,25.3125,D,THB,A
1992-08-04,25.31,D,THB,A
1992-08-05,25.31,D,THB,A
1992-08-06,25.33,D,THB,A
1992-08-07,25.34,D,THB,A
1992-08-10,25.3125,D,THB,A
1992-08-11,25.32,D,THB,A
1992-08-12,25.32,D,THB,A
1992-08-13,25.31,D,THB,A
1992-08-14,25.28,D,THB,A
1992-08-17,25.29,D,THB,A
1992-08-18,25.27,D,THB,A
1992-08-19,25.26,D,THB,A
1992-08-20,25.26,D,THB,A
1992-08-21,25.26,D,THB,A
1992-08-24,25.21,D,THB,A
1992-08-25,25.17,D,THB,A
1992-08-26,25.18,D,THB,A
1992-08-27,25.18,D,THB,A
1992-08-28,25.19,D,THB,A
1992-08-31,25.15,D,THB,A
1992-09-01,25.13,D,THB,A
1992-09-02,25.11,D,THB,A
1992-09-03,25.12,D,THB,A
1992-09-04,25.16,D,THB,A
1992-09-08,25.15,D,THB,A
1992-09-09,25.11,D,THB,A
1992-09-10,25.15,D,THB,A
1992-09-11,25.21,D,THB,A
1992-09-14,25.27,D,THB,A
1992-09-15,25.23,D,THB,A
1992-09-16,25.27,D,THB,A
1992-09-17,25.35,D,THB,A
1992-09-18,25.3,D,THB,A
1992-09-21,25.285,D,THB,A
1992-09-22,25.29,D,THB,A
1992-09-23,25.26,D,THB,A
1992-09-24,25.25,D,THB,A
1992-09-25,25.22,D,THB,A
1992-09-28,25.22,D,THB,A
1992-09-29,25.17,D,THB,A
1992-09-30,25.13,D,THB,A
1992-10-01,25.15,D,THB,A
1992-10-02,25.15,D,THB,A
1992-10-05,25.11,D,THB,A
1992-10-07,25.13,D,THB,A
1992-10-08,25.2,D,THB,A
1992-10-09,25.24,D,THB,A
1992-10-13,25.24,D,THB,A
1992-10-14,25.24,D,THB,A
1992-10-15,25.23,D,THB,A
1992-10-16,25.22,D,THB,A
1992-10-19,25.23,D,THB,A
1992-10-20,25.29,D,THB,A
1992-10-21,25.345,D,THB,A
1992-10-22,25.32,D,THB,A
1992-10-23,25.28,D,THB,A
1992-10-26,25.31,D,THB,A
1992-10-27,25.33,D,THB,A
1992-10-28,25.33,D,THB,A
1992-10-29,25.33,D,THB,A
1992-10-30,25.39,D,THB,A
1992-11-02,25.41,D,THB,A
1992-11-03,25.43,D,THB,A
1992-11-04,25.405,D,THB,A
1992-11-05,25.39,D,THB,A
1992-11-06,25.425,D,THB,A
1992-11-09,25.44,D,THB,A
1992-11-10,25.47,D,THB,A
1992-11-12,25.46,D,THB,A
1992-11-13,25.46,D,THB,A
1992-11-16,25.45,D,THB,A
1992-11-17,25.51,D,THB,A
1992-11-18,25.5,D,THB,A
1992-11-19,25.48,D,THB,A
1992-11-20,25.46,D,THB,A
1992-11-23,25.5,D,THB,A
1992-11-24,25.48,D,THB,A
1992-11-25,25.47,D,THB,A
1992-11-27,25.51,D,THB,A
1992-11-30,25.52,D,THB,A
1992-12-01,25.525,D,THB,A
1992-12-02,25.53,D,THB,A
1992-12-03,25.5,D,THB,A
1992-12-04,25.51,D,THB,A
1992-12-07,25.49,D,THB,A
1992-12-08,25.47,D,THB,A
1992-12-09,25.44,D,THB,A
1992-12-10,25.46,D,THB,A
1992-12-11,25.47,D,THB,A
1992-12-14,25.47,D,THB,A
1992-12-15,25.48,D,THB,A
1992-12-16,25.48,D,THB,A
1992-12-17,25.45,D,THB,A
1992-12-18,25.445,D,THB,A
1992-12-21,25.46,D,THB,A
1992-12-22,25.44,D,THB,A
1992-12-23,25.48,D,THB,A
1992-12-24,25.5,D,THB,A
1992-12-28,25.5,D,THB,A
1992-12-29,25.565,D,THB,A
1992-12-30,25.53,D,THB,A
1992-12-31,25.53,D,THB,A
1993-01-04,25.54,D,THB,A
1993-01-05,25.57,D,THB,A
1993-01-06,25.535,D,THB,A
1993-01-07,25.55,D,THB,A
1993-01-08,25.56,D,THB,A
1993-01-11,25.56,D,THB,A
1993-01-12,25.54,D,THB,A
1993-01-13,25.56,D,THB,A
1993-01-14,25.54,D,THB,A
1993-01-15,25.56,D,THB,A
1993-01-19,25.53,D,THB,A
1993-01-20,25.53,D,THB,A
1993-01-21,25.5,D,THB,A
1993-01-22,25.52,D,THB,A
1993-01-25,25.49,D,THB,A
1993-01-26,25.44,D,THB,A
1993-01-27,25.46,D,THB,A
1993-01-28,25.47,D,THB,A
1993-01-29,25.49,D,THB,A
1993-02-01,25.55,D,THB,A
1993-02-02,25.57,D,THB,A
1993-02-03,25.55,D,THB,A
1993-02-04,25.55,D,THB,A
1993-02-05,25.61,D,THB,A
1993-02-08,25.6,D,THB,A
1993-02-09,25.58,D,THB,A
1993-02-10,25.54,D,THB,A
1993-02-11,25.56,D,THB,A
1993-02-12,25.51,D,THB,A
1993-02-16,25.53,D,THB,A
1993-02-17,25.48,D,THB,A
1993-02-18,25.48,D,THB,A
1993-02-19,25.455,D,THB,A
1993-02-22,25.415,D,THB,A
1993-02-23,25.38,D,THB,A
1993-02-24,25.4,D,THB,A
1993-02-25,25.44,D,THB,A
1993-02-26,25.445,D,THB,A
1993-03-01,25.47,D,THB,A
1993-03-02,25.46,D,THB,A
1993-03-03,25.425,D,THB,A
1993-03-04,25.41,D,THB,A
1993-03-05,25.4,D,THB,A
1993-03-08,25.47,D,THB,A
1993-03-09,25.41,D,THB,A
1993-03-10,25.46,D,THB,A
1993-03-11,25.48,D,THB,A
1993-03-12,25.455,D,THB,A
1993-03-15,25.48,D,THB,A
1993-03-16,25.47,D,THB,A
1993-03-17,25.435,D,THB,A
1993-03-18,25.435,D,THB,A
1993-03-19,25.39,D,THB,A
1993-03-22,25.39,D,THB,A
1993-03-23,25.39,D,THB,A
1993-03-24,25.39,D,THB,A
1993-03-25,25.39,D,THB,A
1993-03-26,25.42,D,THB,A
1993-03-29,25.38,D,THB,A
1993-03-30,25.39,D,THB,A
1993-03-31,25.38,D,THB,A
1993-04-01,25.34,D,THB,A
1993-04-02,25.32,D,THB,A
1993-04-06,25.3,D,THB,A
1993-04-07,25.3,D,THB,A
1993-04-08,25.3,D,THB,A
1993-04-14,25.24,D,THB,A
1993-04-15,25.28,D,THB,A
1993-04-16,25.285,D,THB,A
1993-04-19,25.28,D,THB,A
1993-04-20,25.28,D,THB,A
1993-04-21,25.2,D,THB,A
1993-04-22,25.2,D,THB,A
1993-04-23,25.19,D,THB,A
1993-04-26,25.17,D,THB,A
1993-04-27,25.17,D,THB,A
1993-04-28,25.22,D,THB,A
1993-04-29,25.22,D,THB,A
1993-04-30,25.23,D,THB,A
1993-05-04,25.21,D,THB,A
1993-05-06,25.2,D,THB,A
1993-05-07,25.19,D,THB,A
1993-05-10,25.2,D,THB,A
1993-05-11,25.26,D,THB,A
1993-05-12,25.26,D,THB,A
1993-05-13,25.27,D,THB,A
1993-05-14,25.29,D,THB,A
1993-05-17,25.24,D,THB,A
1993-05-18,25.275,D,THB,A
1993-05-19,25.295,D,THB,A
1993-05-20,25.27,D,THB,A
1993-05-21,25.24,D,THB,A
1993-05-24,25.255,D,THB,A
1993-05-25,25.25,D,THB,A
1993-05-26,25.205,D,THB,A
1993-05-27,25.195,D,THB,A
1993-05-28,25.11,D,THB,A
1993-06-01,25.13,D,THB,A
1993-06-02,25.14,D,THB,A
1993-06-03,25.15,D,THB,A
1993-06-04,25.145,D,THB,A
1993-06-07,25.18,D,THB,A
1993-06-08,25.165,D,THB,A
1993-06-09,25.155,D,THB,A
1993-06-10,25.175,D,THB,A
1993-06-11,25.165,D,THB,A
1993-06-14,25.14,D,THB,A
1993-06-15,25.13,D,THB,A
1993-06-16,25.17,D,THB,A
1993-06-17,25.21,D,THB,A
1993-06-18,25.215,D,THB,A
1993-06-21,25.32,D,THB,A
1993-06-22,25.35,D,THB,A
1993-06-23,25.36,D,THB,A
1993-06-24,25.3025,D,THB,A
1993-06-25,25.29,D,THB,A
1993-06-28,25.25,D,THB,A
1993-06-29,25.28,D,THB,A
1993-06-30,25.28,D,THB,A
1993-07-01,25.33,D,THB,A
1993-07-02,25.315,D,THB,A
1993-07-06,25.355,D,THB,A
1993-07-07,25.355,D,THB,A
1993-07-08,25.32,D,THB,A
1993-07-09,25.355,D,THB,A
1993-07-12,25.4,D,THB,A
1993-07-13,25.4,D,THB,A
1993-07-14,25.345,D,THB,A
1993-07-15,25.33,D,THB,A
1993-07-16,25.35,D,THB,A
1993-07-19,25.34,D,THB,A
1993-07-20,25.34,D,THB,A
1993-07-21,25.33,D,THB,A
1993-07-22,25.32,D,THB,A
1993-07-23,25.27,D,THB,A
1993-07-26,25.31,D,THB,A
1993-07-27,25.3,D,THB,A
1993-07-28,25.3,D,THB,A
1993-07-29,25.28,D,THB,A
1993-07-30,25.31,D,THB,A
1993-08-02,25.265,D,THB,A
1993-08-03,25.2,D,THB,A
1993-08-04,25.21,D,THB,A
1993-08-05,25.23,D,THB,A
1993-08-06,25.21,D,THB,A
1993-08-09,25.21,D,THB,A
1993-08-10,25.21,D,THB,A
1993-08-11,25.23,D,THB,A
1993-08-13,25.21,D,THB,A
1993-08-16,25.18,D,THB,A
1993-08-17,25.15,D,THB,A
1993-08-18,25.15,D,THB,A
1993-08-19,25.13,D,THB,A
1993-08-20,25.22,D,THB,A
1993-08-23,25.16,D,THB,A
1993-08-24,25.16,D,THB,A
1993-08-25,25.17,D,THB,A
1993-08-26,25.21,D,THB,A
1993-08-27,25.185,D,THB,A
1993-08-30,25.15,D,THB,A
1993-08-31,25.17,D,THB,A
1993-09-01,25.2,D,THB,A
1993-09-02,25.2,D,THB,A
1993-09-03,25.2,D,THB,A
1993-09-07,25.15,D,THB,A
1993-09-08,25.15,D,THB,A
1993-09-09,25.1825,D,THB,A
1993-09-10,25.16,D,THB,A
1993-09-13,25.17,D,THB,A
1993-09-14,25.18,D,THB,A
1993-09-15,25.19,D,THB,A
1993-09-16,25.15,D,THB,A
1993-09-17,25.16,D,THB,A
1993-09-20,25.17,D,THB,A
1993-09-21,25.19,D,THB,A
1993-09-22,25.25,D,THB,A
1993-09-23,25.25,D,THB,A
1993-09-24,25.24,D,THB,A
1993-09-27,25.245,D,THB,A
1993-09-28,25.24,D,THB,A
1993-09-29,25.21,D,THB,A
1993-09-30,25.22,D,THB,A
1993-10-01,25.26,D,THB,A
1993-10-04,25.28,D,THB,A
1993-10-05,25.24,D,THB,A
1993-10-06,25.25,D,THB,A
1993-10-07,25.21,D,THB,A
1993-10-08,25.17,D,THB,A
1993-10-12,25.19,D,THB,A
1993-10-13,25.17,D,THB,A
1993-10-14,25.18,D,THB,A
1993-10-15,25.23,D,THB,A
1993-10-18,25.25,D,THB,A
1993-10-19,25.285,D,THB,A
1993-10-20,25.28,D,THB,A
1993-10-21,25.3,D,THB,A
1993-10-22,25.35,D,THB,A
1993-10-25,25.34,D,THB,A
1993-10-26,25.37,D,THB,A
1993-10-27,25.34,D,THB,A
1993-10-28,25.35,D,THB,A
1993-10-29,25.34,D,THB,A
1993-11-01,25.37,D,THB,A
1993-11-02,25.37,D,THB,A
1993-11-03,25.355,D,THB,A
1993-11-04,25.34,D,THB,A
1993-11-05,25.35,D,THB,A
1993-11-08,25.34,D,THB,A
1993-11-09,25.37,D,THB,A
1993-11-10,25.35,D,THB,A
1993-11-12,25.34,D,THB,A
1993-11-15,25.32,D,THB,A
1993-11-16,25.35,D,THB,A
1993-11-17,25.39,D,THB,A
1993-11-18,25.375,D,THB,A
1993-11-19,25.42,D,THB,A
1993-11-22,25.43,D,THB,A
1993-11-23,25.45,D,THB,A
1993-11-24,25.4,D,THB,A
1993-11-26,25.43,D,THB,A
1993-11-29,25.45,D,THB,A
1993-11-30,25.445,D,THB,A
1993-12-01,25.45,D,THB,A
1993-12-02,25.45,D,THB,A
1993-12-03,25.455,D,THB,A
1993-12-06,25.43,D,THB,A
1993-12-07,25.4,D,THB,A
1993-12-08,25.41,D,THB,A
1993-12-09,25.43,D,THB,A
1993-12-10,25.4,D,THB,A
1993-12-13,25.39,D,THB,A
1993-12-14,25.4,D,THB,A
1993-12-15,25.45,D,THB,A
1993-12-16,25.45,D,THB,A
1993-12-17,25.44,D,THB,A
1993-12-20,25.46,D,THB,A
1993-12-21,25.47,D,THB,A
1993-12-22,25.49,D,THB,A
1993-12-23,25.475,D,THB,A
1993-12-24,25.47,D,THB,A
1993-12-27,25.5,D,THB,A
1993-12-28,25.5,D,THB,A
1993-12-29,25.5,D,THB,A
1993-12-30,25.57,D,THB,A
1993-12-31,25.58,D,THB,A
1994-01-03,25.58,D,THB,A
1994-01-04,25.59,D,THB,A
1994-01-05,25.58,D,THB,A
1994-01-06,25.57,D,THB,A
1994-01-07,25.57,D,THB,A
1994-01-10,25.56,D,THB,A
1994-01-11,25.58,D,THB,A
1994-01-12,25.58,D,THB,A
1994-01-13,25.6,D,THB,A
1994-01-14,25.58,D,THB,A
1994-01-18,25.57,D,THB,A
1994-01-19,25.52,D,THB,A
1994-01-20,25.53,D,THB,A
1994-01-21,25.52,D,THB,A
1994-01-24,25.53,D,THB,A
1994-01-25,25.5475,D,THB,A
1994-01-26,25.49,D,THB,A
1994-01-27,25.475,D,THB,A
1994-01-28,25.44,D,THB,A
1994-01-31,25.45,D,THB,A
1994-02-01,25.405,D,THB,A
1994-02-02,25.395,D,THB,A
1994-02-03,25.41,D,THB,A
1994-02-04,25.445,D,THB,A
1994-02-07,25.45,D,THB,A
1994-02-08,25.45,D,THB,A
1994-02-09,25.43,D,THB,A
1994-02-10,25.48,D,THB,A
1994-02-11,25.47,D,THB,A
1994-02-14,25.348,D,THB,A
1994-02-15,25.32,D,THB,A
1994-02-16,25.3,D,THB,A
1994-02-17,25.315,D,THB,A
1994-02-18,25.335,D,THB,A
1994-02-22,25.35,D,THB,A
1994-02-23,25.355,D,THB,A
1994-02-24,25.365,D,THB,A
1994-02-25,25.32,D,THB,A
1994-02-28,25.31,D,THB,A
1994-03-01,25.35,D,THB,A
1994-03-02,25.28,D,THB,A
1994-03-03,25.32,D,THB,A
1994-03-04,25.33,D,THB,A
1994-03-07,25.32,D,THB,A
1994-03-08,25.31,D,THB,A
1994-03-09,25.32,D,THB,A
1994-03-10,25.31,D,THB,A
1994-03-11,25.28,D,THB,A
1994-03-14,25.31,D,THB,A
1994-03-15,25.32,D,THB,A
1994-03-16,25.31,D,THB,A
1994-03-17,25.3075,D,THB,A
1994-03-18,25.32,D,THB,A
1994-03-21,25.3,D,THB,A
1994-03-22,25.295,D,THB,A
1994-03-23,25.97,D,THB,A
1994-03-24,25.2725,D,THB,A
1994-03-25,25.255,D,THB,A
1994-03-28,25.27,D,THB,A
1994-03-29,25.23,D,THB,A
1994-03-30,25.24,D,THB,A
1994-03-31,25.25,D,THB,A
1994-04-01,25.25,D,THB,A
1994-04-04,25.26,D,THB,A
1994-04-05,25.3,D,THB,A
1994-04-06,25.33,D,THB,A
1994-04-07,25.34,D,THB,A
1994-04-08,25.34,D,THB,A
1994-04-11,25.26,D,THB,A
1994-04-12,25.27,D,THB,A
1994-04-13,25.27,D,THB,A
1994-04-14,25.27,D,THB,A
1994-04-15,25.28,D,THB,A
1994-04-18,25.28,D,THB,A
1994-04-19,25.25,D,THB,A
1994-04-20,25.2475,D,THB,A
1994-04-21,25.24,D,THB,A
1994-04-22,25.24,D,THB,A
1994-04-25,25.23,D,THB,A
1994-04-26,25.24,D,THB,A
1994-04-27,25.24,D,THB,A
1994-04-28,25.24,D,THB,A
1994-04-29,25.24,D,THB,A
1994-05-02,25.19,D,THB,A
1994-05-03,25.18,D,THB,A
1994-05-04,25.21,D,THB,A
1994-05-05,25.23,D,THB,A
1994-05-06,25.2,D,THB,A
1994-05-09,25.21,D,THB,A
1994-05-10,25.23,D,THB,A
1994-05-11,25.25,D,THB,A
1994-05-12,25.25,D,THB,A
1994-05-13,25.25,D,THB,A
1994-05-16,25.23,D,THB,A
1994-05-17,25.23,D,THB,A
1994-05-18,25.22,D,THB,A
1994-05-19,25.23,D,THB,A
1994-05-20,25.19,D,THB,A
1994-05-23,25.17,D,THB,A
1994-05-24,25.185,D,THB,A
1994-05-25,25.18,D,THB,A
1994-05-26,25.2,D,THB,A
1994-05-27,25.21,D,THB,A
1994-05-31,25.21,D,THB,A
1994-06-01,25.22,D,THB,A
1994-06-02,25.22,D,THB,A
1994-06-03,25.24,D,THB,A
1994-06-06,25.23,D,THB,A
1994-06-07,25.25,D,THB,A
1994-06-08,25.225,D,THB,A
1994-06-09,25.21,D,THB,A
1994-06-10,25.195,D,THB,A
1994-06-13,25.16,D,THB,A
1994-06-14,25.14,D,THB,A
1994-06-15,25.14,D,THB,A
1994-06-16,25.16,D,THB,A
1994-06-17,25.14,D,THB,A
1994-06-20,25.09,D,THB,A
1994-06-21,25.05,D,THB,A
1994-06-22,25.05,D,THB,A
1994-06-23,25.07,D,THB,A
1994-06-24,25.09,D,THB,A
1994-06-27,25.02,D,THB,A
1994-06-28,25.04,D,THB,A
1994-06-29,25.03,D,THB,A
1994-06-30,25.04,D,THB,A
1994-07-01,25.04,D,THB,A
1994-07-05,25.01,D,THB,A
1994-07-06,24.97,D,THB,A
1994-07-07,25.0,D,THB,A
1994-07-08,25.0,D,THB,A
1994-07-11,24.95,D,THB,A
1994-07-12,24.91,D,THB,A
1994-07-13,24.94,D,THB,A
1994-07-14,24.96,D,THB,A
1994-07-15,24.96,D,THB,A
1994-07-18,24.96,D,THB,A
1994-07-19,24.98,D,THB,A
1994-07-20,24.97,D,THB,A
1994-07-21,24.97,D,THB,A
1994-07-22,25.0,D,THB,A
1994-07-25,24.99,D,THB,A
1994-07-26,24.97,D,THB,A
1994-07-27,24.96,D,THB,A
1994-07-28,24.99,D,THB,A
1994-07-29,25.01,D,THB,A
1994-08-01,24.97,D,THB,A
1994-08-02,25.03,D,THB,A
1994-08-03,25.04,D,THB,A
1994-08-04,25.03,D,THB,A
1994-08-05,25.04,D,THB,A
1994-08-08,25.06,D,THB,A
1994-08-09,25.08,D,THB,A
1994-08-10,25.06,D,THB,A
1994-08-11,25.06,D,THB,A
1994-08-12,25.02,D,THB,A
1994-08-15,25.01,D,THB,A
1994-08-16,25.0,D,THB,A
1994-08-17,25.04,D,THB,A
1994-08-18,25.0,D,THB,A
1994-08-19,24.98,D,THB,A
1994-08-22,25.0,D,THB,A
1994-08-23,24.98,D,THB,A
1994-08-24,24.965,D,THB,A
1994-08-25,24.99,D,THB,A
1994-08-26,25.025,D,THB,A
1994-08-29,25.03,D,THB,A
1994-08-30,25.04,D,THB,A
1994-08-31,25.04,D,THB,A
1994-09-01,25.025,D,THB,A
1994-09-02,24.98,D,THB,A
1994-09-06,24.97,D,THB,A
1994-09-07,24.98,D,THB,A
1994-09-08,25.0,D,THB,A
1994-09-09,24.96,D,THB,A
1994-09-12,24.97,D,THB,A
1994-09-13,24.97,D,THB,A
1994-09-14,24.96,D,THB,A
1994-09-16,24.96,D,THB,A
1994-09-19,24.97,D,THB,A
1994-09-20,24.945,D,THB,A
1994-09-21,24.94,D,THB,A
1994-09-22,24.945,D,THB,A
1994-09-23,24.93,D,THB,A
1994-09-26,24.97,D,THB,A
1994-09-27,24.95,D,THB,A
1994-09-28,24.97,D,THB,A
1994-09-29,24.98,D,THB,A
1994-09-30,24.99,D,THB,A
1994-10-03,25.02,D,THB,A
1994-10-04,25.02,D,THB,A
1994-10-05,25.01,D,THB,A
1994-10-06,25.025,D,THB,A
1994-10-07,25.04,D,THB,A
1994-10-11,25.05,D,THB,A
1994-10-12,25.04,D,THB,A
1994-10-13,25.04,D,THB,A
1994-10-14,24.98,D,THB,A
1994-10-17,24.955,D,THB,A
1994-10-18,24.93,D,THB,A
1994-10-19,24.93,D,THB,A
1994-10-20,24.93,D,THB,A
1994-10-21,24.9,D,THB,A
1994-10-24,25.59,D,THB,A
1994-10-25,24.92,D,THB,A
1994-10-26,24.91,D,THB,A
1994-10-27,24.89,D,THB,A
1994-10-28,24.93,D,THB,A
1994-10-31,24.91,D,THB,A
1994-11-01,24.91,D,THB,A
1994-11-02,24.92,D,THB,A
1994-11-03,24.96,D,THB,A
1994-11-04,24.955,D,THB,A
1994-11-07,24.9275,D,THB,A
1994-11-08,24.93,D,THB,A
1994-11-09,24.965,D,THB,A
1994-11-10,24.98,D,THB,A
1994-11-14,25.01,D,THB,A
1994-11-15,25.015,D,THB,A
1994-11-16,25.02,D,THB,A
1994-11-17,25.01,D,THB,A
1994-11-18,25.02,D,THB,A
1994-11-21,25.02,D,THB,A
1994-11-22,25.0,D,THB,A
1994-11-23,25.01,D,THB,A
1994-11-25,25.045,D,THB,A
1994-11-28,25.04,D,THB,A
1994-11-29,25.045,D,THB,A
1994-11-30,25.0475,D,THB,A
1994-12-01,25.06,D,THB,A
1994-12-02,25.095,D,THB,A
1994-12-05,25.09,D,THB,A
1994-12-06,25.1,D,THB,A
1994-12-07,25.09,D,THB,A
1994-12-08,25.1,D,THB,A
1994-12-09,25.1,D,THB,A
1994-12-12,25.1,D,THB,A
1994-12-13,25.1,D,THB,A
1994-12-14,25.13,D,THB,A
1994-12-15,25.12,D,THB,A
1994-12-16,25.115,D,THB,A
1994-12-19,25.13,D,THB,A
1994-12-20,25.11,D,THB,A
1994-12-21,25.12,D,THB,A
1994-12-22,25.12,D,THB,A
1994-12-23,25.14,D,THB,A
1994-12-27,25.13,D,THB,A
1994-12-28,25.134,D,THB,A
1994-12-29,25.095,D,THB,A
1994-12-30,25.105,D,THB,A
1995-01-03,25.115,D,THB,A
1995-01-04,25.14,D,THB,A
1995-01-05,25.14,D,THB,A
1995-01-06,25.14,D,THB,A
1995-01-09,25.13,D,THB,A
1995-01-10,25.13,D,THB,A
1995-01-11,25.12,D,THB,A
1995-01-12,25.7,D,THB,A
1995-01-13,25.25,D,THB,A
1995-01-17,25.055,D,THB,A
1995-01-18,25.07,D,THB,A
1995-01-19,25.06,D,THB,A
1995-01-20,25.08,D,THB,A
1995-01-23,25.07,D,THB,A
1995-01-24,25.07,D,THB,A
1995-01-25,25.09,D,THB,A
1995-01-26,25.09,D,THB,A
1995-01-27,25.06,D,THB,A
1995-01-30,25.05,D,THB,A
1995-01-31,25.1,D,THB,A
1995-02-01,25.07,D,THB,A
1995-02-02,25.06,D,THB,A
1995-02-03,25.09,D,THB,A
1995-02-06,25.07,D,THB,A
1995-02-07,25.08,D,THB,A
1995-02-08,25.08,D,THB,A
1995-02-09,25.07,D,THB,A
1995-02-10,25.06,D,THB,A
1995-02-13,25.04,D,THB,A
1995-02-14,25.04,D,THB,A
1995-02-15,25.03,D,THB,A
1995-02-16,25.01,D,THB,A
1995-02-17,24.99,D,THB,A
1995-02-21,24.97,D,THB,A
1995-02-22,24.93,D,THB,A
1995-02-23,24.93,D,THB,A
1995-02-24,24.95,D,THB,A
1995-02-27,24.95,D,THB,A
1995-02-28,24.95,D,THB,A
1995-03-01,24.95,D,THB,A
1995-03-02,24.92,D,THB,A
1995-03-03,24.86,D,THB,A
1995-03-06,24.83,D,THB,A
1995-03-07,24.79,D,THB,A
1995-03-08,24.77,D,THB,A
1995-03-09,24.75,D,THB,A
1995-03-10,24.79,D,THB,A
1995-03-13,24.75,D,THB,A
1995-03-14,24.78,D,THB,A
1995-03-15,24.73,D,THB,A
1995-03-16,24.74,D,THB,A
1995-03-17,24.72,D,THB,A
1995-03-20,24.73,D,THB,A
1995-03-21,24.73,D,THB,A
1995-03-22,24.72,D,THB,A
1995-03-23,24.7,D,THB,A
1995-03-24,24.72,D,THB,A
1995-03-27,24.73,D,THB,A
1995-03-28,24.69,D,THB,A
1995-03-29,24.68,D,THB,A
1995-03-30,24.76,D,THB,A
1995-03-31,24.65,D,THB,A
1995-04-03,24.62,D,THB,A
1995-04-04,24.63,D,THB,A
1995-04-05,24.64,D,THB,A
1995-04-06,24.6,D,THB,A
1995-04-07,24.6,D,THB,A
1995-04-10,24.595,D,THB,A
1995-04-11,24.62,D,THB,A
1995-04-12,24.61,D,THB,A
1995-04-13,24.57,D,THB,A
1995-04-14,24.56,D,THB,A
1995-04-17,24.52,D,THB,A
1995-04-18,24.49,D,THB,A
1995-04-19,24.47,D,THB,A
1995-04-20,24.54,D,THB,A
1995-04-21,24.55,D,THB,A
1995-04-24,24.56,D,THB,A
1995-04-25,24.52,D,THB,A
1995-04-26,24.57,D,THB,A
1995-04-27,24.58,D,THB,A
1995-04-28,24.6,D,THB,A
1995-05-01,24.6,D,THB,A
1995-05-02,24.56,D,THB,A
1995-05-03,24.58,D,THB,A
1995-05-04,24.56,D,THB,A
1995-05-05,24.58,D,THB,A
1995-05-08,24.54,D,THB,A
1995-05-09,24.54,D,THB,A
1995-05-10,24.59,D,THB,A
1995-05-11,24.68,D,THB,A
1995-05-12,24.74,D,THB,A
1995-05-15,24.73,D,THB,A
1995-05-16,24.71,D,THB,A
1995-05-17,24.74,D,THB,A
1995-05-18,24.8,D,THB,A
1995-05-19,24.76,D,THB,A
1995-05-22,24.76,D,THB,A
1995-05-23,24.75,D,THB,A
1995-05-24,24.75,D,THB,A
1995-05-25,24.69,D,THB,A
1995-05-26,24.62,D,THB,A
1995-05-30,24.6,D,THB,A
1995-05-31,24.7,D,THB,A
1995-06-01,24.69,D,THB,A
1995-06-02,24.69,D,THB,A
1995-06-05,24.66,D,THB,A
1995-06-06,24.69,D,THB,A
1995-06-07,24.65,D,THB,A
1995-06-08,24.7,D,THB,A
1995-06-09,24.66,D,THB,A
1995-06-12,24.64,D,THB,A
1995-06-13,24.64,D,THB,A
1995-06-14,24.65,D,THB,A
1995-06-15,24.68,D,THB,A
1995-06-16,24.67,D,THB,A
1995-06-19,24.67,D,THB,A
1995-06-20,24.66,D,THB,A
1995-06-21,24.66,D,THB,A
1995-06-22,24.68,D,THB,A
1995-06-23,24.67,D,THB,A
1995-06-26,24.67,D,THB,A
1995-06-27,24.66,D,THB,A
1995-06-28,24.71,D,THB,A
1995-06-29,24.69,D,THB,A
1995-06-30,24.69,D,THB,A
1995-07-03,24.68,D,THB,A
1995-07-05,24.69,D,THB,A
1995-07-06,24.7,D,THB,A
1995-07-07,24.75,D,THB,A
1995-07-10,24.75,D,THB,A
1995-07-11,24.77,D,THB,A
1995-07-12,24.78,D,THB,A
1995-07-13,24.75,D,THB,A
1995-07-14,24.75,D,THB,A
1995-07-17,24.78,D,THB,A
1995-07-18,24.78,D,THB,A
1995-07-19,24.77,D,THB,A
1995-07-20,24.77,D,THB,A
1995-07-21,24.79,D,THB,A
1995-07-24,24.76,D,THB,A
1995-07-25,24.77,D,THB,A
1995-07-26,24.76,D,THB,A
1995-07-27,24.76,D,THB,A
1995-07-28,24.76,D,THB,A
1995-07-31,24.77,D,THB,A
1995-08-01,24.77,D,THB,A
1995-08-02,24.82,D,THB,A
1995-08-03,24.79,D,THB,A
1995-08-04,24.82,D,THB,A
1995-08-07,24.83,D,THB,A
1995-08-08,24.85,D,THB,A
1995-08-09,24.84,D,THB,A
1995-08-10,24.89,D,THB,A
1995-08-11,24.91,D,THB,A
1995-08-14,24.92,D,THB,A
1995-08-15,25.03,D,THB,A
1995-08-16,25.08,D,THB,A
1995-08-17,25.09,D,THB,A
1995-08-18,25.01,D,THB,A
1995-08-21,25.05,D,THB,A
1995-08-22,25.04,D,THB,A
1995-08-23,25.04,D,THB,A
1995-08-24,25.06,D,THB,A
1995-08-25,25.04,D,THB,A
1995-08-28,25.01,D,THB,A
1995-08-29,25.05,D,THB,A
1995-08-30,25.09,D,THB,A
1995-08-31,25.06,D,THB,A
1995-09-01,25.05,D,THB,A
1995-09-05,25.06,D,THB,A
1995-09-06,25.09,D,THB,A
1995-09-07,25.09,D,THB,A
1995-09-08,25.12,D,THB,A
1995-09-11,25.1,D,THB,A
1995-09-12,25.13,D,THB,A
1995-09-13,25.175,D,THB,A
1995-09-14,25.18,D,THB,A
1995-09-15,25.2,D,THB,A
1995-09-18,25.2,D,THB,A
1995-09-19,25.23,D,THB,A
1995-09-20,25.19,D,THB,A
1995-09-21,25.13,D,THB,A
1995-09-22,25.07,D,THB,A
1995-09-25,25.12,D,THB,A
1995-09-26,25.13,D,THB,A
1995-09-27,25.11,D,THB,A
1995-09-28,25.1,D,THB,A
1995-09-29,25.1,D,THB,A
1995-10-02,25.14,D,THB,A
1995-10-03,25.15,D,THB,A
1995-10-04,25.14,D,THB,A
1995-10-05,25.12,D,THB,A
1995-10-06,25.13,D,THB,A
1995-10-10,25.1,D,THB,A
1995-10-11,25.12,D,THB,A
1995-10-12,25.1,D,THB,A
1995-10-13,25.11,D,THB,A
1995-10-16,25.11,D,THB,A
1995-10-17,25.1,D,THB,A
1995-10-18,25.11,D,THB,A
1995-10-19,25.1,D,THB,A
1995-10-20,25.08,D,THB,A
1995-10-23,25.08,D,THB,A
1995-10-24,25.06,D,THB,A
1995-10-25,25.1,D,THB,A
1995-10-26,25.12,D,THB,A
1995-10-27,25.13,D,THB,A
1995-10-30,25.15,D,THB,A
1995-10-31,25.17,D,THB,A
1995-11-01,25.21,D,THB,A
1995-11-02,25.25,D,THB,A
1995-11-03,25.24,D,THB,A
1995-11-06,25.22,D,THB,A
1995-11-07,25.2,D,THB,A
1995-11-08,25.17,D,THB,A
1995-11-09,25.16,D,THB,A
1995-11-10,25.14,D,THB,A
1995-11-13,25.17,D,THB,A
1995-11-14,25.15,D,THB,A
1995-11-15,25.13,D,THB,A
1995-11-16,25.15,D,THB,A
1995-11-17,25.14,D,THB,A
1995-11-20,25.13,D,THB,A
1995-11-21,25.13,D,THB,A
1995-11-22,25.12,D,THB,A
1995-11-24,25.14,D,THB,A
1995-11-27,25.16,D,THB,A
1995-11-28,25.16,D,THB,A
1995-11-29,25.15,D,THB,A
1995-11-30,25.17,D,THB,A
1995-12-01,25.16,D,THB,A
1995-12-04,25.15,D,THB,A
1995-12-05,25.14,D,THB,A
1995-12-06,25.15,D,THB,A
1995-12-07,25.16,D,THB,A
1995-12-08,25.17,D,THB,A
1995-12-11,25.14,D,THB,A
1995-12-12,25.17,D,THB,A
1995-12-13,25.16,D,THB,A
1995-12-14,25.14,D,THB,A
1995-12-15,25.16,D,THB,A
1995-12-18,25.15,D,THB,A
1995-12-19,25.16,D,THB,A
1995-12-20,25.18,D,THB,A
1995-12-21,25.18,D,THB,A
1995-12-22,25.18,D,THB,A
1995-12-26,25.17,D,THB,A
1995-12-27,25.17,D,THB,A
1995-12-28,25.19,D,THB,A
1995-12-29,25.2,D,THB,A
1996-01-02,25.19,D,THB,A
1996-01-03,25.23,D,THB,A
1996-01-04,25.27,D,THB,A
1996-01-05,25.25,D,THB,A
1996-01-08,25.26,D,THB,A
1996-01-09,25.5,D,THB,A
1996-01-10,25.25,D,THB,A
1996-01-11,25.24,D,THB,A
1996-01-12,25.28,D,THB,A
1996-01-16,25.27,D,THB,A
1996-01-17,25.27,D,THB,A
1996-01-18,25.3,D,THB,A
1996-01-19,25.3,D,THB,A
1996-01-22,25.3,D,THB,A
1996-01-23,25.31,D,THB,A
1996-01-24,25.33,D,THB,A
1996-01-25,25.34,D,THB,A
1996-01-26,25.35,D,THB,A
1996-01-29,25.33,D,THB,A
1996-01-30,25.35,D,THB,A
1996-01-31,25.34,D,THB,A
1996-02-01,25.34,D,THB,A
1996-02-02,25.35,D,THB,A
1996-02-05,25.26,D,THB,A
1996-02-06,25.26,D,THB,A
1996-02-07,25.25,D,THB,A
1996-02-08,25.28,D,THB,A
1996-02-09,25.28,D,THB,A
1996-02-12,25.27,D,THB,A
1996-02-13,25.3,D,THB,A
1996-02-14,25.27,D,THB,A
1996-02-15,25.24,D,THB,A
1996-02-16,25.24,D,THB,A
1996-02-20,25.22,D,THB,A
1996-02-21,25.24,D,THB,A
1996-02-22,25.22,D,THB,A
1996-02-23,25.2,D,THB,A
1996-02-26,25.17,D,THB,A
1996-02-27,25.18,D,THB,A
1996-02-28,25.2,D,THB,A
1996-02-29,25.22,D,THB,A
1996-03-01,25.22,D,THB,A
1996-03-04,25.5,D,THB,A
1996-03-05,25.2,D,THB,A
1996-03-06,25.21,D,THB,A
1996-03-07,25.21,D,THB,A
1996-03-08,25.22,D,THB,A
1996-03-11,25.23,D,THB,A
1996-03-12,25.22,D,THB,A
1996-03-13,25.23,D,THB,A
1996-03-14,25.24,D,THB,A
1996-03-15,25.24,D,THB,A
1996-03-18,25.25,D,THB,A
1996-03-19,25.26,D,THB,A
1996-03-20,25.26,D,THB,A
1996-03-21,25.26,D,THB,A
1996-03-22,25.27,D,THB,A
1996-03-25,25.26,D,THB,A
1996-03-26,25.23,D,THB,A
1996-03-27,25.25,D,THB,A
1996-03-28,25.24,D,THB,A
1996-03-29,25.26,D,THB,A
1996-04-01,25.27,D,THB,A
1996-04-02,25.26,D,THB,A
1996-04-03,25.24,D,THB,A
1996-04-04,25.24,D,THB,A
1996-04-05,25.26,D,THB,A
1996-04-08,25.27,D,THB,A
1996-04-09,25.3,D,THB,A
1996-04-10,25.33,D,THB,A
1996-04-11,25.33,D,THB,A
1996-04-12,25.33,D,THB,A
1996-04-15,25.33,D,THB,A
1996-04-16,25.32,D,THB,A
1996-04-17,25.32,D,THB,A
1996-04-18,25.3,D,THB,A
1996-04-19,25.29,D,THB,A
1996-04-22,25.3,D,THB,A
1996-04-23,25.28,D,THB,A
1996-04-24,25.3,D,THB,A
1996-04-25,25.3,D,THB,A
1996-04-26,25.3,D,THB,A
1996-04-29,25.25,D,THB,A
1996-04-30,25.26,D,THB,A
1996-05-01,25.27,D,THB,A
1996-05-02,25.26,D,THB,A
1996-05-03,25.28,D,THB,A
1996-05-06,25.26,D,THB,A
1996-05-07,25.24,D,THB,A
1996-05-08,25.23,D,THB,A
1996-05-09,25.23,D,THB,A
1996-05-10,25.25,D,THB,A
1996-05-13,25.25,D,THB,A
1996-05-14,25.28,D,THB,A
1996-05-15,25.28,D,THB,A
1996-05-16,25.3,D,THB,A
1996-05-17,25.3,D,THB,A
1996-05-20,25.31,D,THB,A
1996-05-21,25.31,D,THB,A
1996-05-22,25.31,D,THB,A
1996-05-23,25.32,D,THB,A
1996-05-24,25.33,D,THB,A
1996-05-28,25.36,D,THB,A
1996-05-29,25.36,D,THB,A
1996-05-30,25.31,D,THB,A
1996-05-31,25.32,D,THB,A
1996-06-03,25.34,D,THB,A
1996-06-04,25.34,D,THB,A
1996-06-05,25.35,D,THB,A
1996-06-06,25.37,D,THB,A
1996-06-07,25.36,D,THB,A
1996-06-10,25.36,D,THB,A
1996-06-11,25.37,D,THB,A
1996-06-12,25.37,D,THB,A
1996-06-13,25.36,D,THB,A
1996-06-14,25.35,D,THB,A
1996-06-17,25.34,D,THB,A
1996-06-18,25.31,D,THB,A
1996-06-19,25.31,D,THB,A
1996-06-20,25.32,D,THB,A
1996-06-21,25.36,D,THB,A
1996-06-24,25.35,D,THB,A
1996-06-25,25.36,D,THB,A
1996-06-26,25.38,D,THB,A
1996-06-27,25.38,D,THB,A
1996-06-28,25.4,D,THB,A
1996-07-01,25.38,D,THB,A
1996-07-02,25.39,D,THB,A
1996-07-03,25.42,D,THB,A
1996-07-05,25.42,D,THB,A
1996-07-08,25.43,D,THB,A
1996-07-09,25.41,D,THB,A
1996-07-10,25.42,D,THB,A
1996-07-11,25.42,D,THB,A
1996-07-12,25.43,D,THB,A
1996-07-15,25.41,D,THB,A
1996-07-16,25.35,D,THB,A
1996-07-17,25.33,D,THB,A
1996-07-18,25.32,D,THB,A
1996-07-19,25.31,D,THB,A
1996-07-22,25.3,D,THB,A
1996-07-23,25.29,D,THB,A
1996-07-24,25.27,D,THB,A
1996-07-25,25.29,D,THB,A
1996-07-26,25.34,D,THB,A
1996-07-29,25.33,D,THB,A
1996-07-30,25.3,D,THB,A
1996-07-31,25.25,D,THB,A
1996-08-01,25.25,D,THB,A
1996-08-02,25.27,D,THB,A
1996-08-05,25.25,D,THB,A
1996-08-06,25.25,D,THB,A
1996-08-07,25.28,D,THB,A
1996-08-08,25.31,D,THB,A
1996-08-09,25.31,D,THB,A
1996-08-12,25.29,D,THB,A
1996-08-13,25.29,D,THB,A
1996-08-14,25.27,D,THB,A
1996-08-15,25.3,D,THB,A
1996-08-16,25.3,D,THB,A
1996-08-19,25.28,D,THB,A
1996-08-20,25.29,D,THB,A
1996-08-21,25.31,D,THB,A
1996-08-22,25.31,D,THB,A
1996-08-23,25.31,D,THB,A
1996-08-26,25.29,D,THB,A
1996-08-27,25.28,D,THB,A
1996-08-28,25.29,D,THB,A
1996-08-29,25.31,D,THB,A
1996-08-30,25.32,D,THB,A
1996-09-03,25.5,D,THB,A
1996-09-04,25.29,D,THB,A
1996-09-05,25.34,D,THB,A
1996-09-06,25.36,D,THB,A
1996-09-09,25.35,D,THB,A
1996-09-10,25.8,D,THB,A
1996-09-11,25.39,D,THB,A
1996-09-12,25.39,D,THB,A
1996-09-13,25.41,D,THB,A
1996-09-16,25.41,D,THB,A
1996-09-17,25.4,D,THB,A
1996-09-18,25.36,D,THB,A
1996-09-19,25.37,D,THB,A
1996-09-20,25.39,D,THB,A
1996-09-23,25.38,D,THB,A
1996-09-24,25.38,D,THB,A
1996-09-25,25.37,D,THB,A
1996-09-26,25.41,D,THB,A
1996-09-27,25.42,D,THB,A
1996-09-30,25.42,D,THB,A
1996-10-01,25.43,D,THB,A
1996-10-02,25.44,D,THB,A
1996-10-03,25.43,D,THB,A
1996-10-04,25.44,D,THB,A
1996-10-07,25.45,D,THB,A
1996-10-08,25.44,D,THB,A
1996-10-09,25.44,D,THB,A
1996-10-10,25.45,D,THB,A
1996-10-11,25.46,D,THB,A
1996-10-15,25.48,D,THB,A
1996-10-16,25.48,D,THB,A
1996-10-17,25.5,D,THB,A
1996-10-18,25.5,D,THB,A
1996-10-21,25.49,D,THB,A
1996-10-22,25.48,D,THB,A
1996-10-23,25.47,D,THB,A
1996-10-24,25.49,D,THB,A
1996-10-25,25.5,D,THB,A
1996-10-28,25.53,D,THB,A
1996-10-29,25.52,D,THB,A
1996-10-30,25.5,D,THB,A
1996-10-31,25.51,D,THB,A
1996-11-01,25.51,D,THB,A
1996-11-04,25.49,D,THB,A
1996-11-05,25.51,D,THB,A
1996-11-06,25.5,D,THB,A
1996-11-07,25.45,D,THB,A
1996-11-08,25.45,D,THB,A
1996-11-12,25.43,D,THB,A
1996-11-13,25.44,D,THB,A
1996-11-14,25.45,D,THB,A
1996-11-15,25.42,D,THB,A
1996-11-18,25.42,D,THB,A
1996-11-19,25.43,D,THB,A
1996-11-20,25.41,D,THB,A
1996-11-21,25.42,D,THB,A
1996-11-22,25.42,D,THB,A
1996-11-25,25.46,D,THB,A
1996-11-26,25.47,D,THB,A
1996-11-27,25.5,D,THB,A
1996-11-29,25.54,D,THB,A
1996-12-02,25.55,D,THB,A
1996-12-03,25.57,D,THB,A
1996-12-04,25.58,D,THB,A
1996-12-05,25.54,D,THB,A
1996-12-06,25.56,D,THB,A
1996-12-09,25.57,D,THB,A
1996-12-10,25.57,D,THB,A
1996-12-11,25.56,D,THB,A
1996-12-12,25.57,D,THB,A
1996-12-13,25.58,D,THB,A
1996-12-16,25.62,D,THB,A
1996-12-17,25.59,D,THB,A
1996-12-18,25.75,D,THB,A
1996-12-19,25.6,D,THB,A
1996-12-20,25.62,D,THB,A
1996-12-23,25.61,D,THB,A
1996-12-24,25.6,D,THB,A
1996-12-26,25.63,D,THB,A
1996-12-27,25.64,D,THB,A
1996-12-30,25.64,D,THB,A
1996-12-31,25.65,D,THB,A
1997-01-02,25.62,D,THB,A
1997-01-03,25.64,D,THB,A
1997-01-06,25.63,D,THB,A
1997-01-07,25.6,D,THB,A
1997-01-08,25.62,D,THB,A
1997-01-09,25.63,D,THB,A
1997-01-10,25.63,D,THB,A
1997-01-13,25.65,D,THB,A
1997-01-14,25.65,D,THB,A
1997-01-15,25.66,D,THB,A
1997-01-16,25.67,D,THB,A
1997-01-17,25.68,D,THB,A
1997-01-21,25.75,D,THB,A
1997-01-22,25.77,D,THB,A
1997-01-23,25.81,D,THB,A
1997-01-24,25.8,D,THB,A
1997-01-27,25.81,D,THB,A
1997-01-28,25.85,D,THB,A
1997-01-29,25.89,D,THB,A
1997-01-30,25.97,D,THB,A
1997-01-31,25.91,D,THB,A
1997-02-03,25.9,D,THB,A
1997-02-04,25.91,D,THB,A
1997-02-05,25.94,D,THB,A
1997-02-06,25.98,D,THB,A
1997-02-07,26.05,D,THB,A
1997-02-10,25.94,D,THB,A
1997-02-11,25.94,D,THB,A
1997-02-12,25.99,D,THB,A
1997-02-13,26.04,D,THB,A
1997-02-14,26.1,D,THB,A
1997-02-18,26.02,D,THB,A
1997-02-19,26.0,D,THB,A
1997-02-20,25.94,D,THB,A
1997-02-21,25.95,D,THB,A
1997-02-24,25.89,D,THB,A
1997-02-25,25.9,D,THB,A
1997-02-26,25.9,D,THB,A
1997-02-27,25.89,D,THB,A
1997-02-28,25.9,D,THB,A
1997-03-03,25.89,D,THB,A
1997-03-04,25.94,D,THB,A
1997-03-05,25.95,D,THB,A
1997-03-06,25.96,D,THB,A
1997-03-07,25.95,D,THB,A
1997-03-10,25.94,D,THB,A
1997-03-11,25.96,D,THB,A
1997-03-12,25.92,D,THB,A
1997-03-13,25.95,D,THB,A
1997-03-14,25.97,D,THB,A
1997-03-17,25.96,D,THB,A
1997-03-18,25.92,D,THB,A
1997-03-19,25.93,D,THB,A
1997-03-20,25.96,D,THB,A
1997-03-21,25.96,D,THB,A
1997-03-24,25.97,D,THB,A
1997-03-25,25.99,D,THB,A
1997-03-26,26.03,D,THB,A
1997-03-27,26.02,D,THB,A
1997-03-28,25.99,D,THB,A
1997-03-31,25.97,D,THB,A
1997-04-01,25.96,D,THB,A
1997-04-02,25.96,D,THB,A
1997-04-03,25.98,D,THB,A
1997-04-04,25.99,D,THB,A
1997-04-07,26.05,D,THB,A
1997-04-08,26.09,D,THB,A
1997-04-09,26.11,D,THB,A
1997-04-10,26.08,D,THB,A
1997-04-11,26.09,D,THB,A
1997-04-14,26.08,D,THB,A
1997-04-15,26.06,D,THB,A
1997-04-16,26.08,D,THB,A
1997-04-17,26.08,D,THB,A
1997-04-18,26.08,D,THB,A
1997-04-21,26.07,D,THB,A
1997-04-22,26.07,D,THB,A
1997-04-23,26.07,D,THB,A
1997-04-24,26.07,D,THB,A
1997-04-25,26.08,D,THB,A
1997-04-28,26.11,D,THB,A
1997-04-29,26.12,D,THB,A
1997-04-30,26.13,D,THB,A
1997-05-01,26.11,D,THB,A
1997-05-02,26.09,D,THB,A
1997-05-05,26.1,D,THB,A
1997-05-06,26.08,D,THB,A
1997-05-07,26.07,D,THB,A
1997-05-08,26.05,D,THB,A
1997-05-09,25.99,D,THB,A
1997-05-12,25.94,D,THB,A
1997-05-13,25.95,D,THB,A
1997-05-14,25.9,D,THB,A
1997-05-15,25.37,D,THB,A
1997-05-16,25.89,D,THB,A
1997-05-19,25.39,D,THB,A
1997-05-20,25.1,D,THB,A
1997-05-21,25.28,D,THB,A
1997-05-22,25.74,D,THB,A
1997-05-23,25.7,D,THB,A
1997-05-27,25.87,D,THB,A
1997-05-28,25.82,D,THB,A
1997-05-29,25.57,D,THB,A
1997-05-30,24.75,D,THB,A
1997-06-02,24.9,D,THB,A
1997-06-03,24.92,D,THB,A
1997-06-04,24.7,D,THB,A
1997-06-05,24.0,D,THB,A
1997-06-06,23.95,D,THB,A
1997-06-09,24.4,D,THB,A
1997-06-10,24.1,D,THB,A
1997-06-11,23.95,D,THB,A
1997-06-12,24.05,D,THB,A
1997-06-13,24.7,D,THB,A
1997-06-16,24.0,D,THB,A
1997-06-17,22.75,D,THB,A
1997-06-18,23.8,D,THB,A
1997-06-19,25.2,D,THB,A
1997-06-20,24.3,D,THB,A
1997-06-23,25.1,D,THB,A
1997-06-24,25.2,D,THB,A
1997-06-25,25.35,D,THB,A
1997-06-26,25.4,D,THB,A
1997-06-27,25.3,D,THB,A
1997-06-30,25.15,D,THB,A
1997-07-01,24.52,D,THB,A
1997-07-02,30.18,D,THB,A
1997-07-03,29.0,D,THB,A
1997-07-07,28.9,D,THB,A
1997-07-08,28.92,D,THB,A
1997-07-09,29.1,D,THB,A
1997-07-10,29.04,D,THB,A
1997-07-11,30.15,D,THB,A
1997-07-14,29.8,D,THB,A
1997-07-15,30.1,D,THB,A
1997-07-16,29.9,D,THB,A
1997-07-17,30.7,D,THB,A
1997-07-18,31.0,D,THB,A
1997-07-21,30.6,D,THB,A
1997-07-22,30.9,D,THB,A
1997-07-23,31.65,D,THB,A
1997-07-24,31.8,D,THB,A
1997-07-25,32.25,D,THB,A
1997-07-28,32.02,D,THB,A
1997-07-29,31.4,D,THB,A
1997-07-30,31.8,D,THB,A
1997-07-31,32.3,D,THB,A
1997-08-01,32.2,D,THB,A
1997-08-04,31.7,D,THB,A
1997-08-05,31.4,D,THB,A
1997-08-06,31.05,D,THB,A
1997-08-07,31.0,D,THB,A
1997-08-08,31.05,D,THB,A
1997-08-11,31.25,D,THB,A
1997-08-12,31.45,D,THB,A
1997-08-13,31.35,D,THB,A
1997-08-14,31.6,D,THB,A
1997-08-15,31.97,D,THB,A
1997-08-18,32.6,D,THB,A
1997-08-19,32.65,D,THB,A
1997-08-20,32.4,D,THB,A
1997-08-21,32.9,D,THB,A
1997-08-22,33.65,D,THB,A
1997-08-25,33.7,D,THB,A
1997-08-26,33.65,D,THB,A
1997-08-27,33.9,D,THB,A
1997-08-28,34.4,D,THB,A
1997-08-29,34.5,D,THB,A
1997-09-02,34.55,D,THB,A
1997-09-03,35.75,D,THB,A
1997-09-04,35.95,D,THB,A
1997-09-05,35.15,D,THB,A
1997-09-08,34.25,D,THB,A
1997-09-09,33.55,D,THB,A
1997-09-10,34.2,D,THB,A
1997-09-11,35.0,D,THB,A
1997-09-12,35.3,D,THB,A
1997-09-15,35.35,D,THB,A
1997-09-16,35.65,D,THB,A
1997-09-17,35.95,D,THB,A
1997-09-18,35.6,D,THB,A
1997-09-19,35.85,D,THB,A
1997-09-22,36.55,D,THB,A
1997-09-23,35.27,D,THB,A
1997-09-24,35.15,D,THB,A
1997-09-25,34.75,D,THB,A
1997-09-26,34.95,D,THB,A
1997-09-29,35.75,D,THB,A
1997-09-30,35.85,D,THB,A
1997-10-01,35.95,D,THB,A
1997-10-02,35.65,D,THB,A
1997-10-03,35.85,D,THB,A
1997-10-06,36.05,D,THB,A
1997-10-07,35.8,D,THB,A
1997-10-08,35.8,D,THB,A
1997-10-09,35.8,D,THB,A
1997-10-10,35.85,D,THB,A
1997-10-14,36.3,D,THB,A
1997-10-15,37.25,D,THB,A
1997-10-16,37.3,D,THB,A
1997-10-17,37.45,D,THB,A
1997-10-20,38.25,D,THB,A
1997-10-21,38.8,D,THB,A
1997-10-22,38.9,D,THB,A
1997-10-23,38.3,D,THB,A
1997-10-24,39.2,D,THB,A
1997-10-27,38.7,D,THB,A
1997-10-28,39.05,D,THB,A
1997-10-29,39.1,D,THB,A
1997-10-30,40.1,D,THB,A
1997-10-31,40.5,D,THB,A
1997-11-03,39.25,D,THB,A
1997-11-04,38.75,D,THB,A
1997-11-05,39.1,D,THB,A
1997-11-06,39.3,D,THB,A
1997-11-07,38.65,D,THB,A
1997-11-10,37.4,D,THB,A
1997-11-12,38.35,D,THB,A
1997-11-13,38.1,D,THB,A
1997-11-14,38.4,D,THB,A
1997-11-17,38.5,D,THB,A
1997-11-18,39.45,D,THB,A
1997-11-19,40.0,D,THB,A
1997-11-20,39.65,D,THB,A
1997-11-21,38.9,D,THB,A
1997-11-24,39.5,D,THB,A
1997-11-25,39.65,D,THB,A
1997-11-26,39.7,D,THB,A
1997-11-28,41.0,D,THB,A
1997-12-01,41.2,D,THB,A
1997-12-02,41.7,D,THB,A
1997-12-03,42.35,D,THB,A
1997-12-04,41.8,D,THB,A
1997-12-05,41.8,D,THB,A
1997-12-08,41.4,D,THB,A
1997-12-09,42.85,D,THB,A
1997-12-10,42.2,D,THB,A
1997-12-11,43.6,D,THB,A
1997-12-12,45.45,D,THB,A
1997-12-15,47.4,D,THB,A
1997-12-16,47.0,D,THB,A
1997-12-17,45.5,D,THB,A
1997-12-18,44.2,D,THB,A
1997-12-19,45.1,D,THB,A
1997-12-22,44.8,D,THB,A
1997-12-23,46.0,D,THB,A
1997-12-24,45.35,D,THB,A
1997-12-26,45.5,D,THB,A
1997-12-29,45.9,D,THB,A
1997-12-30,46.9,D,THB,A
1997-12-31,46.8,D,THB,A
1998-01-02,48.3,D,THB,A
1998-01-05,50.8,D,THB,A
1998-01-06,53.0,D,THB,A
1998-01-07,52.7,D,THB,A
1998-01-08,54.3,D,THB,A
1998-01-09,53.7,D,THB,A
1998-01-12,56.1,D,THB,A
1998-01-13,54.3,D,THB,A
1998-01-14,51.15,D,THB,A
1998-01-15,52.0,D,THB,A
1998-01-16,51.8,D,THB,A
1998-01-20,52.3,D,THB,A
1998-01-21,52.5,D,THB,A
1998-01-22,53.8,D,THB,A
1998-01-23,54.2,D,THB,A
1998-01-26,54.1,D,THB,A
1998-01-27,53.7,D,THB,A
1998-01-28,53.7,D,THB,A
1998-01-29,54.1,D,THB,A
1998-01-30,53.1,D,THB,A
1998-02-02,51.0,D,THB,A
1998-02-03,48.2,D,THB,A
1998-02-04,49.5,D,THB,A
1998-02-05,48.9,D,THB,A
1998-02-06,48.1,D,THB,A
1998-02-09,48.0,D,THB,A
1998-02-10,45.4,D,THB,A
1998-02-11,43.9,D,THB,A
1998-02-12,45.1,D,THB,A
1998-02-13,46.6,D,THB,A
1998-02-17,46.2,D,THB,A
1998-02-18,45.8,D,THB,A
1998-02-19,44.2,D,THB,A
1998-02-20,44.7,D,THB,A
1998-02-23,44.8,D,THB,A
1998-02-24,44.0,D,THB,A
1998-02-25,43.2,D,THB,A
1998-02-26,43.0,D,THB,A
1998-02-27,43.15,D,THB,A
1998-03-02,44.2,D,THB,A
1998-03-03,44.0,D,THB,A
1998-03-04,44.7,D,THB,A
1998-03-05,45.0,D,THB,A
1998-03-06,44.6,D,THB,A
1998-03-09,44.75,D,THB,A
1998-03-10,43.75,D,THB,A
1998-03-11,43.8,D,THB,A
1998-03-12,43.05,D,THB,A
1998-03-13,40.4,D,THB,A
1998-03-16,40.1,D,THB,A
1998-03-17,40.2,D,THB,A
1998-03-18,41.0,D,THB,A
1998-03-19,40.0,D,THB,A
1998-03-20,39.8,D,THB,A
1998-03-23,38.55,D,THB,A
1998-03-24,38.8,D,THB,A
1998-03-25,38.45,D,THB,A
1998-03-26,38.7,D,THB,A
1998-03-27,38.0,D,THB,A
1998-03-30,38.6,D,THB,A
1998-03-31,39.6,D,THB,A
1998-04-01,39.6,D,THB,A
1998-04-02,41.0,D,THB,A
1998-04-03,41.2,D,THB,A
1998-04-06,39.86,D,THB,A
1998-04-07,39.95,D,THB,A
1998-04-08,40.1,D,THB,A
1998-04-09,40.0,D,THB,A
1998-04-10,40.0,D,THB,A
1998-04-13,40.0,D,THB,A
1998-04-14,40.0,D,THB,A
1998-04-15,40.1,D,THB,A
1998-04-16,40.1,D,THB,A
1998-04-17,39.6,D,THB,A
1998-04-20,39.35,D,THB,A
1998-04-21,39.15,D,THB,A
1998-04-22,39.32,D,THB,A
1998-04-23,39.4,D,THB,A
1998-04-24,38.9,D,THB,A
1998-04-27,38.85,D,THB,A
1998-04-28,38.55,D,THB,A
1998-04-29,38.65,D,THB,A
1998-04-30,38.7,D,THB,A
1998-05-01,38.6,D,THB,A
1998-05-04,38.6,D,THB,A
1998-05-05,38.55,D,THB,A
1998-05-06,39.2,D,THB,A
1998-05-07,38.95,D,THB,A
1998-05-08,38.7,D,THB,A
1998-05-11,38.65,D,THB,A
1998-05-12,38.77,D,THB,A
1998-05-13,39.05,D,THB,A
1998-05-14,38.85,D,THB,A
1998-05-15,39.15,D,THB,A
1998-05-18,39.45,D,THB,A
1998-05-19,39.6,D,THB,A
1998-05-20,39.45,D,THB,A
1998-05-21,39.25,D,THB,A
1998-05-22,39.45,D,THB,A
1998-05-26,39.3,D,THB,A
1998-05-27,39.7,D,THB,A
1998-05-28,40.25,D,THB,A
1998-05-29,40.44,D,THB,A
1998-06-01,42.05,D,THB,A
1998-06-02,41.95,D,THB,A
1998-06-03,42.05,D,THB,A
1998-06-04,42.95,D,THB,A
1998-06-05,43.1,D,THB,A
1998-06-08,43.2,D,THB,A
1998-06-09,42.87,D,THB,A
1998-06-10,43.6,D,THB,A
1998-06-11,43.5,D,THB,A
1998-06-12,43.6,D,THB,A
1998-06-15,43.75,D,THB,A
1998-06-16,43.28,D,THB,A
1998-06-17,41.2,D,THB,A
1998-06-18,41.6,D,THB,A
1998-06-19,41.05,D,THB,A
1998-06-22,41.35,D,THB,A
1998-06-23,41.25,D,THB,A
1998-06-24,41.25,D,THB,A
1998-06-25,41.35,D,THB,A
1998-06-26,41.7,D,THB,A
1998-06-29,42.5,D,THB,A
1998-06-30,42.15,D,THB,A
1998-07-01,42.2,D,THB,A
1998-07-02,42.3,D,THB,A
1998-07-03,41.6,D,THB,A
1998-07-06,41.45,D,THB,A
1998-07-07,41.3,D,THB,A
1998-07-08,41.35,D,THB,A
1998-07-09,42.0,D,THB,A
1998-07-10,42.05,D,THB,A
1998-07-13,41.8,D,THB,A
1998-07-14,41.21,D,THB,A
1998-07-15,41.45,D,THB,A
1998-07-16,40.7,D,THB,A
1998-07-17,40.85,D,THB,A
1998-07-20,40.88,D,THB,A
1998-07-21,41.0,D,THB,A
1998-07-22,41.05,D,THB,A
1998-07-23,41.2,D,THB,A
1998-07-24,40.85,D,THB,A
1998-07-27,41.1,D,THB,A
1998-07-28,41.0,D,THB,A
1998-07-29,40.9,D,THB,A
1998-07-30,40.7,D,THB,A
1998-07-31,40.95,D,THB,A
1998-08-03,41.1,D,THB,A
1998-08-04,40.85,D,THB,A
1998-08-05,40.8,D,THB,A
1998-08-06,41.95,D,THB,A
1998-08-07,42.05,D,THB,A
1998-08-10,42.05,D,THB,A
1998-08-11,42.55,D,THB,A
1998-08-12,41.9,D,THB,A
1998-08-13,41.8,D,THB,A
1998-08-14,42.1,D,THB,A
1998-08-17,41.8,D,THB,A
1998-08-18,41.7,D,THB,A
1998-08-19,41.55,D,THB,A
1998-08-20,41.2,D,THB,A
1998-08-21,41.7,D,THB,A
1998-08-24,41.75,D,THB,A
1998-08-25,41.55,D,THB,A
1998-08-26,41.72,D,THB,A
1998-08-27,41.9,D,THB,A
1998-08-28,42.1,D,THB,A
1998-08-31,42.0,D,THB,A
1998-09-01,40.55,D,THB,A
1998-09-02,40.7,D,THB,A
1998-09-03,40.75,D,THB,A
1998-09-04,40.85,D,THB,A
1998-09-08,40.8,D,THB,A
1998-09-09,40.8,D,THB,A
1998-09-10,40.74,D,THB,A
1998-09-11,40.9,D,THB,A
1998-09-14,40.95,D,THB,A
1998-09-15,40.85,D,THB,A
1998-09-16,40.85,D,THB,A
1998-09-17,40.8,D,THB,A
1998-09-18,40.7,D,THB,A
1998-09-21,40.7,D,THB,A
1998-09-22,40.7,D,THB,A
1998-09-23,40.5,D,THB,A
1998-09-24,39.3,D,THB,A
1998-09-25,39.0,D,THB,A
1998-09-28,39.3,D,THB,A
1998-09-29,39.08,D,THB,A
1998-09-30,39.63,D,THB,A
1998-10-01,39.65,D,THB,A
1998-10-02,39.6,D,THB,A
1998-10-05,39.15,D,THB,A
1998-10-06,38.83,D,THB,A
1998-10-07,38.75,D,THB,A
1998-10-08,38.7,D,THB,A
1998-10-09,38.4,D,THB,A
1998-10-13,38.3,D,THB,A
1998-10-14,38.2,D,THB,A
1998-10-15,37.95,D,THB,A
1998-10-16,37.95,D,THB,A
1998-10-19,38.2,D,THB,A
1998-10-20,38.05,D,THB,A
1998-10-21,37.9,D,THB,A
1998-10-22,37.7,D,THB,A
1998-10-23,37.49,D,THB,A
1998-10-26,37.65,D,THB,A
1998-10-27,37.41,D,THB,A
1998-10-28,36.9,D,THB,A
1998-10-29,36.9,D,THB,A
1998-10-30,36.8,D,THB,A
1998-11-02,36.7,D,THB,A
1998-11-03,36.72,D,THB,A
1998-11-04,36.6,D,THB,A
1998-11-05,36.42,D,THB,A
1998-11-06,36.75,D,THB,A
1998-11-09,36.95,D,THB,A
1998-11-10,37.2,D,THB,A
1998-11-12,36.95,D,THB,A
1998-11-13,36.9,D,THB,A
1998-11-16,36.58,D,THB,A
1998-11-17,36.54,D,THB,A
1998-11-18,36.25,D,THB,A
1998-11-19,36.3,D,THB,A
1998-11-20,36.2,D,THB,A
1998-11-23,36.35,D,THB,A
1998-11-24,36.2,D,THB,A
1998-11-25,36.15,D,THB,A
1998-11-27,36.1,D,THB,A
1998-11-30,36.15,D,THB,A
1998-12-01,36.2,D,THB,A
1998-12-02,36.15,D,THB,A
1998-12-03,35.95,D,THB,A
1998-12-04,35.98,D,THB,A
1998-12-07,35.96,D,THB,A
1998-12-08,35.95,D,THB,A
1998-12-09,35.81,D,THB,A
1998-12-10,35.78,D,THB,A
1998-12-11,35.85,D,THB,A
1998-12-14,35.84,D,THB,A
1998-12-15,36.25,D,THB,A
1998-12-16,36.33,D,THB,A
1998-12-17,36.76,D,THB,A
1998-12-18,36.37,D,THB,A
1998-12-21,36.26,D,THB,A
1998-12-22,36.38,D,THB,A
1998-12-23,36.4,D,THB,A
1998-12-24,36.45,D,THB,A
1998-12-28,36.95,D,THB,A
1998-12-29,37.15,D,THB,A
1998-12-30,36.8,D,THB,A
1998-12-31,36.5,D,THB,A
1999-01-04,36.203155,D,THB,A
1999-01-05,36.051569,D,THB,A
1999-01-06,36.357745,D,THB,A
1999-01-07,36.251547,D,THB,A
1999-01-08,36.503131,D,THB,A
1999-01-11,36.266574,D,THB,A
1999-01-12,36.445313,D,THB,A
1999-01-13,37.033719,D,THB,A
1999-01-14,37.004806,D,THB,A
1999-01-15,37.333735,D,THB,A
1999-01-18,36.444023,D,THB,A
1999-01-19,36.479597,D,THB,A
1999-01-20,36.423326,D,THB,A
1999-01-21,36.445299,D,THB,A
1999-01-22,36.881905,D,THB,A
1999-01-25,36.845304,D,THB,A
1999-01-26,36.663098,D,THB,A
1999-01-27,36.729812,D,THB,A
1999-01-28,36.951621,D,THB,A
1999-01-29,36.921908,D,THB,A
1999-02-01,36.773593,D,THB,A
1999-02-02,36.696833,D,THB,A
1999-02-03,36.691365,D,THB,A
1999-02-04,36.749978,D,THB,A
1999-02-05,36.781704,D,THB,A
1999-02-08,36.928419,D,THB,A
1999-02-09,37.081708,D,THB,A
1999-02-10,37.078205,D,THB,A
1999-02-11,36.936439,D,THB,A
1999-02-12,36.936588,D,THB,A
1999-02-15,36.725129,D,THB,A
1999-02-16,36.903364,D,THB,A
1999-02-17,36.974673,D,THB,A
1999-02-18,37.046741,D,THB,A
1999-02-19,37.491803,D,THB,A
1999-02-22,37.71361,D,THB,A
1999-02-23,37.472969,D,THB,A
1999-02-24,37.541542,D,THB,A
1999-02-25,37.538664,D,THB,A
1999-02-26,37.328553,D,THB,A
1999-03-01,37.281813,D,THB,A
1999-03-02,37.536787,D,THB,A
1999-03-03,37.624828,D,THB,A
1999-03-04,37.702466,D,THB,A
1999-03-05,37.485047,D,THB,A
1999-03-08,37.133113,D,THB,A
1999-03-09,37.440486,D,THB,A
1999-03-10,37.441523,D,THB,A
1999-03-11,37.610412,D,THB,A
1999-03-12,37.371753,D,THB,A
1999-03-15,37.29336,D,THB,A
1999-03-16,37.165856,D,THB,A
1999-03-17,37.346708,D,THB,A
1999-03-18,37.448238,D,THB,A
1999-03-19,37.390197,D,THB,A
1999-03-22,37.536727,D,THB,A
1999-03-23,37.464849,D,THB,A
1999-03-24,37.571742,D,THB,A
1999-03-25,37.599468,D,THB,A
1999-03-26,37.570504,D,THB,A
1999-03-29,37.633277,D,THB,A
1999-03-30,37.699655,D,THB,A
1999-03-31,37.594768,D,THB,A
1999-04-01,37.754177,D,THB,A
1999-04-02,37.685295,D,THB,A
1999-04-05,37.701823,D,THB,A
1999-04-06,37.848406,D,THB,A
1999-04-07,37.764798,D,THB,A
1999-04-08,37.835275,D,THB,A
1999-04-09,38.041195,D,THB,A
1999-04-12,37.926199,D,THB,A
1999-04-13,37.883233,D,THB,A
1999-04-14,37.561973,D,THB,A
1999-04-15,37.523085,D,THB,A
1999-04-16,37.496063,D,THB,A
1999-04-19,37.331516,D,THB,A
1999-04-20,37.296449,D,THB,A
1999-04-21,37.5768,D,THB,A
1999-04-22,37.605425,D,THB,A
1999-04-23,37.579744,D,THB,A
1999-04-26,37.692576,D,THB,A
1999-04-27,37.650988,D,THB,A
1999-04-28,37.414495,D,THB,A
1999-04-29,37.398246,D,THB,A
1999-04-30,37.185996,D,THB,A
1999-05-03,36.991312,D,THB,A
1999-05-04,36.821564,D,THB,A
1999-05-05,36.809881,D,THB,A
1999-05-06,37.001574,D,THB,A
1999-05-07,36.836733,D,THB,A
1999-05-10,36.803354,D,THB,A
1999-05-11,36.823891,D,THB,A
1999-05-12,36.775012,D,THB,A
1999-05-13,37.008755,D,THB,A
1999-05-14,37.101536,D,THB,A
1999-05-17,37.268507,D,THB,A
1999-05-18,36.970065,D,THB,A
1999-05-19,37.160993,D,THB,A
1999-05-20,37.094652,D,THB,A
1999-05-21,36.991487,D,THB,A
1999-05-24,37.046764,D,THB,A
1999-05-25,37.051567,D,THB,A
1999-05-26,37.155007,D,THB,A
1999-05-27,37.139215,D,THB,A
1999-05-28,37.143239,D,THB,A
1999-05-31,37.081484,D,THB,A
1999-06-01,37.100058,D,THB,A
1999-06-02,37.091119,D,THB,A
1999-06-03,37.083221,D,THB,A
1999-06-04,37.108677,D,THB,A
1999-06-07,37.087631,D,THB,A
1999-06-08,36.933943,D,THB,A
1999-06-09,36.966463,D,THB,A
1999-06-10,36.945293,D,THB,A
1999-06-11,36.892973,D,THB,A
1999-06-14,37.001437,D,THB,A
1999-06-15,36.96863,D,THB,A
1999-06-16,36.909715,D,THB,A
1999-06-17,36.82824,D,THB,A
1999-06-18,36.896804,D,THB,A
1999-06-21,36.896412,D,THB,A
1999-06-22,36.60894,D,THB,A
1999-06-23,36.771401,D,THB,A
1999-06-24,36.691406,D,THB,A
1999-06-25,36.758786,D,THB,A
1999-06-28,36.88968,D,THB,A
1999-06-29,36.864338,D,THB,A
1999-06-30,36.855054,D,THB,A
1999-07-01,36.794622,D,THB,A
1999-07-02,36.88839,D,THB,A
1999-07-05,36.907252,D,THB,A
1999-07-06,36.789453,D,THB,A
1999-07-07,36.906868,D,THB,A
1999-07-08,37.051365,D,THB,A
1999-07-09,37.092317,D,THB,A
1999-07-12,37.118728,D,THB,A
1999-07-13,37.131395,D,THB,A
1999-07-14,37.186172,D,THB,A
1999-07-15,37.113224,D,THB,A
1999-07-16,37.245148,D,THB,A
1999-07-19,37.133254,D,THB,A
1999-07-20,37.122574,D,THB,A
1999-07-21,37.16039,D,THB,A
1999-07-22,37.363558,D,THB,A
1999-07-23,37.37681,D,THB,A
1999-07-26,37.31548,D,THB,A
1999-07-27,37.278536,D,THB,A
1999-07-28,37.041969,D,THB,A
1999-07-29,37.063296,D,THB,A
1999-07-30,37.250327,D,THB,A
1999-08-02,37.324519,D,THB,A
1999-08-03,37.300798,D,THB,A
1999-08-04,37.348109,D,THB,A
1999-08-05,37.493281,D,THB,A
1999-08-06,37.690317,D,THB,A
1999-08-09,37.82326,D,THB,A
1999-08-10,37.847909,D,THB,A
1999-08-11,38.076772,D,THB,A
1999-08-12,38.160462,D,THB,A
1999-08-13,37.994656,D,THB,A
1999-08-16,37.947787,D,THB,A
1999-08-17,38.285931,D,THB,A
1999-08-18,38.391461,D,THB,A
1999-08-19,38.331844,D,THB,A
1999-08-20,37.792819,D,THB,A
1999-08-23,38.273242,D,THB,A
1999-08-24,38.357782,D,THB,A
1999-08-25,38.293204,D,THB,A
1999-08-26,38.340318,D,THB,A
1999-08-27,38.310048,D,THB,A
1999-08-30,38.30132,D,THB,A
1999-08-31,38.338693,D,THB,A
1999-09-01,38.817676,D,THB,A
1999-09-02,38.816826,D,THB,A
1999-09-03,38.80322,D,THB,A
1999-09-06,38.715877,D,THB,A
1999-09-07,39.044297,D,THB,A
1999-09-08,39.390559,D,THB,A
1999-09-09,39.55693,D,THB,A
1999-09-10,39.556939,D,THB,A
1999-09-13,39.420712,D,THB,A
1999-09-14,39.643119,D,THB,A
1999-09-15,39.469091,D,THB,A
1999-09-16,40.038951,D,THB,A
1999-09-17,40.018852,D,THB,A
1999-09-20,40.23621,D,THB,A
1999-09-21,40.223142,D,THB,A
1999-09-22,40.436959,D,THB,A
1999-09-23,41.358869,D,THB,A
1999-09-24,41.045437,D,THB,A
1999-09-27,40.908969,D,THB,A
1999-09-28,41.516932,D,THB,A
1999-09-29,41.285052,D,THB,A
1999-09-30,41.08692,D,THB,A
1999-10-01,40.511279,D,THB,A
1999-10-04,40.545293,D,THB,A
1999-10-05,39.198671,D,THB,A
1999-10-06,39.318711,D,THB,A
1999-10-07,39.719545,D,THB,A
1999-10-08,40.321291,D,THB,A
1999-10-11,39.760041,D,THB,A
1999-10-12,39.659449,D,THB,A
1999-10-13,39.837911,D,THB,A
1999-10-14,39.495166,D,THB,A
1999-10-15,39.172969,D,THB,A
1999-10-18,39.505521,D,THB,A
1999-10-19,39.4132,D,THB,A
1999-10-20,39.34685,D,THB,A
1999-10-21,39.149579,D,THB,A
1999-10-22,39.005949,D,THB,A
1999-10-25,38.923243,D,THB,A
1999-10-26,38.702342,D,THB,A
1999-10-27,38.837282,D,THB,A
1999-10-28,38.815834,D,THB,A
1999-10-29,38.70353,D,THB,A
1999-11-01,38.534998,D,THB,A
1999-11-02,38.667365,D,THB,A
1999-11-03,38.675055,D,THB,A
1999-11-04,38.544174,D,THB,A
1999-11-05,38.525749,D,THB,A
1999-11-08,38.706199,D,THB,A
1999-11-09,38.881811,D,THB,A
1999-11-10,38.923188,D,THB,A
1999-11-11,38.965597,D,THB,A
1999-11-12,38.746314,D,THB,A
1999-11-15,38.566935,D,THB,A
1999-11-16,38.799439,D,THB,A
1999-11-17,38.791795,D,THB,A
1999-11-18,38.64894,D,THB,A
1999-11-19,38.821092,D,THB,A
1999-11-22,38.702454,D,THB,A
1999-11-23,38.719341,D,THB,A
1999-11-24,38.720705,D,THB,A
1999-11-25,38.710712,D,THB,A
1999-11-26,38.820018,D,THB,A
1999-11-29,39.029672,D,THB,A
1999-11-30,39.00208,D,THB,A
1999-12-01,38.984838,D,THB,A
1999-12-02,39.031222,D,THB,A
1999-12-03,38.971643,D,THB,A
1999-12-06,38.879199,D,THB,A
1999-12-07,38.708077,D,THB,A
1999-12-08,38.558226,D,THB,A
1999-12-09,38.541425,D,THB,A
1999-12-10,38.62834,D,THB,A
1999-12-13,38.542654,D,THB,A
1999-12-14,38.585475,D,THB,A
1999-12-15,38.427402,D,THB,A
1999-12-16,38.063178,D,THB,A
1999-12-17,38.445794,D,THB,A
1999-12-20,37.908677,D,THB,A
1999-12-21,37.89885,D,THB,A
1999-12-22,37.477566,D,THB,A
1999-12-23,37.46288,D,THB,A
1999-12-24,37.587064,D,THB,A
1999-12-27,37.731399,D,THB,A
1999-12-28,37.659828,D,THB,A
1999-12-29,37.535445,D,THB,A
1999-12-30,37.425841,D,THB,A
2000-01-03,36.946779,D,THB,A
2000-01-04,37.076953,D,THB,A
2000-01-05,37.169657,D,THB,A
2000-01-06,37.613978,D,THB,A
2000-01-07,37.368631,D,THB,A
2000-01-10,37.181347,D,THB,A
2000-01-11,37.694228,D,THB,A
2000-01-12,37.491366,D,THB,A
2000-01-13,37.45689,D,THB,A
2000-01-14,37.430513,D,THB,A
2000-01-17,37.462453,D,THB,A
2000-01-18,37.312097,D,THB,A
2000-01-19,37.439881,D,THB,A
2000-01-20,37.22242,D,THB,A
2000-01-21,37.141329,D,THB,A
2000-01-24,37.257006,D,THB,A
2000-01-25,37.271783,D,THB,A
2000-01-26,37.449945,D,THB,A
2000-01-27,37.298216,D,THB,A
2000-01-28,37.581235,D,THB,A
2000-01-31,37.492697,D,THB,A
2000-02-01,37.475386,D,THB,A
2000-02-02,37.642482,D,THB,A
2000-02-03,37.691116,D,THB,A
2000-02-04,37.576512,D,THB,A
2000-02-07,37.665506,D,THB,A
2000-02-08,37.632637,D,THB,A
2000-02-09,37.466479,D,THB,A
2000-02-10,37.39319,D,THB,A
2000-02-11,37.498827,D,THB,A
2000-02-14,37.449782,D,THB,A
2000-02-15,37.539272,D,THB,A
2000-02-16,37.661567,D,THB,A
2000-02-17,37.769231,D,THB,A
2000-02-18,38.031653,D,THB,A
2000-02-21,38.182104,D,THB,A
2000-02-22,38.126921,D,THB,A
2000-02-23,38.064958,D,THB,A
2000-02-24,38.150839,D,THB,A
2000-02-25,37.866606,D,THB,A
2000-02-28,37.887644,D,THB,A
2000-02-29,38.119106,D,THB,A
2000-03-01,38.073239,D,THB,A
2000-03-02,37.920823,D,THB,A
2000-03-03,37.953101,D,THB,A
2000-03-06,38.110581,D,THB,A
2000-03-07,38.108934,D,THB,A
2000-03-08,37.933145,D,THB,A
2000-03-09,37.946963,D,THB,A
2000-03-10,37.797462,D,THB,A
2000-03-13,37.837999,D,THB,A
2000-03-14,37.875156,D,THB,A
2000-03-15,38.005183,D,THB,A
2000-03-16,37.999586,D,THB,A
2000-03-17,37.98811,D,THB,A
2000-03-20,37.997221,D,THB,A
2000-03-21,37.88094,D,THB,A
2000-03-22,37.827137,D,THB,A
2000-03-23,37.559445,D,THB,A
2000-03-24,37.762532,D,THB,A
2000-03-27,37.784802,D,THB,A
2000-03-28,37.830932,D,THB,A
2000-03-29,37.780936,D,THB,A
2000-03-30,37.807326,D,THB,A
2000-03-31,37.841202,D,THB,A
2000-04-03,37.715914,D,THB,A
2000-04-04,37.850807,D,THB,A
2000-04-05,37.99969,D,THB,A
2000-04-06,38.071377,D,THB,A
2000-04-07,38.018821,D,THB,A
2000-04-10,37.963399,D,THB,A
2000-04-11,38.060871,D,THB,A
2000-04-12,37.979219,D,THB,A
2000-04-13,37.926916,D,THB,A
2000-04-14,37.88501,D,THB,A
2000-04-17,38.022459,D,THB,A
2000-04-18,37.949037,D,THB,A
2000-04-19,38.021245,D,THB,A
2000-04-20,37.949339,D,THB,A
2000-04-25,38.037089,D,THB,A
2000-04-26,38.105406,D,THB,A
2000-04-27,38.117865,D,THB,A
2000-04-28,38.026857,D,THB,A
2000-05-02,38.309237,D,THB,A
2000-05-03,38.43588,D,THB,A
2000-05-04,38.510674,D,THB,A
2000-05-05,38.511465,D,THB,A
2000-05-08,38.409182,D,THB,A
2000-05-09,38.551125,D,THB,A
2000-05-10,38.594158,D,THB,A
2000-05-11,38.949994,D,THB,A
2000-05-12,38.952597,D,THB,A
2000-05-15,39.260085,D,THB,A
2000-05-16,39.370546,D,THB,A
2000-05-17,39.303856,D,THB,A
2000-05-18,39.348468,D,THB,A
2000-05-19,38.967662,D,THB,A
2000-05-22,39.014667,D,THB,A
2000-05-23,39.252113,D,THB,A
2000-05-24,39.366124,D,THB,A
2000-05-25,39.219129,D,THB,A
2000-05-26,39.097233,D,THB,A
2000-05-29,39.248326,D,THB,A
2000-05-30,39.296506,D,THB,A
2000-05-31,39.13501,D,THB,A
2000-06-01,39.135477,D,THB,A
2000-06-02,38.991342,D,THB,A
2000-06-05,38.858794,D,THB,A
2000-06-06,38.866104,D,THB,A
2000-06-07,38.967867,D,THB,A
2000-06-08,39.012309,D,THB,A
2000-06-09,39.151739,D,THB,A
2000-06-12,39.034848,D,THB,A
2000-06-13,38.908797,D,THB,A
2000-06-14,38.972188,D,THB,A
2000-06-15,39.022995,D,THB,A
2000-06-16,39.16529,D,THB,A
2000-06-19,39.175207,D,THB,A
2000-06-20,39.139442,D,THB,A
2000-06-21,39.171278,D,THB,A
2000-06-22,39.283785,D,THB,A
2000-06-23,39.077127,D,THB,A
2000-06-26,39.149673,D,THB,A
2000-06-27,39.15626,D,THB,A
2000-06-28,39.110462,D,THB,A
2000-06-29,39.209491,D,THB,A
2000-06-30,39.184282,D,THB,A
2000-07-03,39.38955,D,THB,A
2000-07-04,39.367872,D,THB,A
2000-07-05,39.654084,D,THB,A
2000-07-06,39.640013,D,THB,A
2000-07-07,39.752294,D,THB,A
2000-07-10,39.912423,D,THB,A
2000-07-11,40.008712,D,THB,A
2000-07-12,40.074008,D,THB,A
2000-07-13,39.985774,D,THB,A
2000-07-14,40.110766,D,THB,A
2000-07-17,40.397669,D,THB,A
2000-07-18,40.300118,D,THB,A
2000-07-19,40.182292,D,THB,A
2000-07-20,40.196746,D,THB,A
2000-07-21,40.2763,D,THB,A
2000-07-24,40.745392,D,THB,A
2000-07-25,40.924973,D,THB,A
2000-07-26,41.089137,D,THB,A
2000-07-27,40.967196,D,THB,A
2000-07-28,41.231673,D,THB,A
2000-07-31,41.380937,D,THB,A
2000-08-01,41.111723,D,THB,A
2000-08-02,40.792277,D,THB,A
2000-08-03,40.756424,D,THB,A
2000-08-04,40.690843,D,THB,A
2000-08-07,41.202774,D,THB,A
2000-08-08,41.05593,D,THB,A
2000-08-09,40.947286,D,THB,A
2000-08-10,40.844425,D,THB,A
2000-08-11,40.772777,D,THB,A
2000-08-14,40.651759,D,THB,A
2000-08-15,40.938693,D,THB,A
2000-08-16,40.798721,D,THB,A
2000-08-17,40.775274,D,THB,A
2000-08-18,41.036266,D,THB,A
2000-08-21,40.877646,D,THB,A
2000-08-22,40.801828,D,THB,A
2000-08-23,40.752747,D,THB,A
2000-08-24,41.011429,D,THB,A
2000-08-25,40.879614,D,THB,A
2000-08-28,40.787277,D,THB,A
2000-08-29,40.981037,D,THB,A
2000-08-30,41.067235,D,THB,A
2000-08-31,40.861779,D,THB,A
2000-09-01,40.951921,D,THB,A
2000-09-04,41.126444,D,THB,A
2000-09-05,41.198064,D,THB,A
2000-09-06,41.32377,D,THB,A
2000-09-07,41.393154,D,THB,A
2000-09-08,41.542645,D,THB,A
2000-09-11,41.342897,D,THB,A
2000-09-12,41.557465,D,THB,A
2000-09-13,41.58863,D,THB,A
2000-09-14,41.851145,D,THB,A
2000-09-15,41.964016,D,THB,A
2000-09-18,42.227422,D,THB,A
2000-09-19,42.334855,D,THB,A
2000-09-20,42.637329,D,THB,A
2000-09-21,42.592445,D,THB,A
2000-09-22,42.730821,D,THB,A
2000-09-25,42.674458,D,THB,A
2000-09-26,42.193331,D,THB,A
2000-09-27,42.187338,D,THB,A
2000-09-28,42.473392,D,THB,A
2000-09-29,42.12105,D,THB,A
2000-10-02,42.31811,D,THB,A
2000-10-03,42.367454,D,THB,A
2000-10-04,42.741466,D,THB,A
2000-10-05,42.438766,D,THB,A
2000-10-06,42.486729,D,THB,A
2000-10-09,42.559862,D,THB,A
2000-10-10,42.862172,D,THB,A
2000-10-11,43.012041,D,THB,A
2000-10-12,43.382632,D,THB,A
2000-10-13,43.6606,D,THB,A
2000-10-16,43.30302,D,THB,A
2000-10-17,43.379708,D,THB,A
2000-10-18,43.852786,D,THB,A
2000-10-19,43.412793,D,THB,A
2000-10-20,43.738997,D,THB,A
2000-10-23,44.013967,D,THB,A
2000-10-24,43.732173,D,THB,A
2000-10-25,43.634044,D,THB,A
2000-10-26,44.071861,D,THB,A
2000-10-27,43.758169,D,THB,A
2000-10-30,43.72365,D,THB,A
2000-10-31,43.95414,D,THB,A
2000-11-01,43.692542,D,THB,A
2000-11-02,43.596461,D,THB,A
2000-11-03,43.397136,D,THB,A
2000-11-06,43.367486,D,THB,A
2000-11-07,43.723419,D,THB,A
2000-11-08,43.600771,D,THB,A
2000-11-09,43.562771,D,THB,A
2000-11-10,43.486798,D,THB,A
2000-11-13,43.690255,D,THB,A
2000-11-14,43.667832,D,THB,A
2000-11-15,43.657282,D,THB,A
2000-11-16,44.087875,D,THB,A
2000-11-17,44.18969,D,THB,A
2000-11-20,44.306786,D,THB,A
2000-11-21,44.162025,D,THB,A
2000-11-22,43.535413,D,THB,A
2000-11-23,43.840394,D,THB,A
2000-11-24,43.80761,D,THB,A
2000-11-27,43.448132,D,THB,A
2000-11-28,43.777012,D,THB,A
2000-11-29,43.711445,D,THB,A
2000-11-30,43.711884,D,THB,A
2000-12-01,43.794963,D,THB,A
2000-12-04,43.761675,D,THB,A
2000-12-05,43.812372,D,THB,A
2000-12-06,43.637177,D,THB,A
2000-12-07,43.507324,D,THB,A
2000-12-08,43.448679,D,THB,A
2000-12-11,43.430373,D,THB,A
2000-12-12,43.457754,D,THB,A
2000-12-13,43.614883,D,THB,A
2000-12-14,43.462269,D,THB,A
2000-12-15,43.408949,D,THB,A
2000-12-18,43.246041,D,THB,A
2000-12-19,43.005504,D,THB,A
2000-12-20,42.696214,D,THB,A
2000-12-21,42.386508,D,THB,A
2000-12-22,42.040909,D,THB,A
2000-12-27,42.731686,D,THB,A
2000-12-28,43.207001,D,THB,A
2000-12-29,43.300591,D,THB,A
2001-01-02,43.873395,D,THB,A
2001-01-03,43.528227,D,THB,A
2001-01-04,43.382745,D,THB,A
2001-01-05,43.189314,D,THB,A
2001-01-08,43.04991,D,THB,A
2001-01-09,43.174875,D,THB,A
2001-01-10,43.26615,D,THB,A
2001-01-11,43.554132,D,THB,A
2001-01-12,43.39319,D,THB,A
2001-01-15,43.458846,D,THB,A
2001-01-16,43.179877,D,THB,A
2001-01-17,43.144423,D,THB,A
2001-01-18,43.28456,D,THB,A
2001-01-19,43.084362,D,THB,A
2001-01-22,43.155651,D,THB,A
2001-01-23,43.07505,D,THB,A
2001-01-24,43.048956,D,THB,A
2001-01-25,42.96042,D,THB,A
2001-01-26,42.826615,D,THB,A
2001-01-29,42.649625,D,THB,A
2001-01-30,42.682396,D,THB,A
2001-01-31,42.499623,D,THB,A
2001-02-01,42.27525,D,THB,A
2001-02-02,42.308281,D,THB,A
2001-02-05,42.58504,D,THB,A
2001-02-06,42.4528,D,THB,A
2001-02-07,42.545952,D,THB,A
2001-02-08,42.584273,D,THB,A
2001-02-09,42.602688,D,THB,A
2001-02-12,42.581395,D,THB,A
2001-02-13,42.436442,D,THB,A
2001-02-14,42.424275,D,THB,A
2001-02-15,42.309131,D,THB,A
2001-02-16,42.513991,D,THB,A
2001-02-19,42.650494,D,THB,A
2001-02-20,42.714223,D,THB,A
2001-02-21,42.859283,D,THB,A
2001-02-22,43.119368,D,THB,A
2001-02-23,43.010812,D,THB,A
2001-02-26,42.895003,D,THB,A
2001-02-27,42.830296,D,THB,A
2001-02-28,43.1117,D,THB,A
2001-03-01,43.252023,D,THB,A
2001-03-02,43.358539,D,THB,A
2001-03-05,43.497689,D,THB,A
2001-03-06,43.452419,D,THB,A
2001-03-07,43.6508,D,THB,A
2001-03-08,43.536082,D,THB,A
2001-03-09,43.529123,D,THB,A
2001-03-12,43.75,D,THB,A
2001-03-13,43.579439,D,THB,A
2001-03-14,43.637987,D,THB,A
2001-03-15,43.954876,D,THB,A
2001-03-16,44.025036,D,THB,A
2001-03-19,43.805803,D,THB,A
2001-03-20,43.967738,D,THB,A
2001-03-21,44.230367,D,THB,A
2001-03-22,44.492519,D,THB,A
2001-03-23,44.254539,D,THB,A
2001-03-26,44.315165,D,THB,A
2001-03-27,44.427502,D,THB,A
2001-03-28,44.442551,D,THB,A
2001-03-29,44.725,D,THB,A
2001-03-30,44.913949,D,THB,A
2001-04-02,45.190378,D,THB,A
2001-04-03,45.119276,D,THB,A
2001-04-04,45.402236,D,THB,A
2001-04-05,45.259867,D,THB,A
2001-04-06,45.584787,D,THB,A
2001-04-09,45.674762,D,THB,A
2001-04-10,45.615092,D,THB,A
2001-04-11,45.429638,D,THB,A
2001-04-12,45.371341,D,THB,A
2001-04-17,45.523262,D,THB,A
2001-04-18,45.519936,D,THB,A
2001-04-19,45.293531,D,THB,A
2001-04-20,45.657915,D,THB,A
2001-04-23,45.554766,D,THB,A
2001-04-24,45.5073,D,THB,A
2001-04-25,45.658657,D,THB,A
2001-04-26,45.651725,D,THB,A
2001-04-27,45.713177,D,THB,A
2001-04-30,45.632717,D,THB,A
2001-05-02,45.477826,D,THB,A
2001-05-03,45.427609,D,THB,A
2001-05-04,45.647612,D,THB,A
2001-05-07,45.640206,D,THB,A
2001-05-08,45.613016,D,THB,A
2001-05-09,45.477399,D,THB,A
2001-05-10,45.744972,D,THB,A
2001-05-11,45.459478,D,THB,A
2001-05-14,45.512636,D,THB,A
2001-05-15,45.576642,D,THB,A
2001-05-16,45.408988,D,THB,A
2001-05-17,45.313897,D,THB,A
2001-05-18,45.488777,D,THB,A
2001-05-21,45.622458,D,THB,A
2001-05-22,45.601382,D,THB,A
2001-05-23,45.481771,D,THB,A
2001-05-24,45.420967,D,THB,A
2001-05-25,45.574206,D,THB,A
2001-05-28,45.655871,D,THB,A
2001-05-29,45.407975,D,THB,A
2001-05-30,45.360598,D,THB,A
2001-05-31,45.382665,D,THB,A
2001-06-01,45.349847,D,THB,A
2001-06-04,45.480677,D,THB,A
2001-06-05,45.082339,D,THB,A
2001-06-06,45.313941,D,THB,A
2001-06-07,45.116702,D,THB,A
2001-06-08,45.213274,D,THB,A
2001-06-11,45.230869,D,THB,A
2001-06-12,45.298088,D,THB,A
2001-06-13,45.42531,D,THB,A
2001-06-14,45.378003,D,THB,A
2001-06-15,45.268298,D,THB,A
2001-06-18,45.327351,D,THB,A
2001-06-19,45.200397,D,THB,A
2001-06-20,45.271232,D,THB,A
2001-06-21,45.269645,D,THB,A
2001-06-22,45.242144,D,THB,A
2001-06-25,45.189148,D,THB,A
2001-06-26,45.266287,D,THB,A
2001-06-27,45.249362,D,THB,A
2001-06-28,45.309599,D,THB,A
2001-06-29,45.272759,D,THB,A
2001-07-02,45.370313,D,THB,A
2001-07-03,45.411675,D,THB,A
2001-07-04,45.430498,D,THB,A
2001-07-05,45.357516,D,THB,A
2001-07-06,45.425811,D,THB,A
2001-07-09,45.444615,D,THB,A
2001-07-10,45.517262,D,THB,A
2001-07-11,45.556846,D,THB,A
2001-07-12,45.562661,D,THB,A
2001-07-13,45.647031,D,THB,A
2001-07-16,45.747641,D,THB,A
2001-07-17,45.731212,D,THB,A
2001-07-18,45.790614,D,THB,A
2001-07-19,45.712484,D,THB,A
2001-07-20,45.709549,D,THB,A
2001-07-23,45.719456,D,THB,A
2001-07-24,45.712448,D,THB,A
2001-07-25,45.752985,D,THB,A
2001-07-26,45.67743,D,THB,A
2001-07-27,45.627509,D,THB,A
2001-07-30,45.686093,D,THB,A
2001-07-31,45.721987,D,THB,A
2001-08-01,45.748214,D,THB,A
2001-08-02,45.65305,D,THB,A
2001-08-03,45.417329,D,THB,A
2001-08-06,45.387166,D,THB,A
2001-08-07,45.542997,D,THB,A
2001-08-08,45.427137,D,THB,A
2001-08-09,45.440416,D,THB,A
2001-08-10,45.267569,D,THB,A
2001-08-13,45.134913,D,THB,A
2001-08-14,44.972569,D,THB,A
2001-08-15,44.815558,D,THB,A
2001-08-16,44.621391,D,THB,A
2001-08-17,44.911687,D,THB,A
2001-08-20,44.902722,D,THB,A
2001-08-21,44.682077,D,THB,A
2001-08-22,44.527452,D,THB,A
2001-08-23,44.622476,D,THB,A
2001-08-24,44.41996,D,THB,A
2001-08-27,44.252695,D,THB,A
2001-08-28,44.31232,D,THB,A
2001-08-29,44.185047,D,THB,A
2001-08-30,44.282683,D,THB,A
2001-08-31,44.060603,D,THB,A
2001-09-03,44.059524,D,THB,A
2001-09-04,44.191862,D,THB,A
2001-09-05,44.317625,D,THB,A
2001-09-06,44.497572,D,THB,A
2001-09-07,44.652592,D,THB,A
2001-09-10,44.627501,D,THB,A
2001-09-11,44.795069,D,THB,A
2001-09-12,44.481109,D,THB,A
2001-09-13,44.294923,D,THB,A
2001-09-14,44.206638,D,THB,A
2001-09-17,43.983709,D,THB,A
2001-09-18,44.139045,D,THB,A
2001-09-19,44.128105,D,THB,A
2001-09-20,44.116211,D,THB,A
2001-09-21,44.15087,D,THB,A
2001-09-24,44.40179,D,THB,A
2001-09-25,44.449433,D,THB,A
2001-09-26,44.288426,D,THB,A
2001-09-27,44.412819,D,THB,A
2001-09-28,44.495784,D,THB,A
2001-10-01,44.517808,D,THB,A
2001-10-02,44.662749,D,THB,A
2001-10-03,44.812792,D,THB,A
2001-10-04,44.622902,D,THB,A
2001-10-05,44.712993,D,THB,A
2001-10-08,44.792164,D,THB,A
2001-10-09,44.802676,D,THB,A
2001-10-10,44.695053,D,THB,A
2001-10-11,44.82719,D,THB,A
2001-10-12,44.762389,D,THB,A
2001-10-15,44.557437,D,THB,A
2001-10-16,44.612461,D,THB,A
2001-10-17,44.757593,D,THB,A
2001-10-18,44.73255,D,THB,A
2001-10-19,44.722611,D,THB,A
2001-10-22,44.762515,D,THB,A
2001-10-23,44.82255,D,THB,A
2001-10-24,44.779971,D,THB,A
2001-10-25,44.890089,D,THB,A
2001-10-26,44.877567,D,THB,A
2001-10-29,44.805108,D,THB,A
2001-10-30,44.652582,D,THB,A
2001-10-31,44.697744,D,THB,A
2001-11-01,44.722656,D,THB,A
2001-11-02,44.724934,D,THB,A
2001-11-05,44.657516,D,THB,A
2001-11-06,44.652494,D,THB,A
2001-11-07,44.642556,D,THB,A
2001-11-08,44.462662,D,THB,A
2001-11-09,44.472564,D,THB,A
2001-11-12,44.354973,D,THB,A
2001-11-13,44.459851,D,THB,A
2001-11-14,44.435079,D,THB,A
2001-11-15,44.444986,D,THB,A
2001-11-16,44.477558,D,THB,A
2001-11-19,44.469806,D,THB,A
2001-11-20,44.377607,D,THB,A
2001-11-21,44.36253,D,THB,A
2001-11-22,44.357599,D,THB,A
2001-11-23,44.295054,D,THB,A
2001-11-26,44.145044,D,THB,A
2001-11-27,44.082499,D,THB,A
2001-11-28,44.097497,D,THB,A
2001-11-29,44.042534,D,THB,A
2001-11-30,43.91234,D,THB,A
2001-12-03,44.004706,D,THB,A
2001-12-04,44.102337,D,THB,A
2001-12-05,43.947528,D,THB,A
2001-12-06,43.892451,D,THB,A
2001-12-07,43.792616,D,THB,A
2001-12-10,43.917175,D,THB,A
2001-12-11,43.780198,D,THB,A
2001-12-12,43.747595,D,THB,A
2001-12-13,43.684903,D,THB,A
2001-12-14,43.814663,D,THB,A
2001-12-17,43.857443,D,THB,A
2001-12-18,43.89514,D,THB,A
2001-12-19,43.845152,D,THB,A
2001-12-20,43.929009,D,THB,A
2001-12-21,43.98524,D,THB,A
2001-12-24,43.969993,D,THB,A
2001-12-27,44.232461,D,THB,A
2001-12-28,44.189947,D,THB,A
2002-01-02,44.209117,D,THB,A
2002-01-03,44.045374,D,THB,A
2002-01-04,43.929752,D,THB,A
2002-01-07,43.857608,D,THB,A
2002-01-08,44.099787,D,THB,A
2002-01-09,44.067369,D,THB,A
2002-01-10,44.11494,D,THB,A
2002-01-11,44.027021,D,THB,A
2002-01-14,43.885292,D,THB,A
2002-01-15,43.845102,D,THB,A
2002-01-16,43.889985,D,THB,A
2002-01-17,43.877651,D,THB,A
2002-01-18,43.970034,D,THB,A
2002-01-21,43.982579,D,THB,A
2002-01-22,44.187542,D,THB,A
2002-01-23,44.187556,D,THB,A
2002-01-24,44.172579,D,THB,A
2002-01-25,44.097888,D,THB,A
2002-01-28,44.100606,D,THB,A
2002-01-29,44.027134,D,THB,A
2002-01-30,43.977667,D,THB,A
2002-01-31,44.030103,D,THB,A
2002-02-01,44.029889,D,THB,A
2002-02-04,43.997455,D,THB,A
2002-02-05,43.977427,D,THB,A
2002-02-06,43.970222,D,THB,A
2002-02-07,43.87777,D,THB,A
2002-02-08,43.937529,D,THB,A
2002-02-11,43.855015,D,THB,A
2002-02-12,43.857535,D,THB,A
2002-02-13,43.770015,D,THB,A
2002-02-14,43.600023,D,THB,A
2002-02-15,43.615049,D,THB,A
2002-02-18,43.625014,D,THB,A
2002-02-19,43.720087,D,THB,A
2002-02-20,43.702505,D,THB,A
2002-02-21,43.774968,D,THB,A
2002-02-22,43.894821,D,THB,A
2002-02-25,43.837575,D,THB,A
2002-02-26,43.820088,D,THB,A
2002-02-27,43.842756,D,THB,A
2002-02-28,43.737487,D,THB,A
2002-03-01,43.675078,D,THB,A
2002-03-04,43.547231,D,THB,A
2002-03-05,43.597443,D,THB,A
2002-03-06,43.54247,D,THB,A
2002-03-07,43.250114,D,THB,A
2002-03-08,43.320223,D,THB,A
2002-03-11,43.345155,D,THB,A
2002-03-12,43.187564,D,THB,A
2002-03-13,43.295054,D,THB,A
2002-03-14,43.229467,D,THB,A
2002-03-15,43.301819,D,THB,A
2002-03-18,43.39752,D,THB,A
2002-03-19,43.360063,D,THB,A
2002-03-20,43.337531,D,THB,A
2002-03-21,43.299989,D,THB,A
2002-03-22,43.394997,D,THB,A
2002-03-25,43.407467,D,THB,A
2002-03-26,43.364999,D,THB,A
2002-03-27,43.317517,D,THB,A
2002-03-28,43.450023,D,THB,A
2002-04-02,43.720123,D,THB,A
2002-04-03,43.702488,D,THB,A
2002-04-04,43.622477,D,THB,A
2002-04-05,43.609948,D,THB,A
2002-04-08,43.539986,D,THB,A
2002-04-09,43.552322,D,THB,A
2002-04-10,43.442487,D,THB,A
2002-04-11,43.517626,D,THB,A
2002-04-12,43.527547,D,THB,A
2002-04-15,43.450352,D,THB,A
2002-04-16,43.447688,D,THB,A
2002-04-17,43.314865,D,THB,A
2002-04-18,43.324677,D,THB,A
2002-04-19,43.280216,D,THB,A
2002-04-22,43.232605,D,THB,A
2002-04-23,43.330027,D,THB,A
2002-04-24,43.300045,D,THB,A
2002-04-25,43.226893,D,THB,A
2002-04-26,43.257273,D,THB,A
2002-04-29,43.178579,D,THB,A
2002-04-30,43.237234,D,THB,A
2002-05-02,43.162422,D,THB,A
2002-05-03,43.040515,D,THB,A
2002-05-06,42.94007,D,THB,A
2002-05-07,42.938849,D,THB,A
2002-05-08,42.899318,D,THB,A
2002-05-09,42.917117,D,THB,A
2002-05-10,42.917635,D,THB,A
2002-05-13,42.817723,D,THB,A
2002-05-14,42.870007,D,THB,A
2002-05-15,42.87763,D,THB,A
2002-05-16,42.838777,D,THB,A
2002-05-17,42.610686,D,THB,A
2002-05-20,42.56303,D,THB,A
2002-05-21,42.646152,D,THB,A
2002-05-22,42.762311,D,THB,A
2002-05-23,42.86823,D,THB,A
2002-05-24,42.856334,D,THB,A
2002-05-27,42.820022,D,THB,A
2002-05-28,42.6,D,THB,A
2002-05-29,42.482725,D,THB,A
2002-05-30,42.409173,D,THB,A
2002-05-31,42.322893,D,THB,A
2002-06-03,42.411897,D,THB,A
2002-06-04,42.330154,D,THB,A
2002-06-05,42.526411,D,THB,A
2002-06-06,42.588216,D,THB,A
2002-06-07,42.444985,D,THB,A
2002-06-10,42.400042,D,THB,A
2002-06-11,42.338006,D,THB,A
2002-06-12,42.352412,D,THB,A
2002-06-13,42.241053,D,THB,A
2002-06-14,42.172188,D,THB,A
2002-06-17,42.165606,D,THB,A
2002-06-18,42.227857,D,THB,A
2002-06-19,42.077816,D,THB,A
2002-06-20,42.074437,D,THB,A
2002-06-21,42.015255,D,THB,A
2002-06-24,41.805644,D,THB,A
2002-06-25,41.91701,D,THB,A
2002-06-26,41.680347,D,THB,A
2002-06-27,41.685464,D,THB,A
2002-06-28,41.524211,D,THB,A
2002-07-01,41.49309,D,THB,A
2002-07-02,41.50681,D,THB,A
2002-07-03,41.604908,D,THB,A
2002-07-04,41.553013,D,THB,A
2002-07-05,41.687095,D,THB,A
2002-07-08,41.452177,D,THB,A
2002-07-09,41.252165,D,THB,A
2002-07-10,41.068095,D,THB,A
2002-07-11,41.259353,D,THB,A
2002-07-12,41.132989,D,THB,A
2002-07-15,40.733739,D,THB,A
2002-07-16,40.346104,D,THB,A
2002-07-17,40.543323,D,THB,A
2002-07-18,40.61205,D,THB,A
2002-07-19,40.510053,D,THB,A
2002-07-22,40.440016,D,THB,A
2002-07-23,40.947629,D,THB,A
2002-07-24,41.256278,D,THB,A
2002-07-25,41.079788,D,THB,A
2002-07-26,41.813749,D,THB,A
2002-07-29,42.549028,D,THB,A
2002-07-30,41.927097,D,THB,A
2002-07-31,42.022897,D,THB,A
2002-08-01,42.108299,D,THB,A
2002-08-02,42.137851,D,THB,A
2002-08-05,42.130033,D,THB,A
2002-08-06,42.494375,D,THB,A
2002-08-07,42.490307,D,THB,A
2002-08-08,42.481057,D,THB,A
2002-08-09,42.364169,D,THB,A
2002-08-12,42.238037,D,THB,A
2002-08-13,42.181549,D,THB,A
2002-08-14,41.938419,D,THB,A
2002-08-15,41.882172,D,THB,A
2002-08-16,41.820662,D,THB,A
2002-08-19,42.12287,D,THB,A
2002-08-20,41.919322,D,THB,A
2002-08-21,42.098853,D,THB,A
2002-08-22,42.252815,D,THB,A
2002-08-23,42.282252,D,THB,A
2002-08-26,42.343882,D,THB,A
2002-08-27,42.164313,D,THB,A
2002-08-28,42.197842,D,THB,A
2002-08-29,42.202174,D,THB,A
2002-08-30,42.175023,D,THB,A
2002-09-02,42.250789,D,THB,A
2002-09-03,42.195762,D,THB,A
2002-09-04,42.177943,D,THB,A
2002-09-05,42.129424,D,THB,A
2002-09-06,42.289171,D,THB,A
2002-09-09,42.412702,D,THB,A
2002-09-10,42.441496,D,THB,A
2002-09-11,42.429172,D,THB,A
2002-09-12,42.464999,D,THB,A
2002-09-13,42.742712,D,THB,A
2002-09-16,43.262832,D,THB,A
2002-09-17,43.072857,D,THB,A
2002-09-18,42.991054,D,THB,A
2002-09-19,42.937436,D,THB,A
2002-09-20,43.287845,D,THB,A
2002-09-23,43.31004,D,THB,A
2002-09-24,43.367013,D,THB,A
2002-09-25,43.39781,D,THB,A
2002-09-26,43.555022,D,THB,A
2002-09-27,43.373351,D,THB,A
2002-09-30,43.292292,D,THB,A
2002-10-01,43.443464,D,THB,A
2002-10-02,43.547738,D,THB,A
2002-10-03,43.547219,D,THB,A
2002-10-04,43.498429,D,THB,A
2002-10-07,43.771513,D,THB,A
2002-10-08,43.711531,D,THB,A
2002-10-09,43.746179,D,THB,A
2002-10-10,43.743899,D,THB,A
2002-10-11,43.901694,D,THB,A
2002-10-14,44.029373,D,THB,A
2002-10-15,44.163507,D,THB,A
2002-10-16,43.787234,D,THB,A
2002-10-17,43.667315,D,THB,A
2002-10-18,43.750796,D,THB,A
2002-10-21,43.615613,D,THB,A
2002-10-22,43.62285,D,THB,A
2002-10-23,43.542711,D,THB,A
2002-10-24,43.519511,D,THB,A
2002-10-25,43.407252,D,THB,A
2002-10-28,43.50508,D,THB,A
2002-10-29,43.320774,D,THB,A
2002-10-30,43.393893,D,THB,A
2002-10-31,43.307178,D,THB,A
2002-11-01,43.218167,D,THB,A
2002-11-04,43.238536,D,THB,A
2002-11-05,43.129988,D,THB,A
2002-11-06,43.301557,D,THB,A
2002-11-07,43.232098,D,THB,A
2002-11-08,43.005244,D,THB,A
2002-11-11,42.959905,D,THB,A
2002-11-12,43.155044,D,THB,A
2002-11-13,43.342868,D,THB,A
2002-11-14,43.319366,D,THB,A
2002-11-15,43.590188,D,THB,A
2002-11-18,43.400099,D,THB,A
2002-11-19,43.342222,D,THB,A
2002-11-20,43.481984,D,THB,A
2002-11-21,43.338748,D,THB,A
2002-11-22,43.394553,D,THB,A
2002-11-25,43.447249,D,THB,A
2002-11-26,43.380626,D,THB,A
2002-11-27,43.409389,D,THB,A
2002-11-28,43.389068,D,THB,A
2002-11-29,43.49723,D,THB,A
2002-12-02,43.703779,D,THB,A
2002-12-03,43.634995,D,THB,A
2002-12-04,43.695947,D,THB,A
2002-12-05,43.841758,D,THB,A
2002-12-06,43.654108,D,THB,A
2002-12-09,43.338551,D,THB,A
2002-12-10,43.395807,D,THB,A
2002-12-11,43.393066,D,THB,A
2002-12-12,43.332217,D,THB,A
2002-12-13,43.292144,D,THB,A
2002-12-16,43.186349,D,THB,A
2002-12-17,43.036286,D,THB,A
2002-12-18,43.102734,D,THB,A
2002-12-19,43.056264,D,THB,A
2002-12-20,43.0902,D,THB,A
2002-12-23,43.014686,D,THB,A
2002-12-24,43.007964,D,THB,A
2002-12-27,43.340497,D,THB,A
2002-12-30,43.330455,D,THB,A
2002-12-31,43.136169,D,THB,A
2003-01-02,43.15336,D,THB,A
2003-01-03,43.029542,D,THB,A
2003-01-06,42.81188,D,THB,A
2003-01-07,42.844412,D,THB,A
2003-01-08,42.807941,D,THB,A
2003-01-09,42.706101,D,THB,A
2003-01-10,42.845949,D,THB,A
2003-01-13,42.746516,D,THB,A
2003-01-14,42.635152,D,THB,A
2003-01-15,42.667015,D,THB,A
2003-01-16,42.700208,D,THB,A
2003-01-17,42.743992,D,THB,A
2003-01-20,42.759974,D,THB,A
2003-01-21,42.847085,D,THB,A
2003-01-22,42.66225,D,THB,A
2003-01-23,42.685972,D,THB,A
2003-01-24,42.689911,D,THB,A
2003-01-27,42.596964,D,THB,A
2003-01-28,42.743893,D,THB,A
2003-01-29,42.66912,D,THB,A
2003-01-30,42.758001,D,THB,A
2003-01-31,42.741864,D,THB,A
2003-02-03,42.795974,D,THB,A
2003-02-04,42.750046,D,THB,A
2003-02-05,42.682401,D,THB,A
2003-02-06,42.78794,D,THB,A
2003-02-07,42.893039,D,THB,A
2003-02-10,43.112047,D,THB,A
2003-02-11,43.08995,D,THB,A
2003-02-12,43.014071,D,THB,A
2003-02-13,43.042015,D,THB,A
2003-02-14,43.145928,D,THB,A
2003-02-17,43.126073,D,THB,A
2003-02-18,43.006067,D,THB,A
2003-02-19,43.022021,D,THB,A
2003-02-20,42.897891,D,THB,A
2003-02-21,42.852002,D,THB,A
2003-02-24,42.837049,D,THB,A
2003-02-25,42.651383,D,THB,A
2003-02-26,42.733098,D,THB,A
2003-02-27,42.563944,D,THB,A
2003-02-28,42.775923,D,THB,A
2003-03-03,42.699907,D,THB,A
2003-03-04,42.616357,D,THB,A
2003-03-05,42.572314,D,THB,A
2003-03-06,42.61142,D,THB,A
2003-03-07,42.557387,D,THB,A
2003-03-10,42.473103,D,THB,A
2003-03-11,42.408574,D,THB,A
2003-03-12,42.744559,D,THB,A
2003-03-13,42.798049,D,THB,A
2003-03-14,42.771972,D,THB,A
2003-03-17,42.688084,D,THB,A
2003-03-18,42.972227,D,THB,A
2003-03-19,42.945979,D,THB,A
2003-03-20,43.020015,D,THB,A
2003-03-21,43.078509,D,THB,A
2003-03-24,42.889035,D,THB,A
2003-03-25,42.79899,D,THB,A
2003-03-26,42.887035,D,THB,A
2003-03-27,42.887998,D,THB,A
2003-03-28,42.982013,D,THB,A
2003-03-31,42.900046,D,THB,A
2003-04-01,42.84703,D,THB,A
2003-04-02,42.918098,D,THB,A
2003-04-03,42.985797,D,THB,A
2003-04-04,43.116138,D,THB,A
2003-04-07,43.262238,D,THB,A
2003-04-08,43.06182,D,THB,A
2003-04-09,42.986036,D,THB,A
2003-04-10,42.878112,D,THB,A
2003-04-11,42.991057,D,THB,A
2003-04-14,42.906026,D,THB,A
2003-04-15,42.916079,D,THB,A
2003-04-16,42.818106,D,THB,A
2003-04-17,42.793773,D,THB,A
2003-04-22,42.776502,D,THB,A
2003-04-23,42.758041,D,THB,A
2003-04-24,42.772257,D,THB,A
2003-04-25,43.08767,D,THB,A
2003-04-28,42.895601,D,THB,A
2003-04-29,42.979007,D,THB,A
2003-04-30,42.84925,D,THB,A
2003-05-02,42.709405,D,THB,A
2003-05-05,42.695044,D,THB,A
2003-05-06,42.594411,D,THB,A
2003-05-07,42.500831,D,THB,A
2003-05-08,42.449322,D,THB,A
2003-05-09,42.575004,D,THB,A
2003-05-12,42.375011,D,THB,A
2003-05-13,42.370724,D,THB,A
2003-05-14,42.221845,D,THB,A
2003-05-15,42.041543,D,THB,A
2003-05-16,42.157849,D,THB,A
2003-05-19,42.065997,D,THB,A
2003-05-20,42.106407,D,THB,A
2003-05-21,41.939259,D,THB,A
2003-05-22,41.96971,D,THB,A
2003-05-23,41.90212,D,THB,A
2003-05-26,41.796749,D,THB,A
2003-05-27,41.613058,D,THB,A
2003-05-28,41.816749,D,THB,A
2003-05-29,41.876744,D,THB,A
2003-05-30,41.692945,D,THB,A
2003-06-02,41.682145,D,THB,A
2003-06-03,41.680372,D,THB,A
2003-06-04,41.657942,D,THB,A
2003-06-05,41.555924,D,THB,A
2003-06-06,41.422247,D,THB,A
2003-06-09,41.703906,D,THB,A
2003-06-10,41.825028,D,THB,A
2003-06-11,41.750426,D,THB,A
2003-06-12,41.678285,D,THB,A
2003-06-13,41.624713,D,THB,A
2003-06-16,41.518306,D,THB,A
2003-06-17,41.521234,D,THB,A
2003-06-18,41.638602,D,THB,A
2003-06-19,41.625397,D,THB,A
2003-06-20,41.603604,D,THB,A
2003-06-23,41.538782,D,THB,A
2003-06-24,41.523217,D,THB,A
2003-06-25,41.501861,D,THB,A
2003-06-26,41.65133,D,THB,A
2003-06-27,42.006046,D,THB,A
2003-06-30,42.047432,D,THB,A
2003-07-01,41.960929,D,THB,A
2003-07-02,41.925011,D,THB,A
2003-07-03,41.70638,D,THB,A
2003-07-04,41.672772,D,THB,A
2003-07-07,41.592694,D,THB,A
2003-07-08,41.659191,D,THB,A
2003-07-09,41.670013,D,THB,A
2003-07-10,41.650062,D,THB,A
2003-07-11,41.623155,D,THB,A
2003-07-14,41.610497,D,THB,A
2003-07-15,41.519569,D,THB,A
2003-07-16,41.64877,D,THB,A
2003-07-17,41.659247,D,THB,A
2003-07-18,41.763141,D,THB,A
2003-07-21,41.699486,D,THB,A
2003-07-22,41.855506,D,THB,A
2003-07-23,42.061837,D,THB,A
2003-07-24,41.876864,D,THB,A
2003-07-25,41.94685,D,THB,A
2003-07-28,41.992689,D,THB,A
2003-07-29,42.019194,D,THB,A
2003-07-30,41.97951,D,THB,A
2003-07-31,41.941863,D,THB,A
2003-08-01,42.061957,D,THB,A
2003-08-04,41.977271,D,THB,A
2003-08-05,42.088061,D,THB,A
2003-08-06,42.094803,D,THB,A
2003-08-07,41.943715,D,THB,A
2003-08-08,41.891842,D,THB,A
2003-08-11,41.801505,D,THB,A
2003-08-12,41.81082,D,THB,A
2003-08-13,41.760043,D,THB,A
2003-08-14,41.691127,D,THB,A
2003-08-15,41.648528,D,THB,A
2003-08-18,41.613157,D,THB,A
2003-08-19,41.71315,D,THB,A
2003-08-20,41.648753,D,THB,A
2003-08-21,41.537015,D,THB,A
2003-08-22,41.361208,D,THB,A
2003-08-25,41.404574,D,THB,A
2003-08-26,41.363073,D,THB,A
2003-08-27,41.196113,D,THB,A
2003-08-28,41.19976,D,THB,A
2003-08-29,41.125103,D,THB,A
2003-09-01,40.925581,D,THB,A
2003-09-02,41.076873,D,THB,A
2003-09-03,40.851897,D,THB,A
2003-09-04,40.828804,D,THB,A
2003-09-05,40.69816,D,THB,A
2003-09-08,40.689007,D,THB,A
2003-09-09,40.499147,D,THB,A
2003-09-10,40.393663,D,THB,A
2003-09-11,40.730053,D,THB,A
2003-09-12,40.722342,D,THB,A
2003-09-15,40.697279,D,THB,A
2003-09-16,40.487227,D,THB,A
2003-09-17,40.615858,D,THB,A
2003-09-18,40.548273,D,THB,A
2003-09-19,40.496818,D,THB,A
2003-09-22,40.037583,D,THB,A
2003-09-23,40.000262,D,THB,A
2003-09-24,40.060265,D,THB,A
2003-09-25,40.084573,D,THB,A
2003-09-26,40.146775,D,THB,A
2003-09-29,40.079734,D,THB,A
2003-09-30,39.96035,D,THB,A
2003-10-01,39.830006,D,THB,A
2003-10-02,39.666781,D,THB,A
2003-10-03,39.465086,D,THB,A
2003-10-06,39.62052,D,THB,A
2003-10-07,39.435078,D,THB,A
2003-10-08,39.281725,D,THB,A
2003-10-09,39.166695,D,THB,A
2003-10-10,39.100017,D,THB,A
2003-10-13,39.355065,D,THB,A
2003-10-14,40.074351,D,THB,A
2003-10-15,39.926729,D,THB,A
2003-10-16,39.881705,D,THB,A
2003-10-17,39.846792,D,THB,A
2003-10-20,40.001634,D,THB,A
2003-10-21,40.005678,D,THB,A
2003-10-22,39.970156,D,THB,A
2003-10-23,39.818429,D,THB,A
2003-10-24,39.884815,D,THB,A
2003-10-27,39.945012,D,THB,A
2003-10-28,39.956995,D,THB,A
2003-10-29,39.973297,D,THB,A
2003-10-30,39.920331,D,THB,A
2003-10-31,39.903631,D,THB,A
2003-11-03,39.950211,D,THB,A
2003-11-04,39.936781,D,THB,A
2003-11-05,39.888521,D,THB,A
2003-11-06,39.894576,D,THB,A
2003-11-07,39.921306,D,THB,A
2003-11-10,39.868066,D,THB,A
2003-11-11,39.886318,D,THB,A
2003-11-12,39.961897,D,THB,A
2003-11-13,39.936986,D,THB,A
2003-11-14,39.915257,D,THB,A
2003-11-17,39.886714,D,THB,A
2003-11-18,39.920105,D,THB,A
2003-11-19,39.923426,D,THB,A
2003-11-20,39.93845,D,THB,A
2003-11-21,39.95008,D,THB,A
2003-11-24,39.891652,D,THB,A
2003-11-25,39.930138,D,THB,A
2003-11-26,39.918414,D,THB,A
2003-11-27,39.920013,D,THB,A
2003-11-28,39.930048,D,THB,A
2003-12-01,39.901739,D,THB,A
2003-12-02,39.914238,D,THB,A
2003-12-03,39.898116,D,THB,A
2003-12-04,39.913368,D,THB,A
2003-12-05,39.893439,D,THB,A
2003-12-08,39.856769,D,THB,A
2003-12-09,39.805025,D,THB,A
2003-12-10,39.806929,D,THB,A
2003-12-11,39.773611,D,THB,A
2003-12-12,39.637098,D,THB,A
2003-12-15,39.688144,D,THB,A
2003-12-16,39.619499,D,THB,A
2003-12-17,39.660047,D,THB,A
2003-12-18,39.63525,D,THB,A
2003-12-19,39.621195,D,THB,A
2003-12-22,39.653209,D,THB,A
2003-12-23,39.621611,D,THB,A
2003-12-24,39.588458,D,THB,A
2003-12-29,39.297064,D,THB,A
2003-12-30,39.631642,D,THB,A
2003-12-31,39.620428,D,THB,A
2004-01-02,39.552176,D,THB,A
2004-01-05,39.338627,D,THB,A
2004-01-06,39.107714,D,THB,A
2004-01-07,39.004653,D,THB,A
2004-01-08,38.984645,D,THB,A
2004-01-09,39.006909,D,THB,A
2004-01-12,38.876364,D,THB,A
2004-01-13,38.945329,D,THB,A
2004-01-14,39.015443,D,THB,A
2004-01-15,39.06205,D,THB,A
2004-01-16,38.997198,D,THB,A
2004-01-19,39.046876,D,THB,A
2004-01-20,39.07969,D,THB,A
2004-01-21,39.032284,D,THB,A
2004-01-22,38.715972,D,THB,A
2004-01-23,39.115979,D,THB,A
2004-01-26,39.340358,D,THB,A
2004-01-27,39.106255,D,THB,A
2004-01-28,39.109369,D,THB,A
2004-01-29,39.229788,D,THB,A
2004-01-30,39.246851,D,THB,A
2004-02-02,39.232887,D,THB,A
2004-02-03,39.099325,D,THB,A
2004-02-04,39.089668,D,THB,A
2004-02-05,39.035524,D,THB,A
2004-02-06,39.154043,D,THB,A
2004-02-09,39.039251,D,THB,A
2004-02-10,38.908649,D,THB,A
2004-02-11,38.957729,D,THB,A
2004-02-12,38.860022,D,THB,A
2004-02-13,38.891542,D,THB,A
2004-02-16,38.957696,D,THB,A
2004-02-17,39.012133,D,THB,A
2004-02-18,38.998518,D,THB,A
2004-02-19,39.305014,D,THB,A
2004-02-20,39.166943,D,THB,A
2004-02-23,39.23847,D,THB,A
2004-02-24,39.260262,D,THB,A
2004-02-25,39.201599,D,THB,A
2004-02-26,39.321601,D,THB,A
2004-02-27,39.29578,D,THB,A
2004-03-01,39.271628,D,THB,A
2004-03-02,39.307934,D,THB,A
2004-03-03,39.57144,D,THB,A
2004-03-04,39.536099,D,THB,A
2004-03-05,39.411909,D,THB,A
2004-03-08,39.380058,D,THB,A
2004-03-09,39.400777,D,THB,A
2004-03-10,39.394422,D,THB,A
2004-03-11,39.414164,D,THB,A
2004-03-12,39.435145,D,THB,A
2004-03-15,39.506516,D,THB,A
2004-03-16,39.483644,D,THB,A
2004-03-17,39.558403,D,THB,A
2004-03-18,39.423538,D,THB,A
2004-03-19,39.400275,D,THB,A
2004-03-22,39.468631,D,THB,A
2004-03-23,39.483219,D,THB,A
2004-03-24,39.478846,D,THB,A
2004-03-25,39.551846,D,THB,A
2004-03-26,39.493305,D,THB,A
2004-03-29,39.568163,D,THB,A
2004-03-30,39.5679,D,THB,A
2004-03-31,39.27806,D,THB,A
2004-04-01,39.137338,D,THB,A
2004-04-02,39.138415,D,THB,A
2004-04-05,39.093963,D,THB,A
2004-04-06,39.15153,D,THB,A
2004-04-07,39.074209,D,THB,A
2004-04-08,39.147487,D,THB,A
2004-04-13,39.174781,D,THB,A
2004-04-14,39.325059,D,THB,A
2004-04-15,39.675034,D,THB,A
2004-04-16,39.435803,D,THB,A
2004-04-19,39.35993,D,THB,A
2004-04-20,39.381855,D,THB,A
2004-04-21,39.5817,D,THB,A
2004-04-22,39.626632,D,THB,A
2004-04-23,39.526714,D,THB,A
2004-04-26,39.680027,D,THB,A
2004-04-27,39.641709,D,THB,A
2004-04-28,39.736709,D,THB,A
2004-04-29,40.095214,D,THB,A
2004-04-30,39.987696,D,THB,A
2004-05-03,39.946708,D,THB,A
2004-05-04,39.958295,D,THB,A
2004-05-05,39.763566,D,THB,A
2004-05-06,39.898316,D,THB,A
2004-05-07,40.028411,D,THB,A
2004-05-10,40.566748,D,THB,A
2004-05-11,40.658675,D,THB,A
2004-05-12,40.573838,D,THB,A
2004-05-13,40.753278,D,THB,A
2004-05-14,40.926792,D,THB,A
2004-05-17,40.855028,D,THB,A
2004-05-18,40.800134,D,THB,A
2004-05-19,40.699975,D,THB,A
2004-05-20,40.780406,D,THB,A
2004-05-21,40.410938,D,THB,A
2004-05-24,40.765291,D,THB,A
2004-05-25,40.851695,D,THB,A
2004-05-26,40.735007,D,THB,A
2004-05-27,40.683354,D,THB,A
2004-05-28,40.61171,D,THB,A
2004-05-31,40.571651,D,THB,A
2004-06-01,40.641648,D,THB,A
2004-06-02,40.653307,D,THB,A
2004-06-03,40.733355,D,THB,A
2004-06-04,40.696714,D,THB,A
2004-06-07,40.564981,D,THB,A
2004-06-08,40.563446,D,THB,A
2004-06-09,40.53171,D,THB,A
2004-06-10,40.636575,D,THB,A
2004-06-11,40.736798,D,THB,A
2004-06-14,40.96542,D,THB,A
2004-06-15,41.018339,D,THB,A
2004-06-16,40.936474,D,THB,A
2004-06-17,40.849979,D,THB,A
2004-06-18,40.965205,D,THB,A
2004-06-21,40.931886,D,THB,A
2004-06-22,40.931685,D,THB,A
2004-06-23,41.003309,D,THB,A
2004-06-24,40.856707,D,THB,A
2004-06-25,40.843384,D,THB,A
2004-06-28,40.931684,D,THB,A
2004-06-29,40.868354,D,THB,A
2004-06-30,40.916742,D,THB,A
2004-07-01,40.825033,D,THB,A
2004-07-02,40.738393,D,THB,A
2004-07-05,40.746745,D,THB,A
2004-07-06,40.796653,D,THB,A
2004-07-07,40.776726,D,THB,A
2004-07-08,40.821672,D,THB,A
2004-07-09,40.758244,D,THB,A
2004-07-12,40.68331,D,THB,A
2004-07-13,40.703282,D,THB,A
2004-07-14,40.791455,D,THB,A
2004-07-15,40.821561,D,THB,A
2004-07-16,40.806768,D,THB,A
2004-07-19,40.811714,D,THB,A
2004-07-20,40.834962,D,THB,A
2004-07-21,40.955351,D,THB,A
2004-07-22,40.999022,D,THB,A
2004-07-23,41.096793,D,THB,A
2004-07-26,41.225109,D,THB,A
2004-07-27,41.255095,D,THB,A
2004-07-28,41.493685,D,THB,A
2004-07-29,41.450358,D,THB,A
2004-07-30,41.348285,D,THB,A
2004-08-02,41.318457,D,THB,A
2004-08-03,41.336633,D,THB,A
2004-08-04,41.512142,D,THB,A
2004-08-05,41.483641,D,THB,A
2004-08-06,41.456897,D,THB,A
2004-08-09,41.420021,D,THB,A
2004-08-10,41.443277,D,THB,A
2004-08-11,41.545083,D,THB,A
2004-08-12,41.568538,D,THB,A
2004-08-13,41.548326,D,THB,A
2004-08-16,41.551836,D,THB,A
2004-08-17,41.503404,D,THB,A
2004-08-18,41.499959,D,THB,A
2004-08-19,41.463387,D,THB,A
2004-08-20,41.441633,D,THB,A
2004-08-23,41.488735,D,THB,A
2004-08-24,41.470302,D,THB,A
2004-08-25,41.693817,D,THB,A
2004-08-26,41.683636,D,THB,A
2004-08-27,41.613819,D,THB,A
2004-08-30,41.629866,D,THB,A
2004-08-31,41.65007,D,THB,A
2004-09-01,41.608563,D,THB,A
2004-09-02,41.531712,D,THB,A
2004-09-03,41.525832,D,THB,A
2004-09-06,41.606578,D,THB,A
2004-09-07,41.661975,D,THB,A
2004-09-08,41.669823,D,THB,A
2004-09-09,41.615126,D,THB,A
2004-09-10,41.558311,D,THB,A
2004-09-13,41.551733,D,THB,A
2004-09-14,41.311841,D,THB,A
2004-09-15,41.321703,D,THB,A
2004-09-16,41.219937,D,THB,A
2004-09-17,41.298174,D,THB,A
2004-09-20,41.296818,D,THB,A
2004-09-21,41.302134,D,THB,A
2004-09-22,41.376807,D,THB,A
2004-09-23,41.445067,D,THB,A
2004-09-24,41.37826,D,THB,A
2004-09-27,41.509956,D,THB,A
2004-09-28,41.610053,D,THB,A
2004-09-29,41.548324,D,THB,A
2004-09-30,41.431703,D,THB,A
2004-10-01,41.368404,D,THB,A
2004-10-04,41.388297,D,THB,A
2004-10-05,41.42344,D,THB,A
2004-10-06,41.406448,D,THB,A
2004-10-07,41.390131,D,THB,A
2004-10-08,41.328299,D,THB,A
2004-10-11,41.278325,D,THB,A
2004-10-12,41.393437,D,THB,A
2004-10-13,41.398467,D,THB,A
2004-10-14,41.415044,D,THB,A
2004-10-15,41.446754,D,THB,A
2004-10-18,41.463364,D,THB,A
2004-10-19,41.349988,D,THB,A
2004-10-20,41.336616,D,THB,A
2004-10-21,41.330002,D,THB,A
2004-10-22,41.284706,D,THB,A
2004-10-25,41.074891,D,THB,A
2004-10-26,41.034809,D,THB,A
2004-10-27,41.068402,D,THB,A
2004-10-28,41.330108,D,THB,A
2004-10-29,41.050012,D,THB,A
2004-11-01,41.068403,D,THB,A
2004-11-02,41.082959,D,THB,A
2004-11-03,41.218128,D,THB,A
2004-11-04,40.955259,D,THB,A
2004-11-05,40.941117,D,THB,A
2004-11-08,40.690021,D,THB,A
2004-11-09,40.714739,D,THB,A
2004-11-10,40.677815,D,THB,A
2004-11-11,40.722653,D,THB,A
2004-11-12,40.341924,D,THB,A
2004-11-15,40.378464,D,THB,A
2004-11-16,40.383085,D,THB,A
2004-11-17,40.13427,D,THB,A
2004-11-18,40.163084,D,THB,A
2004-11-19,40.03149,D,THB,A
2004-11-22,39.812016,D,THB,A
2004-11-23,39.859424,D,THB,A
2004-11-24,39.700289,D,THB,A
2004-11-25,39.486112,D,THB,A
2004-11-26,39.430428,D,THB,A
2004-11-29,39.49347,D,THB,A
2004-11-30,39.490786,D,THB,A
2004-12-01,39.32526,D,THB,A
2004-12-02,39.188073,D,THB,A
2004-12-03,39.299248,D,THB,A
2004-12-06,39.153703,D,THB,A
2004-12-07,39.143876,D,THB,A
2004-12-08,39.474436,D,THB,A
2004-12-09,39.709884,D,THB,A
2004-12-10,39.714199,D,THB,A
2004-12-13,39.449804,D,THB,A
2004-12-14,39.502891,D,THB,A
2004-12-15,39.322275,D,THB,A
2004-12-16,39.079919,D,THB,A
2004-12-17,39.272467,D,THB,A
2004-12-20,39.08955,D,THB,A
2004-12-21,39.02195,D,THB,A
2004-12-22,39.065302,D,THB,A
2004-12-23,39.037604,D,THB,A
2004-12-24,38.997194,D,THB,A
2004-12-27,39.030827,D,THB,A
2004-12-28,39.035429,D,THB,A
2004-12-29,39.093915,D,THB,A
2004-12-30,39.007645,D,THB,A
2004-12-31,38.941341,D,THB,A
2005-01-03,38.94277,D,THB,A
2005-01-04,39.110363,D,THB,A
2005-01-05,39.147762,D,THB,A
2005-01-06,39.299856,D,THB,A
2005-01-07,39.150758,D,THB,A
2005-01-10,39.11547,D,THB,A
2005-01-11,39.059575,D,THB,A
2005-01-12,38.950453,D,THB,A
2005-01-13,38.802146,D,THB,A
2005-01-14,38.7373,D,THB,A
2005-01-17,38.444784,D,THB,A
2005-01-18,38.470138,D,THB,A
2005-01-19,38.472063,D,THB,A
2005-01-20,38.545145,D,THB,A
2005-01-21,38.660804,D,THB,A
2005-01-24,38.463069,D,THB,A
2005-01-25,38.552783,D,THB,A
2005-01-26,38.527489,D,THB,A
2005-01-27,38.509136,D,THB,A
2005-01-28,38.473341,D,THB,A
2005-01-31,38.563099,D,THB,A
2005-02-01,38.649727,D,THB,A
2005-02-02,38.466427,D,THB,A
2005-02-03,38.4955,D,THB,A
2005-02-04,38.382466,D,THB,A
2005-02-07,38.229524,D,THB,A
2005-02-08,38.548261,D,THB,A
2005-02-09,38.662435,D,THB,A
2005-02-10,38.652266,D,THB,A
2005-02-11,38.581875,D,THB,A
2005-02-14,38.385903,D,THB,A
2005-02-15,38.375845,D,THB,A
2005-02-16,38.492331,D,THB,A
2005-02-17,38.55916,D,THB,A
2005-02-18,38.566608,D,THB,A
2005-02-21,38.551513,D,THB,A
2005-02-22,38.370348,D,THB,A
2005-02-23,38.520791,D,THB,A
2005-02-24,38.394419,D,THB,A
2005-02-25,38.427649,D,THB,A
2005-02-28,38.286943,D,THB,A
2005-03-01,38.282385,D,THB,A
2005-03-02,38.366537,D,THB,A
2005-03-03,38.43731,D,THB,A
2005-03-04,38.472741,D,THB,A
2005-03-07,38.389786,D,THB,A
2005-03-08,38.343651,D,THB,A
2005-03-09,38.279634,D,THB,A
2005-03-10,38.328734,D,THB,A
2005-03-11,38.284884,D,THB,A
2005-03-14,38.367484,D,THB,A
2005-03-15,38.41889,D,THB,A
2005-03-16,38.443132,D,THB,A
2005-03-17,38.505756,D,THB,A
2005-03-18,38.53001,D,THB,A
2005-03-21,38.587772,D,THB,A
2005-03-22,38.641366,D,THB,A
2005-03-23,38.663602,D,THB,A
2005-03-24,38.897705,D,THB,A
2005-03-29,39.233328,D,THB,A
2005-03-30,39.374179,D,THB,A
2005-03-31,39.069732,D,THB,A
2005-04-01,39.158114,D,THB,A
2005-04-04,39.539703,D,THB,A
2005-04-05,39.648712,D,THB,A
2005-04-06,39.55832,D,THB,A
2005-04-07,39.616188,D,THB,A
2005-04-08,39.703565,D,THB,A
2005-04-11,39.599877,D,THB,A
2005-04-12,39.669619,D,THB,A
2005-04-13,39.500077,D,THB,A
2005-04-14,39.737129,D,THB,A
2005-04-15,39.691483,D,THB,A
2005-04-18,39.575075,D,THB,A
2005-04-19,39.546784,D,THB,A
2005-04-20,39.391524,D,THB,A
2005-04-21,39.60484,D,THB,A
2005-04-22,39.454768,D,THB,A
2005-04-25,39.405368,D,THB,A
2005-04-26,39.486172,D,THB,A
2005-04-27,39.584365,D,THB,A
2005-04-28,39.56606,D,THB,A
2005-04-29,39.445859,D,THB,A
2005-05-02,39.516443,D,THB,A
2005-05-03,39.535625,D,THB,A
2005-05-04,39.479657,D,THB,A
2005-05-05,39.465802,D,THB,A
2005-05-06,39.416853,D,THB,A
2005-05-09,39.538366,D,THB,A
2005-05-10,39.495099,D,THB,A
2005-05-11,39.356466,D,THB,A
2005-05-12,39.438572,D,THB,A
2005-05-13,39.53146,D,THB,A
2005-05-16,39.879518,D,THB,A
2005-05-17,39.86309,D,THB,A
2005-05-18,39.874812,D,THB,A
2005-05-19,39.911406,D,THB,A
2005-05-20,39.95558,D,THB,A
2005-05-23,40.08846,D,THB,A
2005-05-24,40.015059,D,THB,A
2005-05-25,40.183063,D,THB,A
2005-05-26,40.404855,D,THB,A
2005-05-27,40.458131,D,THB,A
2005-05-30,40.386466,D,THB,A
2005-05-31,40.595248,D,THB,A
2005-06-01,40.778541,D,THB,A
2005-06-02,40.686618,D,THB,A
2005-06-03,40.715274,D,THB,A
2005-06-06,40.572034,D,THB,A
2005-06-07,40.508751,D,THB,A
2005-06-08,40.567186,D,THB,A
2005-06-09,40.706757,D,THB,A
2005-06-10,40.641917,D,THB,A
2005-06-13,40.909468,D,THB,A
2005-06-14,40.926507,D,THB,A
2005-06-15,40.950369,D,THB,A
2005-06-16,40.940157,D,THB,A
2005-06-17,41.108647,D,THB,A
2005-06-20,41.109746,D,THB,A
2005-06-21,41.214853,D,THB,A
2005-06-22,41.188176,D,THB,A
2005-06-23,41.011934,D,THB,A
2005-06-24,41.048667,D,THB,A
2005-06-27,41.085169,D,THB,A
2005-06-28,41.250103,D,THB,A
2005-06-29,41.316575,D,THB,A
2005-06-30,41.298379,D,THB,A
2005-07-01,41.303053,D,THB,A
2005-07-04,41.446107,D,THB,A
2005-07-05,41.560212,D,THB,A
2005-07-06,41.611685,D,THB,A
2005-07-07,41.685205,D,THB,A
2005-07-08,42.137937,D,THB,A
2005-07-11,42.048143,D,THB,A
2005-07-12,41.768042,D,THB,A
2005-07-13,41.796619,D,THB,A
2005-07-14,41.848015,D,THB,A
2005-07-15,41.769237,D,THB,A
2005-07-18,41.810187,D,THB,A
2005-07-19,41.976598,D,THB,A
2005-07-20,42.060018,D,THB,A
2005-07-21,41.416263,D,THB,A
2005-07-22,41.371984,D,THB,A
2005-07-25,41.421467,D,THB,A
2005-07-26,41.560023,D,THB,A
2005-07-27,41.693078,D,THB,A
2005-07-28,41.818182,D,THB,A
2005-07-29,41.664599,D,THB,A
2005-08-01,41.558229,D,THB,A
2005-08-02,41.365311,D,THB,A
2005-08-03,41.276406,D,THB,A
2005-08-04,41.226561,D,THB,A
2005-08-05,41.198127,D,THB,A
2005-08-08,41.139854,D,THB,A
2005-08-09,41.213714,D,THB,A
2005-08-10,40.948534,D,THB,A
2005-08-11,40.908505,D,THB,A
2005-08-12,40.819619,D,THB,A
2005-08-15,40.999677,D,THB,A
2005-08-16,41.193048,D,THB,A
2005-08-17,41.25488,D,THB,A
2005-08-18,41.276509,D,THB,A
2005-08-19,41.258311,D,THB,A
2005-08-22,41.021993,D,THB,A
2005-08-23,40.999755,D,THB,A
2005-08-24,41.163705,D,THB,A
2005-08-25,41.076434,D,THB,A
2005-08-26,41.01812,D,THB,A
2005-08-29,41.21979,D,THB,A
2005-08-30,41.358673,D,THB,A
2005-08-31,41.351861,D,THB,A
2005-09-01,41.109945,D,THB,A
2005-09-02,41.058129,D,THB,A
2005-09-05,40.943532,D,THB,A
2005-09-06,41.098294,D,THB,A
2005-09-07,40.98466,D,THB,A
2005-09-08,41.016267,D,THB,A
2005-09-09,41.005236,D,THB,A
2005-09-12,40.843011,D,THB,A
2005-09-13,40.968557,D,THB,A
2005-09-14,40.908722,D,THB,A
2005-09-15,40.954757,D,THB,A
2005-09-16,40.985053,D,THB,A
2005-09-19,41.103056,D,THB,A
2005-09-20,41.056442,D,THB,A
2005-09-21,41.039673,D,THB,A
2005-09-22,41.036486,D,THB,A
2005-09-23,41.054629,D,THB,A
2005-09-26,41.265065,D,THB,A
2005-09-27,41.256976,D,THB,A
2005-09-28,41.168065,D,THB,A
2005-09-29,41.058609,D,THB,A
2005-09-30,41.056303,D,THB,A
2005-10-03,41.163161,D,THB,A
2005-10-04,41.113252,D,THB,A
2005-10-05,41.041266,D,THB,A
2005-10-06,40.981676,D,THB,A
2005-10-07,40.831686,D,THB,A
2005-10-10,40.828094,D,THB,A
2005-10-11,40.893362,D,THB,A
2005-10-12,40.951865,D,THB,A
2005-10-13,40.948247,D,THB,A
2005-10-14,40.901742,D,THB,A
2005-10-17,40.861753,D,THB,A
2005-10-18,40.881293,D,THB,A
2005-10-19,40.971548,D,THB,A
2005-10-20,40.88848,D,THB,A
2005-10-21,40.888278,D,THB,A
2005-10-24,40.951942,D,THB,A
2005-10-25,40.86128,D,THB,A
2005-10-26,40.846671,D,THB,A
2005-10-27,40.768343,D,THB,A
2005-10-28,40.786785,D,THB,A
2005-10-31,40.786825,D,THB,A
2005-11-01,40.78531,D,THB,A
2005-11-02,40.834723,D,THB,A
2005-11-03,40.829665,D,THB,A
2005-11-04,40.984664,D,THB,A
2005-11-07,41.038566,D,THB,A
2005-11-08,41.194958,D,THB,A
2005-11-09,41.204635,D,THB,A
2005-11-10,41.148614,D,THB,A
2005-11-11,41.133624,D,THB,A
2005-11-14,41.174763,D,THB,A
2005-11-15,41.20168,D,THB,A
2005-11-16,41.186949,D,THB,A
2005-11-17,41.178584,D,THB,A
2005-11-18,41.209864,D,THB,A
2005-11-21,41.181949,D,THB,A
2005-11-22,41.2281,D,THB,A
2005-11-23,41.175272,D,THB,A
2005-11-24,41.198337,D,THB,A
2005-11-25,41.198674,D,THB,A
2005-11-28,41.264711,D,THB,A
2005-11-29,41.20156,D,THB,A
2005-11-30,41.228652,D,THB,A
2005-12-01,41.244785,D,THB,A
2005-12-02,41.421732,D,THB,A
2005-12-05,41.371633,D,THB,A
2005-12-06,41.368073,D,THB,A
2005-12-07,41.318531,D,THB,A
2005-12-08,41.268276,D,THB,A
2005-12-09,41.301655,D,THB,A
2005-12-12,41.238574,D,THB,A
2005-12-13,41.149686,D,THB,A
2005-12-14,41.041597,D,THB,A
2005-12-15,40.896741,D,THB,A
2005-12-16,40.963031,D,THB,A
2005-12-19,40.925106,D,THB,A
2005-12-20,40.900042,D,THB,A
2005-12-21,40.963612,D,THB,A
2005-12-22,40.951616,D,THB,A
2005-12-23,40.919976,D,THB,A
2005-12-27,40.939926,D,THB,A
2005-12-28,40.968446,D,THB,A
2005-12-29,40.956448,D,THB,A
2005-12-30,41.058744,D,THB,A
2006-01-02,41.02486,D,THB,A
2006-01-03,40.832,D,THB,A
2006-01-04,40.484979,D,THB,A
2006-01-05,40.387161,D,THB,A
2006-01-06,40.065327,D,THB,A
2006-01-09,39.791356,D,THB,A
2006-01-10,39.808521,D,THB,A
2006-01-11,39.791529,D,THB,A
2006-01-12,39.355238,D,THB,A
2006-01-13,39.573885,D,THB,A
2006-01-16,39.674703,D,THB,A
2006-01-17,39.738302,D,THB,A
2006-01-18,39.479588,D,THB,A
2006-01-19,39.379607,D,THB,A
2006-01-20,39.151475,D,THB,A
2006-01-23,39.106459,D,THB,A
2006-01-24,39.260104,D,THB,A
2006-01-25,38.954775,D,THB,A
2006-01-26,38.896687,D,THB,A
2006-01-27,39.049458,D,THB,A
2006-01-30,39.141698,D,THB,A
2006-01-31,39.008912,D,THB,A
2006-02-01,39.190374,D,THB,A
2006-02-02,39.35024,D,THB,A
2006-02-03,39.38811,D,THB,A
2006-02-06,39.434939,D,THB,A
2006-02-07,39.554832,D,THB,A
2006-02-08,39.748075,D,THB,A
2006-02-09,39.574841,D,THB,A
2006-02-10,39.184628,D,THB,A
2006-02-13,39.328735,D,THB,A
2006-02-14,39.328459,D,THB,A
2006-02-15,39.36912,D,THB,A
2006-02-16,39.414741,D,THB,A
2006-02-17,39.334907,D,THB,A
2006-02-20,39.354677,D,THB,A
2006-02-21,39.405342,D,THB,A
2006-02-22,39.516632,D,THB,A
2006-02-23,39.321736,D,THB,A
2006-02-24,39.384667,D,THB,A
2006-02-27,39.248228,D,THB,A
2006-02-28,39.179789,D,THB,A
2006-03-01,38.971892,D,THB,A
2006-03-02,38.596594,D,THB,A
2006-03-03,38.816972,D,THB,A
2006-03-06,38.78339,D,THB,A
2006-03-07,39.100143,D,THB,A
2006-03-08,39.201779,D,THB,A
2006-03-09,39.067114,D,THB,A
2006-03-10,39.065358,D,THB,A
2006-03-13,39.177151,D,THB,A
2006-03-14,39.199866,D,THB,A
2006-03-15,39.166805,D,THB,A
2006-03-16,39.088574,D,THB,A
2006-03-17,38.974969,D,THB,A
2006-03-20,38.676688,D,THB,A
2006-03-21,38.810112,D,THB,A
2006-03-22,38.976717,D,THB,A
2006-03-23,39.050187,D,THB,A
2006-03-24,39.071769,D,THB,A
2006-03-27,38.92474,D,THB,A
2006-03-28,38.854684,D,THB,A
2006-03-29,38.951881,D,THB,A
2006-03-30,38.84838,D,THB,A
2006-03-31,38.836748,D,THB,A
2006-04-03,38.851861,D,THB,A
2006-04-04,38.661701,D,THB,A
2006-04-05,38.311858,D,THB,A
2006-04-06,38.154646,D,THB,A
2006-04-07,38.127925,D,THB,A
2006-04-10,38.138689,D,THB,A
2006-04-11,38.068567,D,THB,A
2006-04-12,38.131959,D,THB,A
2006-04-13,38.1404,D,THB,A
2006-04-18,37.938296,D,THB,A
2006-04-19,37.718289,D,THB,A
2006-04-20,37.751498,D,THB,A
2006-04-21,37.840032,D,THB,A
2006-04-24,37.555196,D,THB,A
2006-04-25,37.62173,D,THB,A
2006-04-26,37.7167,D,THB,A
2006-04-27,37.632512,D,THB,A
2006-04-28,37.524926,D,THB,A
2006-05-02,37.624773,D,THB,A
2006-05-03,37.653304,D,THB,A
2006-05-04,37.800191,D,THB,A
2006-05-05,37.860183,D,THB,A
2006-05-08,37.489809,D,THB,A
2006-05-09,37.63645,D,THB,A
2006-05-10,37.614837,D,THB,A
2006-05-11,37.818496,D,THB,A
2006-05-12,37.835682,D,THB,A
2006-05-15,38.231717,D,THB,A
2006-05-16,38.146992,D,THB,A
2006-05-17,37.909486,D,THB,A
2006-05-18,38.191073,D,THB,A
2006-05-19,38.186731,D,THB,A
2006-05-22,38.395672,D,THB,A
2006-05-23,38.23534,D,THB,A
2006-05-24,38.460042,D,THB,A
2006-05-25,38.343395,D,THB,A
2006-05-26,38.23865,D,THB,A
2006-05-29,38.206615,D,THB,A
2006-05-30,38.150167,D,THB,A
2006-05-31,38.118589,D,THB,A
2006-06-01,38.246702,D,THB,A
2006-06-02,38.206789,D,THB,A
2006-06-05,38.138602,D,THB,A
2006-06-06,38.196466,D,THB,A
2006-06-07,38.286809,D,THB,A
2006-06-08,38.500196,D,THB,A
2006-06-09,38.337941,D,THB,A
2006-06-12,38.437003,D,THB,A
2006-06-13,38.531541,D,THB,A
2006-06-14,38.380164,D,THB,A
2006-06-15,38.40682,D,THB,A
2006-06-16,38.344795,D,THB,A
2006-06-19,38.467953,D,THB,A
2006-06-20,38.381954,D,THB,A
2006-06-21,38.385054,D,THB,A
2006-06-22,38.431887,D,THB,A
2006-06-23,38.488242,D,THB,A
2006-06-26,38.468275,D,THB,A
2006-06-27,38.465027,D,THB,A
2006-06-28,38.439936,D,THB,A
2006-06-29,38.46995,D,THB,A
2006-06-30,38.20892,D,THB,A
2006-07-03,38.064894,D,THB,A
2006-07-04,37.881323,D,THB,A
2006-07-05,38.141316,D,THB,A
2006-07-06,38.238712,D,THB,A
2006-07-07,38.023165,D,THB,A
2006-07-10,37.855238,D,THB,A
2006-07-11,37.831344,D,THB,A
2006-07-12,37.893413,D,THB,A
2006-07-13,37.938071,D,THB,A
2006-07-14,37.974893,D,THB,A
2006-07-17,38.238577,D,THB,A
2006-07-18,38.127045,D,THB,A
2006-07-19,38.221439,D,THB,A
2006-07-20,38.036858,D,THB,A
2006-07-21,37.946372,D,THB,A
2006-07-24,38.019473,D,THB,A
2006-07-25,37.978791,D,THB,A
2006-07-26,37.970128,D,THB,A
2006-07-27,37.807961,D,THB,A
2006-07-28,37.953253,D,THB,A
2006-07-31,37.843659,D,THB,A
2006-08-01,37.876793,D,THB,A
2006-08-02,37.939522,D,THB,A
2006-08-03,37.869494,D,THB,A
2006-08-04,37.850219,D,THB,A
2006-08-07,37.740078,D,THB,A
2006-08-08,37.686736,D,THB,A
2006-08-09,37.575122,D,THB,A
2006-08-10,37.448083,D,THB,A
2006-08-11,37.41135,D,THB,A
2006-08-14,37.401321,D,THB,A
2006-08-15,37.473477,D,THB,A
2006-08-16,37.425154,D,THB,A
2006-08-17,37.614722,D,THB,A
2006-08-18,37.559756,D,THB,A
2006-08-21,37.455685,D,THB,A
2006-08-22,37.614736,D,THB,A
2006-08-23,37.608492,D,THB,A
2006-08-24,37.672044,D,THB,A
2006-08-25,37.668077,D,THB,A
2006-08-28,37.653125,D,THB,A
2006-08-29,37.529669,D,THB,A
2006-08-30,37.579966,D,THB,A
2006-08-31,37.538713,D,THB,A
2006-09-01,37.510338,D,THB,A
2006-09-04,37.349829,D,THB,A
2006-09-05,37.349727,D,THB,A
2006-09-06,37.339952,D,THB,A
2006-09-07,37.348205,D,THB,A
2006-09-08,37.449854,D,THB,A
2006-09-11,37.459294,D,THB,A
2006-09-12,37.464789,D,THB,A
2006-09-13,37.381873,D,THB,A
2006-09-14,37.34811,D,THB,A
2006-09-15,37.258383,D,THB,A
2006-09-18,37.344651,D,THB,A
2006-09-19,37.254623,D,THB,A
2006-09-20,37.72799,D,THB,A
2006-09-21,37.418899,D,THB,A
2006-09-22,37.416712,D,THB,A
2006-09-25,37.476504,D,THB,A
2006-09-26,37.499803,D,THB,A
2006-09-27,37.529959,D,THB,A
2006-09-28,37.537953,D,THB,A
2006-09-29,37.576619,D,THB,A
2006-10-02,37.609775,D,THB,A
2006-10-03,37.565361,D,THB,A
2006-10-04,37.600126,D,THB,A
2006-10-05,37.58824,D,THB,A
2006-10-06,37.493683,D,THB,A
2006-10-09,37.575181,D,THB,A
2006-10-10,37.525124,D,THB,A
2006-10-11,37.498206,D,THB,A
2006-10-12,37.514963,D,THB,A
2006-10-13,37.438247,D,THB,A
2006-10-16,37.455054,D,THB,A
2006-10-17,37.388215,D,THB,A
2006-10-18,37.378618,D,THB,A
2006-10-19,37.316296,D,THB,A
2006-10-20,37.238073,D,THB,A
2006-10-23,37.241956,D,THB,A
2006-10-24,37.218723,D,THB,A
2006-10-25,37.115262,D,THB,A
2006-10-26,37.014937,D,THB,A
2006-10-27,36.871403,D,THB,A
2006-10-30,36.728002,D,THB,A
2006-10-31,36.735192,D,THB,A
2006-11-01,36.656737,D,THB,A
2006-11-02,36.678155,D,THB,A
2006-11-03,36.696708,D,THB,A
2006-11-06,36.724925,D,THB,A
2006-11-07,36.667973,D,THB,A
2006-11-08,36.686756,D,THB,A
2006-11-09,36.731791,D,THB,A
2006-11-10,36.62158,D,THB,A
2006-11-13,36.51364,D,THB,A
2006-11-14,36.403618,D,THB,A
2006-11-15,36.536898,D,THB,A
2006-11-16,36.493283,D,THB,A
2006-11-17,36.646313,D,THB,A
2006-11-20,36.601511,D,THB,A
2006-11-21,36.589668,D,THB,A
2006-11-22,36.576905,D,THB,A
2006-11-23,36.531305,D,THB,A
2006-11-24,36.494877,D,THB,A
2006-11-27,36.411469,D,THB,A
2006-11-28,36.336807,D,THB,A
2006-11-29,36.084974,D,THB,A
2006-11-30,35.908333,D,THB,A
2006-12-01,35.923437,D,THB,A
2006-12-04,35.869712,D,THB,A
2006-12-05,35.622984,D,THB,A
2006-12-06,35.66521,D,THB,A
2006-12-07,35.566669,D,THB,A
2006-12-08,35.55815,D,THB,A
2006-12-11,35.57866,D,THB,A
2006-12-12,35.271821,D,THB,A
2006-12-13,35.267998,D,THB,A
2006-12-14,35.260006,D,THB,A
2006-12-15,35.29147,D,THB,A
2006-12-18,35.908362,D,THB,A
2006-12-19,35.775194,D,THB,A
2006-12-20,35.900932,D,THB,A
2006-12-21,36.544999,D,THB,A
2006-12-22,36.400091,D,THB,A
2006-12-27,36.30671,D,THB,A
2006-12-28,35.870341,D,THB,A
2006-12-29,35.512528,D,THB,A
2007-01-02,35.76639,D,THB,A
2007-01-03,35.555136,D,THB,A
2007-01-04,35.575309,D,THB,A
2007-01-05,35.800214,D,THB,A
2007-01-08,35.653545,D,THB,A
2007-01-09,35.914887,D,THB,A
2007-01-10,36.061749,D,THB,A
2007-01-11,35.920364,D,THB,A
2007-01-12,35.939657,D,THB,A
2007-01-15,35.934626,D,THB,A
2007-01-16,35.888211,D,THB,A
2007-01-17,35.83159,D,THB,A
2007-01-18,35.216685,D,THB,A
2007-01-19,35.225343,D,THB,A
2007-01-22,35.258194,D,THB,A
2007-01-23,34.910276,D,THB,A
2007-01-24,35.158016,D,THB,A
2007-01-25,34.1501,D,THB,A
2007-01-26,33.374932,D,THB,A
2007-01-29,34.016717,D,THB,A
2007-01-30,34.266112,D,THB,A
2007-01-31,34.549946,D,THB,A
2007-02-01,35.14977,D,THB,A
2007-02-02,34.96467,D,THB,A
2007-02-05,34.550097,D,THB,A
2007-02-06,34.218448,D,THB,A
2007-02-07,34.298144,D,THB,A
2007-02-08,34.178277,D,THB,A
2007-02-09,33.949412,D,THB,A
2007-02-12,33.750386,D,THB,A
2007-02-13,33.827369,D,THB,A
2007-02-14,33.306834,D,THB,A
2007-02-15,33.39423,D,THB,A
2007-02-16,33.399649,D,THB,A
2007-02-19,34.198903,D,THB,A
2007-02-20,33.351084,D,THB,A
2007-02-21,33.830354,D,THB,A
2007-02-22,33.923394,D,THB,A
2007-02-23,33.54652,D,THB,A
2007-02-26,33.826748,D,THB,A
2007-02-27,34.099773,D,THB,A
2007-02-28,33.986829,D,THB,A
2007-03-01,33.782987,D,THB,A
2007-03-02,33.647345,D,THB,A
2007-03-05,33.149889,D,THB,A
2007-03-06,32.516794,D,THB,A
2007-03-07,32.765131,D,THB,A
2007-03-08,32.883212,D,THB,A
2007-03-09,32.663626,D,THB,A
2007-03-12,32.881575,D,THB,A
2007-03-13,33.06703,D,THB,A
2007-03-14,32.921186,D,THB,A
2007-03-15,33.033419,D,THB,A
2007-03-16,32.908068,D,THB,A
2007-03-19,33.052695,D,THB,A
2007-03-20,32.849729,D,THB,A
2007-03-21,32.016851,D,THB,A
2007-03-22,31.946671,D,THB,A
2007-03-23,31.816613,D,THB,A
2007-03-26,32.830758,D,THB,A
2007-03-27,32.366824,D,THB,A
2007-03-28,31.998052,D,THB,A
2007-03-29,32.324745,D,THB,A
2007-03-30,32.329929,D,THB,A
2007-04-02,32.431543,D,THB,A
2007-04-03,32.506363,D,THB,A
2007-04-04,32.433343,D,THB,A
2007-04-05,32.583564,D,THB,A
2007-04-10,32.648592,D,THB,A
2007-04-11,32.698614,D,THB,A
2007-04-12,32.440039,D,THB,A
2007-04-13,32.650015,D,THB,A
2007-04-16,32.63321,D,THB,A
2007-04-17,32.616429,D,THB,A
2007-04-18,32.481402,D,THB,A
2007-04-19,32.49761,D,THB,A
2007-04-20,32.448185,D,THB,A
2007-04-23,32.443018,D,THB,A
2007-04-24,32.536445,D,THB,A
2007-04-25,32.383325,D,THB,A
2007-04-26,32.708149,D,THB,A
2007-04-27,32.698087,D,THB,A
2007-04-30,32.815141,D,THB,A
2007-05-02,32.656756,D,THB,A
2007-05-03,32.866378,D,THB,A
2007-05-04,32.614851,D,THB,A
2007-05-07,32.563349,D,THB,A
2007-05-08,32.703939,D,THB,A
2007-05-09,32.676764,D,THB,A
2007-05-10,32.666519,D,THB,A
2007-05-11,33.24188,D,THB,A
2007-05-14,33.389918,D,THB,A
2007-05-15,33.256759,D,THB,A
2007-05-16,33.356417,D,THB,A
2007-05-17,33.42631,D,THB,A
2007-05-18,33.191363,D,THB,A
2007-05-21,33.093573,D,THB,A
2007-05-22,32.798424,D,THB,A
2007-05-23,33.0,D,THB,A
2007-05-24,32.8837,D,THB,A
2007-05-25,32.778067,D,THB,A
2007-05-28,32.833569,D,THB,A
2007-05-29,32.93508,D,THB,A
2007-05-30,32.798063,D,THB,A
2007-05-31,32.956961,D,THB,A
2007-06-01,32.906371,D,THB,A
2007-06-04,32.892004,D,THB,A
2007-06-05,32.906444,D,THB,A
2007-06-06,32.715163,D,THB,A
2007-06-07,32.648107,D,THB,A
2007-06-08,32.606937,D,THB,A
2007-06-11,32.347435,D,THB,A
2007-06-12,32.574747,D,THB,A
2007-06-13,32.564913,D,THB,A
2007-06-14,32.556374,D,THB,A
2007-06-15,32.506384,D,THB,A
2007-06-18,32.542525,D,THB,A
2007-06-19,32.271879,D,THB,A
2007-06-20,32.319952,D,THB,A
2007-06-21,32.398298,D,THB,A
2007-06-22,32.245369,D,THB,A
2007-06-25,32.29032,D,THB,A
2007-06-26,32.100297,D,THB,A
2007-06-27,31.875279,D,THB,A
2007-06-28,31.825202,D,THB,A
2007-06-29,31.55498,D,THB,A
2007-07-02,31.839859,D,THB,A
2007-07-03,31.805014,D,THB,A
2007-07-04,31.550154,D,THB,A
2007-07-05,31.0,D,THB,A
2007-07-06,31.612974,D,THB,A
2007-07-09,31.745099,D,THB,A
2007-07-10,31.344944,D,THB,A
2007-07-11,30.65004,D,THB,A
2007-07-12,31.000145,D,THB,A
2007-07-13,30.47163,D,THB,A
2007-07-16,30.150207,D,THB,A
2007-07-17,30.199695,D,THB,A
2007-07-18,30.240221,D,THB,A
2007-07-19,29.945007,D,THB,A
2007-07-20,29.744983,D,THB,A
2007-07-23,29.500036,D,THB,A
2007-07-24,29.699993,D,THB,A
2007-07-25,29.97526,D,THB,A
2007-07-26,29.62469,D,THB,A
2007-07-27,29.778038,D,THB,A
2007-07-30,29.800132,D,THB,A
2007-07-31,30.0,D,THB,A
2007-08-01,29.844836,D,THB,A
2007-08-02,29.849971,D,THB,A
2007-08-03,29.813057,D,THB,A
2007-08-06,29.950065,D,THB,A
2007-08-07,30.366826,D,THB,A
2007-08-08,31.066406,D,THB,A
2007-08-09,31.24481,D,THB,A
2007-08-10,31.361905,D,THB,A
2007-08-13,31.433595,D,THB,A
2007-08-14,31.696711,D,THB,A
2007-08-15,32.448798,D,THB,A
2007-08-16,32.949646,D,THB,A
2007-08-17,33.375204,D,THB,A
2007-08-20,32.813891,D,THB,A
2007-08-21,32.858306,D,THB,A
2007-08-22,32.541318,D,THB,A
2007-08-23,32.566672,D,THB,A
2007-08-24,32.431877,D,THB,A
2007-08-27,32.766877,D,THB,A
2007-08-28,32.678571,D,THB,A
2007-08-29,32.715135,D,THB,A
2007-08-30,32.581925,D,THB,A
2007-08-31,32.490332,D,THB,A
2007-09-03,32.324677,D,THB,A
2007-09-04,32.474963,D,THB,A
2007-09-05,32.544893,D,THB,A
2007-09-06,32.545175,D,THB,A
2007-09-07,32.524825,D,THB,A
2007-09-10,32.456687,D,THB,A
2007-09-11,32.34158,D,THB,A
2007-09-12,32.126755,D,THB,A
2007-09-13,32.046485,D,THB,A
2007-09-14,31.940115,D,THB,A
2007-09-17,31.978093,D,THB,A
2007-09-18,31.916781,D,THB,A
2007-09-19,31.918426,D,THB,A
2007-09-20,31.679971,D,THB,A
2007-09-21,31.713289,D,THB,A
2007-09-24,31.748034,D,THB,A
2007-09-25,31.948107,D,THB,A
2007-09-26,31.846818,D,THB,A
2007-09-27,31.67842,D,THB,A
2007-09-28,31.781508,D,THB,A
2007-10-01,31.82968,D,THB,A
2007-10-02,31.746558,D,THB,A
2007-10-03,31.66608,D,THB,A
2007-10-04,31.650011,D,THB,A
2007-10-05,31.615025,D,THB,A
2007-10-08,31.391866,D,THB,A
2007-10-09,31.419819,D,THB,A
2007-10-10,31.44988,D,THB,A
2007-10-11,31.478273,D,THB,A
2007-10-12,31.404784,D,THB,A
2007-10-15,31.530297,D,THB,A
2007-10-16,31.395053,D,THB,A
2007-10-17,31.406338,D,THB,A
2007-10-18,31.544164,D,THB,A
2007-10-19,31.425672,D,THB,A
2007-10-22,31.489482,D,THB,A
2007-10-23,31.485899,D,THB,A
2007-10-24,31.60506,D,THB,A
2007-10-25,31.550073,D,THB,A
2007-10-26,31.719967,D,THB,A
2007-10-29,31.680217,D,THB,A
2007-10-30,31.631846,D,THB,A
2007-10-31,31.693085,D,THB,A
2007-11-01,31.588435,D,THB,A
2007-11-02,31.766697,D,THB,A
2007-11-05,31.659994,D,THB,A
2007-11-06,31.497903,D,THB,A
2007-11-07,31.63361,D,THB,A
2007-11-08,31.549843,D,THB,A
2007-11-09,31.543962,D,THB,A
2007-11-12,31.60642,D,THB,A
2007-11-13,31.643048,D,THB,A
2007-11-14,31.47483,D,THB,A
2007-11-15,31.566364,D,THB,A
2007-11-16,31.543239,D,THB,A
2007-11-19,31.503344,D,THB,A
2007-11-20,31.48326,D,THB,A
2007-11-21,31.466856,D,THB,A
2007-11-22,31.403331,D,THB,A
2007-11-23,31.216828,D,THB,A
2007-11-26,31.206467,D,THB,A
2007-11-27,31.175205,D,THB,A
2007-11-28,30.939852,D,THB,A
2007-11-29,30.825078,D,THB,A
2007-11-30,30.733013,D,THB,A
2007-12-03,30.690031,D,THB,A
2007-12-04,30.618004,D,THB,A
2007-12-05,30.190217,D,THB,A
2007-12-06,30.396455,D,THB,A
2007-12-07,30.308553,D,THB,A
2007-12-10,30.294877,D,THB,A
2007-12-11,30.274673,D,THB,A
2007-12-12,30.230324,D,THB,A
2007-12-13,30.219982,D,THB,A
2007-12-14,30.146805,D,THB,A
2007-12-17,30.389773,D,THB,A
2007-12-18,30.573668,D,THB,A
2007-12-19,30.698644,D,THB,A
2007-12-20,30.65022,D,THB,A
2007-12-21,30.333797,D,THB,A
2007-12-24,30.087512,D,THB,A
2007-12-27,29.939377,D,THB,A
2007-12-28,29.975497,D,THB,A
2007-12-31,29.753413,D,THB,A
2008-01-02,29.965278,D,THB,A
2008-01-03,29.866468,D,THB,A
2008-01-04,29.791539,D,THB,A
2008-01-07,29.750051,D,THB,A
2008-01-08,29.766746,D,THB,A
2008-01-09,29.577657,D,THB,A
2008-01-10,29.41004,D,THB,A
2008-01-11,29.559897,D,THB,A
2008-01-14,29.66096,D,THB,A
2008-01-15,29.729948,D,THB,A
2008-01-16,29.698486,D,THB,A
2008-01-17,30.098019,D,THB,A
2008-01-18,30.97315,D,THB,A
2008-01-21,31.06477,D,THB,A
2008-01-22,30.892093,D,THB,A
2008-01-23,31.014135,D,THB,A
2008-01-24,31.30328,D,THB,A
2008-01-25,31.377083,D,THB,A
2008-01-28,31.449678,D,THB,A
2008-01-29,31.34096,D,THB,A
2008-01-30,31.525321,D,THB,A
2008-01-31,31.237391,D,THB,A
2008-02-01,31.100141,D,THB,A
2008-02-04,31.101221,D,THB,A
2008-02-05,31.013072,D,THB,A
2008-02-06,30.984885,D,THB,A
2008-02-07,31.402293,D,THB,A
2008-02-08,31.509681,D,THB,A
2008-02-11,31.976344,D,THB,A
2008-02-12,32.194937,D,THB,A
2008-02-13,32.049911,D,THB,A
2008-02-14,31.999863,D,THB,A
2008-02-15,31.799782,D,THB,A
2008-02-18,31.702651,D,THB,A
2008-02-19,31.649708,D,THB,A
2008-02-20,31.600027,D,THB,A
2008-02-21,31.399973,D,THB,A
2008-02-22,31.283675,D,THB,A
2008-02-25,30.721469,D,THB,A
2008-02-26,30.449778,D,THB,A
2008-02-27,29.845786,D,THB,A
2008-02-28,29.700417,D,THB,A
2008-02-29,30.849871,D,THB,A
2008-03-03,31.649674,D,THB,A
2008-03-04,31.625016,D,THB,A
2008-03-05,31.599763,D,THB,A
2008-03-06,31.564724,D,THB,A
2008-03-07,31.535318,D,THB,A
2008-03-10,31.514993,D,THB,A
2008-03-11,31.550166,D,THB,A
2008-03-12,31.550042,D,THB,A
2008-03-13,31.430314,D,THB,A
2008-03-14,31.420217,D,THB,A
2008-03-17,31.400127,D,THB,A
2008-03-18,31.207913,D,THB,A
2008-03-19,31.150268,D,THB,A
2008-03-20,31.325293,D,THB,A
2008-03-25,31.499775,D,THB,A
2008-03-26,31.44494,D,THB,A
2008-03-27,31.384771,D,THB,A
2008-03-28,31.44277,D,THB,A
2008-03-31,31.484948,D,THB,A
2008-04-01,31.487867,D,THB,A
2008-04-02,31.530194,D,THB,A
2008-04-03,31.619863,D,THB,A
2008-04-04,31.689989,D,THB,A
2008-04-07,31.665074,D,THB,A
2008-04-08,31.70511,D,THB,A
2008-04-09,31.756327,D,THB,A
2008-04-10,31.559055,D,THB,A
2008-04-11,31.56698,D,THB,A
2008-04-14,31.574768,D,THB,A
2008-04-15,31.595274,D,THB,A
2008-04-16,31.484807,D,THB,A
2008-04-17,31.454763,D,THB,A
2008-04-18,31.442332,D,THB,A
2008-04-21,31.505221,D,THB,A
2008-04-22,31.450003,D,THB,A
2008-04-23,31.469887,D,THB,A
2008-04-24,31.589828,D,THB,A
2008-04-25,31.710054,D,THB,A
2008-04-28,31.695035,D,THB,A
2008-04-29,31.716011,D,THB,A
2008-04-30,31.669884,D,THB,A
2008-05-02,31.71497,D,THB,A
2008-05-05,31.690168,D,THB,A
2008-05-06,31.714967,D,THB,A
2008-05-07,31.742709,D,THB,A
2008-05-08,31.924806,D,THB,A
2008-05-09,31.945271,D,THB,A
2008-05-12,32.174984,D,THB,A
2008-05-13,32.294965,D,THB,A
2008-05-14,32.454822,D,THB,A
2008-05-15,32.394985,D,THB,A
2008-05-16,32.26997,D,THB,A
2008-05-19,32.247544,D,THB,A
2008-05-20,31.97519,D,THB,A
2008-05-21,31.882816,D,THB,A
2008-05-22,31.922564,D,THB,A
2008-05-23,32.034684,D,THB,A
2008-05-26,32.135017,D,THB,A
2008-05-27,32.265228,D,THB,A
2008-05-28,32.390138,D,THB,A
2008-05-29,32.480226,D,THB,A
2008-05-30,32.502579,D,THB,A
2008-06-02,32.590039,D,THB,A
2008-06-03,32.605015,D,THB,A
2008-06-04,32.700116,D,THB,A
2008-06-05,32.910012,D,THB,A
2008-06-06,33.139706,D,THB,A
2008-06-09,33.314749,D,THB,A
2008-06-10,33.025248,D,THB,A
2008-06-11,33.102804,D,THB,A
2008-06-12,33.14977,D,THB,A
2008-06-13,33.21531,D,THB,A
2008-06-16,33.275115,D,THB,A
2008-06-17,33.195064,D,THB,A
2008-06-18,33.284709,D,THB,A
2008-06-19,33.420322,D,THB,A
2008-06-20,33.315183,D,THB,A
2008-06-23,33.44501,D,THB,A
2008-06-24,33.530319,D,THB,A
2008-06-25,33.579717,D,THB,A
2008-06-26,33.570021,D,THB,A
2008-06-27,33.540132,D,THB,A
2008-06-30,33.454707,D,THB,A
2008-07-01,33.489699,D,THB,A
2008-07-02,33.405036,D,THB,A
2008-07-03,33.359773,D,THB,A
2008-07-04,33.469466,D,THB,A
2008-07-07,33.645134,D,THB,A
2008-07-08,33.72474,D,THB,A
2008-07-09,33.650016,D,THB,A
2008-07-10,33.68984,D,THB,A
2008-07-11,33.660878,D,THB,A
2008-07-14,33.649902,D,THB,A
2008-07-15,33.480926,D,THB,A
2008-07-16,33.457326,D,THB,A
2008-07-17,33.431131,D,THB,A
2008-07-18,33.327643,D,THB,A
2008-07-21,33.335225,D,THB,A
2008-07-22,33.350085,D,THB,A
2008-07-23,33.412744,D,THB,A
2008-07-24,33.459846,D,THB,A
2008-07-25,33.435871,D,THB,A
2008-07-28,33.447225,D,THB,A
2008-07-29,33.495065,D,THB,A
2008-07-30,33.494772,D,THB,A
2008-07-31,33.519954,D,THB,A
2008-08-01,33.532811,D,THB,A
2008-08-04,33.53013,D,THB,A
2008-08-05,33.624976,D,THB,A
2008-08-06,33.605117,D,THB,A
2008-08-07,33.592528,D,THB,A
2008-08-08,33.679846,D,THB,A
2008-08-11,33.737677,D,THB,A
2008-08-12,33.690213,D,THB,A
2008-08-13,33.685164,D,THB,A
2008-08-14,33.725096,D,THB,A
2008-08-15,33.859733,D,THB,A
2008-08-18,33.875136,D,THB,A
2008-08-19,34.090073,D,THB,A
2008-08-20,34.144835,D,THB,A
2008-08-21,33.950317,D,THB,A
2008-08-22,33.955294,D,THB,A
2008-08-25,34.099682,D,THB,A
2008-08-26,34.249897,D,THB,A
2008-08-27,34.04483,D,THB,A
2008-08-28,34.099926,D,THB,A
2008-08-29,34.240244,D,THB,A
2008-09-01,34.299979,D,THB,A
2008-09-02,34.444751,D,THB,A
2008-09-03,34.471297,D,THB,A
2008-09-04,34.430563,D,THB,A
2008-09-05,34.60518,D,THB,A
2008-09-08,34.520191,D,THB,A
2008-09-09,34.544683,D,THB,A
2008-09-10,34.640272,D,THB,A
2008-09-11,34.770346,D,THB,A
2008-09-12,34.685056,D,THB,A
2008-09-15,34.610275,D,THB,A
2008-09-16,34.255274,D,THB,A
2008-09-17,34.334927,D,THB,A
2008-09-18,34.069783,D,THB,A
2008-09-19,34.159876,D,THB,A
2008-09-22,33.900213,D,THB,A
2008-09-23,33.760098,D,THB,A
2008-09-24,34.004765,D,THB,A
2008-09-25,33.919728,D,THB,A
2008-09-26,33.950137,D,THB,A
2008-09-29,34.055335,D,THB,A
2008-09-30,33.890093,D,THB,A
2008-10-01,33.984802,D,THB,A
2008-10-02,34.079695,D,THB,A
2008-10-03,34.189678,D,THB,A
2008-10-06,34.405164,D,THB,A
2008-10-07,34.520246,D,THB,A
2008-10-08,34.369674,D,THB,A
2008-10-09,34.320275,D,THB,A
2008-10-10,34.369983,D,THB,A
2008-10-13,34.245179,D,THB,A
2008-10-14,34.054683,D,THB,A
2008-10-15,34.135046,D,THB,A
2008-10-16,34.265196,D,THB,A
2008-10-17,34.259922,D,THB,A
2008-10-20,34.279648,D,THB,A
2008-10-21,34.369691,D,THB,A
2008-10-22,34.519972,D,THB,A
2008-10-23,34.629977,D,THB,A
2008-10-24,34.695141,D,THB,A
2008-10-27,34.775281,D,THB,A
2008-10-28,34.929746,D,THB,A
2008-10-29,34.897416,D,THB,A
2008-10-30,34.81473,D,THB,A
2008-10-31,35.059967,D,THB,A
2008-11-03,34.950086,D,THB,A
2008-11-04,34.944618,D,THB,A
2008-11-05,34.995338,D,THB,A
2008-11-06,34.995301,D,THB,A
2008-11-07,34.955315,D,THB,A
2008-11-10,34.95462,D,THB,A
2008-11-11,34.944693,D,THB,A
2008-11-12,34.975259,D,THB,A
2008-11-13,34.992415,D,THB,A
2008-11-14,34.975148,D,THB,A
2008-11-17,34.984992,D,THB,A
2008-11-18,35.024895,D,THB,A
2008-11-19,35.025328,D,THB,A
2008-11-20,35.145112,D,THB,A
2008-11-21,35.234883,D,THB,A
2008-11-24,35.285368,D,THB,A
2008-11-25,35.235345,D,THB,A
2008-11-26,35.252416,D,THB,A
2008-11-27,35.410078,D,THB,A
2008-11-28,35.515047,D,THB,A
2008-12-01,35.720178,D,THB,A
2008-12-02,35.565094,D,THB,A
2008-12-03,35.585043,D,THB,A
2008-12-04,35.694929,D,THB,A
2008-12-05,35.665219,D,THB,A
2008-12-08,35.554691,D,THB,A
2008-12-09,35.444773,D,THB,A
2008-12-10,35.394971,D,THB,A
2008-12-11,35.069996,D,THB,A
2008-12-12,35.014993,D,THB,A
2008-12-15,34.880089,D,THB,A
2008-12-16,34.780131,D,THB,A
2008-12-17,34.555089,D,THB,A
2008-12-18,34.334975,D,THB,A
2008-12-19,34.5,D,THB,A
2008-12-22,34.55476,D,THB,A
2008-12-23,34.595078,D,THB,A
2008-12-24,34.604784,D,THB,A
2008-12-29,34.995095,D,THB,A
2008-12-30,34.755284,D,THB,A
2008-12-31,34.694977,D,THB,A
2009-01-02,34.769941,D,THB,A
2009-01-05,34.94478,D,THB,A
2009-01-06,35.069757,D,THB,A
2009-01-07,34.829717,D,THB,A
2009-01-08,34.929867,D,THB,A
2009-01-09,34.839959,D,THB,A
2009-01-12,34.955204,D,THB,A
2009-01-13,34.91027,D,THB,A
2009-01-14,34.910043,D,THB,A
2009-01-15,34.894918,D,THB,A
2009-01-16,34.874906,D,THB,A
2009-01-19,34.924898,D,THB,A
2009-01-20,34.965197,D,THB,A
2009-01-21,34.945004,D,THB,A
2009-01-22,34.91528,D,THB,A
2009-01-23,34.915201,D,THB,A
2009-01-26,34.895304,D,THB,A
2009-01-27,34.895248,D,THB,A
2009-01-28,34.889894,D,THB,A
2009-01-29,34.905042,D,THB,A
2009-01-30,34.964888,D,THB,A
2009-02-02,34.967868,D,THB,A
2009-02-03,34.965367,D,THB,A
2009-02-04,34.933687,D,THB,A
2009-02-05,34.955959,D,THB,A
2009-02-06,35.025008,D,THB,A
2009-02-09,35.015375,D,THB,A
2009-02-10,34.997301,D,THB,A
2009-02-11,35.085021,D,THB,A
2009-02-12,35.114938,D,THB,A
2009-02-13,35.075255,D,THB,A
2009-02-16,35.185272,D,THB,A
2009-02-17,35.265158,D,THB,A
2009-02-18,35.365195,D,THB,A
2009-02-19,35.560016,D,THB,A
2009-02-20,35.735049,D,THB,A
2009-02-23,35.625098,D,THB,A
2009-02-24,35.700854,D,THB,A
2009-02-25,35.774912,D,THB,A
2009-02-26,35.940385,D,THB,A
2009-02-27,36.154698,D,THB,A
2009-03-02,36.250397,D,THB,A
2009-03-03,36.149822,D,THB,A
2009-03-04,36.090004,D,THB,A
2009-03-05,36.215054,D,THB,A
2009-03-06,36.0839,D,THB,A
2009-03-09,36.159968,D,THB,A
2009-03-10,36.00485,D,THB,A
2009-03-11,35.972157,D,THB,A
2009-03-12,35.972461,D,THB,A
2009-03-13,35.96513,D,THB,A
2009-03-16,35.815059,D,THB,A
2009-03-17,35.82522,D,THB,A
2009-03-18,35.814928,D,THB,A
2009-03-19,35.425353,D,THB,A
2009-03-20,35.314783,D,THB,A
2009-03-23,35.327482,D,THB,A
2009-03-24,35.405345,D,THB,A
2009-03-25,35.489847,D,THB,A
2009-03-26,35.001837,D,THB,A
2009-03-27,35.369688,D,THB,A
2009-03-30,35.819753,D,THB,A
2009-03-31,35.484671,D,THB,A
2009-04-01,35.514872,D,THB,A
2009-04-02,35.335275,D,THB,A
2009-04-03,35.41527,D,THB,A
2009-04-06,35.274896,D,THB,A
2009-04-07,35.477178,D,THB,A
2009-04-08,35.434963,D,THB,A
2009-04-09,35.444888,D,THB,A
2009-04-14,35.390178,D,THB,A
2009-04-15,35.495331,D,THB,A
2009-04-16,35.375114,D,THB,A
2009-04-17,35.47021,D,THB,A
2009-04-20,35.575351,D,THB,A
2009-04-21,35.559852,D,THB,A
2009-04-22,35.564996,D,THB,A
2009-04-23,35.495019,D,THB,A
2009-04-24,35.395254,D,THB,A
2009-04-27,35.449905,D,THB,A
2009-04-28,35.444889,D,THB,A
2009-04-29,35.364842,D,THB,A
2009-04-30,35.260264,D,THB,A
2009-05-04,35.230281,D,THB,A
2009-05-05,35.11005,D,THB,A
2009-05-06,35.172647,D,THB,A
2009-05-07,34.894859,D,THB,A
2009-05-08,34.860335,D,THB,A
2009-05-11,34.610284,D,THB,A
2009-05-12,34.555288,D,THB,A
2009-05-13,34.529839,D,THB,A
2009-05-14,34.585269,D,THB,A
2009-05-15,34.559846,D,THB,A
2009-05-18,34.559804,D,THB,A
2009-05-19,34.410079,D,THB,A
2009-05-20,34.455077,D,THB,A
2009-05-21,34.385302,D,THB,A
2009-05-22,34.335099,D,THB,A
2009-05-25,34.382584,D,THB,A
2009-05-26,34.485188,D,THB,A
2009-05-27,34.385296,D,THB,A
2009-05-28,34.414694,D,THB,A
2009-05-29,34.314796,D,THB,A
2009-06-01,34.099859,D,THB,A
2009-06-02,34.119961,D,THB,A
2009-06-03,34.045189,D,THB,A
2009-06-04,34.154665,D,THB,A
2009-06-05,34.184947,D,THB,A
2009-06-08,34.37473,D,THB,A
2009-06-09,34.195143,D,THB,A
2009-06-10,34.044816,D,THB,A
2009-06-11,34.129859,D,THB,A
2009-06-12,34.110254,D,THB,A
2009-06-15,34.189892,D,THB,A
2009-06-16,34.105112,D,THB,A
2009-06-17,34.177746,D,THB,A
2009-06-18,34.14727,D,THB,A
2009-06-19,34.155182,D,THB,A
2009-06-22,34.157166,D,THB,A
2009-06-23,34.155101,D,THB,A
2009-06-24,34.135006,D,THB,A
2009-06-25,34.124821,D,THB,A
2009-06-26,34.050085,D,THB,A
2009-06-29,34.034713,D,THB,A
2009-06-30,34.059714,D,THB,A
2009-07-01,34.045119,D,THB,A
2009-07-02,34.094953,D,THB,A
2009-07-03,34.090228,D,THB,A
2009-07-06,34.125351,D,THB,A
2009-07-07,34.092303,D,THB,A
2009-07-08,34.075246,D,THB,A
2009-07-09,34.073624,D,THB,A
2009-07-10,34.085318,D,THB,A
2009-07-13,34.155277,D,THB,A
2009-07-14,34.134801,D,THB,A
2009-07-15,34.07623,D,THB,A
2009-07-16,34.062279,D,THB,A
2009-07-17,34.060326,D,THB,A
2009-07-20,34.014912,D,THB,A
2009-07-21,33.994938,D,THB,A
2009-07-22,34.015221,D,THB,A
2009-07-23,33.98482,D,THB,A
2009-07-24,33.964996,D,THB,A
2009-07-27,33.965239,D,THB,A
2009-07-28,33.944761,D,THB,A
2009-07-29,34.025099,D,THB,A
2009-07-30,34.05465,D,THB,A
2009-07-31,34.030273,D,THB,A
2009-08-03,34.015242,D,THB,A
2009-08-04,33.984983,D,THB,A
2009-08-05,33.990285,D,THB,A
2009-08-06,33.982603,D,THB,A
2009-08-07,33.975064,D,THB,A
2009-08-10,34.024785,D,THB,A
2009-08-11,34.044896,D,THB,A
2009-08-12,34.069866,D,THB,A
2009-08-13,34.047436,D,THB,A
2009-08-14,34.024766,D,THB,A
2009-08-17,34.074758,D,THB,A
2009-08-18,34.055032,D,THB,A
2009-08-19,34.054705,D,THB,A
2009-08-20,34.025135,D,THB,A
2009-08-21,34.030007,D,THB,A
2009-08-24,34.010333,D,THB,A
2009-08-25,34.01494,D,THB,A
2009-08-26,34.004905,D,THB,A
2009-08-27,34.025091,D,THB,A
2009-08-28,34.016291,D,THB,A
2009-08-31,34.005045,D,THB,A
2009-09-01,34.012156,D,THB,A
2009-09-02,34.054852,D,THB,A
2009-09-03,34.054412,D,THB,A
2009-09-04,34.074464,D,THB,A
2009-09-07,34.043266,D,THB,A
2009-09-08,34.024736,D,THB,A
2009-09-09,34.015287,D,THB,A
2009-09-10,34.015125,D,THB,A
2009-09-11,33.95505,D,THB,A
2009-09-14,33.952338,D,THB,A
2009-09-15,33.895011,D,THB,A
2009-09-16,33.755027,D,THB,A
2009-09-17,33.715334,D,THB,A
2009-09-18,33.704862,D,THB,A
2009-09-21,33.724928,D,THB,A
2009-09-22,33.617727,D,THB,A
2009-09-23,33.554759,D,THB,A
2009-09-24,33.544827,D,THB,A
2009-09-25,33.595092,D,THB,A
2009-09-28,33.580205,D,THB,A
2009-09-29,33.614681,D,THB,A
2009-09-30,33.454893,D,THB,A
2009-10-01,33.494738,D,THB,A
2009-10-02,33.469767,D,THB,A
2009-10-05,33.464696,D,THB,A
2009-10-06,33.345334,D,THB,A
2009-10-07,33.374847,D,THB,A
2009-10-08,33.315044,D,THB,A
2009-10-09,33.315254,D,THB,A
2009-10-12,33.334914,D,THB,A
2009-10-13,33.29521,D,THB,A
2009-10-14,33.405013,D,THB,A
2009-10-15,33.499731,D,THB,A
2009-10-16,33.444751,D,THB,A
2009-10-19,33.37981,D,THB,A
2009-10-20,33.409926,D,THB,A
2009-10-21,33.444809,D,THB,A
2009-10-22,33.455333,D,THB,A
2009-10-23,33.424767,D,THB,A
2009-10-26,33.385046,D,THB,A
2009-10-27,33.434853,D,THB,A
2009-10-28,33.454853,D,THB,A
2009-10-29,33.47241,D,THB,A
2009-10-30,33.435135,D,THB,A
2009-11-02,33.434877,D,THB,A
2009-11-03,33.475918,D,THB,A
2009-11-04,33.425242,D,THB,A
2009-11-05,33.425035,D,THB,A
2009-11-06,33.37505,D,THB,A
2009-11-09,33.312867,D,THB,A
2009-11-10,33.312174,D,THB,A
2009-11-11,33.28523,D,THB,A
2009-11-12,33.315239,D,THB,A
2009-11-13,33.282217,D,THB,A
2009-11-16,33.204143,D,THB,A
2009-11-17,33.2,D,THB,A
2009-11-18,33.157719,D,THB,A
2009-11-19,33.203256,D,THB,A
2009-11-20,33.250084,D,THB,A
2009-11-23,33.217531,D,THB,A
2009-11-24,33.232681,D,THB,A
2009-11-25,33.135318,D,THB,A
2009-11-26,33.157057,D,THB,A
2009-11-27,33.224963,D,THB,A
2009-11-30,33.249684,D,THB,A
2009-12-01,33.192915,D,THB,A
2009-12-02,33.15507,D,THB,A
2009-12-03,33.117725,D,THB,A
2009-12-04,33.117866,D,THB,A
2009-12-07,33.154798,D,THB,A
2009-12-08,33.185326,D,THB,A
2009-12-09,33.175108,D,THB,A
2009-12-10,33.124915,D,THB,A
2009-12-11,33.115132,D,THB,A
2009-12-14,33.135113,D,THB,A
2009-12-15,33.16003,D,THB,A
2009-12-16,33.184753,D,THB,A
2009-12-17,33.225267,D,THB,A
2009-12-18,33.225221,D,THB,A
2009-12-21,33.230791,D,THB,A
2009-12-22,33.260032,D,THB,A
2009-12-23,33.344774,D,THB,A
2009-12-24,33.344909,D,THB,A
2009-12-28,33.393266,D,THB,A
2009-12-29,33.340262,D,THB,A
2009-12-30,33.344957,D,THB,A
2009-12-31,33.309732,D,THB,A
2010-01-04,33.205226,D,THB,A
2010-01-05,33.140839,D,THB,A
2010-01-06,33.157491,D,THB,A
2010-01-07,33.164849,D,THB,A
2010-01-08,33.159812,D,THB,A
2010-01-11,33.045154,D,THB,A
2010-01-12,33.035702,D,THB,A
2010-01-13,33.027536,D,THB,A
2010-01-14,32.887616,D,THB,A
2010-01-15,32.867678,D,THB,A
2010-01-18,32.849885,D,THB,A
2010-01-19,32.887457,D,THB,A
2010-01-20,32.954288,D,THB,A
2010-01-21,33.004835,D,THB,A
2010-01-22,33.030067,D,THB,A
2010-01-25,32.965161,D,THB,A
2010-01-26,33.047923,D,THB,A
2010-01-27,33.035105,D,THB,A
2010-01-28,33.08522,D,THB,A
2010-01-29,33.174853,D,THB,A
2010-02-01,33.189822,D,THB,A
2010-02-02,33.139844,D,THB,A
2010-02-03,33.034897,D,THB,A
2010-02-04,33.08009,D,THB,A
2010-02-05,33.210138,D,THB,A
2010-02-08,33.189762,D,THB,A
2010-02-09,33.175145,D,THB,A
2010-02-10,33.170306,D,THB,A
2010-02-11,33.165184,D,THB,A
2010-02-12,33.205128,D,THB,A
2010-02-15,33.185125,D,THB,A
2010-02-16,33.203898,D,THB,A
2010-02-17,33.145126,D,THB,A
2010-02-18,33.175352,D,THB,A
2010-02-19,33.174791,D,THB,A
2010-02-22,33.141054,D,THB,A
2010-02-23,33.075053,D,THB,A
2010-02-24,33.035358,D,THB,A
2010-02-25,33.115131,D,THB,A
2010-02-26,33.064849,D,THB,A
2010-03-01,32.88281,D,THB,A
2010-03-02,32.732507,D,THB,A
2010-03-03,32.685287,D,THB,A
2010-03-04,32.635353,D,THB,A
2010-03-05,32.624798,D,THB,A
2010-03-08,32.6775,D,THB,A
2010-03-09,32.735118,D,THB,A
2010-03-10,32.703894,D,THB,A
2010-03-11,32.695321,D,THB,A
2010-03-12,32.546313,D,THB,A
2010-03-15,32.593944,D,THB,A
2010-03-16,32.425126,D,THB,A
2010-03-17,32.324077,D,THB,A
2010-03-18,32.289898,D,THB,A
2010-03-19,32.278565,D,THB,A
2010-03-22,32.359884,D,THB,A
2010-03-23,32.324876,D,THB,A
2010-03-24,32.364672,D,THB,A
2010-03-25,32.389937,D,THB,A
2010-03-26,32.415188,D,THB,A
2010-03-29,32.357657,D,THB,A
2010-03-30,32.334965,D,THB,A
2010-03-31,32.345129,D,THB,A
2010-04-01,32.379715,D,THB,A
2010-04-06,32.375336,D,THB,A
2010-04-07,32.389805,D,THB,A
2010-04-08,32.277377,D,THB,A
2010-04-09,32.239988,D,THB,A
2010-04-12,32.365845,D,THB,A
2010-04-13,32.35515,D,THB,A
2010-04-14,32.260007,D,THB,A
2010-04-15,32.249705,D,THB,A
2010-04-16,32.24529,D,THB,A
2010-04-19,32.295265,D,THB,A
2010-04-20,32.162242,D,THB,A
2010-04-21,32.199955,D,THB,A
2010-04-22,32.204813,D,THB,A
2010-04-23,32.21471,D,THB,A
2010-04-26,32.234817,D,THB,A
2010-04-27,32.245297,D,THB,A
2010-04-28,32.345036,D,THB,A
2010-04-29,32.285003,D,THB,A
2010-04-30,32.355238,D,THB,A
2010-05-03,32.3916,D,THB,A
2010-05-04,32.265261,D,THB,A
2010-05-05,32.33519,D,THB,A
2010-05-06,32.354836,D,THB,A
2010-05-07,32.332496,D,THB,A
2010-05-10,32.290076,D,THB,A
2010-05-11,32.345251,D,THB,A
2010-05-12,32.300173,D,THB,A
2010-05-13,32.324621,D,THB,A
2010-05-14,32.384726,D,THB,A
2010-05-17,32.435825,D,THB,A
2010-05-18,32.33505,D,THB,A
2010-05-19,32.355338,D,THB,A
2010-05-20,32.374737,D,THB,A
2010-05-21,32.434984,D,THB,A
2010-05-24,32.453074,D,THB,A
2010-05-25,32.520658,D,THB,A
2010-05-26,32.539605,D,THB,A
2010-05-27,32.564667,D,THB,A
2010-05-28,32.564599,D,THB,A
2010-05-31,32.558706,D,THB,A
2010-06-01,32.584944,D,THB,A
2010-06-02,32.589622,D,THB,A
2010-06-03,32.579883,D,THB,A
2010-06-04,32.610282,D,THB,A
2010-06-07,32.649887,D,THB,A
2010-06-08,32.617652,D,THB,A
2010-06-09,32.58035,D,THB,A
2010-06-10,32.519718,D,THB,A
2010-06-11,32.464748,D,THB,A
2010-06-14,32.405094,D,THB,A
2010-06-15,32.393539,D,THB,A
2010-06-16,32.415085,D,THB,A
2010-06-17,32.404756,D,THB,A
2010-06-18,32.404623,D,THB,A
2010-06-21,32.290372,D,THB,A
2010-06-22,32.329907,D,THB,A
2010-06-23,32.377149,D,THB,A
2010-06-24,32.424564,D,THB,A
2010-06-25,32.405238,D,THB,A
2010-06-28,32.369722,D,THB,A
2010-06-29,32.434825,D,THB,A
2010-06-30,32.407302,D,THB,A
2010-07-01,32.419695,D,THB,A
2010-07-02,32.412337,D,THB,A
2010-07-05,32.429974,D,THB,A
2010-07-06,32.424676,D,THB,A
2010-07-07,32.480306,D,THB,A
2010-07-08,32.4297,D,THB,A
2010-07-09,32.339954,D,THB,A
2010-07-12,32.375119,D,THB,A
2010-07-13,32.36773,D,THB,A
2010-07-14,32.315201,D,THB,A
2010-07-15,32.255223,D,THB,A
2010-07-16,32.225385,D,THB,A
2010-07-19,32.285251,D,THB,A
2010-07-20,32.302242,D,THB,A
2010-07-21,32.290708,D,THB,A
2010-07-22,32.284825,D,THB,A
2010-07-23,32.23773,D,THB,A
2010-07-26,32.214833,D,THB,A
2010-07-27,32.199801,D,THB,A
2010-07-28,32.255234,D,THB,A
2010-07-29,32.247303,D,THB,A
2010-07-30,32.2751,D,THB,A
2010-08-02,32.215253,D,THB,A
2010-08-03,32.167763,D,THB,A
2010-08-04,32.148266,D,THB,A
2010-08-05,32.094964,D,THB,A
2010-08-06,32.072708,D,THB,A
2010-08-09,31.97012,D,THB,A
2010-08-10,31.965278,D,THB,A
2010-08-11,31.925323,D,THB,A
2010-08-12,31.949961,D,THB,A
2010-08-13,31.885304,D,THB,A
2010-08-16,31.815133,D,THB,A
2010-08-17,31.723173,D,THB,A
2010-08-18,31.614907,D,THB,A
2010-08-19,31.555002,D,THB,A
2010-08-20,31.52309,D,THB,A
2010-08-23,31.475126,D,THB,A
2010-08-24,31.535168,D,THB,A
2010-08-25,31.487354,D,THB,A
2010-08-26,31.352714,D,THB,A
2010-08-27,31.338,D,THB,A
2010-08-30,31.274803,D,THB,A
2010-08-31,31.285489,D,THB,A
2010-09-01,31.174219,D,THB,A
2010-09-02,31.164768,D,THB,A
2010-09-03,31.184354,D,THB,A
2010-09-06,31.150381,D,THB,A
2010-09-07,31.183302,D,THB,A
2010-09-08,31.03489,D,THB,A
2010-09-09,30.861188,D,THB,A
2010-09-10,30.777996,D,THB,A
2010-09-13,30.745254,D,THB,A
2010-09-14,30.810117,D,THB,A
2010-09-15,30.84995,D,THB,A
2010-09-16,30.795229,D,THB,A
2010-09-17,30.745023,D,THB,A
2010-09-20,30.750344,D,THB,A
2010-09-21,30.744665,D,THB,A
2010-09-22,30.645765,D,THB,A
2010-09-23,30.715304,D,THB,A
2010-09-24,30.685207,D,THB,A
2010-09-27,30.564666,D,THB,A
2010-09-28,30.580981,D,THB,A
2010-09-29,30.459922,D,THB,A
2010-09-30,30.364889,D,THB,A
2010-10-01,30.207635,D,THB,A
2010-10-04,30.164903,D,THB,A
2010-10-05,30.140058,D,THB,A
2010-10-06,29.94515,D,THB,A
2010-10-07,29.859699,D,THB,A
2010-10-08,30.062707,D,THB,A
2010-10-11,30.035161,D,THB,A
2010-10-12,29.95518,D,THB,A
2010-10-13,29.939819,D,THB,A
2010-10-14,29.79505,D,THB,A
2010-10-15,29.821137,D,THB,A
2010-10-18,29.897812,D,THB,A
2010-10-19,29.909806,D,THB,A
2010-10-20,29.930019,D,THB,A
2010-10-21,29.865154,D,THB,A
2010-10-22,29.942586,D,THB,A
2010-10-25,29.850331,D,THB,A
2010-10-26,29.91015,D,THB,A
2010-10-27,29.994929,D,THB,A
2010-10-28,29.960309,D,THB,A
2010-10-29,29.955257,D,THB,A
2010-11-01,29.865001,D,THB,A
2010-11-02,29.800257,D,THB,A
2010-11-03,29.751677,D,THB,A
2010-11-04,29.69531,D,THB,A
2010-11-05,29.637177,D,THB,A
2010-11-08,29.652224,D,THB,A
2010-11-09,29.508067,D,THB,A
2010-11-10,29.594771,D,THB,A
2010-11-11,29.715328,D,THB,A
2010-11-12,29.80016,D,THB,A
2010-11-15,29.944958,D,THB,A
2010-11-16,29.864825,D,THB,A
2010-11-17,30.034864,D,THB,A
2010-11-18,29.939914,D,THB,A
2010-11-19,29.940032,D,THB,A
2010-11-22,29.959698,D,THB,A
2010-11-23,30.065205,D,THB,A
2010-11-24,30.044231,D,THB,A
2010-11-25,30.054801,D,THB,A
2010-11-26,30.294896,D,THB,A
2010-11-29,30.194736,D,THB,A
2010-11-30,30.200031,D,THB,A
2010-12-01,30.074724,D,THB,A
2010-12-02,30.04485,D,THB,A
2010-12-03,30.055111,D,THB,A
2010-12-06,30.01506,D,THB,A
2010-12-07,30.0,D,THB,A
2010-12-08,30.144697,D,THB,A
2010-12-09,30.065082,D,THB,A
2010-12-10,30.064935,D,THB,A
2010-12-13,30.06633,D,THB,A
2010-12-14,30.00521,D,THB,A
2010-12-15,30.085329,D,THB,A
2010-12-16,30.112555,D,THB,A
2010-12-17,30.152338,D,THB,A
2010-12-20,30.182551,D,THB,A
2010-12-21,30.159635,D,THB,A
2010-12-22,30.164735,D,THB,A
2010-12-23,30.159982,D,THB,A
2010-12-24,30.208413,D,THB,A
2010-12-27,30.184988,D,THB,A
2010-12-28,30.184919,D,THB,A
2010-12-29,30.167479,D,THB,A
2010-12-30,30.15512,D,THB,A
2010-12-31,30.062865,D,THB,A
2011-01-03,30.080162,D,THB,A
2011-01-04,30.055137,D,THB,A
2011-01-05,30.180126,D,THB,A
2011-01-06,30.225346,D,THB,A
2011-01-07,30.416635,D,THB,A
2011-01-10,30.729288,D,THB,A
2011-01-11,30.509731,D,THB,A
2011-01-12,30.37077,D,THB,A
2011-01-13,30.429578,D,THB,A
2011-01-14,30.479437,D,THB,A
2011-01-17,30.564946,D,THB,A
2011-01-18,30.489866,D,THB,A
2011-01-19,30.455353,D,THB,A
2011-01-20,30.555226,D,THB,A
2011-01-21,30.697434,D,THB,A
2011-01-24,30.962346,D,THB,A
2011-01-25,30.96499,D,THB,A
2011-01-26,30.806228,D,THB,A
2011-01-27,30.815106,D,THB,A
2011-01-28,31.010212,D,THB,A
2011-01-31,30.890301,D,THB,A
2011-02-01,30.910214,D,THB,A
2011-02-02,30.854887,D,THB,A
2011-02-03,30.870135,D,THB,A
2011-02-04,30.809919,D,THB,A
2011-02-07,30.740058,D,THB,A
2011-02-08,30.720205,D,THB,A
2011-02-09,30.729831,D,THB,A
2011-02-10,30.810056,D,THB,A
2011-02-11,30.85034,D,THB,A
2011-02-14,30.779762,D,THB,A
2011-02-15,30.709845,D,THB,A
2011-02-16,30.640266,D,THB,A
2011-02-17,30.620206,D,THB,A
2011-02-18,30.579731,D,THB,A
2011-02-21,30.529704,D,THB,A
2011-02-22,30.629985,D,THB,A
2011-02-23,30.619765,D,THB,A
2011-02-24,30.609889,D,THB,A
2011-02-25,30.629996,D,THB,A
2011-02-28,30.579731,D,THB,A
2011-03-01,30.549729,D,THB,A
2011-03-02,30.55978,D,THB,A
2011-03-03,30.509747,D,THB,A
2011-03-04,30.490077,D,THB,A
2011-03-07,30.419875,D,THB,A
2011-03-08,30.379911,D,THB,A
2011-03-09,30.320218,D,THB,A
2011-03-10,30.379967,D,THB,A
2011-03-11,30.460321,D,THB,A
2011-03-14,30.329796,D,THB,A
2011-03-15,30.460242,D,THB,A
2011-03-16,30.430077,D,THB,A
2011-03-17,30.27992,D,THB,A
2011-03-18,30.290163,D,THB,A
2011-03-21,30.279696,D,THB,A
2011-03-22,30.239955,D,THB,A
2011-03-23,30.280136,D,THB,A
2011-03-24,30.249858,D,THB,A
2011-03-25,30.260007,D,THB,A
2011-03-28,30.310006,D,THB,A
2011-03-29,30.329873,D,THB,A
2011-03-30,30.319375,D,THB,A
2011-03-31,30.249877,D,THB,A
2011-04-01,30.280037,D,THB,A
2011-04-04,30.219803,D,THB,A
2011-04-05,30.209657,D,THB,A
2011-04-06,30.15035,D,THB,A
2011-04-07,30.079815,D,THB,A
2011-04-08,30.049997,D,THB,A
2011-04-11,30.090065,D,THB,A
2011-04-12,30.14029,D,THB,A
2011-04-13,30.149727,D,THB,A
2011-04-14,30.179154,D,THB,A
2011-04-15,30.130104,D,THB,A
2011-04-18,30.100175,D,THB,A
2011-04-19,30.060131,D,THB,A
2011-04-20,29.949707,D,THB,A
2011-04-21,29.910176,D,THB,A
2011-04-26,29.98016,D,THB,A
2011-04-27,29.970003,D,THB,A
2011-04-28,29.93984,D,THB,A
2011-04-29,29.870121,D,THB,A
2011-05-02,29.85981,D,THB,A
2011-05-03,30.0,D,THB,A
2011-05-04,29.969762,D,THB,A
2011-05-05,30.149858,D,THB,A
2011-05-06,30.259982,D,THB,A
2011-05-09,30.200042,D,THB,A
2011-05-10,30.179691,D,THB,A
2011-05-11,30.0801,D,THB,A
2011-05-12,30.329965,D,THB,A
2011-05-13,30.229692,D,THB,A
2011-05-16,30.349996,D,THB,A
2011-05-17,30.299908,D,THB,A
2011-05-18,30.269909,D,THB,A
2011-05-19,30.290221,D,THB,A
2011-05-20,30.299923,D,THB,A
2011-05-23,30.390157,D,THB,A
2011-05-24,30.420186,D,THB,A
2011-05-25,30.449925,D,THB,A
2011-05-26,30.410079,D,THB,A
2011-05-27,30.370137,D,THB,A
2011-05-30,30.330017,D,THB,A
2011-05-31,30.310045,D,THB,A
2011-06-01,30.269989,D,THB,A
2011-06-02,30.289765,D,THB,A
2011-06-03,30.340282,D,THB,A
2011-06-06,30.300082,D,THB,A
2011-06-07,30.279825,D,THB,A
2011-06-08,30.399781,D,THB,A
2011-06-09,30.450253,D,THB,A
2011-06-10,30.390032,D,THB,A
2011-06-13,30.480006,D,THB,A
2011-06-14,30.460271,D,THB,A
2011-06-15,30.529667,D,THB,A
2011-06-16,30.630324,D,THB,A
2011-06-17,30.580238,D,THB,A
2011-06-20,30.59993,D,THB,A
2011-06-21,30.530161,D,THB,A
2011-06-22,30.470237,D,THB,A
2011-06-23,30.569941,D,THB,A
2011-06-24,30.680028,D,THB,A
2011-06-27,30.899683,D,THB,A
2011-06-28,30.959961,D,THB,A
2011-06-29,30.8,D,THB,A
2011-06-30,30.706428,D,THB,A
2011-07-01,30.810326,D,THB,A
2011-07-04,30.470345,D,THB,A
2011-07-05,30.499965,D,THB,A
2011-07-06,30.493086,D,THB,A
2011-07-07,30.350249,D,THB,A
2011-07-08,30.209942,D,THB,A
2011-07-11,30.320148,D,THB,A
2011-07-12,30.349911,D,THB,A
2011-07-13,30.240176,D,THB,A
2011-07-14,30.090128,D,THB,A
2011-07-15,30.079881,D,THB,A
2011-07-18,30.059808,D,THB,A
2011-07-19,29.924435,D,THB,A
2011-07-20,29.909904,D,THB,A
2011-07-21,29.909999,D,THB,A
2011-07-22,29.810298,D,THB,A
2011-07-25,29.760083,D,THB,A
2011-07-26,29.709764,D,THB,A
2011-07-27,29.73972,D,THB,A
2011-07-28,29.739832,D,THB,A
2011-07-29,29.819776,D,THB,A
2011-08-01,29.710024,D,THB,A
2011-08-02,29.820042,D,THB,A
2011-08-03,29.76014,D,THB,A
2011-08-04,29.839764,D,THB,A
2011-08-05,29.879901,D,THB,A
2011-08-08,29.850264,D,THB,A
2011-08-09,29.94673,D,THB,A
2011-08-10,29.880281,D,THB,A
2011-08-11,29.959697,D,THB,A
2011-08-12,29.950175,D,THB,A
2011-08-15,29.909847,D,THB,A
2011-08-16,29.880223,D,THB,A
2011-08-17,29.870139,D,THB,A
2011-08-18,29.910223,D,THB,A
2011-08-19,29.819951,D,THB,A
2011-08-22,29.839728,D,THB,A
2011-08-23,29.829899,D,THB,A
2011-08-24,29.930021,D,THB,A
2011-08-25,29.990294,D,THB,A
2011-08-26,29.979864,D,THB,A
2011-08-29,29.990336,D,THB,A
2011-08-30,30.029857,D,THB,A
2011-08-31,29.939792,D,THB,A
2011-09-01,29.979699,D,THB,A
2011-09-02,29.920028,D,THB,A
2011-09-05,29.929916,D,THB,A
2011-09-06,29.914888,D,THB,A
2011-09-07,29.990026,D,THB,A
2011-09-08,30.019937,D,THB,A
2011-09-09,30.080336,D,THB,A
2011-09-12,30.139865,D,THB,A
2011-09-13,30.210333,D,THB,A
2011-09-14,30.270231,D,THB,A
2011-09-15,30.310257,D,THB,A
2011-09-16,30.380087,D,THB,A
2011-09-19,30.507294,D,THB,A
2011-09-20,30.420131,D,THB,A
2011-09-21,30.548548,D,THB,A
2011-09-22,30.769631,D,THB,A
2011-09-23,30.920328,D,THB,A
2011-09-26,31.12,D,THB,A
2011-09-27,30.849842,D,THB,A
2011-09-28,30.999927,D,THB,A
2011-09-29,31.180316,D,THB,A
2011-09-30,31.139747,D,THB,A
2011-10-03,31.210325,D,THB,A
2011-10-04,31.200212,D,THB,A
2011-10-05,31.180175,D,THB,A
2011-10-06,31.109353,D,THB,A
2011-10-07,30.920054,D,THB,A
2011-10-10,30.870301,D,THB,A
2011-10-11,30.939957,D,THB,A
2011-10-12,30.799797,D,THB,A
2011-10-13,30.829752,D,THB,A
2011-10-14,30.769899,D,THB,A
2011-10-17,30.619919,D,THB,A
2011-10-18,30.780199,D,THB,A
2011-10-19,30.689905,D,THB,A
2011-10-20,30.969798,D,THB,A
2011-10-21,30.989999,D,THB,A
2011-10-24,30.879763,D,THB,A
2011-10-25,30.83992,D,THB,A
2011-10-26,30.799885,D,THB,A
2011-10-27,30.539963,D,THB,A
2011-10-28,30.540254,D,THB,A
2011-10-31,30.639954,D,THB,A
2011-11-01,30.940045,D,THB,A
2011-11-02,30.779926,D,THB,A
2011-11-03,30.72025,D,THB,A
2011-11-04,30.659987,D,THB,A
2011-11-07,30.689856,D,THB,A
2011-11-08,30.68973,D,THB,A
2011-11-09,30.720311,D,THB,A
2011-11-10,30.799794,D,THB,A
2011-11-11,30.810256,D,THB,A
2011-11-14,30.789955,D,THB,A
2011-11-15,30.849837,D,THB,A
2011-11-16,30.829872,D,THB,A
2011-11-17,30.899852,D,THB,A
2011-11-18,30.989982,D,THB,A
2011-11-21,31.20003,D,THB,A
2011-11-22,31.190248,D,THB,A
2011-11-23,31.340106,D,THB,A
2011-11-24,31.269723,D,THB,A
2011-11-25,31.409782,D,THB,A
2011-11-28,31.320048,D,THB,A
2011-11-29,31.279994,D,THB,A
2011-11-30,31.000149,D,THB,A
2011-12-01,30.859769,D,THB,A
2011-12-02,30.789727,D,THB,A
2011-12-05,30.799732,D,THB,A
2011-12-06,30.830222,D,THB,A
2011-12-07,30.840248,D,THB,A
2011-12-08,30.750186,D,THB,A
2011-12-09,30.949641,D,THB,A
2011-12-12,31.150102,D,THB,A
2011-12-13,31.210075,D,THB,A
2011-12-14,31.27992,D,THB,A
2011-12-15,31.336508,D,THB,A
2011-12-16,31.309706,D,THB,A
2011-12-19,31.280006,D,THB,A
2011-12-20,31.300291,D,THB,A
2011-12-21,31.270109,D,THB,A
2011-12-22,31.26006,D,THB,A
2011-12-23,31.309642,D,THB,A
2011-12-27,31.440049,D,THB,A
2011-12-28,31.539697,D,THB,A
2011-12-29,31.779812,D,THB,A
2011-12-30,31.680192,D,THB,A
2012-01-02,31.509857,D,THB,A
2012-01-03,31.439988,D,THB,A
2012-01-04,31.529966,D,THB,A
2012-01-05,31.630299,D,THB,A
2012-01-06,31.679712,D,THB,A
2012-01-09,31.780327,D,THB,A
2012-01-10,31.630231,D,THB,A
2012-01-11,31.820255,D,THB,A
2012-01-12,31.799623,D,THB,A
2012-01-13,31.769634,D,THB,A
2012-01-16,31.889652,D,THB,A
2012-01-17,31.797498,D,THB,A
2012-01-18,31.740316,D,THB,A
2012-01-19,31.629618,D,THB,A
2012-01-20,31.560223,D,THB,A
2012-01-23,31.389721,D,THB,A
2012-01-24,31.469661,D,THB,A
2012-01-25,31.600216,D,THB,A
2012-01-26,31.280335,D,THB,A
2012-01-27,31.129707,D,THB,A
2012-01-30,31.199847,D,THB,A
2012-01-31,30.929721,D,THB,A
2012-02-01,30.939658,D,THB,A
2012-02-02,30.930197,D,THB,A
2012-02-03,30.879939,D,THB,A
2012-02-06,30.979911,D,THB,A
2012-02-07,30.97003,D,THB,A
2012-02-08,30.729998,D,THB,A
2012-02-09,30.750301,D,THB,A
2012-02-10,30.890136,D,THB,A
2012-02-13,30.810321,D,THB,A
2012-02-14,30.839851,D,THB,A
2012-02-15,30.779866,D,THB,A
2012-02-16,30.899707,D,THB,A
2012-02-17,30.790334,D,THB,A
2012-02-20,30.750038,D,THB,A
2012-02-21,30.760097,D,THB,A
2012-02-22,30.560091,D,THB,A
2012-02-23,30.330075,D,THB,A
2012-02-24,30.369818,D,THB,A
2012-02-27,30.439946,D,THB,A
2012-02-28,30.350082,D,THB,A
2012-02-29,30.249944,D,THB,A
2012-03-01,30.60021,D,THB,A
2012-03-02,30.569721,D,THB,A
2012-03-05,30.639939,D,THB,A
2012-03-06,30.78005,D,THB,A
2012-03-07,30.769817,D,THB,A
2012-03-08,30.539949,D,THB,A
2012-03-09,30.56023,D,THB,A
2012-03-12,30.650202,D,THB,A
2012-03-13,30.660182,D,THB,A
2012-03-14,30.780126,D,THB,A
2012-03-15,30.769702,D,THB,A
2012-03-16,30.750229,D,THB,A
2012-03-19,30.730038,D,THB,A
2012-03-20,30.790271,D,THB,A
2012-03-21,30.769754,D,THB,A
2012-03-22,30.839979,D,THB,A
2012-03-23,30.759704,D,THB,A
2012-03-26,30.760018,D,THB,A
2012-03-27,30.710268,D,THB,A
2012-03-28,30.770038,D,THB,A
2012-03-29,30.870253,D,THB,A
2012-03-30,30.830338,D,THB,A
2012-04-02,30.844658,D,THB,A
2012-04-03,30.820128,D,THB,A
2012-04-04,31.030285,D,THB,A
2012-04-05,31.000153,D,THB,A
2012-04-10,30.95013,D,THB,A
2012-04-11,30.89026,D,THB,A
2012-04-12,30.840113,D,THB,A
2012-04-13,30.730149,D,THB,A
2012-04-16,30.809275,D,THB,A
2012-04-17,30.789674,D,THB,A
2012-04-18,30.850073,D,THB,A
2012-04-19,30.910133,D,THB,A
2012-04-20,30.887659,D,THB,A
2012-04-23,30.999924,D,THB,A
2012-04-24,30.959654,D,THB,A
2012-04-25,30.939724,D,THB,A
2012-04-26,30.880061,D,THB,A
2012-04-27,30.780104,D,THB,A
2012-04-30,30.740124,D,THB,A
2012-05-02,30.869698,D,THB,A
2012-05-03,30.919759,D,THB,A
2012-05-04,30.939689,D,THB,A
2012-05-07,30.99977,D,THB,A
2012-05-08,31.000384,D,THB,A
2012-05-09,31.109653,D,THB,A
2012-05-10,31.120284,D,THB,A
2012-05-11,31.169654,D,THB,A
2012-05-14,31.340278,D,THB,A
2012-05-15,31.329907,D,THB,A
2012-05-16,31.439786,D,THB,A
2012-05-17,31.409872,D,THB,A
2012-05-18,31.330084,D,THB,A
2012-05-21,31.340392,D,THB,A
2012-05-22,31.380013,D,THB,A
2012-05-23,31.510388,D,THB,A
2012-05-24,31.579995,D,THB,A
2012-05-25,31.689782,D,THB,A
2012-05-28,31.6099,D,THB,A
2012-05-29,31.729618,D,THB,A
2012-05-30,31.859624,D,THB,A
2012-05-31,31.860034,D,THB,A
2012-06-01,31.899854,D,THB,A
2012-06-04,31.53976,D,THB,A
2012-06-05,31.619599,D,THB,A
2012-06-06,31.469764,D,THB,A
2012-06-07,31.479952,D,THB,A
2012-06-08,31.700353,D,THB,A
2012-06-11,31.639828,D,THB,A
2012-06-12,31.669869,D,THB,A
2012-06-13,31.570129,D,THB,A
2012-06-14,31.540116,D,THB,A
2012-06-15,31.479835,D,THB,A
2012-06-18,31.470122,D,THB,A
2012-06-19,31.370156,D,THB,A
2012-06-20,31.500315,D,THB,A
2012-06-21,31.710339,D,THB,A
2012-06-22,31.771274,D,THB,A
2012-06-25,31.889814,D,THB,A
2012-06-26,31.83006,D,THB,A
2012-06-27,31.869691,D,THB,A
2012-06-28,31.880335,D,THB,A
2012-06-29,31.670373,D,THB,A
2012-07-02,31.619948,D,THB,A
2012-07-03,31.46004,D,THB,A
2012-07-04,31.475318,D,THB,A
2012-07-05,31.540319,D,THB,A
2012-07-06,31.621556,D,THB,A
2012-07-09,31.760351,D,THB,A
2012-07-10,31.640212,D,THB,A
2012-07-11,31.699837,D,THB,A
2012-07-12,31.819675,D,THB,A
2012-07-13,31.645466,D,THB,A
2012-07-16,31.641619,D,THB,A
2012-07-17,31.579676,D,THB,A
2012-07-18,31.709989,D,THB,A
2012-07-19,31.600065,D,THB,A
2012-07-20,31.7,D,THB,A
2012-07-23,31.780256,D,THB,A
2012-07-24,31.790057,D,THB,A
2012-07-25,31.690292,D,THB,A
2012-07-26,31.589723,D,THB,A
2012-07-27,31.530405,D,THB,A
2012-07-30,31.580108,D,THB,A
2012-07-31,31.479974,D,THB,A
2012-08-01,31.489673,D,THB,A
2012-08-02,31.509801,D,THB,A
2012-08-03,31.56962,D,THB,A
2012-08-06,31.479926,D,THB,A
2012-08-07,31.48038,D,THB,A
2012-08-08,31.519942,D,THB,A
2012-08-09,31.509633,D,THB,A
2012-08-10,31.470396,D,THB,A
2012-08-13,31.419888,D,THB,A
2012-08-14,31.420013,D,THB,A
2012-08-15,31.559954,D,THB,A
2012-08-16,31.560388,D,THB,A
2012-08-17,31.519818,D,THB,A
2012-08-20,31.521138,D,THB,A
2012-08-21,31.449952,D,THB,A
2012-08-22,31.380141,D,THB,A
2012-08-23,31.219726,D,THB,A
2012-08-24,31.229711,D,THB,A
2012-08-27,31.2498,D,THB,A
2012-08-28,31.310169,D,THB,A
2012-08-29,31.339976,D,THB,A
2012-08-30,31.379943,D,THB,A
2012-08-31,31.329791,D,THB,A
2012-09-03,31.230108,D,THB,A
2012-09-04,31.199618,D,THB,A
2012-09-05,31.269677,D,THB,A
2012-09-06,31.229625,D,THB,A
2012-09-07,31.20022,D,THB,A
2012-09-10,31.090326,D,THB,A
2012-09-11,31.080003,D,THB,A
2012-09-12,30.959988,D,THB,A
2012-09-13,31.020139,D,THB,A
2012-09-14,30.759832,D,THB,A
2012-09-17,30.810026,D,THB,A
2012-09-18,30.88019,D,THB,A
2012-09-19,30.829872,D,THB,A
2012-09-20,30.89702,D,THB,A
2012-09-21,30.809978,D,THB,A
2012-09-24,30.929854,D,THB,A
2012-09-25,30.930251,D,THB,A
2012-09-26,30.990269,D,THB,A
2012-09-27,30.970172,D,THB,A
2012-09-28,30.789637,D,THB,A
2012-10-01,30.78978,D,THB,A
2012-10-02,30.649652,D,THB,A
2012-10-03,30.66026,D,THB,A
2012-10-04,30.589916,D,THB,A
2012-10-05,30.549915,D,THB,A
2012-10-08,30.703041,D,THB,A
2012-10-09,30.650042,D,THB,A
2012-10-10,30.709908,D,THB,A
2012-10-11,30.709862,D,THB,A
2012-10-12,30.639938,D,THB,A
2012-10-15,30.669956,D,THB,A
2012-10-16,30.669937,D,THB,A
2012-10-17,30.630335,D,THB,A
2012-10-18,30.650252,D,THB,A
2012-10-19,30.720368,D,THB,A
2012-10-22,30.740259,D,THB,A
2012-10-23,30.749712,D,THB,A
2012-10-24,30.720136,D,THB,A
2012-10-25,30.690372,D,THB,A
2012-10-26,30.739851,D,THB,A
2012-10-29,30.730346,D,THB,A
2012-10-30,30.689708,D,THB,A
2012-10-31,30.690372,D,THB,A
2012-11-01,30.709827,D,THB,A
2012-11-02,30.750195,D,THB,A
2012-11-05,30.820224,D,THB,A
2012-11-06,30.760156,D,THB,A
2012-11-07,30.689628,D,THB,A
2012-11-08,30.700377,D,THB,A
2012-11-09,30.649913,D,THB,A
2012-11-12,30.639969,D,THB,A
2012-11-13,30.679742,D,THB,A
2012-11-14,30.710357,D,THB,A
2012-11-15,30.719661,D,THB,A
2012-11-16,30.750098,D,THB,A
2012-11-19,30.720107,D,THB,A
2012-11-20,30.669842,D,THB,A
2012-11-21,30.699727,D,THB,A
2012-11-22,30.70038,D,THB,A
2012-11-23,30.700287,D,THB,A
2012-11-26,30.680346,D,THB,A
2012-11-27,30.679732,D,THB,A
2012-11-28,30.729967,D,THB,A
2012-11-29,30.710328,D,THB,A
2012-11-30,30.699985,D,THB,A
2012-12-03,30.650226,D,THB,A
2012-12-04,30.689734,D,THB,A
2012-12-05,30.679679,D,THB,A
2012-12-06,30.66019,D,THB,A
2012-12-07,30.680356,D,THB,A
2012-12-10,30.649652,D,THB,A
2012-12-11,30.620334,D,THB,A
2012-12-12,30.619632,D,THB,A
2012-12-13,30.649996,D,THB,A
2012-12-14,30.629921,D,THB,A
2012-12-17,30.600304,D,THB,A
2012-12-18,30.569889,D,THB,A
2012-12-19,30.609683,D,THB,A
2012-12-20,30.61981,D,THB,A
2012-12-21,30.629874,D,THB,A
2012-12-24,30.609775,D,THB,A
2012-12-27,30.649781,D,THB,A
2012-12-28,30.609876,D,THB,A
2012-12-31,30.579809,D,THB,A
2013-01-02,30.340069,D,THB,A
2013-01-03,30.370172,D,THB,A
2013-01-04,30.510298,D,THB,A
2013-01-07,30.440218,D,THB,A
2013-01-08,30.440165,D,THB,A
2013-01-09,30.369945,D,THB,A
2013-01-10,30.299703,D,THB,A
2013-01-11,30.2697,D,THB,A
2013-01-14,30.239862,D,THB,A
2013-01-15,30.02026,D,THB,A
2013-01-16,29.859908,D,THB,A
2013-01-17,29.770347,D,THB,A
2013-01-18,29.740318,D,THB,A
2013-01-21,29.740299,D,THB,A
2013-01-22,29.740182,D,THB,A
2013-01-23,29.789947,D,THB,A
2013-01-24,29.799985,D,THB,A
2013-01-25,29.923528,D,THB,A
2013-01-28,29.959833,D,THB,A
2013-01-29,29.850368,D,THB,A
2013-01-30,29.749649,D,THB,A
2013-01-31,29.830258,D,THB,A
2013-02-01,29.799912,D,THB,A
2013-02-04,29.769776,D,THB,A
2013-02-05,29.750314,D,THB,A
2013-02-06,29.789894,D,THB,A
2013-02-07,29.780009,D,THB,A
2013-02-08,29.789891,D,THB,A
2013-02-11,29.849899,D,THB,A
2013-02-12,29.869772,D,THB,A
2013-02-13,29.819733,D,THB,A
2013-02-14,29.81016,D,THB,A
2013-02-15,29.870169,D,THB,A
2013-02-18,29.889904,D,THB,A
2013-02-19,29.869653,D,THB,A
2013-02-20,29.819746,D,THB,A
2013-02-21,29.8597,D,THB,A
2013-02-22,29.839982,D,THB,A
2013-02-25,29.820355,D,THB,A
2013-02-26,29.830236,D,THB,A
2013-02-27,29.839658,D,THB,A
2013-02-28,29.769975,D,THB,A
2013-03-01,29.79,D,THB,A
2013-03-04,29.830091,D,THB,A
2013-03-05,29.799754,D,THB,A
2013-03-06,29.759877,D,THB,A
2013-03-07,29.750192,D,THB,A
2013-03-08,29.719633,D,THB,A
2013-03-11,29.729875,D,THB,A
2013-03-12,29.590133,D,THB,A
2013-03-13,29.600185,D,THB,A
2013-03-14,29.649842,D,THB,A
2013-03-15,29.539966,D,THB,A
2013-03-18,29.529739,D,THB,A
2013-03-19,29.279975,D,THB,A
2013-03-20,29.120124,D,THB,A
2013-03-21,29.169636,D,THB,A
2013-03-22,29.320358,D,THB,A
2013-03-25,29.306533,D,THB,A
2013-03-26,29.300987,D,THB,A
2013-03-27,29.299812,D,THB,A
2013-03-28,29.225303,D,THB,A
2013-04-02,29.299844,D,THB,A
2013-04-03,29.370128,D,THB,A
2013-04-04,29.369636,D,THB,A
2013-04-05,29.310105,D,THB,A
2013-04-08,29.229824,D,THB,A
2013-04-09,29.039877,D,THB,A
2013-04-10,29.020327,D,THB,A
2013-04-11,29.029652,D,THB,A
2013-04-12,29.030034,D,THB,A
2013-04-15,29.080346,D,THB,A
2013-04-16,28.970219,D,THB,A
2013-04-17,28.859776,D,THB,A
2013-04-18,28.709851,D,THB,A
2013-04-19,28.600076,D,THB,A
2013-04-22,28.669939,D,THB,A
2013-04-23,28.829869,D,THB,A
2013-04-24,28.929725,D,THB,A
2013-04-25,29.110092,D,THB,A
2013-04-26,29.299946,D,THB,A
2013-04-29,29.27019,D,THB,A
2013-04-30,29.300031,D,THB,A
2013-05-02,29.429914,D,THB,A
2013-05-03,29.579838,D,THB,A
2013-05-06,29.559777,D,THB,A
2013-05-07,29.53994,D,THB,A
2013-05-08,29.349829,D,THB,A
2013-05-09,29.42018,D,THB,A
2013-05-10,29.779797,D,THB,A
2013-05-13,29.680105,D,THB,A
2013-05-14,29.710257,D,THB,A
2013-05-15,29.749689,D,THB,A
2013-05-16,29.799845,D,THB,A
2013-05-17,29.780092,D,THB,A
2013-05-20,29.810161,D,THB,A
2013-05-21,29.81968,D,THB,A
2013-05-22,29.800356,D,THB,A
2013-05-23,29.920081,D,THB,A
2013-05-24,29.919623,D,THB,A
2013-05-27,29.860113,D,THB,A
2013-05-28,30.020096,D,THB,A
2013-05-29,30.179895,D,THB,A
2013-05-30,30.230222,D,THB,A
2013-05-31,30.355221,D,THB,A
2013-06-03,30.459717,D,THB,A
2013-06-04,30.410174,D,THB,A
2013-06-05,30.51963,D,THB,A
2013-06-06,30.654063,D,THB,A
2013-06-07,30.589744,D,THB,A
2013-06-10,30.79037,D,THB,A
2013-06-11,30.98998,D,THB,A
2013-06-12,30.960307,D,THB,A
2013-06-13,30.790086,D,THB,A
2013-06-14,30.58032,D,THB,A
2013-06-17,30.670316,D,THB,A
2013-06-18,30.850157,D,THB,A
2013-06-19,30.73027,D,THB,A
2013-06-20,31.119697,D,THB,A
2013-06-21,31.110015,D,THB,A
2013-06-24,31.120281,D,THB,A
2013-06-25,30.950206,D,THB,A
2013-06-26,31.180129,D,THB,A
2013-06-27,31.120319,D,THB,A
2013-06-28,31.049694,D,THB,A
2013-07-01,30.974918,D,THB,A
2013-07-02,30.97027,D,THB,A
2013-07-03,31.090362,D,THB,A
2013-07-04,31.109827,D,THB,A
2013-07-05,31.150353,D,THB,A
2013-07-08,31.449805,D,THB,A
2013-07-09,31.290348,D,THB,A
2013-07-10,31.269804,D,THB,A
2013-07-11,31.139988,D,THB,A
2013-07-12,31.179991,D,THB,A
2013-07-15,31.17968,D,THB,A
2013-07-16,31.049703,D,THB,A
2013-07-17,31.090134,D,THB,A
2013-07-18,31.089895,D,THB,A
2013-07-19,31.032538,D,THB,A
2013-07-22,30.960049,D,THB,A
2013-07-23,30.959788,D,THB,A
2013-07-24,30.939906,D,THB,A
2013-07-25,31.120285,D,THB,A
2013-07-26,31.140271,D,THB,A
2013-07-29,31.170309,D,THB,A
2013-07-30,31.269949,D,THB,A
2013-07-31,31.289642,D,THB,A
2013-08-01,31.279843,D,THB,A
2013-08-02,31.389836,D,THB,A
2013-08-05,31.320057,D,THB,A
2013-08-06,31.399849,D,THB,A
2013-08-07,31.44006,D,THB,A
2013-08-08,31.25,D,THB,A
2013-08-09,31.269723,D,THB,A
2013-08-12,31.240211,D,THB,A
2013-08-13,31.249812,D,THB,A
2013-08-14,31.340331,D,THB,A
2013-08-15,31.279988,D,THB,A
2013-08-16,31.28036,D,THB,A
2013-08-19,31.379646,D,THB,A
2013-08-20,31.659946,D,THB,A
2013-08-21,31.829797,D,THB,A
2013-08-22,32.040081,D,THB,A
2013-08-23,32.009734,D,THB,A
2013-08-26,31.939975,D,THB,A
2013-08-27,32.189984,D,THB,A
2013-08-28,32.300142,D,THB,A
2013-08-29,32.180009,D,THB,A
2013-08-30,32.154892,D,THB,A
2013-09-02,32.035284,D,THB,A
2013-09-03,32.143942,D,THB,A
2013-09-04,32.204844,D,THB,A
2013-09-05,32.339797,D,THB,A
2013-09-06,32.354959,D,THB,A
2013-09-09,32.194937,D,THB,A
2013-09-10,32.164653,D,THB,A
2013-09-11,31.98975,D,THB,A
2013-09-12,31.735139,D,THB,A
2013-09-13,31.863106,D,THB,A
2013-09-16,31.700232,D,THB,A
2013-09-17,31.730308,D,THB,A
2013-09-18,31.659676,D,THB,A
2013-09-19,30.959764,D,THB,A
2013-09-20,31.019683,D,THB,A
2013-09-23,31.276281,D,THB,A
2013-09-24,31.339716,D,THB,A
2013-09-25,31.287767,D,THB,A
2013-09-26,31.209719,D,THB,A
2013-09-27,31.280195,D,THB,A
2013-09-30,31.295076,D,THB,A
2013-10-01,31.159805,D,THB,A
2013-10-02,31.288938,D,THB,A
2013-10-03,31.279976,D,THB,A
2013-10-04,31.299934,D,THB,A
2013-10-07,31.382258,D,THB,A
2013-10-08,31.353123,D,THB,A
2013-10-09,31.437662,D,THB,A
2013-10-10,31.370086,D,THB,A
2013-10-11,31.27967,D,THB,A
2013-10-14,31.304925,D,THB,A
2013-10-15,31.279923,D,THB,A
2013-10-16,31.27498,D,THB,A
2013-10-17,31.020348,D,THB,A
2013-10-18,31.050132,D,THB,A
2013-10-21,31.096803,D,THB,A
2013-10-22,31.162791,D,THB,A
2013-10-23,31.170012,D,THB,A
2013-10-24,31.137993,D,THB,A
2013-10-25,31.096755,D,THB,A
2013-10-28,31.062826,D,THB,A
2013-10-29,31.059704,D,THB,A
2013-10-30,31.0498,D,THB,A
2013-10-31,31.128216,D,THB,A
2013-11-01,31.198815,D,THB,A
2013-11-04,31.277951,D,THB,A
2013-11-05,31.23981,D,THB,A
2013-11-06,31.265074,D,THB,A
2013-11-07,31.328096,D,THB,A
2013-11-08,31.340183,D,THB,A
2013-11-11,31.625355,D,THB,A
2013-11-12,31.579809,D,THB,A
2013-11-13,31.580321,D,THB,A
2013-11-14,31.589759,D,THB,A
2013-11-15,31.595097,D,THB,A
2013-11-18,31.580232,D,THB,A
2013-11-19,31.592357,D,THB,A
2013-11-20,31.669993,D,THB,A
2013-11-21,31.812648,D,THB,A
2013-11-22,31.835331,D,THB,A
2013-11-25,31.980169,D,THB,A
2013-11-26,32.083118,D,THB,A
2013-11-27,32.119741,D,THB,A
2013-11-28,32.123308,D,THB,A
2013-11-29,32.065241,D,THB,A
2013-12-02,32.140219,D,THB,A
2013-12-03,32.180734,D,THB,A
2013-12-04,32.243967,D,THB,A
2013-12-05,32.279682,D,THB,A
2013-12-06,32.305834,D,THB,A
2013-12-09,32.130156,D,THB,A
2013-12-10,32.072,D,THB,A
2013-12-11,32.043292,D,THB,A
2013-12-12,32.08784,D,THB,A
2013-12-13,32.055074,D,THB,A
2013-12-16,32.030343,D,THB,A
2013-12-17,32.122336,D,THB,A
2013-12-18,32.267801,D,THB,A
2013-12-19,32.465062,D,THB,A
2013-12-20,32.59978,D,THB,A
2013-12-23,32.68136,D,THB,A
2013-12-24,32.717042,D,THB,A
2013-12-27,32.875344,D,THB,A
2013-12-30,32.815788,D,THB,A
2013-12-31,32.759046,D,THB,A
2014-01-02,32.96017,D,THB,A
2014-01-03,33.021857,D,THB,A
2014-01-06,33.073813,D,THB,A
2014-01-07,33.087017,D,THB,A
2014-01-08,33.033691,D,THB,A
2014-01-09,33.017925,D,THB,A
2014-01-10,33.067638,D,THB,A
2014-01-13,32.991797,D,THB,A
2014-01-14,32.723348,D,THB,A
2014-01-15,32.845068,D,THB,A
2014-01-16,32.797676,D,THB,A
2014-01-17,32.845259,D,THB,A
2014-01-20,32.815863,D,THB,A
2014-01-21,32.921041,D,THB,A
2014-01-22,32.899897,D,THB,A
2014-01-23,32.879977,D,THB,A
2014-01-24,32.867685,D,THB,A
2014-01-27,32.889881,D,THB,A
2014-01-28,32.901311,D,THB,A
2014-01-29,32.915197,D,THB,A
2014-01-30,32.963754,D,THB,A
2014-01-31,32.997189,D,THB,A
2014-02-03,33.194547,D,THB,A
2014-02-04,32.770175,D,THB,A
2014-02-05,32.760097,D,THB,A
2014-02-06,32.80993,D,THB,A
2014-02-07,32.865773,D,THB,A
2014-02-10,32.812729,D,THB,A
2014-02-11,32.726674,D,THB,A
2014-02-12,32.55802,D,THB,A
2014-02-13,32.590128,D,THB,A
2014-02-14,32.316335,D,THB,A
2014-02-17,32.23666,D,THB,A
2014-02-18,32.449931,D,THB,A
2014-02-19,32.549291,D,THB,A
2014-02-20,32.598862,D,THB,A
2014-02-21,32.540308,D,THB,A
2014-02-24,32.552603,D,THB,A
2014-02-25,32.551985,D,THB,A
2014-02-26,32.552091,D,THB,A
2014-02-27,32.551992,D,THB,A
2014-02-28,32.627235,D,THB,A
2014-03-03,32.552295,D,THB,A
2014-03-04,32.41502,D,THB,A
2014-03-05,32.296097,D,THB,A
2014-03-06,32.290287,D,THB,A
2014-03-07,32.267885,D,THB,A
2014-03-10,32.378791,D,THB,A
2014-03-11,32.287365,D,THB,A
2014-03-12,32.439692,D,THB,A
2014-03-13,32.320327,D,THB,A
2014-03-14,32.288245,D,THB,A
2014-03-17,32.247231,D,THB,A
2014-03-18,32.132787,D,THB,A
2014-03-19,32.167038,D,THB,A
2014-03-20,32.519983,D,THB,A
2014-03-21,32.359942,D,THB,A
2014-03-24,32.480035,D,THB,A
2014-03-25,32.575966,D,THB,A
2014-03-26,32.590095,D,THB,A
2014-03-27,32.565053,D,THB,A
2014-03-28,32.500182,D,THB,A
2014-03-31,32.426023,D,THB,A
2014-04-01,32.365482,D,THB,A
2014-04-02,32.392171,D,THB,A
2014-04-03,32.478397,D,THB,A
2014-04-04,32.553285,D,THB,A
2014-04-07,32.486337,D,THB,A
2014-04-08,32.326848,D,THB,A
2014-04-09,32.274902,D,THB,A
2014-04-10,32.234802,D,THB,A
2014-04-11,32.306084,D,THB,A
2014-04-14,32.283214,D,THB,A
2014-04-15,32.279215,D,THB,A
2014-04-16,32.255058,D,THB,A
2014-04-17,32.184049,D,THB,A
2014-04-22,32.321054,D,THB,A
2014-04-23,32.339164,D,THB,A
2014-04-24,32.377713,D,THB,A
2014-04-25,32.26014,D,THB,A
2014-04-28,32.245148,D,THB,A
2014-04-29,32.289165,D,THB,A
2014-04-30,32.365343,D,THB,A
2014-05-02,32.356081,D,THB,A
2014-05-05,32.349719,D,THB,A
2014-05-06,32.337038,D,THB,A
2014-05-07,32.383859,D,THB,A
2014-05-08,32.48477,D,THB,A
2014-05-09,32.605762,D,THB,A
2014-05-12,32.618235,D,THB,A
2014-05-13,32.619864,D,THB,A
2014-05-14,32.425104,D,THB,A
2014-05-15,32.456988,D,THB,A
2014-05-16,32.5,D,THB,A
2014-05-19,32.471017,D,THB,A
2014-05-20,32.56167,D,THB,A
2014-05-21,32.473677,D,THB,A
2014-05-22,32.573164,D,THB,A
2014-05-23,32.600147,D,THB,A
2014-05-26,32.586725,D,THB,A
2014-05-27,32.636017,D,THB,A
2014-05-28,32.704292,D,THB,A
2014-05-29,32.795328,D,THB,A
2014-05-30,32.847064,D,THB,A
2014-06-02,32.869738,D,THB,A
2014-06-03,32.664712,D,THB,A
2014-06-04,32.677038,D,THB,A
2014-06-05,32.666765,D,THB,A
2014-06-06,32.561208,D,THB,A
2014-06-09,32.425044,D,THB,A
2014-06-10,32.501661,D,THB,A
2014-06-11,32.509781,D,THB,A
2014-06-12,32.454908,D,THB,A
2014-06-13,32.405793,D,THB,A
2014-06-16,32.35368,D,THB,A
2014-06-17,32.443986,D,THB,A
2014-06-18,32.509769,D,THB,A
2014-06-19,32.547724,D,THB,A
2014-06-20,32.4529,D,THB,A
2014-06-23,32.458811,D,THB,A
2014-06-24,32.423263,D,THB,A
2014-06-25,32.47007,D,THB,A
2014-06-26,32.479053,D,THB,A
2014-06-27,32.467695,D,THB,A
2014-06-30,32.452043,D,THB,A
2014-07-01,32.413063,D,THB,A
2014-07-02,32.369654,D,THB,A
2014-07-03,32.399238,D,THB,A
2014-07-04,32.388137,D,THB,A
2014-07-07,32.409506,D,THB,A
2014-07-08,32.387225,D,THB,A
2014-07-09,32.231125,D,THB,A
2014-07-10,32.186122,D,THB,A
2014-07-11,32.155204,D,THB,A
2014-07-14,32.130329,D,THB,A
2014-07-15,32.139132,D,THB,A
2014-07-16,32.111292,D,THB,A
2014-07-17,32.166359,D,THB,A
2014-07-18,32.135305,D,THB,A
2014-07-21,31.916704,D,THB,A
2014-07-22,31.798086,D,THB,A
2014-07-23,31.795767,D,THB,A
2014-07-24,31.837144,D,THB,A
2014-07-25,31.830357,D,THB,A
2014-07-28,31.802278,D,THB,A
2014-07-29,31.819942,D,THB,A
2014-07-30,31.905828,D,THB,A
2014-07-31,32.109276,D,THB,A
2014-08-01,32.25084,D,THB,A
2014-08-04,32.165847,D,THB,A
2014-08-05,32.140188,D,THB,A
2014-08-06,32.266767,D,THB,A
2014-08-07,32.270347,D,THB,A
2014-08-08,32.134748,D,THB,A
2014-08-11,32.100702,D,THB,A
2014-08-12,32.101004,D,THB,A
2014-08-13,31.997754,D,THB,A
2014-08-14,31.873925,D,THB,A
2014-08-15,31.871826,D,THB,A
2014-08-18,31.832175,D,THB,A
2014-08-19,31.860117,D,THB,A
2014-08-20,31.964017,D,THB,A
2014-08-21,31.980094,D,THB,A
2014-08-22,31.955227,D,THB,A
2014-08-25,31.984091,D,THB,A
2014-08-26,31.923893,D,THB,A
2014-08-27,31.916218,D,THB,A
2014-08-28,31.962362,D,THB,A
2014-08-29,31.954049,D,THB,A
2014-09-01,31.975177,D,THB,A
2014-09-02,32.098361,D,THB,A
2014-09-03,32.043191,D,THB,A
2014-09-04,32.039186,D,THB,A
2014-09-05,32.079086,D,THB,A
2014-09-08,32.022862,D,THB,A
2014-09-09,32.10975,D,THB,A
2014-09-10,32.175729,D,THB,A
2014-09-11,32.199876,D,THB,A
2014-09-12,32.194726,D,THB,A
2014-09-15,32.284873,D,THB,A
2014-09-16,32.240327,D,THB,A
2014-09-17,32.240661,D,THB,A
2014-09-18,32.308888,D,THB,A
2014-09-19,32.212107,D,THB,A
2014-09-22,32.218762,D,THB,A
2014-09-23,32.209122,D,THB,A
2014-09-24,32.229066,D,THB,A
2014-09-25,32.318282,D,THB,A
2014-09-26,32.306786,D,THB,A
2014-09-29,32.384852,D,THB,A
2014-09-30,32.4247,D,THB,A
2014-10-01,32.484329,D,THB,A
2014-10-02,32.44082,D,THB,A
2014-10-03,32.520609,D,THB,A
2014-10-06,32.61918,D,THB,A
2014-10-07,32.623939,D,THB,A
2014-10-08,32.6121,D,THB,A
2014-10-09,32.392071,D,THB,A
2014-10-10,32.463997,D,THB,A
2014-10-13,32.426059,D,THB,A
2014-10-14,32.513048,D,THB,A
2014-10-15,32.512237,D,THB,A
2014-10-16,32.491176,D,THB,A
2014-10-17,32.380098,D,THB,A
2014-10-20,32.304862,D,THB,A
2014-10-21,32.280207,D,THB,A
2014-10-22,32.314662,D,THB,A
2014-10-23,32.356934,D,THB,A
2014-10-24,32.407773,D,THB,A
2014-10-27,32.430002,D,THB,A
2014-10-28,32.434892,D,THB,A
2014-10-29,32.466829,D,THB,A
2014-10-30,32.564693,D,THB,A
2014-10-31,32.603002,D,THB,A
2014-11-03,32.670295,D,THB,A
2014-11-04,32.66981,D,THB,A
2014-11-05,32.846955,D,THB,A
2014-11-06,32.82336,D,THB,A
2014-11-07,32.877431,D,THB,A
2014-11-10,32.787922,D,THB,A
2014-11-11,32.8783,D,THB,A
2014-11-12,32.841903,D,THB,A
2014-11-13,32.805074,D,THB,A
2014-11-14,32.860244,D,THB,A
2014-11-17,32.764885,D,THB,A
2014-11-18,32.7681,D,THB,A
2014-11-19,32.816913,D,THB,A
2014-11-20,32.815217,D,THB,A
2014-11-21,32.734664,D,THB,A
2014-11-24,32.825947,D,THB,A
2014-11-25,32.813104,D,THB,A
2014-11-26,32.77996,D,THB,A
2014-11-27,32.770032,D,THB,A
2014-11-28,32.83826,D,THB,A
2014-12-01,32.847863,D,THB,A
2014-12-02,32.859788,D,THB,A
2014-12-03,32.852972,D,THB,A
2014-12-04,32.91203,D,THB,A
2014-12-05,32.937227,D,THB,A
2014-12-08,33.051884,D,THB,A
2014-12-09,32.929905,D,THB,A
2014-12-10,32.809877,D,THB,A
2014-12-11,32.822659,D,THB,A
2014-12-12,32.790361,D,THB,A
2014-12-15,32.939804,D,THB,A
2014-12-16,32.944086,D,THB,A
2014-12-17,32.965135,D,THB,A
2014-12-18,32.866097,D,THB,A
2014-12-19,32.869941,D,THB,A
2014-12-22,32.859124,D,THB,A
2014-12-23,32.902645,D,THB,A
2014-12-24,32.874212,D,THB,A
2014-12-29,32.977781,D,THB,A
2014-12-30,32.910362,D,THB,A
2014-12-31,32.872086,D,THB,A
2015-01-02,32.956904,D,THB,A
2015-01-05,32.981116,D,THB,A
2015-01-06,32.920094,D,THB,A
2015-01-07,32.889866,D,THB,A
2015-01-08,32.879844,D,THB,A
2015-01-09,32.884111,D,THB,A
2015-01-12,32.884615,D,THB,A
2015-01-13,32.846715,D,THB,A
2015-01-14,32.783864,D,THB,A
2015-01-15,32.745132,D,THB,A
2015-01-16,32.618226,D,THB,A
2015-01-19,32.590263,D,THB,A
2015-01-20,32.68417,D,THB,A
2015-01-21,32.560166,D,THB,A
2015-01-22,32.579618,D,THB,A
2015-01-23,32.610288,D,THB,A
2015-01-26,32.578264,D,THB,A
2015-01-27,32.556165,D,THB,A
2015-01-28,32.550247,D,THB,A
2015-01-29,32.748564,D,THB,A
2015-01-30,32.777532,D,THB,A
2015-02-02,32.580018,D,THB,A
2015-02-03,32.630098,D,THB,A
2015-02-04,32.609645,D,THB,A
2015-02-05,32.614373,D,THB,A
2015-02-06,32.529921,D,THB,A
2015-02-09,32.644789,D,THB,A
2015-02-10,32.635213,D,THB,A
2015-02-11,32.640092,D,THB,A
2015-02-12,32.695092,D,THB,A
2015-02-13,32.625428,D,THB,A
2015-02-16,32.592041,D,THB,A
2015-02-17,32.574682,D,THB,A
2015-02-18,32.580021,D,THB,A
2015-02-19,32.549398,D,THB,A
2015-02-20,32.551779,D,THB,A
2015-02-23,32.559745,D,THB,A
2015-02-24,32.560028,D,THB,A
2015-02-25,32.530407,D,THB,A
2015-02-26,32.314218,D,THB,A
2015-02-27,32.327402,D,THB,A
2015-03-02,32.330097,D,THB,A
2015-03-03,32.352256,D,THB,A
2015-03-04,32.394822,D,THB,A
2015-03-05,32.419369,D,THB,A
2015-03-06,32.409924,D,THB,A
2015-03-09,32.569982,D,THB,A
2015-03-10,32.687651,D,THB,A
2015-03-11,32.88807,D,THB,A
2015-03-12,32.811646,D,THB,A
2015-03-13,32.902005,D,THB,A
2015-03-16,32.928862,D,THB,A
2015-03-17,32.926187,D,THB,A
2015-03-18,32.928625,D,THB,A
2015-03-19,32.777934,D,THB,A
2015-03-20,32.690238,D,THB,A
2015-03-23,32.530242,D,THB,A
2015-03-24,32.483105,D,THB,A
2015-03-25,32.512517,D,THB,A
2015-03-26,32.545339,D,THB,A
2015-03-27,32.548821,D,THB,A
2015-03-30,32.57538,D,THB,A
2015-03-31,32.547635,D,THB,A
2015-04-01,32.51046,D,THB,A
2015-04-02,32.490305,D,THB,A
2015-04-07,32.575827,D,THB,A
2015-04-08,32.560302,D,THB,A
2015-04-09,32.530165,D,THB,A
2015-04-10,32.55913,D,THB,A
2015-04-13,32.57771,D,THB,A
2015-04-14,32.460242,D,THB,A
2015-04-15,32.448247,D,THB,A
2015-04-16,32.405004,D,THB,A
2015-04-17,32.358054,D,THB,A
2015-04-20,32.390189,D,THB,A
2015-04-21,32.365421,D,THB,A
2015-04-22,32.359676,D,THB,A
2015-04-23,32.457297,D,THB,A
2015-04-24,32.549889,D,THB,A
2015-04-27,32.698207,D,THB,A
2015-04-28,32.589915,D,THB,A
2015-04-29,32.850391,D,THB,A
2015-04-30,32.970129,D,THB,A
2015-05-04,33.319584,D,THB,A
2015-05-05,33.400198,D,THB,A
2015-05-06,33.279608,D,THB,A
2015-05-07,33.584255,D,THB,A
2015-05-08,33.505926,D,THB,A
2015-05-11,33.675283,D,THB,A
2015-05-12,33.756562,D,THB,A
2015-05-13,33.562962,D,THB,A
2015-05-14,33.488922,D,THB,A
2015-05-15,33.606992,D,THB,A
2015-05-18,33.345333,D,THB,A
2015-05-19,33.430233,D,THB,A
2015-05-20,33.579781,D,THB,A
2015-05-21,33.416869,D,THB,A
2015-05-22,33.359011,D,THB,A
2015-05-25,33.596283,D,THB,A
2015-05-26,33.680212,D,THB,A
2015-05-27,33.855289,D,THB,A
2015-05-28,33.873899,D,THB,A
2015-05-29,33.734731,D,THB,A
2015-06-01,33.699744,D,THB,A
2015-06-02,33.779128,D,THB,A
2015-06-03,33.686007,D,THB,A
2015-06-04,33.728903,D,THB,A
2015-06-05,33.721697,D,THB,A
2015-06-08,33.769934,D,THB,A
2015-06-09,33.728331,D,THB,A
2015-06-10,33.64128,D,THB,A
2015-06-11,33.752671,D,THB,A
2015-06-12,33.707665,D,THB,A
2015-06-15,33.711892,D,THB,A
2015-06-16,33.695051,D,THB,A
2015-06-17,33.704229,D,THB,A
2015-06-18,33.626798,D,THB,A
2015-06-19,33.689707,D,THB,A
2015-06-22,33.651829,D,THB,A
2015-06-23,33.754909,D,THB,A
2015-06-24,33.777758,D,THB,A
2015-06-25,33.758701,D,THB,A
2015-06-26,33.804678,D,THB,A
2015-06-29,33.804904,D,THB,A
2015-06-30,33.779605,D,THB,A
2015-07-01,33.817117,D,THB,A
2015-07-02,33.81529,D,THB,A
2015-07-03,33.77974,D,THB,A
2015-07-06,33.845385,D,THB,A
2015-07-07,33.957552,D,THB,A
2015-07-08,34.016691,D,THB,A
2015-07-09,33.924371,D,THB,A
2015-07-10,33.930264,D,THB,A
2015-07-13,34.029324,D,THB,A
2015-07-14,34.02774,D,THB,A
2015-07-15,34.075756,D,THB,A
2015-07-16,34.220116,D,THB,A
2015-07-17,34.152815,D,THB,A
2015-07-20,34.429598,D,THB,A
2015-07-21,34.479617,D,THB,A
2015-07-22,34.667951,D,THB,A
2015-07-23,34.744068,D,THB,A
2015-07-24,34.951092,D,THB,A
2015-07-27,34.89329,D,THB,A
2015-07-28,34.899773,D,THB,A
2015-07-29,34.951949,D,THB,A
2015-07-30,35.085349,D,THB,A
2015-07-31,35.170056,D,THB,A
2015-08-03,35.082641,D,THB,A
2015-08-04,35.038731,D,THB,A
2015-08-05,35.23477,D,THB,A
2015-08-06,35.170418,D,THB,A
2015-08-07,35.15218,D,THB,A
2015-08-10,35.139599,D,THB,A
2015-08-11,35.289914,D,THB,A
2015-08-12,35.249664,D,THB,A
2015-08-13,35.277703,D,THB,A
2015-08-14,35.200072,D,THB,A
2015-08-17,35.372973,D,THB,A
2015-08-18,35.540687,D,THB,A
2015-08-19,35.594602,D,THB,A
2015-08-20,35.638022,D,THB,A
2015-08-21,35.627161,D,THB,A
2015-08-24,35.766722,D,THB,A
2015-08-25,35.536242,D,THB,A
2015-08-26,35.670058,D,THB,A
2015-08-27,35.645161,D,THB,A
2015-08-28,35.888356,D,THB,A
2015-08-31,35.844851,D,THB,A
2015-09-01,35.746707,D,THB,A
2015-09-02,35.761884,D,THB,A
2015-09-03,35.884763,D,THB,A
2015-09-04,35.840366,D,THB,A
2015-09-07,36.114301,D,THB,A
2015-09-08,36.091202,D,THB,A
2015-09-09,36.083131,D,THB,A
2015-09-10,36.108181,D,THB,A
2015-09-11,36.15016,D,THB,A
2015-09-14,36.039805,D,THB,A
2015-09-15,35.949647,D,THB,A
2015-09-16,35.969897,D,THB,A
2015-09-17,35.746994,D,THB,A
2015-09-18,35.551274,D,THB,A
2015-09-21,35.794667,D,THB,A
2015-09-22,36.005379,D,THB,A
2015-09-23,36.130942,D,THB,A
2015-09-24,36.340183,D,THB,A
2015-09-25,36.159986,D,THB,A
2015-09-28,36.350045,D,THB,A
2015-09-29,36.444127,D,THB,A
2015-09-30,36.340266,D,THB,A
2015-10-01,36.42966,D,THB,A
2015-10-02,36.600358,D,THB,A
2015-10-05,36.359915,D,THB,A
2015-10-06,36.322167,D,THB,A
2015-10-07,35.860998,D,THB,A
2015-10-08,35.987205,D,THB,A
2015-10-09,35.550079,D,THB,A
2015-10-12,35.350391,D,THB,A
2015-10-13,35.63566,D,THB,A
2015-10-14,35.524102,D,THB,A
2015-10-15,35.157794,D,THB,A
2015-10-16,35.306338,D,THB,A
2015-10-19,35.359569,D,THB,A
2015-10-20,35.406665,D,THB,A
2015-10-21,35.560155,D,THB,A
2015-10-22,35.593565,D,THB,A
2015-10-23,35.415013,D,THB,A
2015-10-26,35.450005,D,THB,A
2015-10-27,35.503119,D,THB,A
2015-10-28,35.469553,D,THB,A
2015-10-29,35.673376,D,THB,A
2015-10-30,35.575928,D,THB,A
2015-11-02,35.601885,D,THB,A
2015-11-03,35.575802,D,THB,A
2015-11-04,35.460448,D,THB,A
2015-11-05,35.561886,D,THB,A
2015-11-06,35.58542,D,THB,A
2015-11-09,35.935412,D,THB,A
2015-11-10,35.930352,D,THB,A
2015-11-11,35.877193,D,THB,A
2015-11-12,35.920194,D,THB,A
2015-11-13,35.900223,D,THB,A
2015-11-16,35.964749,D,THB,A
2015-11-17,35.955951,D,THB,A
2015-11-18,35.99475,D,THB,A
2015-11-19,35.860391,D,THB,A
2015-11-20,35.740082,D,THB,A
2015-11-23,35.869627,D,THB,A
2015-11-24,35.809783,D,THB,A
2015-11-25,35.71604,D,THB,A
2015-11-26,35.76046,D,THB,A
2015-11-27,35.890359,D,THB,A
2015-11-30,35.850269,D,THB,A
2015-12-01,35.804717,D,THB,A
2015-12-02,35.812288,D,THB,A
2015-12-03,35.856996,D,THB,A
2015-12-04,35.847551,D,THB,A
2015-12-07,35.859932,D,THB,A
2015-12-08,35.968736,D,THB,A
2015-12-09,35.950096,D,THB,A
2015-12-10,36.024856,D,THB,A
2015-12-11,36.090411,D,THB,A
2015-12-14,36.123099,D,THB,A
2015-12-15,35.875341,D,THB,A
2015-12-16,36.066039,D,THB,A
2015-12-17,36.089844,D,THB,A
2015-12-18,36.152639,D,THB,A
2015-12-21,36.119595,D,THB,A
2015-12-22,36.070124,D,THB,A
2015-12-23,36.059912,D,THB,A
2015-12-24,36.029963,D,THB,A
2015-12-28,36.128444,D,THB,A
2015-12-29,36.082907,D,THB,A
2015-12-30,36.000366,D,THB,A
2015-12-31,36.050335,D,THB,A
2016-01-04,36.159846,D,THB,A
2016-01-05,36.121347,D,THB,A
2016-01-06,36.228821,D,THB,A
2016-01-07,36.291866,D,THB,A
2016-01-08,36.264617,D,THB,A
2016-01-11,36.270206,D,THB,A
2016-01-12,36.330749,D,THB,A
2016-01-13,36.245377,D,THB,A
2016-01-14,36.309557,D,THB,A
2016-01-15,36.379879,D,THB,A
2016-01-18,36.279838,D,THB,A
2016-01-19,36.278984,D,THB,A
2016-01-20,36.290456,D,THB,A
2016-01-21,36.264574,D,THB,A
2016-01-22,36.011288,D,THB,A
2016-01-25,35.939898,D,THB,A
2016-01-26,35.863246,D,THB,A
2016-01-27,35.785268,D,THB,A
2016-01-28,35.831423,D,THB,A
2016-01-29,35.68956,D,THB,A
2016-02-01,35.611907,D,THB,A
2016-02-02,35.749611,D,THB,A
2016-02-03,35.853837,D,THB,A
2016-02-04,35.652329,D,THB,A
2016-02-05,35.50973,D,THB,A
2016-02-08,35.545446,D,THB,A
2016-02-09,35.447668,D,THB,A
2016-02-10,35.34956,D,THB,A
2016-02-11,35.247202,D,THB,A
2016-02-12,35.6,D,THB,A
2016-02-15,35.615385,D,THB,A
2016-02-16,35.634963,D,THB,A
2016-02-17,35.630388,D,THB,A
2016-02-18,35.566582,D,THB,A
2016-02-19,35.74982,D,THB,A
2016-02-22,35.750045,D,THB,A
2016-02-23,35.739865,D,THB,A
2016-02-24,35.709862,D,THB,A
2016-02-25,35.659744,D,THB,A
2016-02-26,35.649646,D,THB,A
2016-02-29,35.66036,D,THB,A
2016-03-01,35.604305,D,THB,A
2016-03-02,35.570192,D,THB,A
2016-03-03,35.480231,D,THB,A
2016-03-04,35.390155,D,THB,A
2016-03-07,35.41039,D,THB,A
2016-03-08,35.389917,D,THB,A
2016-03-09,35.290258,D,THB,A
2016-03-10,35.289675,D,THB,A
2016-03-11,35.110009,D,THB,A
2016-03-14,35.040022,D,THB,A
2016-03-15,35.110271,D,THB,A
2016-03-16,35.068691,D,THB,A
2016-03-17,34.790027,D,THB,A
2016-03-18,34.839968,D,THB,A
2016-03-21,34.930352,D,THB,A
2016-03-22,34.930432,D,THB,A
2016-03-23,35.190225,D,THB,A
2016-03-24,35.329926,D,THB,A
2016-03-29,35.440415,D,THB,A
2016-03-30,35.229601,D,THB,A
2016-03-31,35.149758,D,THB,A
2016-04-01,35.090098,D,THB,A
2016-04-04,35.219684,D,THB,A
2016-04-05,35.280197,D,THB,A
2016-04-06,35.294637,D,THB,A
2016-04-07,35.219993,D,THB,A
2016-04-08,35.099886,D,THB,A
2016-04-11,35.079895,D,THB,A
2016-04-12,35.050018,D,THB,A
2016-04-13,35.060188,D,THB,A
2016-04-14,35.110203,D,THB,A
2016-04-15,35.079759,D,THB,A
2016-04-18,35.030073,D,THB,A
2016-04-19,34.899938,D,THB,A
2016-04-20,34.850163,D,THB,A
2016-04-21,35.00044,D,THB,A
2016-04-22,35.01021,D,THB,A
2016-04-25,35.066584,D,THB,A
2016-04-26,35.180296,D,THB,A
2016-04-27,35.129612,D,THB,A
2016-04-28,35.044902,D,THB,A
2016-04-29,34.919758,D,THB,A
2016-05-02,34.869921,D,THB,A
2016-05-03,34.939926,D,THB,A
2016-05-04,35.095176,D,THB,A
2016-05-05,35.135064,D,THB,A
2016-05-06,35.170211,D,THB,A
2016-05-09,35.154892,D,THB,A
2016-05-10,35.22989,D,THB,A
2016-05-11,35.259883,D,THB,A
2016-05-12,35.355167,D,THB,A
2016-05-13,35.430032,D,THB,A
2016-05-16,35.379724,D,THB,A
2016-05-17,35.490369,D,THB,A
2016-05-18,35.610426,D,THB,A
2016-05-19,35.699741,D,THB,A
2016-05-20,35.729566,D,THB,A
2016-05-23,35.660276,D,THB,A
2016-05-24,35.739613,D,THB,A
2016-05-25,35.679167,D,THB,A
2016-05-26,35.599928,D,THB,A
2016-05-27,35.683202,D,THB,A
2016-05-30,35.730317,D,THB,A
2016-05-31,35.659853,D,THB,A
2016-06-01,35.659567,D,THB,A
2016-06-02,35.59975,D,THB,A
2016-06-03,35.609647,D,THB,A
2016-06-06,35.270068,D,THB,A
2016-06-07,35.23969,D,THB,A
2016-06-08,35.15029,D,THB,A
2016-06-09,35.219959,D,THB,A
2016-06-10,35.199929,D,THB,A
2016-06-13,35.205005,D,THB,A
2016-06-14,35.273942,D,THB,A
2016-06-15,35.26447,D,THB,A
2016-06-16,35.309647,D,THB,A
2016-06-17,35.2799,D,THB,A
2016-06-20,35.189728,D,THB,A
2016-06-21,35.210359,D,THB,A
2016-06-22,35.199858,D,THB,A
2016-06-23,35.210291,D,THB,A
2016-06-24,35.319899,D,THB,A
2016-06-27,35.314603,D,THB,A
2016-06-28,35.276799,D,THB,A
2016-06-29,35.192065,D,THB,A
2016-06-30,35.135111,D,THB,A
2016-07-01,35.054333,D,THB,A
2016-07-04,35.040402,D,THB,A
2016-07-05,35.136372,D,THB,A
2016-07-06,35.190171,D,THB,A
2016-07-07,35.179603,D,THB,A
2016-07-08,35.265583,D,THB,A
2016-07-11,35.131686,D,THB,A
2016-07-12,35.170393,D,THB,A
2016-07-13,35.179733,D,THB,A
2016-07-14,35.058708,D,THB,A
2016-07-15,34.955068,D,THB,A
2016-07-18,34.965168,D,THB,A
2016-07-19,34.993203,D,THB,A
2016-07-20,35.034051,D,THB,A
2016-07-21,35.01044,D,THB,A
2016-07-22,34.921918,D,THB,A
2016-07-25,35.040976,D,THB,A
2016-07-26,35.004092,D,THB,A
2016-07-27,34.984078,D,THB,A
2016-07-28,34.874662,D,THB,A
2016-07-29,34.834878,D,THB,A
2016-08-01,34.759943,D,THB,A
2016-08-02,34.760118,D,THB,A
2016-08-03,34.934821,D,THB,A
2016-08-04,34.919181,D,THB,A
2016-08-05,34.822517,D,THB,A
2016-08-08,34.989627,D,THB,A
2016-08-09,34.967503,D,THB,A
2016-08-10,34.745172,D,THB,A
2016-08-11,34.740429,D,THB,A
2016-08-12,34.7867,D,THB,A
2016-08-15,34.616279,D,THB,A
2016-08-16,34.557769,D,THB,A
2016-08-17,34.678964,D,THB,A
2016-08-18,34.604717,D,THB,A
2016-08-19,34.64683,D,THB,A
2016-08-22,34.666549,D,THB,A
2016-08-23,34.599171,D,THB,A
2016-08-24,34.622826,D,THB,A
2016-08-25,34.572188,D,THB,A
2016-08-26,34.547387,D,THB,A
2016-08-29,34.598926,D,THB,A
2016-08-30,34.570201,D,THB,A
2016-08-31,34.628997,D,THB,A
2016-09-01,34.64023,D,THB,A
2016-09-02,34.610024,D,THB,A
2016-09-05,34.699713,D,THB,A
2016-09-06,34.659916,D,THB,A
2016-09-07,34.630239,D,THB,A
2016-09-08,34.720255,D,THB,A
2016-09-09,34.78967,D,THB,A
2016-09-12,34.869945,D,THB,A
2016-09-13,34.909754,D,THB,A
2016-09-14,34.890355,D,THB,A
2016-09-15,34.889817,D,THB,A
2016-09-16,34.91003,D,THB,A
2016-09-19,34.827586,D,THB,A
2016-09-20,34.789878,D,THB,A
2016-09-21,34.720179,D,THB,A
2016-09-22,34.660082,D,THB,A
2016-09-23,34.629927,D,THB,A
2016-09-26,34.600426,D,THB,A
2016-09-27,34.590018,D,THB,A
2016-09-28,34.600445,D,THB,A
2016-09-29,34.650209,D,THB,A
2016-09-30,34.669832,D,THB,A
2016-10-03,34.629761,D,THB,A
2016-10-04,34.700296,D,THB,A
2016-10-05,34.805102,D,THB,A
2016-10-06,34.854716,D,THB,A
2016-10-07,34.910233,D,THB,A
2016-10-10,35.100358,D,THB,A
2016-10-11,35.390378,D,THB,A
2016-10-12,35.750454,D,THB,A
2016-10-13,35.579815,D,THB,A
2016-10-14,35.269951,D,THB,A
2016-10-17,35.270147,D,THB,A
2016-10-18,35.059583,D,THB,A
2016-10-19,34.900264,D,THB,A
2016-10-20,34.979964,D,THB,A
2016-10-21,35.135036,D,THB,A
2016-10-24,35.000459,D,THB,A
2016-10-25,34.950331,D,THB,A
2016-10-26,35.000458,D,THB,A
2016-10-27,35.090144,D,THB,A
2016-10-28,35.050357,D,THB,A
2016-10-31,35.014617,D,THB,A
2016-11-01,35.020408,D,THB,A
2016-11-02,34.955385,D,THB,A
2016-11-03,34.970174,D,THB,A
2016-11-04,34.979717,D,THB,A
2016-11-07,35.009944,D,THB,A
2016-11-08,34.960138,D,THB,A
2016-11-09,34.944656,D,THB,A
2016-11-10,35.160165,D,THB,A
2016-11-11,35.29989,D,THB,A
2016-11-14,35.469982,D,THB,A
2016-11-15,35.395262,D,THB,A
2016-11-16,35.510185,D,THB,A
2016-11-17,35.439955,D,THB,A
2016-11-18,35.510396,D,THB,A
2016-11-21,35.469852,D,THB,A
2016-11-22,35.464821,D,THB,A
2016-11-23,35.599887,D,THB,A
2016-11-24,35.67975,D,THB,A
2016-11-25,35.649547,D,THB,A
2016-11-28,35.570457,D,THB,A
2016-11-29,35.699697,D,THB,A
2016-11-30,35.654913,D,THB,A
2016-12-01,35.664816,D,THB,A
2016-12-02,35.620184,D,THB,A
2016-12-05,35.644739,D,THB,A
2016-12-06,35.599963,D,THB,A
2016-12-07,35.630009,D,THB,A
2016-12-08,35.619773,D,THB,A
2016-12-09,35.670045,D,THB,A
2016-12-12,35.639864,D,THB,A
2016-12-13,35.600377,D,THB,A
2016-12-14,35.590004,D,THB,A
2016-12-15,35.790383,D,THB,A
2016-12-16,35.83964,D,THB,A
2016-12-19,35.884667,D,THB,A
2016-12-20,36.029525,D,THB,A
2016-12-21,35.994626,D,THB,A
2016-12-22,36.022597,D,THB,A
2016-12-23,35.960176,D,THB,A
2016-12-27,36.009574,D,THB,A
2016-12-28,36.030189,D,THB,A
2016-12-29,35.939922,D,THB,A
2016-12-30,35.789773,D,THB,A
2017-01-02,35.820354,D,THB,A
2017-01-03,35.90467,D,THB,A
2017-01-04,35.810099,D,THB,A
2017-01-05,35.805161,D,THB,A
2017-01-06,35.659647,D,THB,A
2017-01-09,35.730316,D,THB,A
2017-01-10,35.620327,D,THB,A
2017-01-11,35.585071,D,THB,A
2017-01-12,35.340388,D,THB,A
2017-01-13,35.400056,D,THB,A
2017-01-16,35.420049,D,THB,A
2017-01-17,35.315425,D,THB,A
2017-01-18,35.31039,D,THB,A
2017-01-19,35.394638,D,THB,A
2017-01-20,35.440181,D,THB,A
2017-01-23,35.300047,D,THB,A
2017-01-24,35.210272,D,THB,A
2017-01-25,35.230383,D,THB,A
2017-01-26,35.304673,D,THB,A
2017-01-27,35.280404,D,THB,A
2017-01-30,35.269991,D,THB,A
2017-01-31,35.139935,D,THB,A
2017-02-01,35.119555,D,THB,A
2017-02-02,35.060141,D,THB,A
2017-02-03,35.055395,D,THB,A
2017-02-06,35.019604,D,THB,A
2017-02-07,35.050117,D,THB,A
2017-02-08,35.029536,D,THB,A
2017-02-09,35.010288,D,THB,A
2017-02-10,35.094553,D,THB,A
2017-02-13,35.070091,D,THB,A
2017-02-14,34.975054,D,THB,A
2017-02-15,35.029844,D,THB,A
2017-02-16,35.0,D,THB,A
2017-02-17,34.995305,D,THB,A
2017-02-20,35.019781,D,THB,A
2017-02-21,35.03464,D,THB,A
2017-02-22,35.009988,D,THB,A
2017-02-23,34.98534,D,THB,A
2017-02-24,34.881704,D,THB,A
2017-02-27,34.855011,D,THB,A
2017-02-28,34.870246,D,THB,A
2017-03-01,35.005222,D,THB,A
2017-03-02,35.004756,D,THB,A
2017-03-03,35.060104,D,THB,A
2017-03-06,35.030211,D,THB,A
2017-03-07,35.089826,D,THB,A
2017-03-08,35.274725,D,THB,A
2017-03-09,35.339778,D,THB,A
2017-03-10,35.410145,D,THB,A
2017-03-13,35.329645,D,THB,A
2017-03-14,35.324993,D,THB,A
2017-03-15,35.259838,D,THB,A
2017-03-16,34.995338,D,THB,A
2017-03-17,34.849586,D,THB,A
2017-03-20,34.724702,D,THB,A
2017-03-21,34.654694,D,THB,A
2017-03-22,34.630332,D,THB,A
2017-03-23,34.600408,D,THB,A
2017-03-24,34.570106,D,THB,A
2017-03-27,34.350262,D,THB,A
2017-03-28,34.414771,D,THB,A
2017-03-29,34.435244,D,THB,A
2017-03-30,34.414641,D,THB,A
2017-03-31,34.350388,D,THB,A
2017-04-03,34.385142,D,THB,A
2017-04-04,34.444653,D,THB,A
2017-04-05,34.519573,D,THB,A
2017-04-06,34.599662,D,THB,A
2017-04-07,34.609595,D,THB,A
2017-04-10,34.650217,D,THB,A
2017-04-11,34.594951,D,THB,A
2017-04-12,34.46959,D,THB,A
2017-04-13,34.339605,D,THB,A
2017-04-18,34.350309,D,THB,A
2017-04-19,34.389744,D,THB,A
2017-04-20,34.370405,D,THB,A
2017-04-21,34.389606,D,THB,A
2017-04-24,34.360251,D,THB,A
2017-04-25,34.420163,D,THB,A
2017-04-26,34.469843,D,THB,A
2017-04-27,34.61998,D,THB,A
2017-04-28,34.569991,D,THB,A
2017-05-02,34.500229,D,THB,A
2017-05-03,34.484843,D,THB,A
2017-05-04,34.629816,D,THB,A
2017-05-05,34.710337,D,THB,A
2017-05-08,34.669958,D,THB,A
2017-05-09,34.764879,D,THB,A
2017-05-10,34.760154,D,THB,A
2017-05-11,34.751381,D,THB,A
2017-05-12,34.735197,D,THB,A
2017-05-15,34.545206,D,THB,A
2017-05-16,34.530247,D,THB,A
2017-05-17,34.514707,D,THB,A
2017-05-18,34.494564,D,THB,A
2017-05-19,34.369801,D,THB,A
2017-05-22,34.36983,D,THB,A
2017-05-23,34.379848,D,THB,A
2017-05-24,34.355401,D,THB,A
2017-05-25,34.209916,D,THB,A
2017-05-26,34.049661,D,THB,A
2017-05-29,34.115123,D,THB,A
2017-05-30,34.129598,D,THB,A
2017-05-31,34.070047,D,THB,A
2017-06-01,34.150103,D,THB,A
2017-06-02,34.149951,D,THB,A
2017-06-05,34.029692,D,THB,A
2017-06-06,33.95008,D,THB,A
2017-06-07,34.02514,D,THB,A
2017-06-08,34.036869,D,THB,A
2017-06-09,34.070329,D,THB,A
2017-06-12,34.060244,D,THB,A
2017-06-13,33.919943,D,THB,A
2017-06-14,33.940016,D,THB,A
2017-06-15,33.98979,D,THB,A
2017-06-16,33.959882,D,THB,A
2017-06-19,33.939637,D,THB,A
2017-06-20,33.989781,D,THB,A
2017-06-21,34.000179,D,THB,A
2017-06-22,34.000358,D,THB,A
2017-06-23,33.945225,D,THB,A
2017-06-26,33.97515,D,THB,A
2017-06-27,33.950168,D,THB,A
2017-06-28,34.0,D,THB,A
2017-06-29,33.984929,D,THB,A
2017-06-30,33.950228,D,THB,A
2017-07-03,33.980121,D,THB,A
2017-07-04,34.014798,D,THB,A
2017-07-05,34.04537,D,THB,A
2017-07-06,34.07993,D,THB,A
2017-07-07,34.079916,D,THB,A
2017-07-10,34.11961,D,THB,A
2017-07-11,34.099956,D,THB,A
2017-07-12,34.035287,D,THB,A
2017-07-13,33.95025,D,THB,A
2017-07-14,33.854577,D,THB,A
2017-07-17,33.65992,D,THB,A
2017-07-18,33.605366,D,THB,A
2017-07-19,33.600104,D,THB,A
2017-07-20,33.655202,D,THB,A
2017-07-21,33.449579,D,THB,A
2017-07-24,33.390282,D,THB,A
2017-07-25,33.429964,D,THB,A
2017-07-26,33.49021,D,THB,A
2017-07-27,33.310245,D,THB,A
2017-07-28,33.375394,D,THB,A
2017-07-31,33.300077,D,THB,A
2017-08-01,33.289875,D,THB,A
2017-08-02,33.26993,D,THB,A
2017-08-03,33.245363,D,THB,A
2017-08-04,33.24486,D,THB,A
2017-08-07,33.31525,D,THB,A
2017-08-08,33.245302,D,THB,A
2017-08-09,33.250362,D,THB,A
2017-08-10,33.260314,D,THB,A
2017-08-11,33.240119,D,THB,A
2017-08-14,33.260151,D,THB,A
2017-08-15,33.285082,D,THB,A
2017-08-16,33.280102,D,THB,A
2017-08-17,33.250406,D,THB,A
2017-08-18,33.210392,D,THB,A
2017-08-21,33.254825,D,THB,A
2017-08-22,33.240167,D,THB,A
2017-08-23,33.359607,D,THB,A
2017-08-24,33.339827,D,THB,A
2017-08-25,33.309621,D,THB,A
2017-08-28,33.2,D,THB,A
2017-08-29,33.169821,D,THB,A
2017-08-30,33.230111,D,THB,A
2017-08-31,33.189852,D,THB,A
2017-09-01,33.170302,D,THB,A
2017-09-04,33.149937,D,THB,A
2017-09-05,33.179983,D,THB,A
2017-09-06,33.159836,D,THB,A
2017-09-07,33.064907,D,THB,A
2017-09-08,33.100332,D,THB,A
2017-09-11,33.129949,D,THB,A
2017-09-12,33.11992,D,THB,A
2017-09-13,33.090408,D,THB,A
2017-09-14,33.119899,D,THB,A
2017-09-15,33.080331,D,THB,A
2017-09-18,33.090057,D,THB,A
2017-09-19,33.079686,D,THB,A
2017-09-20,33.069876,D,THB,A
2017-09-21,33.129777,D,THB,A
2017-09-22,33.090043,D,THB,A
2017-09-25,33.110306,D,THB,A
2017-09-26,33.205226,D,THB,A
2017-09-27,33.309769,D,THB,A
2017-09-28,33.390219,D,THB,A
2017-09-29,33.320346,D,THB,A
2017-10-02,33.440054,D,THB,A
2017-10-03,33.420403,D,THB,A
2017-10-04,33.319759,D,THB,A
2017-10-05,33.350366,D,THB,A
2017-10-06,33.460323,D,THB,A
2017-10-09,33.384982,D,THB,A
2017-10-10,33.260151,D,THB,A
2017-10-11,33.185123,D,THB,A
2017-10-12,33.110661,D,THB,A
2017-10-13,33.120237,D,THB,A
2017-10-16,33.060239,D,THB,A
2017-10-17,33.120163,D,THB,A
2017-10-18,33.160269,D,THB,A
2017-10-19,33.124894,D,THB,A
2017-10-20,33.159587,D,THB,A
2017-10-23,33.189949,D,THB,A
2017-10-24,33.190205,D,THB,A
2017-10-25,33.180314,D,THB,A
2017-10-26,33.160044,D,THB,A
2017-10-27,33.300302,D,THB,A
2017-10-30,33.239752,D,THB,A
2017-10-31,33.210174,D,THB,A
2017-11-01,33.159662,D,THB,A
2017-11-02,33.119794,D,THB,A
2017-11-03,33.120014,D,THB,A
2017-11-06,33.164797,D,THB,A
2017-11-07,33.130081,D,THB,A
2017-11-08,33.109577,D,THB,A
2017-11-09,33.099742,D,THB,A
2017-11-10,33.130256,D,THB,A
2017-11-13,33.060226,D,THB,A
2017-11-14,33.060026,D,THB,A
2017-11-15,33.02027,D,THB,A
2017-11-16,32.959816,D,THB,A
2017-11-17,32.830013,D,THB,A
2017-11-20,32.769714,D,THB,A
2017-11-21,32.775218,D,THB,A
2017-11-22,32.739808,D,THB,A
2017-11-23,32.674713,D,THB,A
2017-11-24,32.669866,D,THB,A
2017-11-27,32.619645,D,THB,A
2017-11-28,32.569818,D,THB,A
2017-11-29,32.539951,D,THB,A
2017-11-30,32.612879,D,THB,A
2017-12-01,32.630206,D,THB,A
2017-12-04,32.610198,D,THB,A
2017-12-05,32.604035,D,THB,A
2017-12-06,32.630109,D,THB,A
2017-12-07,32.630239,D,THB,A
2017-12-08,32.669903,D,THB,A
2017-12-11,32.629705,D,THB,A
2017-12-12,32.610063,D,THB,A
2017-12-13,32.580095,D,THB,A
2017-12-14,32.507387,D,THB,A
2017-12-15,32.504659,D,THB,A
2017-12-18,32.640102,D,THB,A
2017-12-19,32.694748,D,THB,A
2017-12-20,32.749683,D,THB,A
2017-12-21,32.74981,D,THB,A
2017-12-22,32.759639,D,THB,A
2017-12-27,32.809584,D,THB,A
2017-12-28,32.620245,D,THB,A
2017-12-29,32.619862,D,THB,A
2018-01-02,32.420224,D,THB,A
2018-01-03,32.529319,D,THB,A
2018-01-04,32.219644,D,THB,A
2018-01-05,32.19012,D,THB,A
2018-01-08,32.209972,D,THB,A
2018-01-09,32.250251,D,THB,A
2018-01-10,32.10974,D,THB,A
2018-01-11,32.00466,D,THB,A
2018-01-12,31.970009,D,THB,A
2018-01-15,31.924737,D,THB,A
2018-01-16,31.980376,D,THB,A
2018-01-17,31.960174,D,THB,A
2018-01-18,31.919902,D,THB,A
2018-01-19,31.880049,D,THB,A
2018-01-22,31.859629,D,THB,A
2018-01-23,31.830353,D,THB,A
2018-01-24,31.599741,D,THB,A
2018-01-25,31.420166,D,THB,A
2018-01-26,31.390318,D,THB,A
2018-01-29,31.440343,D,THB,A
2018-01-30,31.409709,D,THB,A
2018-01-31,31.310107,D,THB,A
2018-02-01,31.35966,D,THB,A
2018-02-02,31.400096,D,THB,A
2018-02-05,31.529743,D,THB,A
2018-02-06,31.584881,D,THB,A
2018-02-07,31.590209,D,THB,A
2018-02-08,31.8397,D,THB,A
2018-02-09,31.799886,D,THB,A
2018-02-12,31.700236,D,THB,A
2018-02-13,31.509771,D,THB,A
2018-02-14,31.419663,D,THB,A
2018-02-15,31.319939,D,THB,A
2018-02-16,31.290116,D,THB,A
2018-02-19,31.380338,D,THB,A
2018-02-20,31.509724,D,THB,A
2018-02-21,31.500162,D,THB,A
2018-02-22,31.574617,D,THB,A
2018-02-23,31.439954,D,THB,A
2018-02-26,31.319805,D,THB,A
2018-02-27,31.390131,D,THB,A
2018-02-28,31.430326,D,THB,A
2018-03-01,31.570126,D,THB,A
2018-03-02,31.489604,D,THB,A
2018-03-05,31.42033,D,THB,A
2018-03-06,31.319797,D,THB,A
2018-03-07,31.3103,D,THB,A
2018-03-08,31.334836,D,THB,A
2018-03-09,31.35465,D,THB,A
2018-03-12,31.329865,D,THB,A
2018-03-13,31.210212,D,THB,A
2018-03-14,31.130245,D,THB,A
2018-03-15,31.165222,D,THB,A
2018-03-16,31.199902,D,THB,A
2018-03-19,31.209684,D,THB,A
2018-03-20,31.199902,D,THB,A
2018-03-21,31.210321,D,THB,A
2018-03-22,31.269893,D,THB,A
2018-03-23,31.180139,D,THB,A
2018-03-26,31.149786,D,THB,A
2018-03-27,31.2298,D,THB,A
2018-03-28,31.250202,D,THB,A
2018-03-29,31.229608,D,THB,A
2018-04-03,31.179721,D,THB,A
2018-04-04,31.250407,D,THB,A
2018-04-05,31.26509,D,THB,A
2018-04-06,31.289848,D,THB,A
2018-04-09,31.270319,D,THB,A
2018-04-10,31.229674,D,THB,A
2018-04-11,31.170058,D,THB,A
2018-04-12,31.200195,D,THB,A
2018-04-13,31.149631,D,THB,A
2018-04-16,31.240097,D,THB,A
2018-04-17,31.209841,D,THB,A
2018-04-18,31.230223,D,THB,A
2018-04-19,31.209821,D,THB,A
2018-04-20,31.320172,D,THB,A
2018-04-23,31.489622,D,THB,A
2018-04-24,31.450094,D,THB,A
2018-04-25,31.584735,D,THB,A
2018-04-26,31.554898,D,THB,A
2018-04-27,31.57995,D,THB,A
2018-04-30,31.579601,D,THB,A
2018-05-02,31.724827,D,THB,A
2018-05-03,31.630254,D,THB,A
2018-05-04,31.755368,D,THB,A
2018-05-07,31.880356,D,THB,A
2018-05-08,31.909857,D,THB,A
2018-05-09,32.054887,D,THB,A
2018-05-10,32.060111,D,THB,A
2018-05-11,31.865259,D,THB,A
2018-05-14,31.840174,D,THB,A
2018-05-15,32.019692,D,THB,A
2018-05-16,32.14019,D,THB,A
2018-05-17,32.070309,D,THB,A
2018-05-18,32.19506,D,THB,A
2018-05-21,32.229781,D,THB,A
2018-05-22,32.014584,D,THB,A
2018-05-23,32.149812,D,THB,A
2018-05-24,32.040416,D,THB,A
2018-05-25,31.940043,D,THB,A
2018-05-28,32.009619,D,THB,A
2018-05-29,32.070427,D,THB,A
2018-05-30,32.059835,D,THB,A
2018-05-31,32.030088,D,THB,A
2018-06-01,32.030165,D,THB,A
2018-06-04,31.959615,D,THB,A
2018-06-05,31.9803,D,THB,A
2018-06-06,31.899703,D,THB,A
2018-06-07,31.929706,D,THB,A
2018-06-08,32.059724,D,THB,A
2018-06-11,32.079729,D,THB,A
2018-06-12,32.099593,D,THB,A
2018-06-13,32.130228,D,THB,A
2018-06-14,32.150043,D,THB,A
2018-06-15,32.430148,D,THB,A
2018-06-18,32.679755,D,THB,A
2018-06-19,32.840298,D,THB,A
2018-06-20,32.809639,D,THB,A
2018-06-21,32.930317,D,THB,A
2018-06-22,32.940419,D,THB,A
2018-06-25,32.959829,D,THB,A
2018-06-26,33.004626,D,THB,A
2018-06-27,33.000172,D,THB,A
2018-06-28,33.12009,D,THB,A
2018-06-29,33.080288,D,THB,A
2018-07-02,33.15491,D,THB,A
2018-07-03,33.15988,D,THB,A
2018-07-04,33.174712,D,THB,A
2018-07-05,33.200102,D,THB,A
2018-07-06,33.179802,D,THB,A
2018-07-09,33.100348,D,THB,A
2018-07-10,33.189618,D,THB,A
2018-07-11,33.269706,D,THB,A
2018-07-12,33.260422,D,THB,A
2018-07-13,33.359959,D,THB,A
2018-07-16,33.260239,D,THB,A
2018-07-17,33.269839,D,THB,A
2018-07-18,33.359745,D,THB,A
2018-07-19,33.480324,D,THB,A
2018-07-20,33.430163,D,THB,A
2018-07-23,33.430352,D,THB,A
2018-07-24,33.359815,D,THB,A
2018-07-25,33.270317,D,THB,A
2018-07-26,33.320246,D,THB,A
2018-07-27,33.459785,D,THB,A
2018-07-30,33.30024,D,THB,A
2018-07-31,33.239605,D,THB,A
2018-08-01,33.10961,D,THB,A
2018-08-02,33.30464,D,THB,A
2018-08-03,33.264584,D,THB,A
2018-08-06,33.350082,D,THB,A
2018-08-07,33.20031,D,THB,A
2018-08-08,33.220295,D,THB,A
2018-08-09,33.175192,D,THB,A
2018-08-10,33.269902,D,THB,A
2018-08-13,33.385074,D,THB,A
2018-08-14,33.274592,D,THB,A
2018-08-15,33.365427,D,THB,A
2018-08-16,33.264732,D,THB,A
2018-08-17,33.244667,D,THB,A
2018-08-20,33.035026,D,THB,A
2018-08-21,32.72996,D,THB,A
2018-08-22,32.729855,D,THB,A
2018-08-23,32.780033,D,THB,A
2018-08-24,32.695029,D,THB,A
2018-08-27,32.604659,D,THB,A
2018-08-28,32.534586,D,THB,A
2018-08-29,32.71012,D,THB,A
2018-08-30,32.705269,D,THB,A
2018-08-31,32.765428,D,THB,A
2018-09-03,32.745284,D,THB,A
2018-09-04,32.824771,D,THB,A
2018-09-05,32.839751,D,THB,A
2018-09-06,32.774626,D,THB,A
2018-09-07,32.785192,D,THB,A
2018-09-10,32.855414,D,THB,A
2018-09-11,32.839986,D,THB,A
2018-09-12,32.784635,D,THB,A
2018-09-13,32.619621,D,THB,A
2018-09-14,32.569938,D,THB,A
2018-09-17,32.62017,D,THB,A
2018-09-18,32.56476,D,THB,A
2018-09-19,32.45993,D,THB,A
2018-09-20,32.334948,D,THB,A
2018-09-21,32.434731,D,THB,A
2018-09-24,32.395311,D,THB,A
2018-09-25,32.43016,D,THB,A
2018-09-26,32.459743,D,THB,A
2018-09-27,32.425045,D,THB,A
2018-09-28,32.349689,D,THB,A
2018-10-01,32.240221,D,THB,A
2018-10-02,32.370268,D,THB,A
2018-10-03,32.384829,D,THB,A
2018-10-04,32.635194,D,THB,A
2018-10-05,32.804624,D,THB,A
2018-10-08,32.955219,D,THB,A
2018-10-09,33.100131,D,THB,A
2018-10-10,32.925217,D,THB,A
2018-10-11,32.755076,D,THB,A
2018-10-12,32.730257,D,THB,A
2018-10-15,32.675071,D,THB,A
2018-10-16,32.564943,D,THB,A
2018-10-17,32.560278,D,THB,A
2018-10-18,32.604954,D,THB,A
2018-10-19,32.570183,D,THB,A
2018-10-22,32.775361,D,THB,A
2018-10-23,32.8498,D,THB,A
2018-10-24,32.909825,D,THB,A
2018-10-25,32.909951,D,THB,A
2018-10-26,33.115029,D,THB,A
2018-10-29,33.209736,D,THB,A
2018-10-30,33.309884,D,THB,A
2018-10-31,33.163987,D,THB,A
2018-11-01,32.940402,D,THB,A
2018-11-02,32.879916,D,THB,A
2018-11-05,32.960422,D,THB,A
2018-11-06,32.940147,D,THB,A
2018-11-07,32.784887,D,THB,A
2018-11-08,32.909664,D,THB,A
2018-11-09,33.009871,D,THB,A
2018-11-12,33.109632,D,THB,A
2018-11-13,33.01483,D,THB,A
2018-11-14,32.970078,D,THB,A
2018-11-15,32.97479,D,THB,A
2018-11-16,32.949938,D,THB,A
2018-11-19,32.924652,D,THB,A
2018-11-20,32.969968,D,THB,A
2018-11-21,32.950302,D,THB,A
2018-11-22,32.979918,D,THB,A
2018-11-23,33.079634,D,THB,A
2018-11-26,33.03969,D,THB,A
2018-11-27,32.989936,D,THB,A
2018-11-28,33.019319,D,THB,A
2018-11-29,32.934926,D,THB,A
2018-11-30,32.879655,D,THB,A
2018-12-03,32.785034,D,THB,A
2018-12-04,32.669822,D,THB,A
2018-12-05,32.754976,D,THB,A
2018-12-06,32.844683,D,THB,A
2018-12-07,32.85463,D,THB,A
2018-12-10,32.844639,D,THB,A
2018-12-11,32.794622,D,THB,A
2018-12-12,32.779834,D,THB,A
2018-12-13,32.710404,D,THB,A
2018-12-14,32.809925,D,THB,A
2018-12-17,32.799577,D,THB,A
2018-12-18,32.765228,D,THB,A
2018-12-19,32.714599,D,THB,A
2018-12-20,32.669636,D,THB,A
2018-12-21,32.650254,D,THB,A
2018-12-24,32.575386,D,THB,A
2018-12-27,32.544608,D,THB,A
2018-12-28,32.579885,D,THB,A
2018-12-31,32.359825,D,THB,A
2019-01-02,32.295341,D,THB,A
2019-01-03,32.18012,D,THB,A
2019-01-04,32.085416,D,THB,A
2019-01-07,31.985146,D,THB,A
2019-01-08,32.08479,D,THB,A
2019-01-09,32.005238,D,THB,A
2019-01-10,31.904638,D,THB,A
2019-01-11,31.930114,D,THB,A
2019-01-14,31.940351,D,THB,A
2019-01-15,31.900385,D,THB,A
2019-01-16,31.710422,D,THB,A
2019-01-17,31.745349,D,THB,A
2019-01-18,31.714611,D,THB,A
2019-01-21,31.790178,D,THB,A
2019-01-22,31.819623,D,THB,A
2019-01-23,31.75508,D,THB,A
2019-01-24,31.730006,D,THB,A
2019-01-25,31.619954,D,THB,A
2019-01-28,31.550184,D,THB,A
2019-01-29,31.510243,D,THB,A
2019-01-30,31.379823,D,THB,A
2019-01-31,31.235202,D,THB,A
2019-02-01,31.29021,D,THB,A
2019-02-04,31.320227,D,THB,A
2019-02-05,31.274621,D,THB,A
2019-02-06,31.229595,D,THB,A
2019-02-07,31.234905,D,THB,A
2019-02-08,31.485105,D,THB,A
2019-02-11,31.420108,D,THB,A
2019-02-12,31.299575,D,THB,A
2019-02-13,31.330385,D,THB,A
2019-02-14,31.355165,D,THB,A
2019-02-15,31.269982,D,THB,A
2019-02-18,31.219986,D,THB,A
2019-02-19,31.210377,D,THB,A
2019-02-20,31.095045,D,THB,A
2019-02-21,31.169632,D,THB,A
2019-02-22,31.340397,D,THB,A
2019-02-25,31.275209,D,THB,A
2019-02-26,31.320306,D,THB,A
2019-02-27,31.390304,D,THB,A
2019-02-28,31.519797,D,THB,A
2019-03-01,31.72538,D,THB,A
2019-03-04,31.879686,D,THB,A
2019-03-05,31.790096,D,THB,A
2019-03-06,31.854931,D,THB,A
2019-03-07,31.779789,D,THB,A
2019-03-08,31.790233,D,THB,A
2019-03-11,31.710245,D,THB,A
2019-03-12,31.66031,D,THB,A
2019-03-13,31.610192,D,THB,A
2019-03-14,31.780434,D,THB,A
2019-03-15,31.699682,D,THB,A
2019-03-18,31.680324,D,THB,A
2019-03-19,31.679873,D,THB,A
2019-03-20,31.735071,D,THB,A
2019-03-21,31.720383,D,THB,A
2019-03-22,31.669616,D,THB,A
2019-03-25,31.615011,D,THB,A
2019-03-26,31.644673,D,THB,A
2019-03-27,31.83021,D,THB,A
2019-03-28,31.870209,D,THB,A
2019-03-29,31.715176,D,THB,A
2019-04-01,31.734603,D,THB,A
2019-04-02,31.75,D,THB,A
2019-04-03,31.750422,D,THB,A
2019-04-04,31.780016,D,THB,A
2019-04-05,31.89976,D,THB,A
2019-04-08,31.959808,D,THB,A
2019-04-09,31.749579,D,THB,A
2019-04-10,31.77498,D,THB,A
2019-04-11,31.825284,D,THB,A
2019-04-12,31.759562,D,THB,A
2019-04-15,31.765226,D,THB,A
2019-04-16,31.809819,D,THB,A
2019-04-17,31.790107,D,THB,A
2019-04-18,31.815111,D,THB,A
2019-04-23,31.965318,D,THB,A
2019-04-24,32.000178,D,THB,A
2019-04-25,32.139711,D,THB,A
2019-04-26,31.989581,D,THB,A
2019-04-29,31.949776,D,THB,A
2019-04-30,31.91478,D,THB,A
2019-05-02,32.024616,D,THB,A
2019-05-03,32.025101,D,THB,A
2019-05-06,31.904634,D,THB,A
2019-05-07,31.899866,D,THB,A
2019-05-08,31.799679,D,THB,A
2019-05-09,31.785044,D,THB,A
2019-05-10,31.579697,D,THB,A
2019-05-13,31.675411,D,THB,A
2019-05-14,31.500089,D,THB,A
2019-05-15,31.585442,D,THB,A
2019-05-16,31.595108,D,THB,A
2019-05-17,31.774973,D,THB,A
2019-05-20,31.850094,D,THB,A
2019-05-21,31.93531,D,THB,A
2019-05-22,31.945215,D,THB,A
2019-05-23,31.994793,D,THB,A
2019-05-24,31.854832,D,THB,A
2019-05-27,31.829791,D,THB,A
2019-05-28,31.810222,D,THB,A
2019-05-29,31.840265,D,THB,A
2019-05-30,31.819652,D,THB,A
2019-05-31,31.640212,D,THB,A
2019-06-03,31.415288,D,THB,A
2019-06-04,31.294913,D,THB,A
2019-06-05,31.360043,D,THB,A
2019-06-06,31.319901,D,THB,A
2019-06-07,31.350129,D,THB,A
2019-06-10,31.345014,D,THB,A
2019-06-11,31.274735,D,THB,A
2019-06-12,31.245253,D,THB,A
2019-06-13,31.225086,D,THB,A
2019-06-14,31.159343,D,THB,A
2019-06-17,31.329891,D,THB,A
2019-06-18,31.324752,D,THB,A
2019-06-19,31.275096,D,THB,A
2019-06-20,30.934819,D,THB,A
2019-06-21,30.805055,D,THB,A
2019-06-24,30.724943,D,THB,A
2019-06-25,30.710397,D,THB,A
2019-06-26,30.76483,D,THB,A
2019-06-27,30.7854,D,THB,A
2019-06-28,30.665202,D,THB,A
2019-07-01,30.637942,D,THB,A
2019-07-02,30.654809,D,THB,A
2019-07-03,30.580005,D,THB,A
2019-07-04,30.654678,D,THB,A
2019-07-05,30.665187,D,THB,A
2019-07-08,30.774855,D,THB,A
2019-07-09,30.835341,D,THB,A
2019-07-10,30.825312,D,THB,A
2019-07-11,30.614976,D,THB,A
2019-07-12,30.915311,D,THB,A
2019-07-15,30.895377,D,THB,A
2019-07-16,30.88479,D,THB,A
2019-07-17,30.945163,D,THB,A
2019-07-18,30.879993,D,THB,A
2019-07-19,30.794584,D,THB,A
2019-07-22,30.845296,D,THB,A
2019-07-23,30.895015,D,THB,A
2019-07-24,30.904847,D,THB,A
2019-07-25,30.864597,D,THB,A
2019-07-26,30.895134,D,THB,A
2019-07-29,30.855293,D,THB,A
2019-07-30,30.805092,D,THB,A
2019-07-31,30.73536,D,THB,A
2019-08-01,30.895171,D,THB,A
2019-08-02,30.755448,D,THB,A
2019-08-05,30.795028,D,THB,A
2019-08-06,30.744614,D,THB,A
2019-08-07,30.784681,D,THB,A
2019-08-08,30.745109,D,THB,A
2019-08-09,30.719771,D,THB,A
2019-08-12,30.825442,D,THB,A
2019-08-13,30.875067,D,THB,A
2019-08-14,30.844655,D,THB,A
2019-08-15,30.854709,D,THB,A
2019-08-16,30.884796,D,THB,A
2019-08-19,30.844817,D,THB,A
2019-08-20,30.774648,D,THB,A
2019-08-21,30.775396,D,THB,A
2019-08-22,30.794911,D,THB,A
2019-08-23,30.724808,D,THB,A
2019-08-26,30.59014,D,THB,A
2019-08-27,30.561059,D,THB,A
2019-08-28,30.615357,D,THB,A
2019-08-29,30.60513,D,THB,A
2019-08-30,30.585357,D,THB,A
2019-09-02,30.634573,D,THB,A
2019-09-03,30.673859,D,THB,A
2019-09-04,30.615357,D,THB,A
2019-09-05,30.545307,D,THB,A
2019-09-06,30.669266,D,THB,A
2019-09-09,30.635367,D,THB,A
2019-09-10,30.615036,D,THB,A
2019-09-11,30.585295,D,THB,A
2019-09-12,30.405911,D,THB,A
2019-09-13,30.439798,D,THB,A
2019-09-16,30.524884,D,THB,A
2019-09-17,30.565028,D,THB,A
2019-09-18,30.534696,D,THB,A
2019-09-19,30.524984,D,THB,A
2019-09-20,30.495014,D,THB,A
2019-09-23,30.495221,D,THB,A
2019-09-24,30.564392,D,THB,A
2019-09-25,30.574577,D,THB,A
2019-09-26,30.6354,D,THB,A
2019-09-27,30.644719,D,THB,A
2019-09-30,30.595096,D,THB,A
2019-10-01,30.675353,D,THB,A
2019-10-02,30.625172,D,THB,A
2019-10-03,30.5552,D,THB,A
2019-10-04,30.455415,D,THB,A
2019-10-07,30.452106,D,THB,A
2019-10-08,30.405061,D,THB,A
2019-10-09,30.335124,D,THB,A
2019-10-10,30.405258,D,THB,A
2019-10-11,30.464548,D,THB,A
2019-10-14,30.39525,D,THB,A
2019-10-15,30.375216,D,THB,A
2019-10-16,30.41542,D,THB,A
2019-10-17,30.314946,D,THB,A
2019-10-18,30.295226,D,THB,A
2019-10-21,30.255079,D,THB,A
2019-10-22,30.309973,D,THB,A
2019-10-23,30.324553,D,THB,A
2019-10-24,30.290259,D,THB,A
2019-10-25,30.164761,D,THB,A
2019-10-28,30.204744,D,THB,A
2019-10-29,30.215412,D,THB,A
2019-10-30,30.235909,D,THB,A
2019-10-31,30.184687,D,THB,A
2019-11-01,30.184936,D,THB,A
2019-11-04,30.192687,D,THB,A
2019-11-05,30.195337,D,THB,A
2019-11-06,30.304779,D,THB,A
2019-11-07,30.354789,D,THB,A
2019-11-08,30.385173,D,THB,A
2019-11-11,30.335115,D,THB,A
2019-11-12,30.336813,D,THB,A
2019-11-13,30.235326,D,THB,A
2019-11-14,30.20642,D,THB,A
2019-11-15,30.22476,D,THB,A
2019-11-18,30.23506,D,THB,A
2019-11-19,30.204929,D,THB,A
2019-11-20,30.185369,D,THB,A
2019-11-21,30.20467,D,THB,A
2019-11-22,30.195334,D,THB,A
2019-11-25,30.225291,D,THB,A
2019-11-26,30.215064,D,THB,A
2019-11-27,30.235262,D,THB,A
2019-11-28,30.225352,D,THB,A
2019-11-29,30.23493,D,THB,A
2019-12-02,30.284859,D,THB,A
2019-12-03,30.28543,D,THB,A
2019-12-04,30.305027,D,THB,A
2019-12-05,30.355147,D,THB,A
2019-12-06,30.327204,D,THB,A
2019-12-09,30.312415,D,THB,A
2019-12-10,30.295206,D,THB,A
2019-12-11,30.26456,D,THB,A
2019-12-12,30.175092,D,THB,A
2019-12-13,30.185251,D,THB,A
2019-12-16,30.225193,D,THB,A
2019-12-17,30.22487,D,THB,A
2019-12-18,30.234818,D,THB,A
2019-12-19,30.195197,D,THB,A
2019-12-20,30.184735,D,THB,A
2019-12-23,30.165237,D,THB,A
2019-12-24,30.155235,D,THB,A
2019-12-27,30.155115,D,THB,A
2019-12-30,29.915095,D,THB,A
2019-12-31,29.744526,D,THB,A
2020-01-02,30.144733,D,THB,A
2020-01-03,30.155199,D,THB,A
2020-01-06,30.14472,D,THB,A
2020-01-07,30.274794,D,THB,A
2020-01-08,30.355376,D,THB,A
2020-01-09,30.285329,D,THB,A
2020-01-10,30.235326,D,THB,A
2020-01-13,30.217509,D,THB,A
2020-01-14,30.251012,D,THB,A
2020-01-15,30.239634,D,THB,A
2020-01-16,30.365297,D,THB,A
2020-01-17,30.379906,D,THB,A
2020-01-20,30.353631,D,THB,A
2020-01-21,30.40036,D,THB,A
2020-01-22,30.37969,D,THB,A
2020-01-23,30.549995,D,THB,A
2020-01-24,30.560036,D,THB,A
2020-01-27,30.720181,D,THB,A
2020-01-28,30.84507,D,THB,A
2020-01-29,30.969912,D,THB,A
2020-01-30,31.195031,D,THB,A
2020-01-31,31.179877,D,THB,A
2020-02-03,31.040123,D,THB,A
2020-02-04,30.950398,D,THB,A
2020-02-05,30.965254,D,THB,A
2020-02-06,31.079706,D,THB,A
2020-02-07,31.300027,D,THB,A
2020-02-10,31.300338,D,THB,A
2020-02-11,31.265022,D,THB,A
2020-02-12,31.105003,D,THB,A
2020-02-13,31.139229,D,THB,A
2020-02-14,31.219332,D,THB,A
2020-02-17,31.174896,D,THB,A
2020-02-18,31.225037,D,THB,A
2020-02-19,31.2,D,THB,A
2020-02-20,31.440222,D,THB,A
2020-02-21,31.630405,D,THB,A
2020-02-24,31.739693,D,THB,A
2020-02-25,31.725092,D,THB,A
2020-02-26,31.874943,D,THB,A
2020-02-27,31.649945,D,THB,A
2020-02-28,31.549604,D,THB,A
2020-03-02,31.440388,D,THB,A
2020-03-03,31.539984,D,THB,A
2020-03-04,31.340225,D,THB,A
2020-03-05,31.550013,D,THB,A
2020-03-06,31.439661,D,THB,A
2020-03-09,31.495286,D,THB,A
2020-03-10,31.438982,D,THB,A
2020-03-11,31.390261,D,THB,A
2020-03-12,31.660142,D,THB,A
2020-03-13,31.739914,D,THB,A
2020-03-16,32.210272,D,THB,A
2020-03-17,32.290111,D,THB,A
2020-03-18,32.419974,D,THB,A
2020-03-19,32.474771,D,THB,A
2020-03-20,32.549734,D,THB,A
2020-03-23,32.864694,D,THB,A
2020-03-24,32.770451,D,THB,A
2020-03-25,32.780087,D,THB,A
2020-03-26,32.634551,D,THB,A
2020-03-27,32.585406,D,THB,A
2020-03-30,32.699837,D,THB,A
2020-03-31,32.790252,D,THB,A
2020-04-01,33.0203,D,THB,A
2020-04-02,32.973593,D,THB,A
2020-04-03,33.009736,D,THB,A
2020-04-06,32.859791,D,THB,A
2020-04-07,32.765273,D,THB,A
2020-04-08,32.759636,D,THB,A
2020-04-09,32.819545,D,THB,A
2020-04-14,32.710025,D,THB,A
2020-04-15,32.679996,D,THB,A
2020-04-16,32.659809,D,THB,A
2020-04-17,32.530387,D,THB,A
2020-04-20,32.489871,D,THB,A
2020-04-21,32.544985,D,THB,A
2020-04-22,32.369559,D,THB,A
2020-04-23,32.319903,D,THB,A
2020-04-24,32.435185,D,THB,A
2020-04-27,32.469591,D,THB,A
2020-04-28,32.435414,D,THB,A
2020-04-29,32.420218,D,THB,A
2020-04-30,32.379551,D,THB,A
2020-05-04,32.349662,D,THB,A
2020-05-05,32.395094,D,THB,A
2020-05-06,32.390118,D,THB,A
2020-05-07,32.429751,D,THB,A
2020-05-08,32.240155,D,THB,A
2020-05-11,32.184959,D,THB,A
2020-05-12,32.099834,D,THB,A
2020-05-13,32.04046,D,THB,A
2020-05-14,32.130282,D,THB,A
2020-05-15,32.094832,D,THB,A
2020-05-18,32.019941,D,THB,A
2020-05-19,31.915068,D,THB,A
2020-05-20,31.819675,D,THB,A
2020-05-21,31.81,D,THB,A
2020-05-22,31.894718,D,THB,A
2020-05-25,31.979835,D,THB,A
2020-05-26,31.879727,D,THB,A
2020-05-27,31.895187,D,THB,A
2020-05-28,31.870007,D,THB,A
2020-05-29,31.810345,D,THB,A
2020-06-01,31.669665,D,THB,A
2020-06-02,31.565241,D,THB,A
2020-06-03,31.569591,D,THB,A
2020-06-04,31.590222,D,THB,A
2020-06-05,31.465137,D,THB,A
2020-06-08,31.434648,D,THB,A
2020-06-09,31.360014,D,THB,A
2020-06-10,31.14022,D,THB,A
2020-06-11,30.949947,D,THB,A
2020-06-12,30.950106,D,THB,A
2020-06-15,31.109926,D,THB,A
2020-06-16,31.110718,D,THB,A
2020-06-17,31.209936,D,THB,A
2020-06-18,31.124577,D,THB,A
2020-06-19,31.012489,D,THB,A
2020-06-22,30.999732,D,THB,A
2020-06-23,30.919774,D,THB,A
2020-06-24,30.840426,D,THB,A
2020-06-25,30.934821,D,THB,A
2020-06-26,30.923036,D,THB,A
2020-06-29,30.880007,D,THB,A
2020-06-30,30.919807,D,THB,A
2020-07-01,30.990179,D,THB,A
2020-07-02,31.05972,D,THB,A
2020-07-03,31.110121,D,THB,A
2020-07-06,31.044592,D,THB,A
2020-07-07,31.23295,D,THB,A
2020-07-08,31.235159,D,THB,A
2020-07-09,31.194675,D,THB,A
2020-07-10,31.319617,D,THB,A
2020-07-13,31.390237,D,THB,A
2020-07-14,31.57978,D,THB,A
2020-07-15,31.489864,D,THB,A
2020-07-16,31.669879,D,THB,A
2020-07-17,31.709835,D,THB,A
2020-07-20,31.774983,D,THB,A
2020-07-21,31.629817,D,THB,A
2020-07-22,31.565037,D,THB,A
2020-07-23,31.709742,D,THB,A
2020-07-24,31.720365,D,THB,A
2020-07-27,31.505102,D,THB,A
2020-07-28,31.509772,D,THB,A
2020-07-29,31.470362,D,THB,A
2020-07-30,31.440007,D,THB,A
2020-07-31,31.18501,D,THB,A
2020-08-03,31.250213,D,THB,A
2020-08-04,31.116022,D,THB,A
2020-08-05,31.009786,D,THB,A
2020-08-06,31.100228,D,THB,A
2020-08-07,31.155116,D,THB,A
2020-08-10,31.140015,D,THB,A
2020-08-11,31.060002,D,THB,A
2020-08-12,31.110356,D,THB,A
2020-08-13,31.049607,D,THB,A
2020-08-14,31.109794,D,THB,A
2020-08-17,31.20982,D,THB,A
2020-08-18,31.119604,D,THB,A
2020-08-19,31.240258,D,THB,A
2020-08-20,31.43038,D,THB,A
2020-08-21,31.575325,D,THB,A
2020-08-24,31.40964,D,THB,A
2020-08-25,31.475368,D,THB,A
2020-08-26,31.340232,D,THB,A
2020-08-27,31.229883,D,THB,A
2020-08-28,31.129668,D,THB,A
2020-08-31,31.070352,D,THB,A
2020-09-01,31.075332,D,THB,A
2020-09-02,31.274766,D,THB,A
2020-09-03,31.439939,D,THB,A
2020-09-04,31.389968,D,THB,A
2020-09-07,31.370095,D,THB,A
2020-09-08,31.465422,D,THB,A
2020-09-09,31.366686,D,THB,A
2020-09-10,31.265086,D,THB,A
2020-09-11,31.330353,D,THB,A
2020-09-14,31.300101,D,THB,A
2020-09-15,31.179785,D,THB,A
2020-09-16,31.100345,D,THB,A
2020-09-17,31.195219,D,THB,A
2020-09-18,31.174681,D,THB,A
2020-09-21,31.24035,D,THB,A
2020-09-22,31.379898,D,THB,A
2020-09-23,31.509579,D,THB,A
2020-09-24,31.619579,D,THB,A
2020-09-25,31.615094,D,THB,A
2020-09-28,31.675236,D,THB,A
2020-09-29,31.608272,D,THB,A
2020-09-30,31.669798,D,THB,A
2020-10-01,31.569946,D,THB,A
2020-10-02,31.535379,D,THB,A
2020-10-05,31.310333,D,THB,A
2020-10-06,31.195422,D,THB,A
2020-10-07,31.230246,D,THB,A
2020-10-08,31.21462,D,THB,A
2020-10-09,31.054684,D,THB,A
2020-10-12,31.150097,D,THB,A
2020-10-13,31.115636,D,THB,A
2020-10-14,31.189787,D,THB,A
2020-10-15,31.265174,D,THB,A
2020-10-16,31.179627,D,THB,A
2020-10-19,31.180314,D,THB,A
2020-10-20,31.299746,D,THB,A
2020-10-21,31.240297,D,THB,A
2020-10-22,31.300228,D,THB,A
2020-10-23,31.255061,D,THB,A
2020-10-26,31.280142,D,THB,A
2020-10-27,31.220419,D,THB,A
2020-10-28,31.260339,D,THB,A
2020-10-29,31.269651,D,THB,A
2020-10-30,31.149769,D,THB,A
2020-11-02,31.109681,D,THB,A
2020-11-03,31.04512,D,THB,A
2020-11-04,31.029776,D,THB,A
2020-11-05,30.809785,D,THB,A
2020-11-06,30.570345,D,THB,A
2020-11-09,30.380375,D,THB,A
2020-11-10,30.3396,D,THB,A
2020-11-11,30.329764,D,THB,A
2020-11-12,30.290052,D,THB,A
2020-11-13,30.170123,D,THB,A
2020-11-16,30.21978,D,THB,A
2020-11-17,30.159906,D,THB,A
2020-11-18,30.320189,D,THB,A
2020-11-19,30.404834,D,THB,A
2020-11-20,30.280705,D,THB,A
2020-11-23,30.289892,D,THB,A
2020-11-24,30.400337,D,THB,A
2020-11-25,30.344828,D,THB,A
2020-11-26,30.3,D,THB,A
2020-11-27,30.320416,D,THB,A
2020-11-30,30.264608,D,THB,A
2020-12-01,30.25986,D,THB,A
2020-12-02,30.25029,D,THB,A
2020-12-03,30.170356,D,THB,A
2020-12-04,30.160375,D,THB,A
2020-12-07,30.234993,D,THB,A
2020-12-08,30.060261,D,THB,A
2020-12-09,30.050376,D,THB,A
2020-12-10,30.060256,D,THB,A
2020-12-11,30.09483,D,THB,A
2020-12-14,30.079757,D,THB,A
2020-12-15,30.038715,D,THB,A
2020-12-16,30.0402,D,THB,A
2020-12-17,29.849747,D,THB,A
2020-12-18,29.819724,D,THB,A
2020-12-21,30.11008,D,THB,A
2020-12-22,30.150339,D,THB,A
2020-12-23,30.225218,D,THB,A
2020-12-24,30.090216,D,THB,A
2020-12-28,30.170227,D,THB,A
2020-12-29,30.039971,D,THB,A
2020-12-30,29.939744,D,THB,A
2020-12-31,29.929916,D,THB,A
2021-01-04,29.869876,D,THB,A
2021-01-05,29.969848,D,THB,A
2021-01-06,29.924623,D,THB,A
2021-01-07,30.025253,D,THB,A
2021-01-08,30.08,D,THB,A
2021-01-11,30.139768,D,THB,A
2021-01-12,30.129924,D,THB,A
2021-01-13,30.040276,D,THB,A
2021-01-14,30.019795,D,THB,A
2021-01-15,30.034645,D,THB,A
2021-01-18,30.140086,D,THB,A
2021-01-19,30.024728,D,THB,A
2021-01-20,30.009917,D,THB,A
2021-01-21,29.930087,D,THB,A
2021-01-22,30.00987,D,THB,A
2021-01-25,29.985188,D,THB,A
2021-01-26,29.980236,D,THB,A
2021-01-27,30.0,D,THB,A
2021-01-28,30.034737,D,THB,A
2021-01-29,29.900297,D,THB,A
2021-02-01,29.980139,D,THB,A
2021-02-02,29.990037,D,THB,A
2021-02-03,30.049929,D,THB,A
2021-02-04,30.06002,D,THB,A
2021-02-05,30.100142,D,THB,A
2021-02-08,30.019127,D,THB,A
2021-02-09,29.939689,D,THB,A
2021-02-10,29.90517,D,THB,A
2021-02-11,29.860048,D,THB,A
2021-02-12,29.909977,D,THB,A
2021-02-15,29.890345,D,THB,A
2021-02-16,29.920119,D,THB,A
2021-02-17,29.99005,D,THB,A
2021-02-18,30.019861,D,THB,A
2021-02-19,29.974462,D,THB,A
2021-02-22,30.040386,D,THB,A
2021-02-23,30.019764,D,THB,A
2021-02-24,30.040343,D,THB,A
2021-02-25,30.149693,D,THB,A
2021-02-26,30.359706,D,THB,A
2021-03-01,30.229818,D,THB,A
2021-03-02,30.263552,D,THB,A
2021-03-03,30.350266,D,THB,A
2021-03-04,30.33987,D,THB,A
2021-03-05,30.509298,D,THB,A
2021-03-08,30.789651,D,THB,A
2021-03-09,30.769295,D,THB,A
2021-03-10,30.770266,D,THB,A
2021-03-11,30.553931,D,THB,A
2021-03-12,30.780189,D,THB,A
2021-03-15,30.729866,D,THB,A
2021-03-16,30.735368,D,THB,A
2021-03-17,30.785252,D,THB,A
2021-03-18,30.869711,D,THB,A
2021-03-19,30.840131,D,THB,A
2021-03-22,30.870367,D,THB,A
2021-03-23,30.9846,D,THB,A
2021-03-24,31.000423,D,THB,A
2021-03-25,31.135401,D,THB,A
2021-03-26,31.110168,D,THB,A
2021-03-29,31.170231,D,THB,A
2021-03-30,31.269909,D,THB,A
2021-03-31,31.264819,D,THB,A
2021-04-01,31.27022,D,THB,A
2021-04-06,31.369793,D,THB,A
2021-04-07,31.374958,D,THB,A
2021-04-08,31.455403,D,THB,A
2021-04-09,31.450202,D,THB,A
2021-04-12,31.505376,D,THB,A
2021-04-13,31.58961,D,THB,A
2021-04-14,31.359913,D,THB,A
2021-04-15,31.224728,D,THB,A
2021-04-16,31.219756,D,THB,A
2021-04-19,31.23307,D,THB,A
2021-04-20,31.275413,D,THB,A
2021-04-21,31.370034,D,THB,A
2021-04-22,31.354807,D,THB,A
2021-04-23,31.369136,D,THB,A
2021-04-26,31.439801,D,THB,A
2021-04-27,31.369954,D,THB,A
2021-04-28,31.360398,D,THB,A
2021-04-29,31.199604,D,THB,A
2021-04-30,31.160404,D,THB,A
2021-05-03,31.189804,D,THB,A
2021-05-04,31.174611,D,THB,A
2021-05-05,31.125364,D,THB,A
2021-05-06,31.270315,D,THB,A
2021-05-07,31.17008,D,THB,A
2021-05-10,31.069932,D,THB,A
2021-05-11,31.100247,D,THB,A
2021-05-12,31.219673,D,THB,A
2021-05-13,31.350054,D,THB,A
2021-05-14,31.355275,D,THB,A
2021-05-17,31.469983,D,THB,A
2021-05-18,31.420389,D,THB,A
2021-05-19,31.434654,D,THB,A
2021-05-20,31.389822,D,THB,A
2021-05-21,31.3702,D,THB,A
2021-05-24,31.360138,D,THB,A
2021-05-25,31.350294,D,THB,A
2021-05-26,31.239676,D,THB,A
2021-05-27,31.300213,D,THB,A
2021-05-28,31.299621,D,THB,A
2021-05-31,31.199902,D,THB,A
2021-06-01,31.169734,D,THB,A
2021-06-02,31.14968,D,THB,A
2021-06-03,31.129893,D,THB,A
2021-06-04,31.250309,D,THB,A
2021-06-07,31.189771,D,THB,A
2021-06-08,31.190281,D,THB,A
2021-06-09,31.160312,D,THB,A
2021-06-10,31.170527,D,THB,A
2021-06-11,31.064742,D,THB,A
2021-06-14,31.140192,D,THB,A
2021-06-15,31.149653,D,THB,A
2021-06-16,31.149786,D,THB,A
2021-06-17,31.399849,D,THB,A
2021-06-18,31.449824,D,THB,A
2021-06-21,31.614667,D,THB,A
2021-06-22,31.720195,D,THB,A
2021-06-23,31.784788,D,THB,A
2021-06-24,31.849866,D,THB,A
2021-06-25,31.810042,D,THB,A
2021-06-28,31.974811,D,THB,A
2021-06-29,32.104643,D,THB,A
2021-06-30,32.075059,D,THB,A
2021-07-01,32.049815,D,THB,A
2021-07-02,32.184725,D,THB,A
2021-07-05,32.120344,D,THB,A
2021-07-06,32.209833,D,THB,A
2021-07-07,32.265235,D,THB,A
2021-07-08,32.519851,D,THB,A
2021-07-09,32.550177,D,THB,A
2021-07-12,32.679717,D,THB,A
2021-07-13,32.619892,D,THB,A
2021-07-14,32.615137,D,THB,A
2021-07-15,32.68524,D,THB,A
2021-07-16,32.764786,D,THB,A
2021-07-19,32.859935,D,THB,A
2021-07-20,32.810191,D,THB,A
2021-07-21,32.87037,D,THB,A
2021-07-22,32.869639,D,THB,A
2021-07-23,32.92513,D,THB,A
2021-07-26,32.94477,D,THB,A
2021-07-27,32.960203,D,THB,A
2021-07-28,32.844923,D,THB,A
2021-07-29,32.850164,D,THB,A
2021-07-30,32.88033,D,THB,A
2021-08-02,32.939593,D,THB,A
2021-08-03,33.019773,D,THB,A
2021-08-04,33.110193,D,THB,A
2021-08-05,33.239662,D,THB,A
2021-08-06,33.33531,D,THB,A
2021-08-09,33.440184,D,THB,A
2021-08-10,33.46016,D,THB,A
2021-08-11,33.33504,D,THB,A
2021-08-12,33.019848,D,THB,A
2021-08-13,33.330217,D,THB,A
2021-08-16,33.444614,D,THB,A
2021-08-17,33.320303,D,THB,A
2021-08-18,33.284995,D,THB,A
2021-08-19,33.339603,D,THB,A
2021-08-20,33.369891,D,THB,A
2021-08-23,33.359788,D,THB,A
2021-08-24,32.874787,D,THB,A
2021-08-25,32.775222,D,THB,A
2021-08-26,32.739866,D,THB,A
2021-08-27,32.655386,D,THB,A
2021-08-30,32.430303,D,THB,A
2021-08-31,32.219875,D,THB,A
2021-09-01,32.329695,D,THB,A
2021-09-02,32.454837,D,THB,A
2021-09-03,32.530323,D,THB,A
2021-09-06,32.464599,D,THB,A
2021-09-07,32.580101,D,THB,A
2021-09-08,32.730194,D,THB,A
2021-09-09,32.680351,D,THB,A
2021-09-10,32.645047,D,THB,A
2021-09-13,32.904924,D,THB,A
2021-09-14,32.94989,D,THB,A
2021-09-15,32.869587,D,THB,A
2021-09-16,33.085097,D,THB,A
2021-09-17,33.230051,D,THB,A
2021-09-20,33.354965,D,THB,A
2021-09-21,33.400068,D,THB,A
2021-09-22,33.440191,D,THB,A
2021-09-23,33.259923,D,THB,A
2021-09-24,33.449953,D,THB,A
2021-09-27,33.57497,D,THB,A
2021-09-28,33.790033,D,THB,A
2021-09-29,33.885361,D,THB,A
2021-09-30,33.884619,D,THB,A
2021-10-01,33.639655,D,THB,A
2021-10-04,33.724648,D,THB,A
2021-10-05,33.789864,D,THB,A
2021-10-06,33.89014,D,THB,A
2021-10-07,33.775298,D,THB,A
2021-10-08,33.849944,D,THB,A
2021-10-11,33.864697,D,THB,A
2021-10-12,33.319775,D,THB,A
2021-10-13,33.279709,D,THB,A
2021-10-14,33.20462,D,THB,A
2021-10-15,33.329598,D,THB,A
2021-10-18,33.460014,D,THB,A
2021-10-19,33.359931,D,THB,A
2021-10-20,33.359718,D,THB,A
2021-10-21,33.395205,D,THB,A
2021-10-22,33.330181,D,THB,A
2021-10-25,33.114712,D,THB,A
2021-10-26,33.100362,D,THB,A
2021-10-27,33.270207,D,THB,A
2021-10-28,33.250237,D,THB,A
2021-10-29,33.250322,D,THB,A
2021-11-01,33.35032,D,THB,A
2021-11-02,33.239679,D,THB,A
2021-11-03,33.35982,D,THB,A
2021-11-04,33.314893,D,THB,A
2021-11-05,33.285007,D,THB,A
2021-11-08,33.000259,D,THB,A
2021-11-09,32.764965,D,THB,A
2021-11-10,32.790275,D,THB,A
2021-11-11,32.855148,D,THB,A
2021-11-12,32.780398,D,THB,A
2021-11-15,32.705348,D,THB,A
2021-11-16,32.68209,D,THB,A
2021-11-17,32.669671,D,THB,A
2021-11-18,32.639929,D,THB,A
2021-11-19,32.800106,D,THB,A
2021-11-22,32.91009,D,THB,A
2021-11-23,33.106848,D,THB,A
2021-11-24,33.365162,D,THB,A
2021-11-25,33.409962,D,THB,A
2021-11-26,33.660438,D,THB,A
2021-11-29,33.680383,D,THB,A
2021-11-30,33.690047,D,THB,A
2021-12-01,33.72017,D,THB,A
2021-12-02,33.876885,D,THB,A
2021-12-03,33.880081,D,THB,A
2021-12-06,33.890316,D,THB,A
2021-12-07,33.679815,D,THB,A
2021-12-08,33.479954,D,THB,A
2021-12-09,33.560251,D,THB,A
2021-12-10,33.660073,D,THB,A
2021-12-13,33.349885,D,THB,A
2021-12-14,33.350429,D,THB,A
2021-12-15,33.399929,D,THB,A
2021-12-16,33.450071,D,THB,A
2021-12-17,33.279788,D,THB,A
2021-12-20,33.610397,D,THB,A
2021-12-21,33.660027,D,THB,A
2021-12-22,33.740377,D,THB,A
2021-12-23,33.54023,D,THB,A
2021-12-24,33.430238,D,THB,A
2021-12-27,33.559936,D,THB,A
2021-12-28,33.490425,D,THB,A
2021-12-29,33.520304,D,THB,A
2021-12-30,33.410094,D,THB,A
2021-12-31,33.244747,D,THB,A
2022-01-03,33.17041,D,THB,A
2022-01-04,33.32033,D,THB,A
2022-01-05,33.224666,D,THB,A
2022-01-06,33.550155,D,THB,A
2022-01-07,33.69977,D,THB,A
2022-01-10,33.640219,D,THB,A
2022-01-11,33.399788,D,THB,A
2022-01-12,33.364996,D,THB,A
2022-01-13,33.219925,D,THB,A
2022-01-14,33.225299,D,THB,A
2022-01-17,33.11497,D,THB,A
2022-01-18,33.109,D,THB,A
2022-01-19,33.025121,D,THB,A
2022-01-20,32.914976,D,THB,A
2022-01-21,32.920338,D,THB,A
2022-01-24,33.06971,D,THB,A
2022-01-25,33.084842,D,THB,A
2022-01-26,32.960007,D,THB,A
2022-01-27,33.265233,D,THB,A
2022-01-28,33.425211,D,THB,A
2022-01-31,33.295088,D,THB,A
2022-02-01,33.195382,D,THB,A
2022-02-02,33.184668,D,THB,A
2022-02-03,33.159667,D,THB,A
2022-02-04,32.970167,D,THB,A
2022-02-07,32.964969,D,THB,A
2022-02-08,32.964586,D,THB,A
2022-02-09,32.710101,D,THB,A
2022-02-10,32.634846,D,THB,A
2022-02-11,32.654813,D,THB,A
2022-02-14,32.520325,D,THB,A
2022-02-15,32.370207,D,THB,A
2022-02-16,32.334682,D,THB,A
2022-02-17,32.134565,D,THB,A
2022-02-18,32.090012,D,THB,A
2022-02-21,32.270242,D,THB,A
2022-02-22,32.399929,D,THB,A
2022-02-23,32.264633,D,THB,A
2022-02-24,32.709845,D,THB,A
2022-02-25,32.490193,D,THB,A
2022-02-28,32.675239,D,THB,A
2022-03-01,32.704712,D,THB,A
2022-03-02,32.720151,D,THB,A
2022-03-03,32.559588,D,THB,A
2022-03-04,32.734925,D,THB,A
2022-03-07,32.919688,D,THB,A
2022-03-08,33.195006,D,THB,A
2022-03-09,33.044665,D,THB,A
2022-03-10,33.119812,D,THB,A
2022-03-11,33.250227,D,THB,A
2022-03-14,33.385036,D,THB,A
2022-03-15,33.520153,D,THB,A
2022-03-16,33.364562,D,THB,A
2022-03-17,33.270292,D,THB,A
2022-03-18,33.380269,D,THB,A
2022-03-21,33.554992,D,THB,A
2022-03-22,33.455189,D,THB,A
2022-03-23,33.650432,D,THB,A
2022-03-24,33.555292,D,THB,A
2022-03-25,33.54481,D,THB,A
2022-03-28,33.765274,D,THB,A
2022-03-29,33.640054,D,THB,A
2022-03-30,33.384864,D,THB,A
2022-03-31,33.250158,D,THB,A
2022-04-01,33.42472,D,THB,A
2022-04-04,33.524761,D,THB,A
2022-04-05,33.455192,D,THB,A
2022-04-06,33.599744,D,THB,A
2022-04-07,33.474716,D,THB,A
2022-04-08,33.595433,D,THB,A
2022-04-11,33.589908,D,THB,A
2022-04-12,33.635024,D,THB,A
2022-04-13,33.535008,D,THB,A
2022-04-14,33.65968,D,THB,A
2022-04-19,33.755438,D,THB,A
2022-04-20,33.764543,D,THB,A
2022-04-21,33.885368,D,THB,A
2022-04-22,33.950263,D,THB,A
2022-04-25,34.005211,D,THB,A
2022-04-26,34.285179,D,THB,A
2022-04-27,34.329585,D,THB,A
2022-04-28,34.479733,D,THB,A
2022-04-29,34.180266,D,THB,A
2022-05-02,34.405169,D,THB,A
2022-05-03,34.470443,D,THB,A
2022-05-04,34.31488,D,THB,A
2022-05-05,34.089705,D,THB,A
2022-05-06,34.345317,D,THB,A
2022-05-09,34.564826,D,THB,A
2022-05-10,34.534774,D,THB,A
2022-05-11,34.57974,D,THB,A
2022-05-12,34.732898,D,THB,A
2022-05-13,34.770342,D,THB,A
2022-05-16,34.80522,D,THB,A
2022-05-17,34.49483,D,THB,A
2022-05-18,34.589946,D,THB,A
2022-05-19,34.530166,D,THB,A
2022-05-20,34.304623,D,THB,A
2022-05-23,34.158927,D,THB,A
2022-05-24,34.150187,D,THB,A
2022-05-25,34.299925,D,THB,A
2022-05-26,34.204917,D,THB,A
2022-05-27,34.125163,D,THB,A
2022-05-30,34.095132,D,THB,A
2022-05-31,34.30505,D,THB,A
2022-06-01,34.354929,D,THB,A
2022-06-02,34.375234,D,THB,A
2022-06-03,34.27493,D,THB,A
2022-06-06,34.284915,D,THB,A
2022-06-07,34.485087,D,THB,A
2022-06-08,34.52463,D,THB,A
2022-06-09,34.514568,D,THB,A
2022-06-10,34.764606,D,THB,A
2022-06-13,34.83979,D,THB,A
2022-06-14,34.984692,D,THB,A
2022-06-15,35.019653,D,THB,A
2022-06-16,35.159615,D,THB,A
2022-06-17,35.260347,D,THB,A
2022-06-20,35.330417,D,THB,A
2022-06-21,35.349763,D,THB,A
2022-06-22,35.434845,D,THB,A
2022-06-23,35.51034,D,THB,A
2022-06-24,35.49981,D,THB,A
2022-06-27,35.339576,D,THB,A
2022-06-28,35.180381,D,THB,A
2022-06-29,35.109822,D,THB,A
2022-06-30,35.384615,D,THB,A
2022-07-01,35.670024,D,THB,A
2022-07-04,35.674797,D,THB,A
2022-07-05,35.83965,D,THB,A
2022-07-06,36.140316,D,THB,A
2022-07-07,36.090373,D,THB,A
2022-07-08,36.014956,D,THB,A
2022-07-11,36.229947,D,THB,A
2022-07-12,36.239793,D,THB,A
2022-07-13,36.134896,D,THB,A
2022-07-14,36.613693,D,THB,A
2022-07-15,36.649766,D,THB,A
2022-07-18,36.649886,D,THB,A
2022-07-19,36.595412,D,THB,A
2022-07-20,36.675164,D,THB,A
2022-07-21,36.925189,D,THB,A
2022-07-22,36.694799,D,THB,A
2022-07-25,36.659828,D,THB,A
2022-07-26,36.724615,D,THB,A
2022-07-27,36.840032,D,THB,A
2022-07-28,36.649872,D,THB,A
2022-07-29,36.260051,D,THB,A
2022-08-01,36.135053,D,THB,A
2022-08-02,36.105243,D,THB,A
2022-08-03,36.259564,D,THB,A
2022-08-04,35.955211,D,THB,A
2022-08-05,35.544806,D,THB,A
2022-08-08,35.670164,D,THB,A
2022-08-09,35.434825,D,THB,A
2022-08-10,35.524776,D,THB,A
2022-08-11,35.154769,D,THB,A
2022-08-12,35.384541,D,THB,A
2022-08-15,35.525257,D,THB,A
2022-08-16,35.465403,D,THB,A
2022-08-17,35.470287,D,THB,A
2022-08-18,35.619965,D,THB,A
2022-08-19,35.794709,D,THB,A
2022-08-22,36.09539,D,THB,A
2022-08-23,36.119674,D,THB,A
2022-08-24,36.144554,D,THB,A
2022-08-25,35.839519,D,THB,A
2022-08-26,36.009793,D,THB,A
2022-08-29,36.45003,D,THB,A
2022-08-30,36.370341,D,THB,A
2022-08-31,36.45,D,THB,A
2022-09-01,36.695322,D,THB,A
2022-09-02,36.649655,D,THB,A
2022-09-05,36.555444,D,THB,A
2022-09-06,36.504835,D,THB,A
2022-09-07,36.744562,D,THB,A
2022-09-08,36.385253,D,THB,A
2022-09-09,36.329983,D,THB,A
2022-09-12,36.310192,D,THB,A
2022-09-13,36.225061,D,THB,A
2022-09-14,36.644645,D,THB,A
2022-09-15,36.845476,D,THB,A
2022-09-16,36.970062,D,THB,A
2022-09-19,37.02002,D,THB,A
2022-09-20,37.019828,D,THB,A
2022-09-21,37.13507,D,THB,A
2022-09-22,37.234925,D,THB,A
2022-09-23,37.559975,D,THB,A
2022-09-26,37.835372,D,THB,A
2022-09-27,37.914766,D,THB,A
2022-09-28,38.355463,D,THB,A
2022-09-29,38.065114,D,THB,A
2022-09-30,37.774928,D,THB,A
2022-10-03,38.07968,D,THB,A
2022-10-04,37.569508,D,THB,A
2022-10-05,37.420071,D,THB,A
2022-10-06,37.349899,D,THB,A
2022-10-07,37.360416,D,THB,A
2022-10-10,37.960194,D,THB,A
2022-10-11,38.084953,D,THB,A
2022-10-12,38.019782,D,THB,A
2022-10-13,37.830373,D,THB,A
2022-10-14,38.189771,D,THB,A
2022-10-17,38.165109,D,THB,A
2022-10-18,38.049822,D,THB,A
2022-10-19,38.319697,D,THB,A
2022-10-20,38.079706,D,THB,A
2022-10-21,38.385406,D,THB,A
2022-10-24,38.168714,D,THB,A
2022-10-25,38.290234,D,THB,A
2022-10-26,37.775117,D,THB,A
2022-10-27,37.83501,D,THB,A
2022-10-28,37.909758,D,THB,A
2022-10-31,38.075449,D,THB,A
2022-11-01,37.649543,D,THB,A
2022-11-02,37.660476,D,THB,A
2022-11-03,38.03035,D,THB,A
2022-11-04,37.384522,D,THB,A
2022-11-07,37.310117,D,THB,A
2022-11-08,37.234894,D,THB,A
2022-11-09,36.855264,D,THB,A
2022-11-10,36.8696,D,THB,A
2022-11-11,35.979821,D,THB,A
2022-11-14,35.834868,D,THB,A
2022-11-15,35.504614,D,THB,A
2022-11-16,35.634844,D,THB,A
2022-11-17,35.975385,D,THB,A
2022-11-18,35.760178,D,THB,A
2022-11-21,36.229748,D,THB,A
2022-11-22,36.120304,D,THB,A
2022-11-23,36.245036,D,THB,A
2022-11-24,35.780275,D,THB,A
2022-11-25,35.81012,D,THB,A
2022-11-28,35.635095,D,THB,A
2022-11-29,35.409994,D,THB,A
2022-11-30,35.262143,D,THB,A
2022-12-01,34.939736,D,THB,A
2022-12-02,34.744733,D,THB,A
2022-12-05,34.695381,D,THB,A
2022-12-06,35.01997,D,THB,A
2022-12-07,35.049862,D,THB,A
2022-12-08,34.755205,D,THB,A
2022-12-09,34.715409,D,THB,A
2022-12-12,34.754781,D,THB,A
2022-12-13,34.809862,D,THB,A
2022-12-14,34.605127,D,THB,A
2022-12-15,34.949628,D,THB,A
2022-12-16,34.979753,D,THB,A
2022-12-19,34.839592,D,THB,A
2022-12-20,34.770261,D,THB,A
2022-12-21,34.700075,D,THB,A
2022-12-22,34.655318,D,THB,A
2022-12-23,34.684617,D,THB,A
2022-12-27,34.615023,D,THB,A
2022-12-28,34.730263,D,THB,A
2022-12-29,34.629543,D,THB,A
2022-12-30,34.534971,D,THB,A
2023-01-02,34.5549,D,THB,A
2023-01-03,34.380275,D,THB,A
2023-01-04,34.009812,D,THB,A
2023-01-05,33.910008,D,THB,A
2023-01-06,34.035238,D,THB,A
2023-01-09,33.460172,D,THB,A
2023-01-10,33.595076,D,THB,A
2023-01-11,33.400019,D,THB,A
2023-01-12,33.279799,D,THB,A
2023-01-13,33.059922,D,THB,A
2023-01-16,33.015168,D,THB,A
2023-01-17,33.080328,D,THB,A
2023-01-18,32.874804,D,THB,A
2023-01-19,33.104947,D,THB,A
2023-01-20,32.749861,D,THB,A
2023-01-23,32.775274,D,THB,A
2023-01-24,32.795174,D,THB,A
2023-01-25,32.83508,D,THB,A
2023-01-26,32.755392,D,THB,A
2023-01-27,32.859641,D,THB,A
2023-01-30,32.724938,D,THB,A
2023-01-31,33.03517,D,THB,A
2023-02-01,32.899761,D,THB,A
2023-02-02,32.790317,D,THB,A
2023-02-03,33.020024,D,THB,A
2023-02-06,33.599666,D,THB,A
2023-02-07,33.634579,D,THB,A
2023-02-08,33.510014,D,THB,A
2023-02-09,33.43515,D,THB,A
2023-02-10,33.729654,D,THB,A
2023-02-13,33.854576,D,THB,A
2023-02-14,33.820058,D,THB,A
2023-02-15,34.365421,D,THB,A
2023-02-16,34.334579,D,THB,A
2023-02-17,34.579765,D,THB,A
2023-02-20,34.390107,D,THB,A
2023-02-21,34.599587,D,THB,A
2023-02-22,34.549981,D,THB,A
2023-02-23,34.709872,D,THB,A
2023-02-24,34.929991,D,THB,A
2023-02-27,35.100436,D,THB,A
2023-02-28,35.299934,D,THB,A
2023-03-01,34.690191,D,THB,A
2023-03-02,34.835455,D,THB,A
2023-03-03,34.650024,D,THB,A
2023-03-06,34.53034,D,THB,A
2023-03-07,34.615096,D,THB,A
2023-03-08,35.089616,D,THB,A
2023-03-09,35.120334,D,THB,A
2023-03-10,35.060457,D,THB,A
2023-03-13,34.56006,D,THB,A
2023-03-14,34.469591,D,THB,A
2023-03-15,34.64973,D,THB,A
2023-03-16,34.389807,D,THB,A
2023-03-17,34.120305,D,THB,A
2023-03-20,34.070169,D,THB,A
2023-03-21,34.269673,D,THB,A
2023-03-22,34.399629,D,THB,A
2023-03-23,34.119864,D,THB,A
2023-03-24,34.200093,D,THB,A
2023-03-27,34.410099,D,THB,A
2023-03-28,34.269901,D,THB,A
2023-03-29,34.190099,D,THB,A
2023-03-30,34.220099,D,THB,A
2023-03-31,34.125057,D,THB,A
2023-04-03,34.320147,D,THB,A
2023-04-04,34.229887,D,THB,A
2023-04-05,33.850091,D,THB,A
2023-04-06,34.05497,D,THB,A
2023-04-11,34.260431,D,THB,A
2023-04-12,34.234572,D,THB,A
2023-04-13,34.088062,D,THB,A
2023-04-14,34.059872,D,THB,A
2023-04-17,34.380293,D,THB,A
2023-04-18,34.290011,D,THB,A
2023-04-19,34.490076,D,THB,A
2023-04-20,34.364949,D,THB,A
2023-04-21,34.369648,D,THB,A
2023-04-24,34.410107,D,THB,A
2023-04-25,34.43023,D,THB,A
2023-04-26,34.179726,D,THB,A
2023-04-27,34.109763,D,THB,A
2023-04-28,34.119843,D,THB,A
2023-05-02,34.179663,D,THB,A
2023-05-03,33.979897,D,THB,A
2023-05-04,33.799892,D,THB,A
2023-05-05,33.749773,D,THB,A
2023-05-08,33.869711,D,THB,A
2023-05-09,33.690118,D,THB,A
2023-05-10,33.660274,D,THB,A
2023-05-11,33.665142,D,THB,A
2023-05-12,33.990084,D,THB,A
2023-05-15,33.810224,D,THB,A
2023-05-16,33.970223,D,THB,A
2023-05-17,34.265398,D,THB,A
2023-05-18,34.325349,D,THB,A
2023-05-19,34.390266,D,THB,A
2023-05-22,34.450194,D,THB,A
2023-05-23,34.729567,D,THB,A
2023-05-24,34.465461,D,THB,A
2023-05-25,34.610154,D,THB,A
2023-05-26,34.660032,D,THB,A
2023-05-29,34.75035,D,THB,A
2023-05-30,34.679821,D,THB,A
2023-05-31,34.759899,D,THB,A
2023-06-01,34.779845,D,THB,A
2023-06-02,34.610239,D,THB,A
2023-06-05,34.880262,D,THB,A
2023-06-06,34.785173,D,THB,A
2023-06-07,34.740133,D,THB,A
2023-06-08,34.840272,D,THB,A
2023-06-09,34.579777,D,THB,A
2023-06-12,34.589875,D,THB,A
2023-06-13,34.53998,D,THB,A
2023-06-14,34.709964,D,THB,A
2023-06-15,34.839634,D,THB,A
2023-06-16,34.609703,D,THB,A
2023-06-19,34.78026,D,THB,A
2023-06-20,34.739779,D,THB,A
2023-06-21,34.840245,D,THB,A
2023-06-22,35.079654,D,THB,A
2023-06-23,35.210401,D,THB,A
2023-06-26,35.170361,D,THB,A
2023-06-27,35.249749,D,THB,A
2023-06-28,35.609801,D,THB,A
2023-06-29,35.589687,D,THB,A
2023-06-30,35.415056,D,THB,A
2023-07-03,35.180292,D,THB,A
2023-07-04,34.909592,D,THB,A
2023-07-05,34.910378,D,THB,A
2023-07-06,35.019727,D,THB,A
2023-07-07,35.229611,D,THB,A
2023-07-10,35.119569,D,THB,A
2023-07-11,34.770225,D,THB,A
2023-07-12,34.870259,D,THB,A
2023-07-13,34.579682,D,THB,A
2023-07-14,34.635059,D,THB,A
2023-07-17,34.600178,D,THB,A
2023-07-18,34.150155,D,THB,A
2023-07-19,34.155231,D,THB,A
2023-07-20,33.959989,D,THB,A
2023-07-21,34.370224,D,THB,A
2023-07-24,34.38987,D,THB,A
2023-07-25,34.490091,D,THB,A
2023-07-26,34.279772,D,THB,A
2023-07-27,34.089888,D,THB,A
2023-07-28,34.379655,D,THB,A
2023-07-31,34.230246,D,THB,A
2023-08-01,34.255242,D,THB,A
2023-08-02,34.27492,D,THB,A
2023-08-03,34.624954,D,THB,A
2023-08-04,34.789878,D,THB,A
2023-08-07,34.819738,D,THB,A
2023-08-08,35.040205,D,THB,A
2023-08-09,34.975383,D,THB,A
2023-08-10,35.014974,D,THB,A
2023-08-11,35.029989,D,THB,A
2023-08-14,35.200366,D,THB,A
2023-08-15,35.389896,D,THB,A
2023-08-16,35.360022,D,THB,A
2023-08-17,35.359633,D,THB,A
2023-08-18,35.350143,D,THB,A
2023-08-21,35.124679,D,THB,A
2023-08-22,35.019748,D,THB,A
2023-08-23,35.109671,D,THB,A
2023-08-24,35.020295,D,THB,A
2023-08-25,35.064767,D,THB,A
2023-08-28,35.274796,D,THB,A
2023-08-29,35.200407,D,THB,A
2023-08-30,35.040419,D,THB,A
2023-08-31,34.969636,D,THB,A
2023-09-01,34.964958,D,THB,A
2023-09-04,35.209703,D,THB,A
2023-09-05,35.485043,D,THB,A
2023-09-06,35.519777,D,THB,A
2023-09-07,35.600373,D,THB,A
2023-09-08,35.539985,D,THB,A
2023-09-11,35.480231,D,THB,A
2023-09-12,35.684682,D,THB,A
2023-09-13,35.774714,D,THB,A
2023-09-14,35.775396,D,THB,A
2023-09-15,35.790017,D,THB,A
2023-09-18,35.704774,D,THB,A
2023-09-19,35.930178,D,THB,A
2023-09-20,36.059615,D,THB,A
2023-09-21,36.189939,D,THB,A
2023-09-22,35.960364,D,THB,A
2023-09-25,36.110223,D,THB,A
2023-09-26,36.349835,D,THB,A
2023-09-27,36.580296,D,THB,A
2023-09-28,36.679951,D,THB,A
2023-09-29,36.510289,D,THB,A
2023-10-02,36.940171,D,THB,A
2023-10-03,37.059891,D,THB,A
2023-10-04,37.000095,D,THB,A
2023-10-05,36.939958,D,THB,A
2023-10-06,36.990438,D,THB,A
2023-10-09,37.110436,D,THB,A
2023-10-10,36.719902,D,THB,A
2023-10-11,36.414561,D,THB,A
2023-10-12,36.150297,D,THB,A
2023-10-13,36.350247,D,THB,A
2023-10-16,36.269691,D,THB,A
2023-10-17,36.410256,D,THB,A
2023-10-18,36.269759,D,THB,A
2023-10-19,36.469975,D,THB,A
2023-10-20,36.519687,D,THB,A
2023-10-23,36.480136,D,THB,A
2023-10-24,36.20015,D,THB,A
2023-10-25,36.190431,D,THB,A
2023-10-26,36.290323,D,THB,A
2023-10-27,36.210037,D,THB,A
2023-10-30,35.900047,D,THB,A
2023-10-31,36.035408,D,THB,A
2023-11-01,36.200057,D,THB,A
2023-11-02,35.880311,D,THB,A
2023-11-03,35.559708,D,THB,A
2023-11-06,35.564659,D,THB,A
2023-11-07,35.614823,D,THB,A
2023-11-08,35.532752,D,THB,A
2023-11-09,35.627163,D,THB,A
2023-11-10,35.940279,D,THB,A
2023-11-13,35.995314,D,THB,A
2023-11-14,36.054644,D,THB,A
2023-11-15,35.480309,D,THB,A
2023-11-16,35.479768,D,THB,A
2023-11-17,35.014717,D,THB,A
2023-11-20,35.22511,D,THB,A
2023-11-21,35.184847,D,THB,A
2023-11-22,35.174594,D,THB,A
2023-11-23,35.269725,D,THB,A
2023-11-24,35.445218,D,THB,A
2023-11-27,35.055246,D,THB,A
2023-11-28,34.920084,D,THB,A
2023-11-29,34.800182,D,THB,A
2023-11-30,35.215442,D,THB,A
2023-12-01,35.14023,D,THB,A
2023-12-04,34.99724,D,THB,A
2023-12-05,35.252843,D,THB,A
2023-12-06,35.159584,D,THB,A
2023-12-07,35.210287,D,THB,A
2023-12-08,35.350283,D,THB,A
2023-12-11,35.699544,D,THB,A
2023-12-12,35.67475,D,THB,A
2023-12-13,35.794938,D,THB,A
2023-12-14,34.935434,D,THB,A
2023-12-15,34.824593,D,THB,A
2023-12-18,35.00458,D,THB,A
2023-12-19,34.952563,D,THB,A
2023-12-20,34.952485,D,THB,A
2023-12-21,34.850223,D,THB,A
2023-12-22,34.549578,D,THB,A
2023-12-27,34.430185,D,THB,A
2023-12-28,34.190211,D,THB,A
2023-12-29,34.364706,D,THB,A
2024-01-02,34.285323,D,THB,A
2024-01-03,34.450041,D,THB,A
2024-01-04,34.465443,D,THB,A
2024-01-05,34.789854,D,THB,A
2024-01-08,35.024667,D,THB,A
2024-01-09,34.965265,D,THB,A
2024-01-10,35.024667,D,THB,A
2024-01-11,34.994994,D,THB,A
2024-01-12,35.099616,D,THB,A
2024-01-15,34.967565,D,THB,A
2024-01-16,35.399743,D,THB,A
2024-01-17,35.509791,D,THB,A
2024-01-18,35.595402,D,THB,A
2024-01-19,35.459723,D,THB,A
2024-01-22,35.635445,D,THB,A
2024-01-23,35.71284,D,THB,A
2024-01-24,35.584594,D,THB,A
2024-01-25,35.734876,D,THB,A
2024-01-26,35.579983,D,THB,A
2024-01-29,35.560381,D,THB,A
2024-01-30,35.390006,D,THB,A
2024-01-31,35.490449,D,THB,A
2024-02-01,35.510449,D,THB,A
2024-02-02,35.230176,D,THB,A
2024-02-05,35.81984,D,THB,A
2024-02-06,35.620404,D,THB,A
2024-02-07,35.619896,D,THB,A
2024-02-08,35.899796,D,THB,A
2024-02-09,35.945043,D,THB,A
2024-02-12,35.84981,D,THB,A
2024-02-13,35.689799,D,THB,A
2024-02-14,36.180342,D,THB,A
2024-02-15,36.143535,D,THB,A
2024-02-16,36.059621,D,THB,A
2024-02-19,36.030067,D,THB,A
2024-02-20,36.049806,D,THB,A
2024-02-21,35.839578,D,THB,A
2024-02-22,35.910181,D,THB,A
2024-02-23,36.009784,D,THB,A
2024-02-26,35.859749,D,THB,A
2024-02-27,35.862196,D,THB,A
2024-02-28,35.990007,D,THB,A
2024-02-29,35.940329,D,THB,A
2024-03-01,35.960418,D,THB,A
2024-03-04,35.839941,D,THB,A
2024-03-05,35.819891,D,THB,A
2024-03-06,35.699834,D,THB,A
2024-03-07,35.579624,D,THB,A
2024-03-08,35.470179,D,THB,A
2024-03-11,35.410031,D,THB,A
2024-03-12,35.720044,D,THB,A
2024-03-13,35.685163,D,THB,A
2024-03-14,35.699771,D,THB,A
2024-03-15,35.854756,D,THB,A
2024-03-18,35.964928,D,THB,A
2024-03-19,36.069652,D,THB,A
2024-03-20,36.189598,D,THB,A
2024-03-21,36.119923,D,THB,A
2024-03-22,36.309711,D,THB,A
2024-03-25,36.330411,D,THB,A
2024-03-26,36.310456,D,THB,A
2024-03-27,36.409948,D,THB,A
2024-03-28,36.455462,D,THB,A
2024-04-02,36.649921,D,THB,A
2024-04-03,36.709636,D,THB,A
2024-04-04,36.749908,D,THB,A
2024-04-05,36.659902,D,THB,A
2024-04-08,36.744895,D,THB,A
2024-04-09,36.375265,D,THB,A
2024-04-10,36.405157,D,THB,A
2024-04-11,36.555131,D,THB,A
2024-04-12,36.47484,D,THB,A
2024-04-15,36.715465,D,THB,A
2024-04-16,36.624988,D,THB,A
2024-04-17,36.830231,D,THB,A
2024-04-18,36.755314,D,THB,A
2024-04-19,36.879752,D,THB,A
2024-04-22,37.050414,D,THB,A
2024-04-23,37.039535,D,THB,A
2024-04-24,37.059704,D,THB,A
2024-04-25,37.025187,D,THB,A
2024-04-26,36.945119,D,THB,A
2024-04-29,37.029851,D,THB,A
2024-04-30,37.070349,D,THB,A
2024-05-02,36.930267,D,THB,A
2024-05-03,36.779598,D,THB,A
2024-05-06,36.765033,D,THB,A
2024-05-07,36.859558,D,THB,A
2024-05-08,36.97012,D,THB,A
2024-05-09,36.914834,D,THB,A
2024-05-10,36.719547,D,THB,A
2024-05-13,36.765169,D,THB,A
2024-05-14,36.670063,D,THB,A
2024-05-15,36.539882,D,THB,A
2024-05-16,36.15958,D,THB,A
2024-05-17,36.294725,D,THB,A
2024-05-20,36.105331,D,THB,A
2024-05-21,36.28958,D,THB,A
2024-05-22,36.424746,D,THB,A
2024-05-23,36.495301,D,THB,A
2024-05-24,36.675277,D,THB,A
2024-05-27,36.615328,D,THB,A
2024-05-28,36.595295,D,THB,A
2024-05-29,36.794695,D,THB,A
2024-05-30,36.749884,D,THB,A
2024-05-31,36.790453,D,THB,A
2024-06-03,36.835455,D,THB,A
2024-06-04,36.569719,D,THB,A
2024-06-05,36.705298,D,THB,A
2024-06-06,36.520018,D,THB,A
2024-06-07,36.480088,D,THB,A
2024-06-10,36.764597,D,THB,A
2024-06-11,36.750233,D,THB,A
2024-06-12,36.669763,D,THB,A
2024-06-13,36.714577,D,THB,A
2024-06-14,36.709714,D,THB,A
2024-06-17,36.795183,D,THB,A
2024-06-18,36.814746,D,THB,A
2024-06-19,36.670388,D,THB,A
2024-06-20,36.759959,D,THB,A
2024-06-21,36.629865,D,THB,A
2024-06-24,36.670084,D,THB,A
2024-06-25,36.654844,D,THB,A
2024-06-26,36.85471,D,THB,A
2024-06-27,36.829656,D,THB,A
2024-06-28,36.729566,D,THB,A
2024-07-01,36.69986,D,THB,A
2024-07-02,36.840339,D,THB,A
2024-07-03,36.759621,D,THB,A
2024-07-04,36.62963,D,THB,A
2024-07-05,36.579823,D,THB,A
2024-07-08,36.419935,D,THB,A
2024-07-09,36.414833,D,THB,A
2024-07-10,36.344573,D,THB,A
2024-07-11,36.284661,D,THB,A
2024-07-12,36.149679,D,THB,A
2024-07-15,36.189603,D,THB,A
2024-07-16,36.075032,D,THB,A
2024-07-17,35.934699,D,THB,A
2024-07-18,35.955169,D,THB,A
2024-07-19,36.284665,D,THB,A
2024-07-22,36.315209,D,THB,A
2024-07-23,36.209945,D,THB,A
2024-07-24,36.132928,D,THB,A
2024-07-25,36.184683,D,THB,A
2024-07-26,36.014733,D,THB,A
2024-07-29,35.974854,D,THB,A
2024-07-30,35.995011,D,THB,A
2024-07-31,35.675102,D,THB,A
2024-08-01,35.600148,D,THB,A
2024-08-02,35.344716,D,THB,A
2024-08-05,35.32008,D,THB,A
2024-08-06,35.544663,D,THB,A
2024-08-07,35.585058,D,THB,A
2024-08-08,35.294602,D,THB,A
2024-08-09,35.220299,D,THB,A
2024-08-12,35.264989,D,THB,A
2024-08-13,35.114811,D,THB,A
2024-08-14,34.875216,D,THB,A
2024-08-15,34.949596,D,THB,A
2024-08-16,34.935419,D,THB,A
2024-08-19,34.465175,D,THB,A
2024-08-20,34.179899,D,THB,A
2024-08-21,34.270421,D,THB,A
2024-08-22,34.424787,D,THB,A
2024-08-23,34.229835,D,THB,A
2024-08-26,33.974738,D,THB,A
2024-08-27,34.070059,D,THB,A
2024-08-28,34.045156,D,THB,A
2024-08-29,33.954726,D,THB,A
2024-08-30,33.860377,D,THB,A
2024-09-02,34.204864,D,THB,A
2024-09-03,34.284549,D,THB,A
2024-09-04,34.19457,D,THB,A
2024-09-05,33.615392,D,THB,A
2024-09-06,33.529677,D,THB,A
2024-09-09,33.934619,D,THB,A
2024-09-10,33.754873,D,THB,A
2024-09-11,33.684687,D,THB,A
2024-09-12,33.720044,D,THB,A
2024-09-13,33.379659,D,THB,A
2024-09-16,33.240158,D,THB,A
2024-09-17,33.309992,D,THB,A
2024-09-18,33.274901,D,THB,A
2024-09-19,33.134636,D,THB,A
2024-09-20,33.035107,D,THB,A
2024-09-23,32.965195,D,THB,A
2024-09-24,32.847391,D,THB,A
2024-09-25,32.695194,D,THB,A
2024-09-26,32.465262,D,THB,A
2024-09-27,32.384836,D,THB,A
2024-09-30,32.249911,D,THB,A
2024-10-01,32.585243,D,THB,A
2024-10-02,32.784753,D,THB,A
2024-10-03,33.125283,D,THB,A
2024-10-04,33.080062,D,THB,A
2024-10-07,33.390093,D,THB,A
2024-10-08,33.440175,D,THB,A
2024-10-09,33.449849,D,THB,A
2024-10-10,33.590377,D,THB,A
2024-10-11,33.31962,D,THB,A
2024-10-14,33.259734,D,THB,A
2024-10-15,33.334862,D,THB,A
2024-10-16,33.130219,D,THB,A
2024-10-17,33.177802,D,THB,A
2024-10-18,33.185213,D,THB,A
2024-10-21,33.455266,D,THB,A
2024-10-22,33.48027,D,THB,A
2024-10-23,33.765209,D,THB,A
2024-10-24,33.634849,D,THB,A
2024-10-25,33.755196,D,THB,A
2024-10-28,33.775189,D,THB,A
2024-10-29,33.785038,D,THB,A
2024-10-30,33.769764,D,THB,A
2024-10-31,33.775041,D,THB,A
2024-11-01,33.875057,D,THB,A
2024-11-04,33.690389,D,THB,A
2024-11-05,33.634945,D,THB,A
2024-11-06,34.319776,D,THB,A
2024-11-07,34.119611,D,THB,A
2024-11-08,34.065169,D,THB,A
2024-11-11,34.459675,D,THB,A
2024-11-12,34.79514,D,THB,A
2024-11-13,34.67965,D,THB,A
2024-11-14,35.020412,D,THB,A
2024-11-15,34.830388,D,THB,A
2024-11-18,34.835102,D,THB,A
2024-11-19,34.52543,D,THB,A
2024-11-20,34.634539,D,THB,A
2024-11-21,34.644689,D,THB,A
2024-11-22,34.544756,D,THB,A
2024-11-25,34.560267,D,THB,A
2024-11-26,34.604638,D,THB,A
2024-11-27,34.4953,D,THB,A
2024-11-28,34.425157,D,THB,A
2024-11-29,34.289907,D,THB,A
2024-12-02,34.459884,D,THB,A
2024-12-03,34.419711,D,THB,A
2024-12-04,34.349981,D,THB,A
2024-12-05,34.129981,D,THB,A
2024-12-06,33.994897,D,THB,A
2024-12-09,33.739591,D,THB,A
2024-12-10,33.770305,D,THB,A
2024-12-11,33.885029,D,THB,A
2024-12-12,33.849967,D,THB,A
2024-12-13,34.134817,D,THB,A
2024-12-16,34.084588,D,THB,A
2024-12-17,34.225017,D,THB,A
2024-12-18,34.234947,D,THB,A
2024-12-19,34.580087,D,THB,A
2024-12-20,34.414822,D,THB,A
2024-12-23,34.284615,D,THB,A
2024-12-24,34.140452,D,THB,A
2024-12-27,34.015333,D,THB,A
2024-12-30,34.124856,D,THB,A
2024-12-31,34.340167,D,THB,A
2025-01-02,34.255402,D,THB,A
2025-01-03,34.445092,D,THB,A
2025-01-06,34.369845,D,THB,A
2025-01-07,34.475127,D,THB,A
2025-01-08,34.68987,D,THB,A
2025-01-09,34.590005,D,THB,A
2025-01-10,34.565217,D,THB,A
2025-01-13,34.775446,D,THB,A
2025-01-14,34.760371,D,THB,A
2025-01-15,34.720388,D,THB,A
2025-01-16,34.649533,D,THB,A
2025-01-17,34.464945,D,THB,A
2025-01-20,34.254556,D,THB,A
2025-01-21,34.064884,D,THB,A
2025-01-22,33.835105,D,THB,A
2025-01-23,34.025375,D,THB,A
2025-01-24,33.68029,D,THB,A
2025-01-27,33.620133,D,THB,A
2025-01-28,33.879666,D,THB,A
2025-01-29,33.769719,D,THB,A
2025-01-30,33.695088,D,THB,A
2025-01-31,33.594727,D,THB,A
2025-02-03,34.000389,D,THB,A
2025-02-04,33.804548,D,THB,A
2025-02-05,33.570332,D,THB,A
2025-02-06,33.834942,D,THB,A
2025-02-07,33.655199,D,THB,A
2025-02-10,33.907946,D,THB,A
2025-02-11,34.114684,D,THB,A
2025-02-12,34.105111,D,THB,A
2025-02-13,33.904716,D,THB,A
2025-02-14,33.630464,D,THB,A
2025-02-17,33.715268,D,THB,A
2025-02-18,33.714942,D,THB,A
2025-02-19,33.694652,D,THB,A
2025-02-20,33.610074,D,THB,A
2025-02-21,33.619685,D,THB,A
2025-02-24,33.504682,D,THB,A
2025-02-25,33.704868,D,THB,A
2025-02-26,33.744636,D,THB,A
2025-02-27,33.904744,D,THB,A
2025-02-28,34.162905,D,THB,A
2025-03-03,34.105112,D,THB,A
2025-03-04,33.704651,D,THB,A
2025-03-05,33.674958,D,THB,A
2025-03-06,33.715265,D,THB,A
2025-03-07,33.635443,D,THB,A
2025-03-10,33.795297,D,THB,A
2025-03-11,33.774743,D,THB,A
2025-03-12,33.855411,D,THB,A
2025-03-13,33.855032,D,THB,A
2025-03-14,33.665167,D,THB,A
2025-03-17,33.62469,D,THB,A
2025-03-18,33.564755,D,THB,A
2025-03-19,33.624851,D,THB,A
2025-03-20,33.80504,D,THB,A
2025-03-21,33.855177,D,THB,A
2025-03-24,33.874723,D,THB,A
2025-03-25,33.844804,D,THB,A
2025-03-26,33.974787,D,THB,A
2025-03-27,33.87019,D,THB,A
2025-03-28,33.957581,D,THB,A
2025-03-31,33.939898,D,THB,A
2025-04-01,34.154616,D,THB,A
2025-04-02,34.184949,D,THB,A
2025-04-03,34.284942,D,THB,A
2025-04-04,34.180157,D,THB,A
2025-04-07,34.509893,D,THB,A
2025-04-08,34.690411,D,THB,A
2025-04-09,34.505206,D,THB,A
2025-04-10,34.069663,D,THB,A
2025-04-11,33.555438,D,THB,A
2025-04-14,33.555419,D,THB,A
2025-04-15,33.580007,D,THB,A
2025-04-16,33.215324,D,THB,A
2025-04-17,33.274648,D,THB,A
2025-04-22,33.234577,D,THB,A
2025-04-23,33.364871,D,THB,A
2025-04-24,33.439698,D,THB,A
2025-04-25,33.539667,D,THB,A
2025-04-28,33.590421,D,THB,A
2025-04-29,33.439726,D,THB,A
2025-04-30,33.420382,D,THB,A
2025-05-02,33.035352,D,THB,A
2025-05-05,32.910165,D,THB,A
2025-05-06,32.634879,D,THB,A
2025-05-07,32.699824,D,THB,A
2025-05-08,32.814907,D,THB,A
2025-05-09,33.000355,D,THB,A
2025-05-12,33.484603,D,THB,A
2025-05-13,33.24514,D,THB,A
2025-05-14,33.27537,D,THB,A
2025-05-15,33.315154,D,THB,A
2025-05-16,33.390209,D,THB,A
2025-05-19,33.055408,D,THB,A
2025-05-20,33.060226,D,THB,A
2025-05-21,32.79039,D,THB,A
2025-05-22,32.810151,D,THB,A
2025-05-23,32.544908,D,THB,A
2025-05-26,32.590282,D,THB,A
2025-05-27,32.780028,D,THB,A
2025-05-28,32.665017,D,THB,A
2025-05-29,32.705434,D,THB,A
2025-05-30,32.845048,D,THB,A
2025-06-02,32.544881,D,THB,A
2025-06-03,32.599684,D,THB,A
2025-06-04,32.715214,D,THB,A
2025-06-05,32.515101,D,THB,A
2025-06-06,32.609763,D,THB,A
2025-06-09,32.704645,D,THB,A
2025-06-10,32.639776,D,THB,A
2025-06-11,32.685209,D,THB,A
2025-06-12,32.40038,D,THB,A
2025-06-13,32.445274,D,THB,A
2025-06-16,32.48488,D,THB,A
2025-06-17,32.514696,D,THB,A
2025-06-18,32.62513,D,THB,A
2025-06-19,32.785328,D,THB,A
2025-06-20,32.790274,D,THB,A
2025-06-23,32.960251,D,THB,A
2025-06-24,32.67511,D,THB,A
2025-06-25,32.634937,D,THB,A
2025-06-26,32.509619,D,THB,A
2025-06-27,32.624744,D,THB,A
2025-06-30,32.529863,D,THB,A
2025-07-01,32.380186,D,THB,A
2025-07-02,32.439813,D,THB,A
2025-07-03,32.390087,D,THB,A
2025-07-04,32.339594,D,THB,A
2025-07-07,32.585266,D,THB,A
2025-07-08,32.535416,D,THB,A
2025-07-09,32.725252,D,THB,A
2025-07-10,32.615082,D,THB,A
2025-07-11,32.459985,D,THB,A
2025-07-14,32.42515,D,THB,A
2025-07-15,32.474925,D,THB,A
2025-07-16,32.540079,D,THB,A
2025-07-17,32.539943,D,THB,A
2025-07-18,32.350215,D,THB,A
2025-07-21,32.315077,D,THB,A
2025-07-22,32.235234,D,THB,A
2025-07-23,32.15504,D,THB,A
2025-07-24,32.27033,D,THB,A
2025-07-25,32.370351,D,THB,A
2025-07-28,32.394886,D,THB,A
2025-07-29,32.474638,D,THB,A
2025-07-30,32.495012,D,THB,A
2025-07-31,32.67517,D,THB,A
2025-08-01,32.849877,D,THB,A
2025-08-04,32.409857,D,THB,A
2025-08-05,32.434609,D,THB,A
2025-08-06,32.380214,D,THB,A
2025-08-07,32.335309,D,THB,A
2025-08-08,32.370364,D,THB,A
2025-08-11,32.424712,D,THB,A
2025-08-12,32.465104,D,THB,A
2025-08-13,32.290155,D,THB,A
2025-08-14,32.384944,D,THB,A
2025-08-15,32.429843,D,THB,A
2025-08-18,32.474942,D,THB,A
2025-08-19,32.504708,D,THB,A
2025-08-20,32.549996,D,THB,A
2025-08-21,32.635106,D,THB,A
2025-08-22,32.64042,D,THB,A
2025-08-25,32.434812,D,THB,A
2025-08-26,32.45024,D,THB,A
2025-08-27,32.474769,D,THB,A
2025-08-28,32.334704,D,THB,A
2025-08-29,32.389775,D,THB,A
2025-09-01,32.304738,D,THB,A
2025-09-02,32.375064,D,THB,A
2025-09-03,32.324723,D,THB,A
2025-09-04,32.305315,D,THB,A
2025-09-05,32.174917,D,THB,A
2025-09-08,31.775239,D,THB,A
2025-09-09,31.690225,D,THB,A
2025-09-10,31.780132,D,THB,A
2025-09-11,31.825417,D,THB,A
2025-09-12,31.745178,D,THB,A
2025-09-15,31.859595,D,THB,A
2025-09-16,31.715084,D,THB,A
2025-09-17,31.745375,D,THB,A
2025-09-18,31.825182,D,THB,A
2025-09-19,31.884799,D,THB,A
2025-09-22,31.774892,D,THB,A
2025-09-23,31.859578,D,THB,A
2025-09-24,32.025349,D,THB,A
2025-09-25,32.185024,D,THB,A
2025-09-26,32.26525,D,THB,A
2025-09-29,32.234923,D,THB,A
2025-09-30,32.440167,D,THB,A
2025-10-01,32.384852,D,THB,A
2025-10-02,32.309852,D,THB,A
2025-10-03,32.39475,D,THB,A
2025-10-06,32.425073,D,THB,A
2025-10-07,32.512429,D,THB,A
2025-10-08,32.531177,D,THB,A
2025-10-09,32.569977,D,THB,A
2025-10-10,32.704876,D,THB,A
2025-10-13,32.544732,D,THB,A
2025-10-14,32.80966,D,THB,A
2025-10-15,32.564963,D,THB,A
2025-10-16,32.540132,D,THB,A
2025-10-17,32.765174,D,THB,A
2025-10-20,32.694981,D,THB,A
2025-10-21,32.800034,D,THB,A
2025-10-22,32.887719,D,THB,A
2025-10-23,32.803416,D,THB,A
2025-10-24,32.754909,D,THB,A
2025-10-27,32.675258,D,THB,A
2025-10-28,32.465176,D,THB,A
2025-10-29,32.294603,D,THB,A
2025-10-30,32.47013,D,THB,A
2025-10-31,32.324736,D,THB,A
2025-11-03,32.475248,D,THB,A
2025-11-04,32.535027,D,THB,A
2025-11-05,32.520014,D,THB,A
2025-11-06,32.349779,D,THB,A
2025-11-07,32.339763,D,THB,A
2025-11-10,32.335148,D,THB,A
2025-11-11,32.430238,D,THB,A
2025-11-12,32.455079,D,THB,A
2025-11-13,32.310009,D,THB,A
2025-11-14,32.400412,D,THB,A
2025-11-17,32.469594,D,THB,A
2025-11-18,32.415013,D,THB,A
2025-11-19,32.434602,D,THB,A
2025-11-20,32.424874,D,THB,A
2025-11-21,32.449653,D,THB,A
2025-11-24,32.402114,D,THB,A
2025-11-25,32.284651,D,THB,A
2025-11-26,32.214736,D,THB,A
2025-11-27,32.225099,D,THB,A
2025-11-28,32.195227,D,THB,A
2025-12-01,31.930276,D,THB,A
2025-12-02,32.01481,D,THB,A
2025-12-03,31.889784,D,THB,A
2025-12-04,32.054689,D,THB,A
2025-12-05,31.854873,D,THB,A
2025-12-08,31.84985,D,THB,A
2025-12-09,31.855289,D,THB,A
2025-12-10,31.844593,D,THB,A
2025-12-11,31.744921,D,THB,A
2025-12-12,31.540363,D,THB,A
2025-12-15,31.475368,D,THB,A
2025-12-16,31.480129,D,THB,A
2025-12-17,31.5151,D,THB,A
2025-12-18,31.454902,D,THB,A
2025-12-19,31.460041,D,THB,A
2025-12-22,31.150277,D,THB,A
2025-12-23,31.109791,D,THB,A
2025-12-24,31.045219,D,THB,A
2025-12-29,31.439742,D,THB,A
2025-12-30,31.415327,D,THB,A
2025-12-31,31.674894,D,THB,A
2026-01-02,31.389813,D,THB,A
2026-01-05,31.375171,D,THB,A
2026-01-06,31.27018,D,THB,A
2026-01-07,31.330024,D,THB,A
2026-01-08,31.540043,D,THB,A
2026-01-09,31.465384,D,THB,A
2026-01-12,31.224769,D,THB,A
2026-01-13,31.47503,D,THB,A
2026-01-14,31.47541,D,THB,A
2026-01-15,31.395389,D,THB,A
2026-01-16,31.4496,D,THB,A
2026-01-19,31.255266,D,THB,A
2026-01-20,31.084584,D,THB,A
2026-01-21,31.067382,D,THB,A
2026-01-22,31.330087,D,THB,A
2026-01-23,31.165049,D,THB,A
2026-01-26,31.149882,D,THB,A
2026-01-27,31.035292,D,THB,A
2026-01-28,31.109905,D,THB,A
2026-01-29,31.199866,D,THB,A
2026-01-30,31.424616,D,THB,A
2026-02-02,31.614865,D,THB,A
2026-02-03,31.565122,D,THB,A
2026-02-04,31.632826,D,THB,A
2026-02-05,31.774877,D,THB,A
2026-02-06,31.599966,D,THB,A
2026-02-09,31.175332,D,THB,A
2026-02-10,31.235077,D,THB,A
2026-02-11,31.084874,D,THB,A
2026-02-12,30.999663,D,THB,A
2026-02-13,31.074861,D,THB,A
2026-02-16,31.094897,D,THB,A
2026-02-17,31.304752,D,THB,A
2026-02-18,31.250317,D,THB,A
2026-02-19,31.244789,D,THB,A
2026-02-20,31.205065,D,THB,A
2026-02-23,31.025119,D,THB,A
2026-02-24,31.054598,D,THB,A
2026-02-25,31.094705,D,THB,A
2026-02-26,31.05976,D,THB,A
2026-02-27,31.085133,D,THB,A
2026-03-02,31.50966,D,THB,A
2026-03-03,31.760296,D,THB,A
2026-03-04,31.479955,D,THB,A
2026-03-05,31.664658,D,THB,A
2026-03-06,31.974743,D,THB,A
2026-03-09,32.0701,D,THB,A
2026-03-10,31.62529,D,THB,A
2026-03-11,31.76496,D,THB,A
2026-03-12,31.934702,D,THB,A
2026-03-13,32.200244,D,THB,A
2026-03-16,32.360167,D,THB,A
2026-03-17,32.319833,D,THB,A
2026-03-18,32.665217,D,THB,A
2026-03-19,32.905388,D,THB,A
2026-03-20,32.759844,D,THB,A
2026-03-23,32.255088,D,THB,A
2026-03-24,32.659869,D,THB,A
2026-03-25,32.589717,D,THB,A
2026-03-26,32.899731,D,THB,A
2026-03-27,32.950421,D,THB,A
2026-03-30,32.855277,D,THB,A
2026-03-31,32.75961,D,THB,A
2026-04-01,32.510125,D,THB,A
2026-04-02,32.765293,D,THB,A
2026-04-07,32.609674,D,THB,A
2026-04-08,31.875107,D,THB,A
2026-04-09,32.094994,D,THB,A
2026-04-10,32.099735,D,THB,A
2026-04-13,32.290312,D,THB,A
2026-04-14,32.045281,D,THB,A
2026-04-15,32.095076,D,THB,A
2026-04-16,31.985232,D,THB,A
2026-04-17,32.075104,D,THB,A
2026-04-20,32.07483,D,THB,A
2026-04-21,32.035353,D,THB,A
2026-04-22,32.204892,D,THB,A
2026-04-23,32.355054,D,THB,A
2026-04-24,32.375342,D,THB,A
2026-04-27,32.297217,D,THB,A
2026-04-28,32.554795,D,THB,A
2026-04-29,32.655049,D,THB,A
2026-04-30,32.544864,D,THB,A
2026-05-04,32.624786,D,THB,A
2026-05-05,32.639911,D,THB,A
2026-05-06,32.185003,D,THB,A
2026-05-07,32.145285,D,THB,A
2026-05-08,32.2226,D,THB,A
2026-05-11,32.41479,D,THB,A
2026-05-12,32.420344,D,THB,A
2026-05-13,32.334614,D,THB,A
2026-05-14,32.314989,D,THB,A
2026-05-15,32.670279,D,THB,A
2026-05-18,32.595295,D,THB,A
2026-05-19,32.660069,D,THB,A
2026-05-20,32.675,D,THB,A
2026-05-21,32.684714,D,THB,A
2026-05-22,32.664942,D,THB,A
2026-05-25,32.479601,D,THB,A
2026-05-26,32.660306,D,THB,A
2026-05-27,32.620091,D,THB,A
2026-05-28,32.700353,D,THB,A
2026-05-29,32.519753,D,THB,A
2026-06-01,32.555384,D,THB,A
2026-06-02,32.584771,D,THB,A
2026-06-03,32.725159,D,THB,A
2026-06-04,32.602234,D,THB,A
2026-06-05,32.63488,D,THB,A
2026-06-08,32.765165,D,THB,A
2026-06-09,32.829863,D,THB,A
2026-06-10,32.955195,D,THB,A
2026-06-11,32.94964,D,THB,A
2026-06-12,32.744878,D,THB,A
2026-06-15,32.550185,D,THB,A
2026-06-16,32.515094,D,THB,A
2026-06-17,32.61496,D,THB,A
2026-06-18,32.790332,D,THB,A
2026-06-19,32.860382,D,THB,A
2026-06-22,32.910265,D,THB,A
2026-06-23,33.199614,D,THB,A
2026-06-24,33.430335,D,THB,A
2026-06-25,33.399753,D,THB,A
2026-06-26,33.375143,D,THB,A
2026-06-29,33.244783,D,THB,A
2026-06-30,33.22977,D,THB,A
2026-07-01,33.384872,D,THB,A
2026-07-02,33.315203,D,THB,A
2026-07-03,33.135045,D,THB,A
2026-07-06,33.324573,D,THB,A
2026-07-07,33.259862,D,THB,A
2026-07-08,33.445282,D,THB,A
2026-07-09,33.444687,D,THB,A
2026-07-10,33.314961,D,THB,A
2026-07-13,33.384979,D,THB,A
2026-07-14,33.52477,D,THB,A
2026-07-15,33.644573,D,THB,A
2026-07-16,33.565013,D,THB,A
2026-07-17,33.63533,D,THB,A
2026-07-20,33.625066,D,THB,A
2026-07-21,33.665265,D,THB,A
2026-07-22,33.809607,D,THB,A
2026-07-23,33.824614,D,THB,A
2026-07-24,33.689901,D,THB,A
2026-07-27,33.57977,D,THB,A
2026-07-28,33.609572,D,THB,A
2026-07-29,33.529877,D,THB,A
2026-07-30,33.544789,D,THB,A
2026-07-31,33.46539,D,THB,A
2026-08-03,33.335067,D,THB,A
2026-08-04,33.334781,D,THB,A
2026-08-05,33.140038,D,THB,A
2026-08-06,33.065327,D,THB,A
2026-08-07,33.05505,D,THB,A
2026-08-10,33.012549,D,THB,A
2026-08-11,33.104853,D,THB,A
2026-08-12,33.060199,D,THB,A
2026-08-13,33.129877,D,THB,A
2026-08-14,33.12527,D,THB,A
2026-08-17,33.025101,D,THB,A
2026-08-18,33.059779,D,THB,A
2026-08-19,33.065058,D,THB,A
2026-08-20,32.91499,D,THB,A
2026-08-21,32.674588,D,THB,A
2026-08-24,32.685185,D,THB,A
2026-08-25,32.73538,D,THB,A
